system:index,Jumlah_KK_,KECAMATAN,KELURAHAN,KODE_KEL,KODE_RW,Kategori_B,Kel_dan_RW,Keterangan,Lama_Genan,Luas_Genan,OBJECTID,Penyebab_B,RW,TINGGI,Tahun,Tahun_Banj,Tinggi_Gen,Tinggi_Max,Tinggi_Min,VH_dry_max,VH_dry_mean,VH_dry_min,VH_dry_stdDev,VV_dry_max,VV_dry_mean,VV_dry_min,VV_dry_stdDev,WILAYAH,builtup_max,builtup_mean,builtup_min,builtup_stdDev,dist_river_max,dist_river_mean,dist_river_min,dist_river_rel_max,dist_river_rel_mean,dist_river_rel_min,dist_river_rel_stdDev,dist_river_stdDev,elevation_max,elevation_mean,elevation_min,elevation_rel_max,elevation_rel_mean,elevation_rel_min,elevation_rel_stdDev,elevation_stdDev,frac_dalam,hand_max,hand_mean,hand_min,hand_rel_max,hand_rel_mean,hand_rel_min,hand_rel_stdDev,hand_stdDev,luas_area,luas_rw,slope_max,slope_mean,slope_min,slope_rel_max,slope_rel_mean,slope_rel_min,slope_rel_stdDev,slope_stdDev,twi_max,twi_mean,twi_min,twi_rel_max,twi_rel_mean,twi_rel_min,twi_rel_stdDev,twi_stdDev,upstream_area_max,upstream_area_mean,upstream_area_min,upstream_area_rel_max,upstream_area_rel_mean,upstream_area_rel_min,upstream_area_rel_stdDev,upstream_area_stdDev,vegetasi_max,vegetasi_mean,vegetasi_min,vegetasi_stdDev,.geo
000000000000000002a0,138,SAWAH BESAR,PASAR BARU,3171021001,3.171021001E12,Rendah,Pasar Baru 05,Dibawah jalan kartini raya,12 Jam (setengah hari),-,1354,"1. Intensitas hujan tinggi;
2. Meluapnya air sungai ciiwung;
3. Kurangnya resapan air disekitar wilayah;
4. Sempitnya saluran air di sekitar wilayah",005,2,2020,1577865600000,sebetis dan dijalan sedengkul dan kartini,30,15,2.4719785167048576,-8.901074487080324,-17.0835470764852,3.2391653028588223,10.097814540642922,-3.187978942596151,-10.53996414691661,3.3608421107043887,JAKARTA PUSAT,1,0.9853577611079054,0,0.12338875467614277,1288.7498256496885,989.749772885954,675.3484381614854,41.97259008521337,-25.011838685319482,-85.56507903328668,28.91648335451104,163.0865885196222,13,7.482568763223696,1,4.864310148232478,-0.48325337431143073,-7.287343215507546,2.1592305710092874,2.0910052879033447,1.0,2.8000001907348633,2.04432591152182,0.0,1.2444698810577393,0.33332307898418145,-1.4656784534454346,0.5217810442579559,0.5792778199306626,145014.180698,145692.48200547943,9.06704044342041,2.958675270393894,0.0,5.5949201583862305,-0.5229359985309326,-3.5592613220214844,1.8577857608154336,1.8757239092851405,18.95125010038509,12.903557658165363,10.920773936596321,6.015571257429976,-0.17062124565849868,-2.120463767235684,1.4514215436660374,1.4174901565400133,1.5298954248428345,0.03631557114818208,0.008499491959810257,1.3214316964149475,-0.1027156151739791,-0.2136003691703081,0.13839607377957067,0.12094227168080338,1,0.009617234083477588,0,0.10100988630033723,"{""type"":""MultiPoint"",""coordinates"":[]}"
00000000000000000255,240,SAWAH BESAR,MANGGA DUA SELATAN,3171021005,3.171021005E12,Rendah,Mangga Dua Selatan 01,-,5 Jam,"RT 05, 07 dan 08",1250,Hujan deras dan meluapnya kali ciliwung serta pasangnya air laut,001,2,2020,1577865600000,30 cm,30,0,-0.8174806313814669,-11.187645446712118,-16.924880731390594,2.3828284983012264,10.376125377729846,-5.486175227655062,-10.563133148558578,2.736749278264666,JAKARTA PUSAT,1,0.8594725884802217,0,0.33145951395485673,524.765112121048,290.79034370828964,92.76624232772798,-3.2158697441814184,-107.35198099364726,-232.1732446724602,50.91840562713299,110.58774050335128,11,5.804104292653912,-1,4.440136830102502,-0.6149903479411047,-7.359179019384374,2.1060475876828133,2.156763054733485,1.0,1.4000000953674316,0.3677679673406003,0.0,0.8403649926185608,-0.2643234339695307,-0.8491448760032654,0.44579953289377355,0.41178539842420486,140732.427615,141294.25095889138,6.566623210906982,2.5494995027000535,0.0,3.7498562335968018,-0.24780815980550702,-2.8067142963409424,1.3167205634490546,1.3227158991512196,18.844593028746498,13.27214631039062,11.321650196474993,5.049605606783977,-0.2828506352270341,-2.365071169133172,1.5094846700487274,1.5069243877392673,2.473374128341675,0.0856672562329403,0.008499663323163986,2.1446721851825714,-0.20173449118092046,-0.4613230284303427,0.442678263189532,0.45989852431558365,1,0.1342073956577773,0,0.3254506862391634,"{""type"":""MultiPoint"",""coordinates"":[]}"
00000000000000000258,80,SAWAH BESAR,MANGGA DUA SELATAN,3171021005,3.171021005E12,Rendah,Mangga Dua Selatan 04,Sudah dihubungi,1 - 2 Jam,1 RW (10 % ),1253,Intensitas hujan yang tinggi serta kiriman air dari bogor,004,2,2020,1577865600000,10 - 30 Cm,30,10,-6.511023027111273,-10.875586860660894,-14.824830291644144,1.8647726155791473,5.4712824080684985,-5.524073807910432,-9.358508085487866,2.619552055984148,JAKARTA PUSAT,1,1.0,1,0.0,463.8312116386399,340.44414389964425,207.43162386201809,37.329592297107524,-36.797579728971726,-122.20702484044617,34.47925264302926,59.77766608137838,7,4.013349514563107,1,1.7879133409348924,-1.4720927161535597,-4.637400228050284,1.799767689083293,1.6747829588288967,1.0,2.200000047683716,1.3196429802045413,0.0,1.2551881670951843,-0.013853019353999504,-1.7616876363754272,1.031012398679416,0.8075966703849604,20103.6154775,20200.09429918101,5.938413619995117,2.6915063212487476,0.9274099469184875,2.9205663204193115,-0.13673804292194397,-2.099932372570038,1.2998715390806583,1.359806717399888,19.13932731893599,14.08867618779435,12.251308606685814,5.3940465014180585,0.25401577388598473,-1.6101617510474338,2.326779529097849,2.2747238987127827,3.340348720550537,0.5901635962876849,0.008499732241034508,2.74962055683136,0.004101046931318949,-0.6011454500257969,1.4388357647818757,1.4395237639514928,0,0.0,0,0.0,"{""type"":""MultiPoint"",""coordinates"":[]}"
0000000000000000025c,150,SAWAH BESAR,MANGGA DUA SELATAN,3171021005,3.17102100501E12,Rendah,Mangga Dua Selatan 10,-,1 Jam setelah hujan berhenti,45 dan 60 (dijalan),1257,curah hujan intensitas lebat dan ekstrim,010,2,2020,1577865600000,30 cm,30,0,-0.7040673035036269,-11.084211697673737,-18.324356569382907,3.2479826789448656,8.025956842422254,-4.464591521729775,-13.690757376647836,3.5566084434933662,JAKARTA PUSAT,1,0.9321602559441575,0,0.25999966613226416,927.6624232772798,554.4298854846248,185.53248465545596,145.00013701684475,9.557250709646063,-113.5764400565078,54.531420113421845,152.7284134905313,14,7.135218982525026,0,8.08209806157343,0.8624249163506673,-6.344355758266943,2.7901473620313144,2.92414290141561,1.0,2.700000286102295,1.0381444492297098,0.0,1.6685292720794678,0.12803155317494094,-1.1109464168548584,0.6788305138949791,0.6564947021927926,287865.638713,288992.71917937516,9.240738868713379,3.3375635201456753,0.0,6.048444509506226,0.3605966131782337,-3.165524959564209,1.8391830108845668,1.8586480258369626,17.796251577031857,12.562949912095915,10.863669300412896,4.461593045117194,-0.6817532875604783,-2.589338135606541,1.3794580901377773,1.33555413521502,0.9179623126983643,0.038214451328629905,0.008499663323163986,0.766034334897995,-0.10634206325754451,-0.30027780309319496,0.19234303447449888,0.16717163933403534,1,0.05144332145713663,0,0.21137108216357317,"{""type"":""MultiPoint"",""coordinates"":[]}"
0000000000000000002d,500,TANJUNG PRIOK,SUNTER AGUNG,3172021006,3.17202100601E12,Rendah,Sunter Agung 10,,,,70,"Hujan deras, air dari hulu",010,2,2020,1577865600000,10  -  30 cm,30,10,8.886804481023557,-9.453572136968639,-17.90418256881152,3.634893501032578,9.425260010529811,-4.2018107726020295,-13.252831331255658,3.4389960774263764,JAKARTA UTARA,1,0.9598442542330172,0,0.20571748877883914,1659.4529908961447,1293.5209406371832,829.7264954480723,197.1134601282845,10.471394169395966,-72.45888412931845,49.15217372313418,184.52063366486797,10,5.191365701790756,-3,5.906499429874479,0.35482987177500563,-6.8015963511973405,2.1453583018380655,2.106962601467845,1.0,4.800000190734863,1.6854667320271317,0.0,3.4863171577453613,0.15870130549905814,-1.8187000751495361,1.496613232218725,1.4597346136060099,429067.791109,430815.5657844323,9.597153663635254,2.7572382755704217,0.0,5.360633373260498,-0.307601106475859,-4.694622993469238,1.558566572977699,1.490078570155877,25.41729566641277,13.755284706573914,10.82512822461659,11.606098555128733,-0.047459695031203536,-3.14045189705117,2.874466483761011,2.9185463206041202,110.68669128417969,6.824682541692376,0.008499663323163986,98.23662185668945,-2.1877378715546563,-14.54388089850545,30.196170527547967,31.05191134236185,1,0.02960470163630602,0,0.17918539545651638,"{""type"":""MultiPoint"",""coordinates"":[]}"
0000000000000000032a,532,TAMAN SARI,TAMAN SARI,3173031001,3.173031001E12,Rendah,Taman Sari 01,,1 jam,100-250m2,1632,Luapan Kali Tamansari,001,2,2020,1577865600000,30cm,30,0,5.6732140018060875,-9.084623863655136,-18.966046799291128,3.4461480720553985,9.972050709691956,-3.430955225433708,-13.157596220635664,3.2465424803978973,JAKARTA BARAT,1,0.9558333448566728,0,0.2054594257152527,1037.1581193100906,746.9899028013164,371.0649693109119,70.69975910127096,-30.977210196831045,-121.64630157589704,39.07047783784795,174.67326166144974,13,6.268830288867074,1,6.72862029646511,-0.35512944725556966,-5.700114025085649,2.5745060228800805,2.5067810987950505,1.0,1.8000001907348633,0.8205594885198776,0.0,1.0977192521095276,0.0038014056053975536,-0.8881411552429199,0.49204335298395063,0.5145248039060712,252231.697459,253272.89057782092,10.461448669433594,3.13643472686348,0.0,7.536942720413208,0.18662456529769555,-3.0278584957122803,1.7102640906033713,1.702183484358038,19.35672686707919,13.330216220028209,11.191644365623853,6.062089895868407,-0.05467515897266834,-2.4222645008774446,1.7551242382221333,1.7406441035905282,2.405376672744751,0.10824378483950006,0.008499577641487122,2.1418319642543793,-0.07919496302181457,-0.27801361959427595,0.30118580392257405,0.3060993340528802,1,0.030062087752533998,0,0.1747873208478873,"{""type"":""MultiPoint"",""coordinates"":[]}"
0000000000000000032b,1408,TAMAN SARI,TAMAN SARI,3173031001,3.173031001E12,Rendah,Taman Sari 02,,1 jam,100-250m2,1633,Luapan Kali Beton,002,2,2020,1577865600000,30cm,30,0,-2.020812112125883,-9.446329786227501,-15.444276612221287,2.4116420773807943,3.1335949306887723,-3.8825471537860463,-10.090997862604716,2.4758566787517364,JAKARTA BARAT,1,1.0,1,0.0,1057.6978978086688,842.2853034255246,593.993774664244,108.40787021546146,-13.202478077932632,-102.97571536703094,44.745342207680075,104.69200962548517,11,6.769743757022215,1,4.004561003420619,-0.009619582873544634,-5.499429874572537,1.6960703372627184,1.7002178192308939,1.0,1.9000000953674316,1.0349569591493042,0.0,0.9443554878234863,-0.1840414372983154,-1.5221208333969116,0.6948809703083144,0.6110685451848784,96258.1008977,96639.65183545164,8.50893497467041,2.1386232968278147,0.0,5.544718503952026,-0.9169274670480363,-3.257741928100586,1.5071560132744495,1.4910755116729169,17.944613946649792,13.353744544671049,11.326260539446135,4.133099227860706,-0.21687579649177222,-2.21201223965571,1.8314696087677425,1.9485981403861474,1.0369393825531006,0.1609034393430509,0.008499602787196636,-0.12611639965325594,-8.87628755068805,-33.173709750175476,10.341105594672703,0.38929223046467704,0,0.0,0,0.0,"{""type"":""MultiPoint"",""coordinates"":[]}"
0000000000000000032c,474,TAMAN SARI,TAMAN SARI,3173031001,3.173031001E12,Rendah,Taman Sari 03,,1 jam,100-250m2,1634,Luapan Kali Beton,003,2,2020,1577865600000,30cm,30,0,-2.6580249016534765,-8.005166500104034,-12.642702548556757,2.124064921248529,0.49450073360599206,-3.545755338617058,-6.449454304173405,1.7833129424933787,JAKARTA BARAT,1,1.0,1,0.0,1132.3562962360413,1045.2317328082077,913.6415294927517,164.6191975767057,87.06341668507476,-11.664191465771523,49.58111747849053,64.02431166113723,9,5.153035384299502,1,2.053591790193714,-1.6766266211857894,-5.676168757126692,1.5470836032814648,1.592426520195585,1.0,1.6999998092651367,0.7492436742922927,0.0,0.6485745906829834,-0.60933789543756,-1.5995439291000366,0.534900744410849,0.47423569155340956,50995.5601776,51200.76319440316,6.226043701171875,2.628691619695411,0.0,3.5743815898895264,-0.15922524388358145,-2.995309352874756,1.2810748976084811,1.256252604443948,20.62834519894233,13.354316947254256,11.403839735501535,6.889830974041219,-0.03929334888462816,-1.9889607087897243,1.970888291250479,2.120317153832397,0.9094451069831848,0.1757017307167173,0.008499577641487122,-0.08812534064054489,-5.475690329985937,-26.173669517040253,8.424381134593785,0.34733682995253107,0,0.0,0,0.0,"{""type"":""MultiPoint"",""coordinates"":[]}"
0000000000000000032d,686,TAMAN SARI,TAMAN SARI,3173031001,3.173031001E12,Rendah,Taman Sari 04,,1 jam,100-250m2,1635,Luapan Kali Tamansari,004,2,2020,1577865600000,30cm,30,0,-2.449111306715773,-9.473857502985075,-14.398029427863795,2.4842540115915157,2.9270999578850994,-3.005357801766462,-7.07319189145843,2.307839520470745,JAKARTA BARAT,1,0.9768331887533807,0,0.1988381600204733,1220.1494165879717,1109.5029691867453,1020.4286656050078,164.38592080584453,58.31357107649521,-47.47636854191637,55.792995727966414,62.243022765446064,11,7.017145481451244,2,4.120866590649812,0.050729089674483675,-4.867730900798302,1.9542547724238228,1.9892366342585297,1.0,2.1999998092651367,1.4860539040456242,0.6999998092651367,1.0586087703704834,0.35034560147138166,-0.5850626230239868,0.48219163584497154,0.4073404598230416,68355.4449357,68659.5039064678,6.226046562194824,2.6049063855417844,0.0,3.5743815898895264,-0.1505838199501751,-2.8826904296875,1.369590815467904,1.3343420807495174,17.054138223928632,12.703177715874821,11.263310257356965,3.8575020827450857,-0.4778061193268038,-1.9413923518780365,1.0481314878020647,1.0544360786307776,0.042497750371694565,0.014081506554198724,0.008499552495777607,-0.03296115528792143,-0.07262970649511774,-0.1003948301076889,0.016476382065829784,0.009791198267745846,1,0.023166811246619387,0,0.1988381600204733,"{""type"":""MultiPoint"",""coordinates"":[]}"
0000000000000000032e,754,TAMAN SARI,TAMAN SARI,3173031001,3.173031001E12,Rendah,Taman Sari 05,,1 jam,100-250m2,1636,Luapan Kali Beton,005,2,2020,1577865600000,30cm,30,0,-5.390853220343544,-9.427753662313165,-13.404033107926498,1.7325157490989558,0.4426710717722073,-2.999911279845321,-6.2513833719211895,1.6857017388054356,JAKARTA BARAT,1,1.0,1,0.0,1187.987549328488,1122.0807191273177,1049.530224242096,181.3033447808183,126.70449870265163,63.68975895617916,31.694180434306904,38.49315288218185,8,5.441838649155723,2,1.2805017103761545,-1.3604227349257403,-4.940706955530341,1.5967103354739096,1.5631495878235149,1.0,1.0999999046325684,0.7236226588289384,0.0,-0.11596357822418213,-0.8181546125398974,-1.764424204826355,0.5626732935233846,0.4503518680674531,40914.986305,41094.76154981593,5.848976135253906,2.384092121808049,0.0,3.2728025913238525,-0.19823776328094003,-2.8353960514068604,1.4839412022980298,1.46282276131321,20.609476411283303,14.006296787940736,11.486819905347769,6.889830974041219,0.6597188474617541,-1.7598199862474377,2.07768634214896,2.18466404645125,0.8924458622932434,0.20986316138948358,0.008499563671648502,-0.034249454736709595,-3.505856663295634,-17.155609965324402,5.300855795979604,0.34878983023483484,0,0.0,0,0.0,"{""type"":""MultiPoint"",""coordinates"":[]}"
0000000000000000032f,624,TAMAN SARI,TAMAN SARI,3173031001,3.17303100101E12,Rendah,Taman Sari 06,,1 jam,100-250m2,1637,Luapan Kali Tamansari dan beton,006,2,2020,1577865600000,30cm,30,0,-2.217310787587838,-9.316189460727237,-15.367431873503481,2.787171495971135,5.5791637201002775,-2.2823600636430865,-8.48652012692108,2.687813429884793,JAKARTA BARAT,1,1.0,1,0.0,1302.0362575498923,1168.7740423110015,986.1186824432255,171.9847561601821,89.64212540670157,-18.13180487347472,42.8234388276432,89.71987804242309,12,6.941176470588233,2,4.556442417331676,-0.2110176944580605,-4.940706955530341,2.196915096076985,2.223909637986239,1.0,2.6000003814697266,1.537545413664855,0.0,1.3291908502578735,0.10114413304051724,-1.8738882541656494,0.8254879923038098,0.7350420081883005,60370.7226882,60600.05460501296,7.230140209197998,2.854751122133399,0.0,4.4772021770477295,0.1134090455789692,-2.8826904296875,1.6935921595912418,1.6786929672256514,20.29931840465661,12.99402641072018,11.112408800932652,7.13175926369602,-0.17476286085903453,-2.0475218076593062,1.740871470198904,1.7911118374743489,0.7734519243240356,0.05935409806255002,0.008499524556100368,0.5652670934796333,-0.829201323739293,-17.155609965324402,3.208155113159267,0.20679947834090223,0,0.0,0,0.0,"{""type"":""MultiPoint"",""coordinates"":[]}"
00000000000000000330,824,TAMAN SARI,TAMAN SARI,3173031001,3.17303100101E12,Rendah,Taman Sari 07,,1 jam,100-250m2,1638,Luapan Kali Tamansari dan beton,007,2,2020,1577865600000,30cm,30,0,2.443757885781557,-9.28781000426244,-13.752078373215099,2.849018862260269,3.122271327084733,-2.6251562775409027,-8.48652012692108,2.5502101296235167,JAKARTA BARAT,1,1.0,1,0.0,1394.5824148206966,1178.2187826403613,955.0869205754603,186.90839024152024,75.02965560387102,-52.35503563796499,57.72412399743372,124.15524862617274,12,9.17276124382757,5,4.556442417331676,1.8398916145375563,-2.661345496009263,1.6609633177882002,1.7210683150740098,1.0,2.6000003814697266,1.595155369244286,0.0,1.2761691808700562,0.0395862930180249,-1.9214366674423218,0.9578657457658551,0.84989149753384,52403.5920103,52638.33361000249,5.931036949157715,2.413504522771585,0.0,3.1951448917388916,-0.3337090829854398,-2.802623748779297,1.3139580833656808,1.3165612031556837,20.29931840465661,13.216972375156164,11.312212588405162,7.13175926369602,0.09782371873270035,-1.8131250048323224,1.9845946057855863,2.0157277056575302,0.6544582843780518,0.11014421837728522,0.008499509654939175,0.5673410966992378,-0.36674363420166034,-9.794367551803589,1.8195955563203203,0.24588163251481007,0,0.0,0,0.0,"{""type"":""MultiPoint"",""coordinates"":[]}"
00000000000000000331,790,TAMAN SARI,TAMAN SARI,3173031001,3.17303100101E12,Rendah,Taman Sari 08,,1 jam,100-250m2,1639,Luapan Kali Tamansari dan beton,008,2,2020,1577865600000,30cm,30,0,2.5432456977855167,-8.793920359210988,-14.065137944634152,3.5965906064577235,10.788346733524715,-1.1328117302788965,-7.671494486386153,3.504375708618161,JAKARTA BARAT,1,0.9848763418539825,0,0.10540260134434677,1394.5824148206966,1181.6038650101905,913.6415294927517,179.11287245352196,43.89511198414741,-74.03773588201886,63.10128375327373,136.7390928822856,12,7.6751082379455555,1,4.3511972633978155,0.2088336879103513,-6.75142531356912,2.212543505531607,2.2321406117542404,1.0,2.6999998092651367,1.5984460723109537,0.0,1.0977193117141724,-0.03625300891260385,-1.9118585586547852,0.8637956544477234,0.8092899089005858,58801.5844403,59030.56216387024,8.508989334106445,3.085073484329344,0.9274099469184875,5.414144992828369,0.23707123221214774,-2.170741021633148,1.6992744109324642,1.7754348631946029,17.41975142574002,12.865661061530485,11.140136792088427,4.2446952388508645,-0.22288596163945523,-1.829808167883586,1.517173546579353,1.5560080590350311,0.6119606494903564,0.08201139953844021,0.008499491959810257,0.5129713863134384,-0.1013974284883669,-5.275044202804565,0.8442880076489612,0.20894198763871139,0,0.0,0,0.0,"{""type"":""MultiPoint"",""coordinates"":[]}"
00000000000000000324,27,TAMAN SARI,MAPHAR,3173031003,3.173031003E12,Rendah,Maphar 04,Nihil,2 jam,4.228 m,1626,intensitas hujan yang tinggi air tidak tertampung ke saluran,004,2,2020,1577865600000,5 - 30 cm,30,5,-1.3191829448614383,-8.667468576495214,-15.773581920716232,2.7195587637795424,3.6519277378857313,-3.0923586051752574,-10.912834284961196,2.8829536944394474,JAKARTA BARAT,1,1.0,1,0.0,918.3389462118339,729.645380990507,540.9154964785438,36.16153515756616,-38.29259525277209,-101.64590235878939,29.963694456414302,93.51288481763517,14,6.7998726040882485,4,6.52793614595198,-0.6459417759614717,-3.5496009122008187,2.0711280529214253,2.0492607847511,0.8233368987304246,4.5,3.247929939005161,0.0,2.3297605514526367,0.9703882508744813,-2.524059295654297,1.18206682899545,1.1725493418446034,60247.0365093,60488.5580291398,8.339978218078613,3.104190163668555,0.0,4.761772871017456,-0.19915602103154414,-3.3885345458984375,1.7273774004527225,1.7876726487636543,26.619522806713306,13.285602944109709,11.558119364651986,12.802269895808957,-0.6115364624681312,-2.3831708416244055,2.8964712966766495,2.8593470972079778,363.6736755371094,15.246105654860582,0.008499509654939175,323.1254196166992,-21.90108231342669,-40.264502700418234,96.84577938354948,97.88564254959662,0,0.0,0,0.0,"{""type"":""MultiPoint"",""coordinates"":[]}"
00000000000000000326,90,TAMAN SARI,MAPHAR,3173031003,3.17303100301E12,Rendah,Maphar 06,Nihil,2 jam,6.533 m,1628,"intensitas hujan yang tinggi, air tidak tertampung di saluran",006,2,2020,1577865600000,10 - 30 cm,30,10,-1.3753280308935834,-8.730296483921753,-13.433110131345739,2.598419838215566,2.8408071923729112,-3.228300432580645,-8.48652012692108,1.9633840694902978,JAKARTA BARAT,1,1.0,1,0.0,1117.0534807085016,959.7163976203359,798.0053903044136,146.14307689750922,28.539613693229295,-66.59078313725365,46.56541872819208,72.23121226819252,9,6.696433791289099,2,1.9122006841503865,-0.38271964994545005,-4.940706955530341,1.5340403644545342,1.6149961783914555,1.0,4.40000057220459,1.2351505660550772,0.0,2.3147099018096924,-0.6547296645696384,-1.9404789209365845,0.9391883577827276,1.0135680080077165,47771.2727296,47946.98560051551,5.8489766120910645,2.0550821975409304,0.0,3.2002201080322266,-0.7436519664775137,-2.830638885498047,1.2842146858893586,1.2327354446146928,17.766379211320427,14.103495828799202,11.887000580497682,4.187955158926492,0.3505658624670896,-1.8123626311811147,2.0400347587241465,1.9494431983097291,0.8414484262466431,0.22804661475532237,0.008499509654939175,-3.990699529647827,-23.636867069623545,-32.02772861625999,7.106827080510526,0.344409816697674,0,0.0,0,0.0,"{""type"":""MultiPoint"",""coordinates"":[]}"
00000000000000000327,82,TAMAN SARI,MAPHAR,3173031003,3.17303100301E12,Rendah,Maphar 07,Nihil,2 jam,2.225 m,1629,"intensitas hujan yang tinggi, air tidak tertampung di saluran",007,2,2020,1577865600000,10 - 30 cm,30,10,-1.284099207336404,-8.044549043494484,-11.830733793257576,2.2010930224752245,6.536854584241498,-2.2468856477491324,-7.625299494794618,2.5945404899629865,JAKARTA BARAT,1,1.0,1,0.0,1132.3562962360413,1087.1144657379798,1003.4203300342234,169.62952877417308,124.19222029399671,50.42506263138375,36.48018824142939,43.40771258106738,8,5.635277148155781,4,1.0843785632837903,-1.2385586646496056,-2.879133409350186,1.0784837563151046,1.0891576139441372,1.0,1.4000000953674316,0.6684524757995228,0.0,-0.3661344051361084,-1.0259292297158908,-1.6946407556533813,0.5150931003475445,0.5721965828991591,16928.3903444,17008.082511439967,3.7262096405029297,1.8278786584492346,0.0,0.8293852806091309,-1.0405966520628784,-2.9310948848724365,1.0373080264965004,1.0244930558676186,20.609476411283303,15.22628706385145,11.779194311403359,6.889830974041219,1.3381951568615629,-2.2488854442318225,2.4587842153294788,2.4188468192299686,0.8924458622932434,0.37608783722577077,0.008499563671648502,-12.956085562705994,-25.191065177887364,-33.27971225883812,6.008844687452841,0.42052397876455605,0,0.0,0,0.0,"{""type"":""MultiPoint"",""coordinates"":[]}"
00000000000000000328,52,TAMAN SARI,MAPHAR,3173031003,3.17303100301E12,Rendah,Maphar 08,Nihil,2 jam,8.709 m,1630,"intensitas hujan yang tinggi, air tidak tertampung di saluran",008,2,2020,1577865600000,20 - 30 cm,30,20,1.9530012024850603,-9.09677718239335,-16.737006199107288,3.060020667247891,6.536854584241498,-4.0038770746850005,-9.975197530121548,2.3667807807594903,JAKARTA BARAT,1,0.9712751577050165,0,0.15014785612263945,1173.410462922962,1067.534315434979,946.0337596635238,180.4056309653123,91.40725726607042,-26.065978435475472,48.678794616448144,57.8723080785701,21,8.050428056473416,4,14.271379703534663,1.2275920498242794,-2.9714937286204277,2.4649267203031924,2.4035107458310736,0.8110541738703237,4.40000057220459,2.0770201034716353,0.0,2.4513118267059326,0.28261844945870623,-2.06111741065979,1.476433606858622,1.5638840361730062,92895.9522018,93289.68872292784,11.202068328857422,2.6716487257486534,0.0,8.23830509185791,-0.3049852509632345,-3.0204365253448486,2.0858112014337045,2.0835972014294755,23.48633315973874,14.162531419262555,10.667046584529851,9.46823857893207,0.1968483566427923,-3.382448890467927,3.4173049093838657,3.4073145387200396,363.8776550292969,28.17089058047862,0.008499577641487122,323.14009857177734,-6.884243478594321,-40.32824279833585,107.19974942862021,109.09968692208106,1,0.02872484229498348,0,0.1501478561226395,"{""type"":""MultiPoint"",""coordinates"":[]}"
00000000000000000348,158,TAMAN SARI,PINANGSIA,3173031008,3.173031008E12,Rendah,Pinangsia 03,,1-2 jam,10000 m2,1665,Saluran air yang kecil dan mampet,003,2,2020,1577865600000,20 cm,20,0,-6.178110087928178,-12.47329419836874,-16.33747169907484,1.957786615579065,6.296611304348078,-3.903063791703943,-10.60117639685504,3.458705963505922,JAKARTA BARAT,1,0.9831817220224244,0,0.13360853142453716,1081.8309929570876,1001.3175666387655,880.0578471922215,34.75589884458486,-13.79453958062847,-64.6372772566798,24.522358072106663,57.127970959180374,8,5.530251745292995,1,1.8665906499428688,-0.5928912463133633,-5.205245153933988,1.6661823100918003,1.7143053914651887,1.0,3.9000000953674316,2.978654515927352,0.0,1.512770414352417,0.5507936144520723,-2.3102622032165527,0.9192661869200037,0.9566020810767268,32998.6525256,33142.79889664627,5.848956108093262,2.1668126531716054,0.0,1.8482379913330078,-1.6759698030268735,-3.8957910537719727,1.170663168883733,1.2208208367318867,19.222308344943666,12.966896183523545,11.536722342608009,5.283427736822002,-0.885781245016575,-2.208189555236519,1.5844764944521408,1.6011708232193649,3.6633400917053223,0.04850771341071725,0.0084998132660985,-28.894150018692017,-34.89726294105174,-38.74560861568898,2.810878685627735,0.8238644242323562,0,0.0,0,0.0,"{""type"":""MultiPoint"",""coordinates"":[]}"
000000000000000001a4,± 35 KK,PANCORAN,RAWA JATI,3174081003,3.174081003E12,Rendah,Rawa Jati 04,,± 1 x 12 Jam,"2 RT Terdampak
  (RT 005 dan 006)",874,Jika hujan lebat air meluap menunggu antrian masuk ke terowongan di bawah rel kereta Jl. Kaca Jendela Ciliwung,004,2,2020,1577865600000,,30,0,-3.811323177137016,-12.658956328805793,-15.621657695535692,1.6613938321847326,8.03212835712116,-4.205430656267985,-8.035083002696467,2.520071723468214,JAKARTA SELATAN,1,0.958399268558568,0,0.21794494717703378,4811.340631776362,4497.6366602791995,4297.390543770962,47.120635648735515,-4.7439658052003875,-61.24170462562688,26.275886487665044,129.01795096942246,37,29.536976474311633,25,8.411630558722507,0.7050108445522705,-4.692132269099641,2.7404497788668065,2.3761033956751034,1.0,8.30000114440918,4.335425176176798,2.1999988555908203,4.3465235233306885,-0.7239812029209991,-4.234777927398682,2.4976338104894924,1.8516916812693056,99105.4059134,99529.57435052209,5.931478977203369,2.356107278770127,0.0,2.8478496074676514,-0.7151367149721258,-3.2560195922851562,1.1964342586434098,1.1862277060915185,17.34162852537238,12.929047769692914,11.311949372743397,4.6712728117185485,4.284909276312042E-4,-1.7304934932641576,1.1695171478743287,1.0772817267802592,0.15296265482902527,0.01927265022489732,0.008497871458530426,0.12193609401583672,-0.10983913016519001,-6.45627212151885,0.8479755192668128,0.02636510501082375,1,0.041600731441431935,0,0.21794494717703367,"{""type"":""MultiPoint"",""coordinates"":[]}"
0000000000000000047c,14,MATRAMAN,UTAN KAYU UTARA,3175011002,3.175011002E12,Rendah,Utan Kayu Utara 01,,3 s.d 4,804,2111,Sampah/saluran tidak lancar,001,2,2020,1577865600000,5 s.d 20,20,5,-8.116541238472024,-11.91612767278673,-15.772889091762151,1.6048640847048474,-0.29164063457306855,-4.938600366131554,-10.543691212458448,2.3166378768958453,JAKARTA TIMUR,1,1.0,1,0.0,3696.7085679538654,3579.032536568517,3405.9236727557327,191.02525552507586,97.06118447734853,-16.07593334834928,55.80304491452461,80.49642094262542,18,12.011899252991341,8,6.386545039908555,0.19440851192301456,-3.897377423033321,1.8706231475692456,1.8040060614705513,0.9986043757385029,3.90000057220459,2.4793746778904633,1.8000001907348633,1.5431020259857178,0.12139108131036982,-0.4675028324127197,0.6256137698876005,0.6369681427821575,52756.0026639,52980.536863069756,6.724194526672363,2.51630083276739,0.0,4.23366379737854,0.06708799888005358,-2.4818716049194336,1.3408865767551992,1.3473472117119705,18.25803454342707,13.228631314711864,11.185607053049793,5.090803666156964,0.046039545501709876,-1.964606743134695,1.3681943838725221,1.3647052116583314,0.08498918265104294,0.03061003861093683,0.008498926647007465,0.054511234164237976,-0.003908284456833162,-0.0395096018910408,0.02917835373276009,0.027402615630165175,0,0.0,0,0.0,"{""type"":""MultiPoint"",""coordinates"":[]}"
00000000000000000490,141 KK,MATRAMAN,KAYU MANIS,3175011003,3.175011003E12,Rendah,Kayu Manis 01,Program Normalisasi saluran Tahun 2017 hasil usulan tahun 2015,1 Jam,600 M2,2143,"Saluran Air Kecil, Gorong-Gorong yang Kearah Palmeriam Mengecil, volume hujan Tinggi",001,2,2020,1577865600000,10-30 CM,30,10,-0.625503386538897,-9.930275123790624,-15.169639983801865,2.5192869149607784,1.8296341481471958,-4.616997405267221,-9.093739768264461,2.2168656173136068,JAKARTA TIMUR,1,1.0,1,0.0,3734.9214496423538,3594.1001849763425,3403.396085266404,195.47458291686416,101.01110036485989,-12.555033547447692,53.328262010488054,80.38353982739399,16,12.499041533546324,9,3.6978335233749,0.158125896323132,-3.346636259977455,1.3784498781967973,1.3792811404246517,1.0,4.300000190734863,3.0757828472775257,1.3000001907348633,2.089737892150879,0.8473667062319125,-0.715165376663208,0.9391665749085819,1.0077752606396717,65485.6717574,65802.91069859381,5.4153666496276855,2.0254560734485536,0.0,3.0759310722351074,-0.283966984856116,-2.3572590351104736,0.917236000282476,0.9175631472139895,15.955448354619351,12.839147341597211,11.403693829526196,2.6369645846720946,-0.42972834250287967,-1.9315015231274302,0.8715626349421638,0.8675844568761071,0.05099344253540039,0.014755428432664489,0.008498894982039928,0.004138275980949402,-0.04204249035039396,-0.06477327179163694,0.01714428827439449,0.012704307662952153,0,0.0,0,0.0,"{""type"":""MultiPoint"",""coordinates"":[]}"
0000000000000000048d,15 KK,MATRAMAN,PAL MERIAM,3175011004,3.175011004E12,Rendah,Pal Meriam 04,Segera,jika hujan berhenti maka air akan surut,5 rt di RW. 04,2136,Penyebab Saluran Air atau Banyak Lumpur,004,2,2018,1514793600000,20-30,30,20,-3.496833708051449,-9.320049244529915,-15.384248549239008,2.3531427782721597,1.3295659198242744,-4.417798560544375,-10.889217166781533,2.4184723840472313,JAKARTA TIMUR,1,0.9954751131221719,0,0.11321815437767993,3443.6148646598244,3278.397173527445,3159.504364628071,38.31876100243335,-1.057434124835034,-37.42402248720964,24.97938073251948,84.8914868891406,17,14.15653485474457,11,3.335233751425047,0.40666023448208516,-2.393386545040178,1.0652675634229272,1.101678444698626,1.0,3.8999996185302734,1.6613349680025324,0.3000001907348633,2.1799312829971313,-0.5570244248542356,-2.0858607292175293,1.1418265663000822,0.9957845759531022,53196.6922602,53421.16372687412,4.16008996963501,1.725826768572115,0.0,1.4400053024291992,-0.8910128634455509,-2.875152826309204,1.0043345833143877,0.9953304796161799,19.356626931931757,13.65417828489226,11.668612944560003,5.872292455628136,0.027432668803632057,-1.9774998841132785,1.847363690466931,1.8014763638371358,0.32295289635658264,0.06058203453541681,0.00849878415465355,-7.101961106061935,-17.521182429968338,-27.649017677642405,5.440504665591198,0.11194248527755754,1,0.004524886877828054,0,0.11321815437767983,"{""type"":""MultiPoint"",""coordinates"":[]}"
0000000000000000048e,30 KK,MATRAMAN,PAL MERIAM,3175011004,3.17501100401E12,Rendah,Pal Meriam 08,KK AKTIF,jika hujan berhenti maka air akan surut,5 rt di RW. 08,2140,Saluran Got Yang Mampet,008,2,2020,1577865600000,20-30,30,20,1.8247722239018431,-10.242365055144694,-15.909838319933133,2.675713533808236,6.272242679513074,-4.579342080293261,-11.797770125909848,2.696523870419828,JAKARTA TIMUR,1,0.9621441794328333,0,0.18196209517817882,3729.156788929705,3469.221363965275,3246.818481470479,103.85693952263819,3.5451395158313304,-46.68654983436545,30.433787441293084,106.36788505207076,22,17.320500093901746,13,6.689851767388536,2.148630733799924,-1.954389965792755,2.0299515243546447,2.0599504650275833,0.7912684422617741,6.0,2.7776915234728525,1.8000001907348633,3.3001139163970947,-0.28840531057576235,-1.394526720046997,1.1062365215770518,1.0231524200948732,129950.604771,130521.59477194099,10.480097770690918,2.2442621520215917,0.0,7.961808919906616,-0.3220744951370111,-2.7486231327056885,1.3300396345296954,1.3248285342457262,18.951159544484444,13.327310680900881,10.735184537040999,5.736976744690118,0.15639919153067605,-2.746382597415481,1.446160955890211,1.4263130458986204,0.18697212636470795,0.04629073276692748,0.008498708717525005,0.13423528894782066,-2.0395100051827995,-15.86378612741828,4.090594890178094,0.05892294675119068,1,0.03785582056716657,0,0.18196209517817896,"{""type"":""MultiPoint"",""coordinates"":[]}"
0000000000000000044f,170,KRAMAT JATI,KAMPUNG TENGAH,3175041002,3.175041002E12,Rendah,Kampung Tengah 05,,1,1500,2024,"Pendangkalan saluran air, Penyempitan saluran, Gorong-gorong terisi kabel dan pipa dan wilayah RW 05 merupakan dataran rendah",005,2,2020,1577865600000,30,30,0,-2.684310098040275,-12.959234298655304,-17.08480920212844,1.8812262926499674,7.219386405871202,-5.376663426515516,-11.125329240606003,2.5826552795853845,JAKARTA TIMUR,1,0.7697116142249305,0,0.3887568584528825,1983.1157560849251,1784.8921938974097,1669.7923618991035,30.888926459895856,-20.57216449532892,-68.59475388282385,28.121779813178005,72.51939003142435,35,28.620081945684728,24,3.8643101482321285,-2.2537843995694917,-6.905359179019872,1.9313964817368106,1.9597189744762709,1.0,4.100000381469727,1.580438133121921,0.0,1.412428855895996,-1.2103840095340475,-3.393842935562134,1.2658523391890988,1.1905436812571197,132753.42924,133290.6891081543,5.849115371704102,2.152954771115186,0.0,3.2607977390289307,-0.3708060340275939,-2.575671911239624,1.0955278473206962,1.1060622275588234,18.894599574742575,13.338829638868122,11.325989783834284,5.247238692836355,-0.3731541008402242,-2.2193065075659533,2.2505510205903128,2.192371150957048,2.9910924434661865,0.2638970057316346,0.008497485890984535,2.667802155017853,-0.36943090153521896,-1.9998697964474559,1.1784872338841956,1.0173363004165175,1,0.23028838577506963,0,0.3887568584528825,"{""type"":""MultiPoint"",""coordinates"":[]}"
000000000000000005b1,10,PASAR REBO,CIJANTUNG,3175051003,3.175051003E12,Rendah,Cijantung 03,,3 Jam,50 m2,2649,Kiriman Hujan Dari Bogor sehingga saluran Kali Cijantung tidak lancar dan tidak dapat nempung depot air yang tinggi,003,2,2020,1577865600000,30cm,30,0,-2.939160797314581,-13.64823124400713,-17.308296799328698,1.732664491699849,6.466121320096855,-4.387225261327866,-11.070899996025396,2.3916984747673387,JAKARTA TIMUR,1,0.9210593602390017,0,0.2848598452875728,2243.7160679617973,1735.8381481336587,1205.9611502604637,43.76576854516543,-17.228608567020082,-76.59324646944629,26.52362995126538,258.56798610708654,53,43.0134976920696,30,7.798175598630948,1.2395759897647987,-8.992018244014474,3.7312812602100376,5.0949847950799025,1.0,12.799999237060547,6.487067440989699,0.0,7.2710394859313965,0.2873213015848958,-7.766932964324951,3.432374936995507,3.7097249372551286,259237.445816,260304.14700670383,11.059226036071777,3.0140013660223945,0.0,7.342627763748169,-0.3375810495186081,-3.6205861568450928,1.749125553549139,1.836919417297943,20.622600093649673,13.108048160189743,10.837800179428356,7.250835917870852,-0.5021359615535977,-2.9224525258009493,2.262065283116593,2.237547963314534,20.8404483795166,1.11326389155286,0.008496877737343311,18.049909353256226,-0.6916470120937228,-5.919685620814562,5.035890419951475,5.295932772902515,1,0.07713735886635532,0,0.28066932062240874,"{""type"":""MultiPoint"",""coordinates"":[]}"
000000000000000005b6,60,PASAR REBO,KALISARI,3175051004,3.175051004E12,Rendah,Kalisari 03,,2,600,2660,Luapan Kali Cijantung,003,2,2020,1577865600000,30,30,0,-2.1421464507951082,-13.27394616887255,-17.32976901620128,1.7965539057710507,6.6920668574197295,-4.113042734096126,-9.814629864067701,2.251877766586675,JAKARTA TIMUR,1,0.9365406902789948,0,0.2690449344826068,1529.9400624354655,1107.428394279252,668.9468866894822,177.19566713298468,-12.62225046778043,-89.68047645490992,43.878546952486055,206.55077599194138,64,53.42542706654982,37,9.249714937285425,-0.05586383652986546,-14.797035347777388,4.613901771226207,5.183796048505022,1.0,22.799999237060547,9.455918674785472,0.0,11.244355201721191,-0.9896119555588982,-8.823488235473633,4.544674444383128,5.861742315028103,370027.649109,371579.63520152203,11.988670349121094,3.203994965571479,0.0,8.418889045715332,0.053677538397771944,-3.6478354930877686,1.9045467122270754,2.0238436313343193,20.881928437523563,13.563053638389903,10.91552728379924,7.38021933290195,0.11319224050948758,-2.618422565874388,2.3963710649880516,2.4287583120059706,19.311006546020508,2.0715723240651625,0.00849669799208641,16.972416639328003,0.32262820783851476,-3.4123675376176834,5.807771913052233,6.194856878466155,1,0.06345930972100515,0,0.26904493448260686,"{""type"":""MultiPoint"",""coordinates"":[]}"
00000000000000000237,87,SENEN,BUNGUR,3171041006,3.171041006E12,Sangat Rendah,Bungur 04,-,-,-,1195,Kali poncol lumpur sudah sangat penuh perlu pengerukan,004,1,2020,1577865600000,10 cm,10,0,-6.281222558120171,-11.619015244049224,-15.11735215095814,2.178097877178141,6.409972964370018,-3.4581504897255684,-10.281937227365113,2.610889101347233,JAKARTA PUSAT,1,0.9914460028932638,0,0.1072040053173593,2257.100091630674,2013.316409464361,1857.6425549492312,32.1183708721876,-18.695093701820433,-65.31061538297399,26.300735159181908,112.61634259525461,12,7.402100761054155,3,4.645381984036371,0.26154840170870375,-4.223489167616978,1.936707263612019,1.8795532419699303,1.0,1.6000003814697266,0.8833198601648159,0.0,0.7947551608085632,-0.003386443445117032,-1.0167617797851562,0.6214778334377175,0.6357011244896846,55457.8280648,55714.350679783834,5.8760786056518555,2.6212047056976644,0.0,2.174100399017334,-0.5019275186099199,-3.315939426422119,1.2706286740594055,1.3419788723532313,20.783795760029292,13.602341555858372,11.32155919466242,7.286785152155181,0.3592229920675732,-1.759233280067395,2.4517756794436503,2.5071651299654047,1.0623993873596191,0.27182836898173357,0.008499263785779476,0.9271872118115425,0.14058118961915242,-0.15667851641774178,0.4578196861359768,0.46550661316659603,1,0.008553997106736273,0,0.10720400531735916,"{""type"":""MultiPoint"",""coordinates"":[]}"
0000000000000000033d,114,TAMAN SARI,TANGKI,3173031004,3.173031004E12,Sangat Rendah,Tangki 02,,30 menit,300 m2,1651,Curah hujan tinggi,002,1,2020,1577865600000,15 cm,15,0,6.28812714230378,-9.54891763499031,-16.725920607748357,3.9028002971280458,6.1498588429551235,-3.7174457376890775,-11.510299982693201,3.4574426792481074,JAKARTA BARAT,1,0.9050055763301188,0,0.26884920001572726,655.95639015131,487.8480471051529,293.3526157307405,-10.254295686490877,-70.61367882400855,-134.01137070487755,28.16680254577568,88.64889886478308,14,7.112117037328608,0,7.784492588369326,0.8841876013745255,-6.158494868871259,2.472695489280369,2.463228655190004,1.0,2.799999952316284,0.519805766861559,0.0,1.5818699598312378,-0.4593359099370261,-1.267616868019104,0.5869682399735103,0.6057550697291249,106370.174275,106832.65559300344,8.73572826385498,3.5522981039700223,0.0,5.903300523757935,0.7682275334806306,-2.960609197616577,1.8731267379571497,1.8639002329772605,20.88999472081531,13.3896340393626,11.082663251712416,7.3058008265550445,-0.3192686376039565,-2.6369454468090865,2.0130929839309326,1.9758903068544966,1.3089290857315063,0.26583914607349035,0.008499656803905964,1.0250129997730255,-5.280394026709552,-27.6924909632653,7.888708505035393,0.4801405496856015,1,0.008364495178114544,0,0.08058057520220885,"{""type"":""MultiPoint"",""coordinates"":[]}"
0000000000000000033e,40,TAMAN SARI,TANGKI,3173031004,3.173031004E12,Sangat Rendah,Tangki 03,,30 menit,400 m2,1652,Curah hujan tinggi,003,1,2020,1577865600000,15 cm,15,0,-1.5372189667376233,-10.76498284549631,-16.725920607748357,2.6489349574117065,5.097432731422433,-4.420594909177961,-11.510299982693201,2.9210517185034255,JAKARTA BARAT,1,0.8818236027538355,0,0.3127527356210486,798.0053903044136,667.869824625205,540.9154964785438,-4.308337070327525,-56.507557250668505,-108.06104750415568,24.186158936012948,72.74599732580565,13,6.637393614137802,2,6.261117445837963,-0.05085282691298567,-4.643101482326237,2.1868746342446004,2.2662953634855745,1.0,1.9000000953674316,0.5856236470077149,0.0,0.7358039617538452,-0.6970534314047894,-1.4281642436981201,0.669852686581214,0.6085055435197022,64308.5551912,64573.853341885275,7.880088806152344,2.956659686628731,0.0,4.860902547836304,-0.06533093237454271,-2.9236302375793457,1.678374286954852,1.6619318179536424,20.88999472081531,14.337713502069066,11.025336492636173,7.3058008265550445,0.6252840615072969,-2.6103533707875783,2.5688560809332195,2.5987505598672653,1.181433916091919,0.4024768874506897,0.008499656803905964,-1.0701464070007205,-18.349031123516557,-33.1437246799469,8.662344557517814,0.5194945862471931,1,0.10939448148750476,0,0.28316700498296976,"{""type"":""MultiPoint"",""coordinates"":[]}"
0000000000000000033f,300,TAMAN SARI,TANGKI,3173031004,3.173031004E12,Sangat Rendah,Tangki 04,,30 menit,300 m2,1653,Curah hujan tinggi,004,1,2020,1577865600000,10 cm,10,0,4.090667041158589,-9.348726594648518,-15.361052150273245,3.592063936371484,1.6817315134226511,-3.352744324825728,-6.611272789267199,1.7162551425711565,JAKARTA BARAT,1,1.0,1,0.0,649.3636962940959,401.79788826616425,185.53248465545596,-21.673314371205606,-81.01914022597612,-156.3382336057786,35.56618728728661,146.73961528049637,9,6.368245573695101,4,3.028506271379576,0.5550281811594898,-2.2063854047891844,1.0407200763433029,1.0237240711915003,1.0,2.799999952316284,1.7676247361063218,0.5,1.5818699598312378,0.710613056856288,-0.33933866024017334,0.7305905185764694,0.8941894715642325,30332.0354051,30427.132795499663,4.145422458648682,1.7316243978417254,0.0,1.454287052154541,-0.9754897665911689,-2.960609197616577,0.966879909519389,0.9413236368959829,15.955543028490945,13.015698484207848,11.672262974547106,1.9904585719764896,-0.9671775102228124,-2.3646799223033756,1.0313592449083844,1.0140298142147985,0.02549915947020054,0.01234989842902342,0.008499706164002419,-0.49488515220582485,-8.141870711304144,-28.979503063485026,9.950602093394151,0.006603396207463111,0,0.0,0,0.0,"{""type"":""MultiPoint"",""coordinates"":[]}"
00000000000000000340,100,TAMAN SARI,TANGKI,3173031004,3.173031004E12,Sangat Rendah,Tangki 05,,30 menit,400 m2,1654,Curah hujan tinggi,005,1,2020,1577865600000,15 cm,15,0,-7.262266730104465,-11.352242245382671,-15.361052150273245,1.9152052380352673,1.712010757441269,-3.1105986135713497,-5.985004945479293,1.693389353904346,JAKARTA BARAT,1,1.0,1,0.0,655.95639015131,419.01702964442796,185.53248465545596,-15.623732403847725,-66.3352495899001,-146.95318566205344,31.136922594941492,137.81455638524292,7,5.39541080680977,3,1.4127708095779843,-0.2383767419210959,-2.4218928164197333,1.0630135564278607,1.1263649767911934,1.0,2.799999952316284,2.018268013600505,0.5,1.560433268547058,0.9183319478102032,-0.33933866024017334,0.5074401849836995,0.5532327841136824,23813.9905663,23934.30326454932,2.9321208000183105,1.683928071623109,0.0,0.341904878616333,-0.9998255499815781,-2.7218637466430664,0.7026861311748088,0.694849541845806,17.34183848532077,13.243592657887826,12.019415231244277,3.262929522903189,-0.7655345039100198,-2.109799486175419,1.0735761953472265,1.0857023653957636,0.033998891711235046,0.016905072388507362,0.008499713614583015,-0.5329445656388998,-8.405936924558679,-28.99855575338006,10.166395072231937,0.011096266522467679,0,0.0,0,0.0,"{""type"":""MultiPoint"",""coordinates"":[]}"
00000000000000000342,63,TAMAN SARI,TANGKI,3173031004,3.17303100401E12,Sangat Rendah,Tangki 07,,30 menit,300 m2,1656,Curah hujan tinggi,007,1,2020,1577865600000,10 cm,10,0,-0.7535737045766272,-11.322301049438643,-16.049792397118836,3.0344501834244966,4.101513261199461,-3.986336460577545,-8.399290524702877,2.441778928934649,JAKARTA BARAT,1,1.0,1,0.0,706.486653451565,501.22643000016063,293.3526157307405,37.329592297107524,-34.01383995708382,-99.11872930977222,28.471616748718763,115.30427262286098,10,5.418410725964684,1,4.509692132268983,-0.1104071754518335,-4.925883694412882,1.8673559150976995,1.7519362041338338,1.0,2.799999952316284,1.7045864467140581,0.0,1.5174458026885986,0.36106189731155214,-1.6535917520523071,1.0928122355165402,0.9800005380276327,42654.510075,42856.130356250156,4.986055374145508,2.25953212881825,0.0,2.2180967330932617,-0.5025168666609992,-2.9477574825286865,1.0994238459149601,1.069950429983333,19.176785462969946,13.818287185591853,11.486844649452554,5.442123391359766,-0.08557844410196012,-2.4940712917803793,2.7109960474107133,2.7014379616011848,3.4678449630737305,0.6865033296222703,0.008499732241034508,2.807576894760132,-9.983376889084152,-34.86294149234891,12.630326633048119,1.4618988268568778,0,0.0,0,0.0,"{""type"":""MultiPoint"",""coordinates"":[]}"
00000000000000000349,60,TAMAN SARI,PINANGSIA,3173031008,3.173031008E12,Sangat Rendah,Pinangsia 04,,1 jam,10000 m2,1666,Saluran air kurang baik dan Intensitas hujan tinggi,004,1,2020,1577865600000,10 cm,10,0,2.815326316444988,-10.36585006943128,-15.933251883226031,3.227751245024872,6.304881916736979,-4.25785499646992,-10.252703567051789,3.304634973979385,JAKARTA BARAT,1,0.9699186032794621,0,0.14958715986462168,1369.6771539316378,1135.419037685846,918.3389462118339,174.98071798118394,27.322967728887686,-53.53524988696745,48.20279876119127,101.52037563275721,10,5.3896818843144185,1,4.175598631698852,-0.46756737113296426,-5.061573546180278,1.9401817553833873,1.919509629899331,1.0,4.199999809265137,2.1357162869978312,0.0,2.064880132675171,-0.12174101773240617,-2.223945379257202,1.2932040436970131,1.366770358001643,88751.0746497,89110.06349508598,8.775334358215332,2.706453345944225,0.0,4.064972400665283,-0.7721936079048669,-3.5442487597465515,1.5238057539551084,1.5413208786565598,26.631902913650556,14.839700102011342,11.40388013383227,12.561177231577817,0.8742348045416893,-2.6946683928052853,4.186730429863255,4.2222030450721455,368.2804870605469,75.42559581834966,0.008499795570969582,328.5292663574219,37.33560828369314,-41.55330644547939,148.99811481815476,150.87563732608544,1,0.03008139672053792,0,0.14958715986462157,"{""type"":""MultiPoint"",""coordinates"":[]}"
000000000000000005b0,150,PASAR REBO,CIJANTUNG,3175051003,3.175051003E12,Sangat Rendah,Cijantung 02,,3 Jam,150 M2,2648,Kiriman Hujan Dari Bogor sehingga saluran Kali Cijantung tidak lancar dan tidak dapat nempung depot air yang tinggi,002,1,2020,1577865600000,5cm,5,0,-4.466423705752668,-13.186479654073642,-19.92125652937016,2.3226529109178307,6.466121320096855,-4.865642539202132,-11.282509314600997,2.6228309090988184,JAKARTA TIMUR,1,0.7237049268461272,0,0.45064929908807705,1956.9060257061412,1569.622201961818,1261.7573092267978,32.423727269740084,-21.88846316673552,-76.76235451323214,25.870607872543133,178.6561825771874,53,39.58720863254101,30,10.69897377422955,-2.7031949924425254,-11.01596351197339,4.740048490990149,5.124505022134048,1.0,13.10000228881836,3.558197491125306,0.0,6.298519611358643,-3.037024277154992,-7.380615711212158,3.553602174246416,3.69395614299815,181656.177153,182368.61467126862,10.480965614318848,3.9320521701600377,0.0,6.789725303649902,-0.09361825113696427,-4.325791358947754,2.2416894757522288,2.3503502477861127,23.740813002885215,14.042018272623151,10.785640032975218,10.148539065390215,0.5903361922735484,-2.838164191959393,3.1435868866311014,3.157058647858,20.763975143432617,4.1653526221015005,0.00849690567702055,18.030288696289062,-2.1534576749706718,-25.582521724514663,9.50848823750559,8.3924423665686,1,0.2369916669866749,0,0.4312453610479346,"{""type"":""MultiPoint"",""coordinates"":[]}"
0000000000000000013e,819,TEBET,TEBET BARAT,3174011002,3.17401100201E12,Sangat Tinggi,Tebet Barat 07,,1-2 Jam,± 50.000- 60.000,662,Meluapnya PHB Kalibata dan Saluran Rawa Bilal,007,5,2020,1577865600000,,150,0,-4.780861522485333,-11.812848763877666,-14.690963776558712,1.7314958189638843,4.348752879675557,-5.0829124163833255,-7.894677508254483,2.1018667296457827,JAKARTA SELATAN,1,0.8174249473529559,0,0.392676726249301,4100.645674560969,3913.7966402999305,3675.697739681896,36.00427852261873,-12.674584309945898,-60.26199046253987,25.27964680852717,113.53864662720287,22,15.968509721337973,9,3.4960091220064733,-3.1023574919577723,-9.579247434435946,2.1115387054493744,2.0935924273126045,1.0,2.5,0.6038885996036837,0.0,0.5053590536117554,-1.5263619769874162,-2.3385403156280518,0.7690261697013515,0.7323145850037032,71196.5633906,71481.85254592041,6.5676398277282715,2.7445915737496085,0.0,3.7265496253967285,-0.2034764981764914,-3.0823447704315186,1.6209353534313378,1.5676689959758363,21.12584191100457,14.208410593323547,11.406372264552447,7.947313386970311,0.9233156818895982,-2.06556920058072,2.3812709343072602,2.3652819534931955,1.8356058597564697,0.38070465878433557,0.008498300798237324,1.5927725434303284,0.14396688223940196,-0.3306231675669551,0.7175973823585844,0.7058195739255647,1,0.17008668397081153,0,0.3849787225030045,"{""type"":""MultiPoint"",""coordinates"":[]}"
00000000000000000120,16,TEBET,MENTENG DALAM,3174011003,3.174011003E12,Sangat Tinggi,Menteng Dalam 05,,1 jam,± 350,572,"Perumahan penduduk di dataran rendah, debit air yang terlalu banyak, saluran tidak cukup untuk menampung",005,5,2020,1577865600000,± 150 cm,150,0,17.234831077942566,-8.750305197178715,-17.790707652376238,5.740992717520504,23.130534369730036,-3.0281126061191492,-12.180854594427014,5.198126790923272,JAKARTA SELATAN,1,0.9377325989409437,0,0.2266060457112926,2821.3751145383426,2563.9507670894354,2245.632955170002,33.811297921780806,-14.049707439284736,-65.71270414602805,25.422806150054743,123.4981782554897,39,15.006124662399241,7,21.717217787913,-1.5710670566101574,-8.968072976055048,4.688216895688345,4.9916004056261345,1.0,5.400001525878906,1.8060438806824115,0.0,2.7591803073883057,-1.137083580063817,-3.984834671020508,1.92694699397656,1.9207924548816104,164046.37761,164760.91483245528,22.04218292236328,4.788382331618136,0.0,18.696963787078857,0.8585654009743039,-5.4635515213012695,4.226128136244465,4.006747362188502,22.328669878861895,13.811445669725497,9.951799089981103,8.832506486466261,0.5327028037477213,-3.4344369557897725,2.7195042846338553,2.76126590937099,5.6512532234191895,0.742346495902212,0.008498458191752434,4.9310426115989685,0.2275356811566172,-0.7761417301371694,1.5981068513091181,1.6505887124135508,1,0.02973013206303298,0,0.16251841625400879,"{""type"":""MultiPoint"",""coordinates"":[]}"
00000000000000000123,83,TEBET,MENTENG DALAM,3174011003,3.17401100301E12,Sangat Tinggi,Menteng Dalam 11,,"0,5 jam",± 2.000,575,Meluapnya air kali dan air dari RT 012/11,011,5,2020,1577865600000,,200,100,-1.2632972660638058,-11.768238997207087,-16.26085267574114,2.109564315271369,2.6821860278672345,-5.117153787449987,-10.933030693058504,2.2276125588988647,JAKARTA SELATAN,1,0.7792828685258965,0,0.40674104801722977,3062.6912234195856,2730.962643564445,2450.8553301844463,49.643715621108186,-12.594204290078594,-72.29888017688336,27.359079528072158,135.1232321324088,30,16.632859040030358,5,13.72519954389935,-0.15200372425731182,-11.444697833523655,3.968771877472527,4.192481146474904,0.557288972952208,9.90000057220459,4.643868355722996,0.0,5.391448497772217,0.27731929238800146,-4.747548580169678,2.6884344317545197,2.5819731451690444,183846.940631,184625.19889377675,16.4595947265625,4.105811098183476,0.0,10.923054218292236,-0.3566960270582127,-5.268341541290283,2.559192514917599,2.654755210734733,17.419627793100325,12.723568163897395,10.26690729539379,4.5722229054307935,-0.2567726443689497,-2.4146677635688825,1.507017846886721,1.4917235595313516,0.5948880910873413,0.061104516154397236,0.008498415350914001,0.37995152175426483,-0.14484075716007783,-0.5749606043100357,0.21285447111909736,0.1458309402844688,1,0.19169038133181562,0,0.3875660644990598,"{""type"":""MultiPoint"",""coordinates"":[]}"
00000000000000000138,617,TEBET,KEBON BARU,3174011004,3.17401100401E12,Sangat Tinggi,Kebon Baru 08,,± 4 hari,± 10.000,639,Banjir kiriman dari bogor dan curah hujan yang dan durasi hujan yang lama,008,5,2020,1577865600000,,200,0,-6.162526027104189,-11.940153553745583,-19.097495229977028,2.5132682368347004,-0.17055395167651566,-6.0357716247311535,-13.045161295433449,2.669072817939343,JAKARTA SELATAN,1,0.9941977001793437,0,0.14355980733669327,5061.501645298686,4935.52417213894,4792.523509066431,183.8713025447296,96.76132374276997,-14.129932400182952,47.30096557484034,72.14028398937565,24,17.197752927524004,12,4.117445838084002,-3.0421051371679075,-8.551881413911477,3.0915351726666755,2.943907742743295,1.0,5.600000381469727,1.9861910097935318,0.0,3.081756353378296,-1.0190393314392763,-3.2679591178894043,2.167328669943492,1.9784868020566573,66013.1176142,66268.59248768444,7.46864652633667,2.7321007139874687,0.9274099469184875,4.796491861343384,0.027469327982021088,-1.8504263758659363,1.6378456206055505,1.629237650524549,23.416846848774586,15.036321498869338,11.482356322780312,9.654193571746912,1.1144382567289552,-2.493706865974689,4.057357199051832,3.9923728508451117,339.4696350097656,72.68586453874487,0.008498307317495346,308.01947593688965,35.74486362860052,-38.33017049357295,139.51084197258115,138.3646031102732,0,0.0,0,0.0,"{""type"":""MultiPoint"",""coordinates"":[]}"
00000000000000000139,292,TEBET,KEBON BARU,3174011004,3.17401100401E12,Sangat Tinggi,Kebon Baru 09,,± 4 hari,± 10.000,640,Banjir kiriman,009,5,2020,1577865600000,,200,0,-7.157490747143367,-11.165201801062958,-14.190375884730472,1.5704385316259,10.195696956519775,-3.418858392666246,-9.602668994342238,2.7395372478922275,JAKARTA SELATAN,1,0.9842466176561439,0,0.1117944413459218,5118.1415062800825,4906.461085636343,4724.707758823175,91.73539422331669,3.3965938429270515,-67.30955852404531,35.75747057905706,83.68495671688521,25,22.1451164514734,18,5.189281641960839,2.026992464566562,-2.5119726339798696,1.777081436798505,1.6186701127236305,1.0,6.30000114440918,2.873577744904667,0.0,3.9378573894500732,0.5275587096608736,-2.320866584777832,1.5540925865134843,1.554363695232296,56350.2128771,56562.91062032914,4.644939422607422,1.994732195760127,0.0,2.152289867401123,-0.5467350016288627,-2.6182146072387695,1.103899341257593,1.0882374435318247,17.405219693194464,12.978026220925221,11.557872633728818,4.0805331936309415,-0.912517417142982,-2.5943438546562945,1.1758453504721285,1.1556935732268085,0.5863783359527588,0.022932233277549712,0.008498254232108593,-3.737797975540161,-24.931686332406784,-38.32977380417287,8.509635103593462,0.09066731181750073,1,0.01575338234385618,0,0.11179444134592212,"{""type"":""MultiPoint"",""coordinates"":[]}"
0000000000000000013a,484,TEBET,KEBON BARU,3174011004,3.17401100401E12,Sangat Tinggi,Kebon Baru 10,,± 4 hari,± 10.000,641,Banjir kiriman dari Bogor dan Depok,010,5,2020,1577865600000,,200,0,-5.254436024995565,-11.788031886593973,-16.733764566524528,1.9148676839806917,4.96719591165097,-4.865162631299764,-11.397252046870175,2.6079352359077834,JAKARTA SELATAN,1,0.9243098334474107,0,0.32657680674741113,5249.290756032934,5081.915824558299,4923.607091438574,203.06978485351556,98.1895546392908,1.0440806357473775,44.670859872736216,69.04358566921138,26,18.011065480264662,12,6.225769669326851,-2.2065477402979248,-8.584948688711936,4.0217842594273625,3.7593768851325926,1.0,6.30000114440918,2.1533997237831937,0.0,3.9378573894500732,-0.5457222674729589,-3.170581817626953,2.438466784297849,2.300030475222512,122364.104649,122872.07648629195,8.387731552124023,2.8547909606945954,0.0,5.6819281578063965,0.12006242949275055,-2.844857931137085,1.6223731348164374,1.614981718426372,23.765793301470485,14.566204273303235,10.961897539170275,9.79264014076726,0.5293889049819585,-2.981979099100503,3.542399476272144,3.504388838529006,339.37615966796875,49.47563620334018,0.008498254232108593,304.92847061157227,11.567641455906326,-41.78644265793264,116.50635972852025,117.2124058548093,1,0.06978667579283597,0,0.305320523612584,"{""type"":""MultiPoint"",""coordinates"":[]}"
0000000000000000017d,± 722 KK,TEBET,BUKIT DURI,3174011005,3.17401100501E12,Sangat Tinggi,Bukit Duri 10,,± 1 x 24 Jam,,779,Meluapnya Kali Ciliwung dan Intensitas Curah Hujan yang tinggi,010,5,2020,1577865600000,,200,100,6.826617917683587,-12.202246555638355,-19.142212314912456,3.476221059752023,1.2752832501749234,-5.458133173101252,-13.736724558288751,3.5489898999229217,JAKARTA SELATAN,1,0.9459170149862371,0,0.2716240662930543,4407.128814786838,4180.260896327951,3946.6558052670644,188.82018341378443,99.20409626315842,-4.516434869131444,52.32012825238965,113.85099793004,23,15.008385156488933,7,6.391106043329238,-1.984625939248393,-8.618015963512265,2.943559196455222,3.185702926681055,1.0,5.499999046325684,1.7428327787784108,0.0,2.990535020828247,-1.170780447295274,-3.1253135204315186,1.5507743934893674,1.5020388427676576,136873.70891,137407.89485854233,5.938958168029785,2.7791708681756346,0.0,3.2590293884277344,-0.026916100022345294,-2.995093822479248,1.387854365353917,1.3754574190635207,26.554124153420776,15.844590565540885,11.312043785969683,12.513449662213851,1.761244296541886,-2.778959043429362,4.906341065347532,4.899293533536995,340.8208923339844,103.85093688857295,0.008498458191752434,302.00841522216797,60.71200693154974,-47.69587407261133,159.03853725974847,158.95908940739642,1,0.006499133448873484,0,0.07293145292505805,"{""type"":""MultiPoint"",""coordinates"":[]}"
0000000000000000017e,± 226 KK,TEBET,BUKIT DURI,3174011005,3.17401100501E12,Sangat Tinggi,Bukit Duri 11,Wilayah RW 011 dan 012 masuk dalam Program CAP dan CIP,± 1 x 24 Jam,6 Ha,780,Meluapnya Kali Cilwung,011,5,2020,1577865600000,,200,100,-6.146741306252671,-12.401636521065099,-17.926188711783748,2.0867413650063518,0.981124475593284,-4.2679587401775105,-11.922267129405608,2.4162079790338193,JAKARTA SELATAN,1,1.0,1,0.0,4109.031461794913,3898.4030080771104,3733.7692295163256,54.884722338252686,-3.2500727476697047,-57.32095478327801,27.147758809159555,93.18665285062725,20,15.118909348441926,11,3.565564424173033,-0.9352083138179766,-5.176738882554453,1.8854420458595147,1.9173991935927284,1.0,5.90000057220459,3.649433465112032,0.8999996185302734,3.563854455947876,1.257229782467861,-1.806499719619751,1.436845793081987,1.3782216987243538,49258.2476923,49475.13284893792,6.549145221710205,2.827880048996666,0.9274099469184875,3.862506151199341,0.29804814473934277,-1.6633131504058838,1.3495740129265437,1.3831535151364915,14.901048625593749,12.926874946671713,11.212166947970967,0.6536725511646537,-1.1720011922830595,-3.035866683264153,0.865624878261857,0.890054487504709,0.06798792630434036,0.021921540358401943,0.008498483337461948,-9.841167158447206,-33.31250934867128,-46.350784924812615,9.594599561797734,0.01556539262537674,0,0.0,0,0.0,"{""type"":""MultiPoint"",""coordinates"":[]}"
0000000000000000017f,± 200 KK,TEBET,BUKIT DURI,3174011005,3.17401100501E12,Sangat Tinggi,Bukit Duri 12,,,,781,Meluapnya Kali Ciliwung dan Pompa Air kurang maksimal,012,5,2020,1577865600000,,200,100,-3.723402292918933,-11.856001966370721,-18.738451419249216,2.7817092013315334,5.4002546327731,-5.428020118526192,-14.34621891645758,3.2794038759292956,JAKARTA SELATAN,1,0.9819011827634705,0,0.17828016475162003,4019.037897083563,3735.813353634881,3463.5491259047867,164.00007128744573,10.45645282748281,-59.944724268189475,47.125923298880934,134.4779848717125,18,12.770479330459041,8,1.9566704675025832,-2.1104727544247077,-6.709236031927274,2.0720743650014373,2.1512288330850593,1.0,4.90000057220459,1.7903787689960102,0.0,2.5007987022399902,-0.8272277539132549,-2.9457242488861084,1.6805800757728844,1.6355528958387848,151394.757612,151989.66949678256,7.034503936767578,2.2451792135915434,0.0,4.724992513656616,-0.23411239384697877,-2.7383689880371094,1.302728725607078,1.289790905109617,26.555271092959725,16.110496717684782,11.365533904152223,12.242471695631508,1.643013131607841,-3.3994359072431646,4.629813625007298,4.678290152318846,341.32232666015625,104.04848423649048,0.008498522453010082,295.255672454834,54.5886516727927,-58.005881160497665,153.82989527190426,156.40737789549513,1,0.006455629077997836,0,0.09644431260175651,"{""type"":""MultiPoint"",""coordinates"":[]}"
000000000000000001b1,22 KK,TEBET,BUKIT DURI,3174011005,3.174011005E12,Sangat Tinggi,Bukit Duri 01,,≥ 1 hari,"2 RT Terdampak
  (RT 010 dan 011)",903,Meluapnya saluran/sodetan kalibata,001,5,2020,1577865600000,,200,100,-1.9545649053654428,-11.357459866538536,-16.327314559272963,2.187771196275041,15.07013999218223,-2.2201584210289838,-9.547901465942576,3.2114176445177094,JAKARTA SELATAN,1,0.9657816622691292,0,0.2217278451421594,3532.4332672578244,3252.189654898563,2987.3034691983003,37.68301607327521,-8.544878623685928,-60.98139896029534,25.6146903047415,125.3275777105769,20,15.045143469656983,8,4.645381984036241,0.13084872157996147,-6.709236031927274,2.002508475767894,2.163673145713437,1.0,7.200000762939453,3.710834606970834,0.0,4.526568412780762,0.7558090566881102,-3.176738977432251,2.0004665684962015,1.9378223611509366,84638.8016032,84944.19814132432,7.034503936767578,2.4718507364254667,0.0,4.724992513656616,0.14965823142344525,-2.4317383766174316,1.2189527229760257,1.2102937584231785,23.771762287302757,14.373740099109126,11.557929631777714,9.205431078270443,0.017628667628858556,-2.954349148284402,3.516539640661814,3.580336949058156,341.5347900390625,45.986875595283124,0.008498565293848515,297.76911544799805,8.553975059961955,-52.56318782269955,118.79502953108481,123.73613760447243,1,0.02976583113456464,0,0.20608041101101565,"{""type"":""MultiPoint"",""coordinates"":[]}"
0000000000000000013f,275,TEBET,MANGGARAI SELATAN,3174011006,3.174011006E12,Sangat Tinggi,Manggarai Selatan 02,,5-6 jam,± 5.000,665,"Curah hujan yang tinggi, Saluran air yang mengecil (akibat pembangunan hunian), Pendangkalan Kali Sodetan Kalibata, Sampah dari Rumah Tangga, Kurangnya daerah resapan air",002,5,2020,1577865600000,,150,0,-4.802715559295747,-12.520848088814693,-15.993253793380738,1.857340862528719,11.596021767452648,-2.562996388100381,-8.671056511325864,3.0642677490703045,JAKARTA SELATAN,1,0.9895807796028439,0,0.08804240366863003,3246.818481470479,3067.8680729342377,2881.732216143706,46.376503427566604,-12.135834307752353,-67.16333379494017,27.12089123847617,81.11812564589701,23,15.78074691509357,10,5.445838084378273,-1.348694246443772,-6.480045610034519,2.732750034771284,3.0375156731848727,1.0,4.500000953674316,1.5057980731157652,0.0,2.219499111175537,-0.3397914375112835,-2.0269100666046143,1.1439982830168853,1.2507957838120916,85426.2690852,85775.34876763214,5.547544956207275,2.9113068041959655,0.0,2.832677125930786,0.31636485345147153,-2.6356823444366455,1.277717452572149,1.2818241480723638,22.114470038197446,13.987628889453397,11.379382734584862,8.272819403862393,0.16800879959957857,-2.401885546307355,2.4238552554451696,2.428333314746229,4.062180042266846,0.6225507285854924,0.008498472161591053,3.533047676086426,0.01581873004303043,-0.8657982647418976,1.2580756002222322,1.2077737367767913,1,0.010419220397156165,0,0.08804240366863003,"{""type"":""MultiPoint"",""coordinates"":[]}"
00000000000000000140,155,TEBET,MANGGARAI SELATAN,3174011006,3.17401100601E12,Sangat Tinggi,Manggarai Selatan 06,,"1,5 jam",± 4.000,669,Kali Jane terlalu dangkal dan curah hujan yang tinggi,006,5,2020,1577865600000,,200,0,-6.837849991777989,-11.13501829551982,-15.144018534810137,1.8717367837700192,-0.6150887579544604,-4.269162692459763,-8.671056511325864,1.872015028912508,JAKARTA SELATAN,1,1.0,1,0.0,3087.875951668441,2966.7320689075405,2832.030467164061,22.524381931589232,-21.400239934214245,-68.61756839521559,24.22263113036599,68.90594354809701,18,14.452434017595309,11,1.2759407069552395,-1.8999643546216354,-5.259977194983172,1.5176813009625232,1.5986105077709025,1.0,2.6999998092651367,0.7252084126850027,0.0,0.6126563549041748,-1.5481689503745248,-2.5271382331848145,0.6100409744468497,0.570635689561888,29759.0559001,29887.68856500967,4.16019868850708,2.332841594352051,0.0,1.7556109428405762,-0.11517952716245682,-2.523179292678833,0.9763647500424778,0.960181816346126,19.34698625499146,14.479665285345325,11.6685543916486,5.581932454092824,0.7202127337622564,-2.109916237116643,2.7353725597929475,2.7628900082678363,4.08767557144165,1.243200306532866,0.008498522453010082,3.5893768966197968,0.6937797456618147,-0.5619049686938524,1.866894794513571,1.8817821658639144,0,0.0,0,0.0,"{""type"":""MultiPoint"",""coordinates"":[]}"
00000000000000000180,400,TEBET,MANGGARAI,3174011007,3.174011007E12,Sangat Tinggi,Manggarai 04,,1 hari,± 20.000,782,Intensitas Curah Hujan yang tinggi dan meluapnya tanggul Kali Ciliwung (kiriman Katulampa),004,5,2020,1577865600000,,150,0,-3.386141085674794,-10.165320844110312,-16.01781156324396,2.2382731550041073,2.8775826791794508,-4.08759658058299,-8.841131155237145,2.5717957643753797,JAKARTA SELATAN,1,0.9114416404767092,0,0.2786560953350945,2729.913656091607,2384.5949985159846,2141.6750118583345,37.84945846402434,-7.496649317208835,-64.53228982815381,26.630314775941144,136.44001284493578,16,11.89694122040016,8,3.1790193842642473,-0.2658839903240475,-3.8574686431017344,1.4932271968834707,1.7282187733496928,1.0,4.09999942779541,1.7397889063881107,0.0,2.089395046234131,-0.04145574290383624,-2.202850580215454,1.1702229965039355,1.2103704823460326,112125.723878,112587.41706718074,4.7452592849731445,2.0921823115949287,0.0,2.316032648086548,-0.27588276642091525,-2.5820000171661377,0.8917814087080966,0.8995358385520164,23.77851248754303,14.511098333352804,11.668588078328256,8.840758257511835,-0.3543104121138112,-3.5120768940317557,3.633329600186466,3.6541406658753557,348.4949951171875,34.072492727756526,0.00849867332726717,309.0647850036621,-10.461722616663774,-68.37369581032544,105.41833699488048,109.6723740646838,1,0.014127018701185545,0,0.133608531424537,"{""type"":""MultiPoint"",""coordinates"":[]}"
00000000000000000182,115,TEBET,MANGGARAI,3174011007,3.17401100701E12,Sangat Tinggi,Manggarai 10,,4 hari,± 50.000,790,Intensitas Curah Hujan yang tinggi dan meluapnya tanggul Kali Ciliwung,010,5,2020,1577865600000,,200,0,-4.26980141165363,-11.349623179253713,-16.660117723092537,2.0258707575001393,6.095471824166129,-4.3925370480456225,-10.537821350561426,2.75350390278656,JAKARTA SELATAN,1,0.9417124964874956,0,0.2503061168843049,3376.7421908074275,3103.125590763148,2758.138671748824,35.33915957958743,-8.43325910159103,-53.19496115398306,24.923336368221992,135.8957626016024,19,13.179318373409338,9,4.432155074115995,-0.9863047683507581,-5.687571265678772,2.404626295442057,2.389272080307261,1.0,6.200000762939453,2.9209145744305047,0.0,2.983808994293213,-0.03721677244874812,-2.9948689937591553,1.3258233729967879,1.527971365514747,87026.8376769,87364.90221049599,6.549088001251221,2.584616740121926,0.0,4.028162479400635,0.0347881598664203,-2.6981420516967773,1.3595499053686497,1.3283548839884547,26.5567899929664,14.192062740678573,11.48669690659411,11.959599345797216,-0.28581462564302407,-3.1936975203757694,3.997880002085914,4.054456400685671,342.8945617675781,47.78593845487197,0.00849859043955803,294.4335136413574,0.26803701211271114,-54.25238137692213,124.14708096145176,126.68993213064778,1,0.05828750351250451,0,0.2503061168843048,"{""type"":""MultiPoint"",""coordinates"":[]}"
00000000000000000154,341,PASAR MINGGU,PEJATEN TIMUR,3174041005,3.174041005E12,Sangat Tinggi,Pejaten Timur 03,setiap tahun kena banjir,2 jam,1 hektar,706,luapan kali ciliwung dan air hujan,003,5,2020,1577865600000,3 m,300,0,-6.1408637874999545,-12.619075396188077,-20.355526203726196,2.2273951832714154,4.628628564935216,-5.621026764711481,-14.346666935205004,2.8675441592433177,JAKARTA SELATAN,1,0.6325051307803154,0,0.48722374967618387,4005.0958957172274,3743.061893304668,3403.396085266404,212.10178047265754,85.82117101866882,-53.37248826358427,65.10588742128141,129.23806790827342,42,28.395426691701985,18,8.060433295324351,-3.5834940278281966,-13.673888255416724,4.752030157616713,5.452104528251656,1.0,11.899999618530273,3.7761884852878365,0.0,5.645951747894287,-2.087705612147915,-6.915506839752197,3.7523851416418674,3.835148207729628,239510.796775,240480.99851820443,16.9153995513916,4.858468698492779,0.0,12.74772310256958,0.35018236011025095,-4.721722602844238,3.0400781709043505,3.009621531054374,23.72749822493483,14.340415177636197,10.237848664618918,9.880868194712134,0.47316187041688373,-3.5322510672232674,3.9977361560086324,4.022948427706518,326.56158447265625,54.015932853103806,0.008497288450598717,293.2274646759033,12.838570195041498,-52.043938875198364,125.92704120032066,126.36978559467967,1,0.3443663304368077,0,0.48,"{""type"":""MultiPoint"",""coordinates"":[]}"
00000000000000000155,300,PASAR MINGGU,PEJATEN TIMUR,3174041005,3.17404100501E12,Sangat Tinggi,Pejaten Timur 06,,1 hari,1 hektar,708,"pendangkalan saluran air, luapan kali ciliwung",006,5,2020,1577865600000,2 m,200,0,-2.003449823109865,-11.873083854835423,-17.38602077422278,2.488824238481397,8.771682332157102,-3.9350228677855186,-11.3267494982231,3.0459115923455133,JAKARTA SELATAN,1,0.8419451557131291,0,0.40210707932040574,4468.213922834007,4144.1241793813215,3767.0405300494886,99.60384894059916,-6.365209825341263,-58.04434960634717,29.778909182987196,183.97716274940817,39,29.302825378066665,18,7.0513112884829034,-2.153561280691924,-14.659064994299278,4.9961389244023415,5.524198663192388,0.9917632683019163,15.69999885559082,6.624936820292294,0.0,8.570238590240479,-0.32804634922601017,-7.978790760040283,4.879910177669022,4.7798975222984454,318646.510623,319942.2213087265,15.699620246887207,4.091158584987431,0.0,11.993064403533936,0.49872368295510006,-3.7734928131103516,2.70447549026348,2.7736453936520515,26.524605388183062,14.076385428871035,10.437589063026946,12.706643250848293,0.31786355466283167,-3.341672592028173,3.795786040868258,3.8562670191900046,331.0906982421875,45.54179563030701,0.008497570641338825,295.1632499694824,10.85333528781538,-46.31582957878709,121.62037712737958,124.77109777406856,1,0.1543453045324229,0,0.3967805536575211,"{""type"":""MultiPoint"",""coordinates"":[]}"
00000000000000000157,200,PASAR MINGGU,PEJATEN TIMUR,3174041005,3.17404100501E12,Sangat Tinggi,Pejaten Timur 09,,setengah hari,2000 m,711,kali meluap dari kali,009,5,2020,1577865600000,500 cm,500,0,-3.586902007830618,-13.150457703996437,-17.369388761750685,1.598742793230999,3.053543631005647,-3.9698679345359675,-11.872771111175535,2.3582114351835615,JAKARTA SELATAN,1,0.8461445535703497,0,0.38805121695508055,4206.312360166264,3934.953439668746,3608.356420548421,212.10178047265754,90.79524503207644,-40.423880726214065,62.617906481981706,134.03790162523407,44,36.10717694101158,21,8.359179019383589,1.5374444625482901,-11.766248574686955,5.387624085899182,6.384089172749577,1.0,16.399999618530273,9.119503598451729,0.0,9.979134559631348,2.2452277558924103,-8.608665466308594,5.459874657679601,5.164795591113999,288701.386668,289875.7723551033,17.230485916137695,3.886842349725821,0.0,12.841501712799072,-0.2683421640727395,-4.181145668029785,3.235860557835648,3.3062673209788653,23.727862478829987,13.384221405343567,10.437536459917665,9.840606627514529,-0.298484323968817,-3.3361718074348516,3.1404699778667937,3.1789697335439735,326.8504943847656,27.32668279159452,0.008497360162436962,285.9518508911133,-1.5932120569737855,-54.28731656074524,97.31366386427716,101.4731423782901,1,0.15036422281013298,0,0.38370321746249053,"{""type"":""MultiPoint"",""coordinates"":[]}"
000000000000000001a5,40 KK,PANCORAN,RAWA JATI,3174081003,3.17408100301E12,Sangat Tinggi,Rawa Jati 06,,± 1 x 24 Jam,± 1.000 m²,876,Banjir kiriman yang diakibatkan karena Kali Ciliwung meluap,006,5,2020,1577865600000,,150,100,-5.041725327740048,-12.531280631118294,-18.78294906879165,1.7629416574560355,8.80407297223697,-4.4461554807164525,-12.501013349829257,2.7316563311921307,JAKARTA SELATAN,1,0.7618320848452758,0,0.4397599604670306,4361.000152658897,4074.2648965103303,3679.207876792152,53.644318876043144,-0.6431543946993296,-59.68769686689393,26.034673620005584,160.6368355903244,36,28.77268692280139,18,7.2941847206381105,0.5442063896839837,-7.963511972634471,3.223849228267389,3.9507009567848224,1.0,10.899999618530273,5.703010339715107,0.0,4.317559719085693,-0.21014958739724401,-6.2857465744018555,2.360221478965819,2.6056466339952835,223882.736435,224787.91340335074,8.517386436462402,3.113186538928645,0.0,5.166514873504639,-0.060962082107478756,-3.2954752445220947,1.7085417243466337,1.7373832628947103,23.745270218771896,13.434264329825966,11.055676653297189,9.52863965513793,-0.13195619366965364,-3.0216244715030545,2.662262913834428,2.7369329014162616,332.917724609375,20.922690362685078,0.00849779974669218,296.82569885253906,-1.3909513381472143,-42.994749791920185,80.42955502456765,84.16143170661506,1,0.21594430860755948,0,0.42581669449743625,"{""type"":""MultiPoint"",""coordinates"":[]}"
00000000000000000190,"± 400 KK 
  RT 008, RT 011",PANCORAN,PENGADEGAN,3174081005,3.174081005E12,Sangat Tinggi,Pengadegan 01,Warga pernah dilakukan pendataan normalisasi Kali Ciliwung dan menanyakan kapan proses normalisasi dilaksanakan,± 1 x 24 Jam,kurang megetahui detai luasannya,826,meluapnya Air Sungai Ciliwung,001,5,2020,1577865600000,,160,0,-2.023497440027967,-12.028113279359184,-18.23637659271321,2.496755068847357,7.967129305870413,-5.568189094695171,-13.905819285013319,2.8561122681303917,JAKARTA SELATAN,1,0.7779955303421006,0,0.43711632139386136,4751.950197313952,4429.455682751006,4027.5936021300267,44.472034801239715,-6.90540004571668,-60.00716385968826,25.76436378735598,171.51016817606555,30,22.06405363589477,15,8.568985176738487,-0.21954950976310883,-8.087799315849892,3.4085212175730537,3.441493093294701,1.0,8.399999618530273,3.6707298899508403,0.0,4.997605323791504,-0.2906164993796329,-4.452451229095459,2.7930808689887825,2.6926359550891137,202818.512744,203660.41195354183,9.195145606994629,3.4114593609616732,0.0,5.949617147445679,0.2684539276749811,-3.4591376781463623,1.9024913680696243,1.9113219837635664,26.542708236401694,14.256239740300217,10.922483250808195,12.573374906903753,0.22498522937595777,-3.125845813569933,3.9238350048573323,3.9606040278742025,336.89471435546875,51.65305025016553,0.008498021401464939,302.15755462646484,13.453807552734547,-44.14452855940908,126.92800233692202,127.59979197897805,1,0.21139762764311487,0,0.4287473633940007,"{""type"":""MultiPoint"",""coordinates"":[]}"
00000000000000000192,95 KK,PANCORAN,CIKOKO,3174081006,3.174081006E12,Sangat Tinggi,Cikoko 01,Banjir sudah rutin per 5 tahun,± 1 x 24 Jam,Berdasarkan informasi Ketua RW bahwa hampir seluruh warga di wilayah RT.02/01 terdampak banjir,834,Meluapnya Air Sungai Ciliwung dan kali di daerah tsb kurang tinggi,001,5,2020,1577865600000,,300,200,0.5253164066154536,-13.022201181330466,-18.118891986428196,2.8933830670264133,6.899580480265554,-5.55252256075032,-12.698906591558362,3.280707742716187,JAKARTA SELATAN,1,0.8622287658999299,0,0.3659934611732063,5222.99483232306,5012.147033168477,4760.092526326834,153.2118671831431,35.334236596150056,-50.3409925371534,41.9292450798364,104.38573559819241,53,21.567377084791573,11,30.706955530216256,-0.27658911781127865,-10.525655644242129,6.25693538958769,6.43773180352064,1.0,13.100000381469727,4.205684312262146,0.0,8.918244361877441,-0.009590125303173595,-4.350969314575195,3.136067915390043,3.2058939056958504,144684.68446,145239.70417415223,26.216163635253906,5.66243023125832,0.0,22.310818672180176,1.7283496525541353,-4.032994270324707,5.457381854302734,5.4402507059988245,23.76358659826042,13.956991341348347,9.756045788507924,9.823832515077912,0.3001051002403941,-3.7114895960787244,3.5244869637003373,3.621001654604915,338.5433349609375,39.46635063252596,0.008498139679431915,302.95679473876953,8.491416020654967,-40.192685154266655,107.75817786523129,110.33044739908709,1,0.08853274118413747,0,0.31948553318915673,"{""type"":""MultiPoint"",""coordinates"":[]}"
0000000000000000010d,10,JAGAKARSA,LENTENG AGUNG,3174091004,3.174091004E12,Sangat Tinggi,Lenteng Agung 04,,1 jam,200 m,538,luapan kali dari kali ciliwung,004,5,2020,1577865600000,500 m,500,0,-6.127598874664809,-13.317518283856009,-17.02395657345688,1.7882787801204678,1.549380177534801,-5.36111009587289,-12.415185757102808,2.2813441217388313,JAKARTA SELATAN,1,0.9148442071386776,0,0.3191176974288566,932.2891972324262,480.5627934041166,92.76624232772798,35.82655152299094,-89.63436690731578,-254.84041281094227,66.5268351142611,233.3141628615954,61,47.32562902282038,33,9.59749144811785,-1.489906857552141,-14.598631698974529,5.05034635728205,5.804201905789007,0.9932563349939879,13.200000762939453,5.002675477421861,0.0,6.5169901847839355,-1.0373251820740605,-7.6189284324646,4.020523743503716,3.96852291657042,190747.908426,191556.89840595095,14.729968070983887,4.007395924287513,0.0,9.991739511489868,-0.06925411854264082,-4.548247814178467,2.4743077808251357,2.4847026179535465,23.59035736624123,13.789365290044215,10.466435115809245,9.351572689046893,-0.11656097523415755,-3.124802055067036,3.451569269597627,3.477843829761796,284.6748352050781,6.731185678575533,0.008496780879795551,241.9317626953125,-11.709409066700129,-45.77143181487918,42.2868121169503,43.24444821517406,1,0.08358323581041546,0,0.30929478706587094,"{""type"":""MultiPoint"",""coordinates"":[]}"
0000000000000000054f,994,JATINEGARA,KAMPUNG MELAYU,3175031001,3.175031001E12,Sangat Tinggi,Kampung Melayu 03,,< 24 JAM,6000,2485,BANJIR KIRIMAN DAN CURAH HUJAN TINGGI,003,5,2020,1577865600000,30 s.d. 150 cm,150,30,-2.5615130676975033,-11.440631361791226,-18.738451419249216,3.7680029746572385,5.4002546327731,-5.325704411364248,-14.34621891645758,4.1715196328500355,JAKARTA TIMUR,1,0.9551529169879208,0,0.22329687826943623,4049.966334915201,3940.0198866052456,3777.3065187347443,188.05692937426375,68.5684512904767,-58.11891107781548,70.68661149538703,73.02994641942853,20,12.533603186841422,7,3.2223489167613693,-3.260336985008235,-8.618015963512265,2.0047194701027107,2.206110878391255,1.0,4.59999942779541,1.8178873084192566,0.0,2.068756580352783,-0.7752717220516689,-2.9192702770233154,1.5012940852407932,1.4469782592431568,54360.194133,54567.08627664517,8.516953468322754,2.6496358837054395,0.0,5.749602317810059,-0.01446906872624082,-2.7582781314849854,1.5606760109840008,1.573211677363757,26.555271092959725,14.391436303147707,11.639565030163812,12.242471695631508,0.21129950736696773,-2.730373275380133,3.573024653817692,3.6099535942563796,341.0418701171875,38.04155224989809,0.008498522453010082,293.591007232666,-3.946148902515176,-51.72033051215112,110.4876380195881,113.25488777645455,0,0.0,0,0.0,"{""type"":""MultiPoint"",""coordinates"":[]}"
00000000000000000550,252,JATINEGARA,KAMPUNG MELAYU,3175031001,3.175031001E12,Sangat Tinggi,Kampung Melayu 05,,< 24 JAM,5000,2486,BANJIR KIRIMAN DAN CURAH HUJAN TINGGI,005,5,2020,1577865600000,30 s.d. 300 cm,300,30,0.5961496471873997,-9.127059547676787,-14.931209203742736,2.8507638162973317,2.8327818819683452,-3.5453579423410333,-9.060767957398168,2.3642802562387795,JAKARTA TIMUR,1,0.9944569008470353,0,0.10425091187368303,3759.0364889192397,3573.804189755425,3403.396085266404,56.591652520107345,1.4354725657775034,-52.62007435822761,27.271259721545537,95.00973690868538,19,16.30051071250623,10,4.895096921322445,1.7559682786413906,-4.033067274800709,2.248747688855966,2.2018643778209044,1.0,4.59999942779541,3.5596290187094426,0.0,2.8214361667633057,1.527795505816211,-2.824857473373413,1.5617210143650269,1.3531341735146478,55971.8570924,56246.55807161458,6.204805374145508,2.3324325493929936,0.0,3.8389391899108887,-0.3117064460183948,-2.774946689605713,1.45367043073493,1.379579664092063,23.42230584493582,13.104881500017205,11.48669302887532,8.735620860487598,-1.4708442013775738,-3.18771851983783,2.8416744172600246,2.8753261840199413,341.32232666015625,14.20954722396908,0.008498601615428925,285.9780502319336,-35.58136614523869,-57.30620300397277,89.61017090112631,90.94226005446954,1,0.005543099152964624,0,0.10425091187368284,"{""type"":""MultiPoint"",""coordinates"":[]}"
00000000000000000551,1424,JATINEGARA,KAMPUNG MELAYU,3175031001,3.17503100101E12,Sangat Tinggi,Kampung Melayu 07,,< 24 JAM,6000,2487,"PENYEMPITAN SUNGAI, BANJIR KIRIMAN DAN CURAH HUJAN TINGGI",007,5,2020,1577865600000,30 s.d. 200 cm,200,30,-10.229935671945999,-13.203132340658684,-15.85285702570387,1.282577347323243,3.922028299204859,-3.7731329457162817,-8.939576657775174,2.29602737340257,JAKARTA TIMUR,1,0.9802458758011979,0,0.19230769230769215,3466.0328473612344,3337.6848554794788,3198.7543709788697,38.72901963840877,-4.7537634454553,-44.54259806881646,25.136188622846397,67.7050095924681,16,12.11495219081644,9,1.9338654503988337,-1.7960695432014155,-4.805017103763099,1.7248148238952736,1.8504557250938336,1.0,3.0,1.270516019490282,0.0,0.6799314022064209,-1.2535929650810447,-2.995781183242798,1.297853403830115,1.2809295323822525,33175.3546128,33336.0404677326,4.745297431945801,2.1994764243177323,0.0,2.1165294647216797,-0.34312805947078007,-2.657456398010254,1.1254173317305243,1.1323121871367212,26.5567899929664,16.50691847338436,11.536443929204722,11.959599345797216,1.879871441569513,-3.0855734182943984,4.96997091002568,4.984927519846279,341.5602722167969,90.98783977253883,0.008498601615428925,289.97563552856445,36.064214070599235,-56.1646237866953,155.2097713300543,154.59070204532617,1,0.019754124198802146,0,0.19230769230769232,"{""type"":""MultiPoint"",""coordinates"":[]}"
000000000000000005d7,897,JATINEGARA,KAMPUNG MELAYU,3175031001,3.17503100101E12,Sangat Tinggi,Kampung Melayu 08,,< 24 JAM,7000,2706,"PENYEMPITAN SUNGAI, BANJIR KIRIMAN DAN CURAH HUJAN TINGGI",008,5,2020,1577865600000,30 s.d. 250 cm,250,30,-1.9545649053654428,-12.63211646797026,-16.327314559272963,2.313756027661519,4.415162819008419,-2.4485577420195392,-9.650170218193097,2.7621012936179334,JAKARTA TIMUR,1,0.9434100930916218,0,0.24384589675773363,3496.9305243137433,3366.039495893435,3257.4030848734587,42.739021044593756,0.5812009545332059,-42.77954414160149,24.04914232703563,72.2088337389364,16,12.130491589090315,10,1.9327251995436274,-2.2505525737958094,-4.725199543899921,1.5682211093687253,1.4238015607358177,1.0,3.0,1.1964315222541277,0.0,0.26134538650512695,-1.7856183402701453,-3.176738977432251,1.336546568657139,1.294485103155781,42785.0286645,42922.103629905374,4.719669342041016,1.9247768359374673,0.0,2.4131617546081543,-0.33513450510124554,-2.2623908519744873,1.0545611829337012,1.0661045360191932,26.556541129037882,18.510127348934752,11.561718222039593,12.053925075613106,3.936796455769881,-3.0470471364192804,5.306118439615439,5.283789523460811,341.47528076171875,184.26144326047705,0.00849859043955803,296.99094009399414,132.43543964147506,-56.146947022527456,169.73219430834794,168.94567898833435,1,0.05658990690837826,0,0.24384589675773358,"{""type"":""MultiPoint"",""coordinates"":[]}"
000000000000000005d8,986,JATINEGARA,KAMPUNG MELAYU,3175031001,3.175031001E12,Sangat Tinggi,Kampung Melayu 04,,< 24 JAM,5000,2709,BANJIR KIRIMAN DAN CURAH HUJAN TINGGI,004,5,2020,1577865600000,30 s.d. 300 cm,300,30,-3.6795370698708862,-9.928949551583653,-18.738451419249216,3.097313716971693,1.9551594996509043,-3.9306762081526188,-12.795230824322559,3.062534118575136,JAKARTA TIMUR,1,0.9863295173397073,0,0.15612494995995987,3990.0269515220684,3735.057745799942,3520.231388768886,163.70665183372557,25.706185115248513,-52.06496601914478,49.70782941966612,112.9507032876827,20,14.980081351952025,10,4.303306727479779,0.019598046631015758,-5.15507411630586,2.179688554348686,2.149353908090105,1.0,4.59999942779541,2.9964732762657187,0.0,2.7109458446502686,0.8476290587594673,-2.6191561222076416,1.583364632347307,1.3979110947946745,83125.9077067,83457.7586258516,6.670129299163818,3.0565876553917124,0.0,3.984236717224121,0.438427986054219,-2.7037007808685303,1.541226663762936,1.5186947942762001,23.765564519804272,13.653585085911034,11.312061079782705,9.32531000127917,-0.7822786059840826,-3.290141999303522,3.3638680129674365,3.4245798282100455,341.2628173828125,24.39467181546723,0.00849859043955803,295.255672454834,-19.95985959437349,-58.40844616293907,109.43823607759892,112.84328171508676,1,0.01069316895206944,0,0.09090593428863095,"{""type"":""MultiPoint"",""coordinates"":[]}"
000000000000000005e2,166,JATINEGARA,KAMPUNG MELAYU,3175031001,3.17503100101E12,Sangat Tinggi,Kampung Melayu 06,,< 24 JAM,2000,2725,BANJIR KIRIMAN DAN CURAH HUJAN TINGGI,006,5,2020,1577865600000,30 s.d. 175 cm,175,30,-3.315473289445706,-10.047253760274062,-15.151893390008835,2.272617045054325,6.095471824166129,-4.053743235657346,-10.181486113118128,2.964771750039174,JAKARTA TIMUR,1,0.9889051094890511,0,0.14986672195868136,3712.968124883651,3517.1794740978917,3352.4441657665852,54.961008752437465,-1.8692271629710973,-52.852370467203855,26.61825575875422,85.18578262133116,19,15.331503649635035,10,4.730900798175361,0.47304277189131144,-4.719498289623994,2.1859237227592923,2.0837276677930405,1.0,4.500000953674316,1.4136995836244013,0.0,2.7328401803970337,-0.6598726965145473,-2.2610034942626953,1.1983814158222414,1.1394732270259913,59768.4815363,59990.10098731746,6.685102939605713,2.2664080880053725,0.0,3.935861587524414,-0.47678621041165653,-2.8257558345794678,1.2583402192899986,1.2497492213779553,17.81883290073414,14.034212544905401,11.536443929204722,4.057886124909565,-0.200483467919696,-3.0001824137338797,2.19919498117523,2.1002636370382457,1.2747806310653687,0.342076457850635,0.008498619310557842,-11.866912841796875,-39.389787767662234,-55.41526845190674,13.47427431014635,0.5427117296677315,1,0.011094890510948906,0,0.1498667219586816,"{""type"":""MultiPoint"",""coordinates"":[]}"
00000000000000000510,103,JATINEGARA,BIDARA CINA,3175031002,3.175031002E12,Sangat Tinggi,Bidara Cina 01,,48,200,2370,Luapan Kali Ciliwung,001,5,2020,1577865600000,200,200,0,-4.610104215067432,-11.877242793956619,-18.41057345155148,2.6271149788744355,7.41385862496689,-5.341801209857738,-12.785991492531267,3.362184279115274,JAKARTA TIMUR,1,0.9206250353847025,0,0.30149231157300527,4503.703138716528,4323.823091006169,4142.404854298993,191.82408408016,77.92387840825197,-37.89265522883579,57.1968394519814,91.65149747333932,25,18.82726603634717,10,6.513112884834289,0.4916206119495409,-7.955530216648011,3.348138706476322,3.5411267043228896,1.0,5.699999809265137,3.2028135662945973,0.0,3.2970352172851562,0.43851799742994496,-3.001596212387085,2.180555013668522,2.051390501275624,61651.6224002,61857.59539838926,7.645296096801758,3.6450853336642313,0.0,4.760441541671753,0.7851239089037685,-2.8683226108551025,1.700966662400531,1.7061502751174749,26.55225130612926,13.81933634073193,11.061034706775999,12.575225826544354,-0.1305083776667944,-2.8656740329992374,3.9821315778866135,4.0145480397305615,340.3619689941406,50.50295602546185,0.00849843304604292,301.99063873291016,12.863917857779304,-41.911904068663716,128.97693590258277,130.65240901652996,1,0.037819170016418505,0,0.18047616184504506,"{""type"":""MultiPoint"",""coordinates"":[]}"
00000000000000000511,250,JATINEGARA,BIDARA CINA,3175031002,3.175031002E12,Sangat Tinggi,Bidara Cina 02,,48,1000,2371,Luapan Kali Ciliwung,002,5,2020,1577865600000,150,150,0,0.5064281361742862,-11.104271290922032,-16.15521485405918,2.7064832461590784,3.974447666412925,-3.888480870122002,-9.885053544021439,2.638715341844607,JAKARTA TIMUR,1,0.8954138051449188,0,0.33906619950530814,4583.25324652654,4397.372757950451,4195.0449745402975,118.43424702748325,34.33638802295445,-52.95888719397135,44.09358132239364,88.76349643480903,20,16.145501105808396,9,0.8574686431011251,-2.5976657176303695,-9.084378563284247,2.03930724616084,2.2696697521574243,1.0,5.699999809265137,2.301961022058308,0.0,3.2350056171417236,-0.5240947166736379,-3.1055872440338135,1.6540487498193226,1.5077464082436418,59909.4632616,60161.04339966097,4.9861650466918945,2.420523510255659,0.0,2.1843743324279785,-0.26317795491887397,-2.6531102657318115,1.173932539086573,1.21046724512293,23.76774523946289,15.433610002624718,12.251048935566322,9.739186628158658,1.4697936015154485,-1.7096715544141325,3.541330908779944,3.5681658749171703,339.988037109375,60.99951168633317,0.008498397655785084,301.9776954650879,25.762130808347813,-38.378641322255135,132.6630794188791,134.08835119455617,1,7.566057502037014E-4,0,0.10910102576069176,"{""type"":""MultiPoint"",""coordinates"":[]}"
00000000000000000512,340,JATINEGARA,BIDARA CINA,3175031002,3.175031002E12,Sangat Tinggi,Bidara Cina 03,,48,1000,2372,"Luapan Kali Ciliwung , Pompa besar tidak berfungsi",003,5,2020,1577865600000,150,150,0,-5.63180291234735,-12.390657874232089,-17.02118287668742,2.105565610966719,5.3823311918158705,-3.7470738908711945,-10.63471847091812,2.6692519265694585,JAKARTA TIMUR,1,0.9532092669958219,0,0.23368863038546517,4768.22095132273,4559.524907673426,4361.000152658897,179.56840467306847,65.96187961057564,-47.49693651454436,56.65957329401612,100.43118732806677,24,17.27459172047094,14,4.808437856328052,-1.7910846500931736,-4.681870011402889,2.228273511756592,2.2289647762930374,1.0,5.199999809265137,2.833839585216969,0.0,2.278449058532715,-0.14263803186499924,-3.14412784576416,1.931703804022269,1.886279636884681,46137.5043874,46307.32221487623,6.549186706542969,2.5819962205698492,0.0,3.8431150913238525,-0.05226447439175614,-2.6531102657318115,1.493000853793425,1.5016411785356083,23.76112285406509,14.617600584403334,11.212148722632405,9.848297214078258,0.6488808595529593,-2.7397371745549535,3.693551930673879,3.6759995109440022,339.69061279296875,51.82559737089476,0.008498361334204674,302.7735176086426,14.959114285097293,-38.359997558407485,119.33904105843757,119.53620197085029,0,0.0,0,0.0,"{""type"":""MultiPoint"",""coordinates"":[]}"
00000000000000000516,1518,JATINEGARA,BIDARA CINA,3175031002,3.17503100201E12,Sangat Tinggi,Bidara Cina 07,,48,2200,2376,Luapan Kali Ciliwung,007,5,2020,1577865600000,500,500,0,-6.601778789623355,-12.05184350617931,-15.270064275002465,1.5808247151519335,0.8117395866018502,-3.595093030397694,-9.177006653942975,1.9788489301944288,JAKARTA TIMUR,1,0.8863269831670193,0,0.35067325122623083,5352.379055826938,5205.3274368179,4961.910128403266,260.47462579499097,164.11835317377012,38.21984660558792,49.90588393900953,103.35427940143691,24,18.423420018143332,14,2.8415051311284607,-2.5831163109894955,-6.850627137970797,1.9993710775789104,2.346488696855531,1.0,6.100000381469727,1.3308336273122603,0.0,3.2724061012268066,-1.403307444223076,-3.063854217529297,1.4730035628586018,1.3432288459653905,138400.394183,139000.70166294888,7.958510398864746,2.125437837008831,0.0,4.902036428451538,-0.828682884199943,-3.2205042839050293,1.4076359611063523,1.4031440292159714,26.54869585032876,15.559838879155736,11.541832969172352,12.553015956403835,1.7172260902643026,-2.3281539375752534,4.156649026451551,4.2573273308727515,338.9512634277344,84.4610068809858,0.008498204872012138,300.61133193969727,52.43700521555143,-39.826833583414555,139.6765997655925,143.83536903924062,1,0.08985989315593185,0,0.3285254846778865,"{""type"":""MultiPoint"",""coordinates"":[]}"
0000000000000000051a,427,JATINEGARA,BIDARA CINA,3175031002,3.17503100201E12,Sangat Tinggi,Bidara Cina 11,,24,400,2380,Luapan Kali Ciliwung,011,5,2020,1577865600000,150,150,0,-4.9842244929686075,-12.791625085330413,-18.151912294520514,2.0907476652461066,11.931783380602077,-3.372821968685177,-12.121482545664419,3.6724922313256623,JAKARTA TIMUR,1,0.8458196965188931,0,0.38375973197681446,5313.65165615001,5033.620850313744,4690.890864729903,207.56434576807624,45.93862521820842,-59.04059811805837,59.46590906060715,136.2820582438207,36,22.02719428741446,14,15.319270239452305,0.9847743998468919,-6.850627137970797,3.883657146490039,3.774501131504741,1.0,8.600000381469727,3.306829755972813,0.0,5.716989994049072,0.7114622003724973,-3.2363741397857666,2.381182948173423,2.3790449701123397,175819.809303,176543.0107331362,17.855907440185547,3.998313142111717,0.0,13.812442302703857,0.6075888118998793,-3.5822019577026367,2.65397996063383,2.7861620222751093,26.54869585032876,13.591675463124925,10.443214101681859,12.553015956403835,-0.3464746336494808,-3.6036274625222617,3.378745737201467,3.36516753182034,338.8067932128906,32.25686454231739,0.008498162031173706,299.15838623046875,-0.36736024281043567,-41.76865103561431,107.24021674526081,109.88136603267276,1,0.10984825944659322,0,0.3390103898337393,"{""type"":""MultiPoint"",""coordinates"":[]}"
0000000000000000051c,100,JATINEGARA,BIDARA CINA,3175031002,3.17503100201E12,Sangat Tinggi,Bidara Cina 13,,48,200,2382,Luapan Kali Ciliwung,013,5,2020,1577865600000,150,150,0,-6.575653275981676,-10.95055204632345,-17.718583903850686,2.802309629305824,0.9054558327979055,-5.260599267071367,-12.241218078734157,3.0285514190093865,JAKARTA TIMUR,1,0.7254740313272876,0,0.4714045207910316,4425.6401038404565,4329.935587702622,4195.0449745402975,97.78296153777319,38.87471836554367,-35.63894985408933,36.898038013896965,73.68190389942285,21,15.887056883759278,12,2.1174458380839916,-2.593753436968368,-6.109464082098409,2.622783604668195,2.884000748519378,1.0,5.699999809265137,2.4210633311700147,0.0,3.263511896133423,-0.3235935683301531,-2.9870011806488037,1.923380913258327,1.758916231228472,8463.28600724,8507.012878956535,5.400617599487305,3.0582759944938567,1.3153373003005981,2.6474647521972656,0.27198702706252853,-1.4231749773025513,1.0472483226698128,1.0542421995826523,13.920208925725452,12.911776744807012,11.40638301210173,-0.07152634124444468,-1.0134366538792308,-2.5721836300765695,0.4922477186435589,0.4953311500595287,0.025495335459709167,0.021466803512407772,0.00849843304604292,-31.831316706724465,-35.21645536570044,-38.378641322255135,1.9312028561951422,0.0056366536106284984,1,0.1393239901071723,0,0.3499271061118826,"{""type"":""MultiPoint"",""coordinates"":[]}"
0000000000000000051d,230,JATINEGARA,BIDARA CINA,3175031002,3.17503100201E12,Sangat Tinggi,Bidara Cina 14,,48,5000,2383,Luapan Kali Ciliwung,014,5,2020,1577865600000,300,300,0,-7.056158764151472,-11.441839813162002,-16.23394228909646,1.8936630221943327,-1.4689810728681505,-4.701051135368087,-10.21799918071722,2.118435260041761,JAKARTA TIMUR,1,0.8329816588216199,0,0.36080121229410994,4824.736501687555,4751.066723148138,4621.58402781297,180.01835868570652,125.74304215674013,18.037293835978744,40.6810852557278,51.36848761958074,21,17.795974679435155,14,1.8050171037624736,-1.4175405782913202,-4.912200684150857,1.8395025068483128,1.8946618668626838,1.0,4.600000381469727,1.6176922427739169,0.0,1.4721782207489014,-1.4946574988718886,-3.2405929565429688,1.3442089476097243,1.3711217564285625,21499.9586683,21576.03163112408,5.624479293823242,2.43643427921607,0.0,2.914350986480713,-0.2720689686392252,-2.7179949283599854,1.204189254026645,1.2019025803980343,23.76659454138057,16.150113989461968,11.66851621807924,9.88348375826811,2.2431888652166077,-2.2522256827172313,4.805650221512113,4.791865957119999,339.5631408691406,115.19280487139007,0.008498361334204674,303.91684341430664,77.46415789226474,-38.348427603021264,157.03337635640506,156.71047779080152,0,0.0,0,0.0,"{""type"":""MultiPoint"",""coordinates"":[]}"
0000000000000000051e,200,JATINEGARA,BIDARA CINA,3175031002,3.17503100202E12,Sangat Tinggi,Bidara Cina 15,,48,200,2384,Luapan Kali Ciliwung,015,5,2020,1577865600000,200,200,0,-8.081730549773084,-11.16864930989012,-15.555162938475302,1.7971441077994548,0.5892796061679033,-3.7034075902529673,-9.573714115307952,2.131927375405724,JAKARTA TIMUR,1,0.9793506493506493,0,0.14903269373413633,4768.22095132273,4591.930842405173,4418.829177362677,180.01835868570652,51.80758439044534,-46.04262735763314,57.45923784696518,92.84603553111361,24,19.267402597402594,14,4.808437856328052,-0.049478890551081386,-4.912200684150857,1.98250529342051,2.042927732204023,1.0,6.499999046325684,4.154597555507313,0.0,3.799656867980957,1.243526571509126,-3.0118587017059326,1.572496806065059,1.5018081652713198,26822.6720948,26943.41414855437,5.9390153884887695,2.4866703630964473,0.0,3.3709566593170166,-0.10731674904173073,-2.5686304569244385,1.3219889370243745,1.3038253215330728,22.960835377078272,13.033560511124065,11.310724280250346,9.075030052521566,-0.949283208714059,-2.7397371745549535,2.802898328143937,2.7834712954310836,339.588623046875,10.463962705176106,0.008498361334204674,303.91212463378906,-25.86413032320207,-38.35310821514577,85.62517811824951,85.58797155084166,0,0.0,0,0.0,"{""type"":""MultiPoint"",""coordinates"":[]}"
0000000000000000051f,68,JATINEGARA,BIDARA CINA,3175031002,3.17503100202E12,Sangat Tinggi,Bidara Cina 16,,48,200,2385,Luapan Kali Ciliwung,016,5,2020,1577865600000,200,200,0,-10.383869669761165,-13.278539056388066,-17.542108130508474,1.6813352505120216,2.284368132616318,-3.8938286338494783,-11.232095635999238,3.2159290964876264,JAKARTA TIMUR,1,0.6782255953938758,0,0.46351240544347894,5030.804923627973,4856.6610087259005,4690.890864729903,106.05086780456531,17.21230741523352,-59.04059811805837,41.435328673343534,97.48861197231986,28,21.816016749542005,18,5.874572405928898,-0.2954601543356463,-4.08323831242917,2.1113670273885874,2.176958728491558,1.0,3.3999996185302734,2.603560218072256,0.9000015258789062,1.3338651657104492,0.5078098287572416,-1.2836928367614746,0.6403872635252812,0.6255792502116417,26654.2642891,26778.08328935867,11.142607688903809,2.5663474039456133,0.0,7.9742231369018555,-0.3415152402299763,-2.8670406341552734,1.9857794669559192,2.0615898201402345,17.341655704300468,13.185520000939803,10.672336545139055,3.97705140197999,-0.18749401562901202,-2.8304813602426613,1.342343898570516,1.3348601903542803,0.09348005801439285,0.022726670716779765,0.008498162031173706,-0.11202626675367355,-2.8792416148357636,-8.243227034807205,2.2067855588685443,0.021734806140248978,1,0.3217744046061241,0,0.46351240544347894,"{""type"":""MultiPoint"",""coordinates"":[]}"
00000000000000000521,53,JATINEGARA,BALI MESTER,3175031003,3.17503100301E12,Sangat Tinggi,Bali Mester 06,Tahun 2020 air meluap ke Jl. Raya Jatinegara Barat,5 Jam,350 m2,2391,Luapan Kali Ciliwung,006,5,2020,1577865600000,"1,6 m",160,0,2.0628353209647905,-11.109117376793485,-19.459606351081685,3.0323756742744634,8.674913863423235,-3.797144145742881,-14.455680385549329,3.5479454619145394,JAKARTA TIMUR,1,0.9583947838236435,0,0.20588221630999573,4019.037897083563,3848.5326396104824,3584.4280636387275,190.06272167194948,103.90662433807839,-29.629390426222017,58.43190183099268,101.75708269463263,28,17.715322518047053,12,10.8973774230328,0.9941864288460991,-4.677309007982064,2.8169542910051835,3.0689272158171694,1.0,4.800000190734863,1.5826262185766604,0.0,2.797719717025757,-0.26583679392500104,-2.2409350872039795,1.4240226085901548,1.4767189319818435,179657.821808,180388.90495753323,9.214407920837402,3.104701824841929,0.0,6.650344133377075,0.4237135789387998,-2.6927225589752197,1.8034684826948773,1.777987674006043,18.03095847461791,12.93044393332542,11.061055701003166,4.699397337566239,-0.5531749438399445,-2.6857999198811555,1.8852565938087515,1.819598021457746,1.1642980575561523,0.14533171605618503,0.00849859043955803,0.953771561384201,-6.787891614493991,-28.974772007204592,8.292684203342786,0.37754722734294327,1,0.03170845300007763,0,0.1870115907307295,"{""type"":""MultiPoint"",""coordinates"":[]}"
00000000000000000455,311,KRAMAT JATI,BALE KAMBANG,3175041005,3.175041005E12,Sangat Tinggi,Bale Kambang 01,,7 - 12,850,2035,Luapan Sungai Ciliwung,001,5,2020,1577865600000,80-250,250,80,-4.01800887070109,-13.254632519124693,-18.367935482865434,1.6559683663812195,6.570441442672736,-4.977176952071552,-12.58166067619261,2.774449009785908,JAKARTA TIMUR,1,0.7652222884781021,0,0.438835758128824,3937.924255178528,3494.33909696669,3194.7163878362667,44.77444935780113,-8.567022267577691,-64.75492340007577,26.133587538379327,174.7267066902615,36,28.080688619448306,14,5.836944127707568,-1.5770787316539328,-15.108323831243336,4.821243940004933,4.827584863276743,1.0,12.600000381469727,6.959713620551255,0.0,6.093726634979248,-0.3478458159756398,-8.111515998840332,4.508150324546701,4.223305605218427,315997.47081,317257.5850927129,18.23781394958496,4.0518853137843776,0.0,14.69093370437622,0.531257085806068,-3.6557044982910156,2.8129570528828,2.8985279338987384,26.52778622098349,14.088904627676056,10.513308425223416,12.516246111655434,0.3996983039255658,-3.1826023814619564,3.765190562046087,3.794044171779251,331.7960205078125,46.57846309733085,0.008497660048305988,298.2890853881836,14.390104561531782,-42.03887313231826,119.90051258625394,121.85692447447754,1,0.22027871640274735,0,0.429635466204854,"{""type"":""MultiPoint"",""coordinates"":[]}"
00000000000000000456,67,KRAMAT JATI,BALE KAMBANG,3175041005,3.175041005E12,Sangat Tinggi,Bale Kambang 02,,7 - 12,300,2036,Luapan Sungai Ciliwung,002,5,2020,1577865600000,80-250,250,80,-6.350317022557912,-13.494643887945118,-18.0239473280433,1.4529644930300236,5.162037108502821,-4.13533368213503,-10.790621417796324,2.4785882953496112,JAKARTA TIMUR,1,0.8912744812924317,0,0.3329155802415108,4283.350023716669,3664.1752391396662,3339.584723798207,38.42038573430227,-5.889922547049128,-55.67604302520658,26.271098845575008,237.87311434817505,41,34.425325163710056,18,7.329532497148811,0.4967928750935709,-14.659064994299278,3.749313763555531,4.263182069246979,1.0,15.80000114440918,6.455650893690229,0.0,9.228279113769531,-0.24183563594156138,-7.411744594573975,4.199607518181778,4.273846377684575,347729.590627,349164.9005844385,12.896014213562012,2.9048432474643526,0.0,9.041305780410767,-0.32398127376471986,-3.9024057388305664,1.9885248834298037,2.098528630939198,26.523757159919768,13.269454390580883,10.603102473849447,12.565813778244099,-0.14029357299249984,-3.430165085261807,2.279889502493647,2.345821118263532,330.4618835449219,13.711383293294054,0.008497517555952072,290.8911361694336,-5.697101725682731,-45.973676327615976,63.901847924324926,66.476779711553,1,0.10469419067579903,0,0.32527380252930294,"{""type"":""MultiPoint"",""coordinates"":[]}"
00000000000000000458,492,KRAMAT JATI,BALE KAMBANG,3175041005,3.175041005E12,Sangat Tinggi,Bale Kambang 05,,12 - 24,1000,2039,Luapan Sungai Ciliwung,005,5,2020,1577865600000,100-250,250,100,-3.381119173110452,-13.676713894315661,-18.148838888930094,1.7190490153397453,5.162037108502821,-6.557586316762099,-12.716736195029213,2.5195542598799125,JAKARTA TIMUR,1,0.5445736273739094,0,0.4983946961145444,4206.312360166264,3881.4934229123023,3442.3651404797974,204.90570221957705,39.015236797595406,-54.89732808657254,61.59713227155354,178.24136141756964,41,29.187281228019362,17,8.766248574685875,-3.093136391864498,-16.137970353478316,4.907224046689441,5.041472204609305,1.0,16.399999618530273,6.138128536126039,0.0,8.626795768737793,-1.137003566075568,-8.608665466308594,4.977447693653079,5.036590721198656,421450.969844,423193.40427078016,16.297557830810547,5.235873936845757,0.0,11.908825397491455,1.0654646201756,-4.140499114990234,2.7734727567369273,2.7527922191170133,23.737287176858604,14.51801094578688,10.40832122201483,9.880868194712134,0.6016315911022282,-3.5816121165154975,4.448700409414818,4.444717927531001,329.7310791015625,76.18683905230083,0.008497367613017559,292.35748291015625,32.978505221684195,-54.28731656074524,143.15348590373327,143.09040513475495,1,0.4485828954445782,0,0.4972929221875356,"{""type"":""MultiPoint"",""coordinates"":[]}"
000000000000000004af,329,KRAMAT JATI,CILILITAN,3175041006,3.175041006E12,Sangat Tinggi,Cililitan 05,,48 Jam,5000,2196,Luapan kali Ciliwung dan Kali Item,005,5,2020,1577865600000,100 - 300 Cm,300,100,-4.08868298262307,-12.877050288678971,-16.032935544767327,1.6610538836023654,5.067408594436141,-4.159401398490852,-9.63668310202657,2.341612746338483,JAKARTA TIMUR,1,0.9780049698260561,0,0.14517078291797464,3321.497865031356,3078.458687491202,2675.787546757929,45.94675167239575,-4.996963082552293,-65.66553452878816,26.016431116478934,134.5004728971256,35,29.256187433439848,19,7.492588369440792,0.8927911130859543,-9.183580387685744,3.3931628084757173,3.463943096407327,1.0,12.600000381469727,6.523861150826216,0.0,7.862486362457275,1.3699917074243446,-3.867617130279541,3.130937589068083,4.052066509527882,245560.266995,246586.5728786126,8.536334037780762,2.8641723164058055,0.0,5.603570461273193,-0.06187288497668195,-3.038339614868164,1.6432323941262608,1.6562492788430287,17.90122383468737,13.094274258094298,10.946278005418602,4.889782368066944,-0.3404126147549988,-2.6448850979133613,1.4867480635658463,1.4221744391822344,2.243385076522827,0.05195526017401769,0.008497760631144047,1.94854336977005,-3.211749252847784,-21.25476777739823,5.78145812699275,0.25106918400651723,1,0.02199503017394392,0,0.14517078291797475,"{""type"":""MultiPoint"",""coordinates"":[]}"
000000000000000004b0,529,KRAMAT JATI,CILILITAN,3175041006,3.17504100601E12,Sangat Tinggi,Cililitan 06,,50 jam,8400,2197,luapan kali ciliwung krn air kiriman dari bogor,006,5,2020,1577865600000,250 cm,250,0,-4.745975653731223,-13.514680583931913,-18.61694731516192,1.5609477196385702,2.595502700412654,-4.827103962849495,-12.080441893929144,2.5426387727288198,JAKARTA TIMUR,1,0.7417460294096003,0,0.4521661132064003,4091.1911183486804,3521.999240338099,3151.3226391168187,53.71291941386244,-7.970870598280167,-71.12451863545039,27.101141107527997,230.14384709702009,33,23.70600703593035,15,5.5005701254270996,-1.9919926820662577,-12.193842645382386,2.918504442889902,3.1552138445937334,1.0,11.80000114440918,3.6668099672440575,0.0,5.531358242034912,-0.9576646954008495,-4.915849208831787,2.61635811002579,2.9575702871481497,236935.268854,237910.0712017401,11.51754379272461,3.264682258843468,0.0,8.342158079147339,0.07941896298008275,-3.271857500076294,1.8622018675544552,1.8378118080887889,23.74695620987108,14.119524502100393,11.139912576976364,9.446567655335608,0.014522768806294476,-2.7669734817349365,3.1451812693497714,3.1970357369932647,332.95172119140625,30.22951672555196,0.00849779974669218,292.4740676879883,-2.0487478140703126,-44.94423175603151,92.68492729681219,95.8848828182333,1,0.24160619397382885,0,0.4414629935316682,"{""type"":""MultiPoint"",""coordinates"":[]}"
000000000000000004b1,901,KRAMAT JATI,CILILITAN,3175041006,3.17504100601E12,Sangat Tinggi,Cililitan 07,,34 jam,3 ha,2198,meluapnya kali ciliwung,007,5,2020,1577865600000,500 cm,500,0,-6.2593101611741755,-12.762119633472379,-18.1129886702212,2.0372145997315996,7.640719804761,-4.933335923262013,-11.412027763842783,2.794015134127375,JAKARTA TIMUR,1,0.8888273550878987,0,0.3392675929394975,3870.698557220822,3538.6959608869984,3083.6927807006746,45.04338955152434,-7.78739974271763,-71.12451863545039,26.26222026987988,157.06304771089853,30,22.88940955951265,14,5.922462941846746,-1.8338535236041762,-10.590649942987827,3.078667404282906,3.2095441423331574,1.0,7.5,2.393781629783768,0.0,3.9915623664855957,-1.360491528083382,-5.17194938659668,2.2752889557681977,2.210519282187306,245531.438668,246518.01572725267,9.131183624267578,3.3704342175711934,0.0,5.973236560821533,0.18830775885099055,-3.4817540645599365,1.8960973594070938,1.8695739314535056,26.539447959181874,14.436868515553519,11.079367398330849,12.38259513846216,0.34917998992956367,-3.2370536984260365,3.617734756087142,3.6704916342445615,335.7984619140625,37.123105796751595,0.00849785003811121,295.65922927856445,3.3407828160479496,-48.3268533423543,107.8524856894871,111.377602571961,1,0.10755161739229215,0,0.33589550272624175,"{""type"":""MultiPoint"",""coordinates"":[]}"
000000000000000004b3,516,KRAMAT JATI,CILILITAN,3175041006,3.17504100602E12,Sangat Tinggi,Cililitan 16,,,4.6 ha,2206,Saluran air tdk menampung dan luapan kali ciliwung krn air kiriman dari Bogor,016,5,2020,1577865600000,250 Cm,250,0,-9.477243610620063,-13.555524045992248,-17.10645940252087,1.1299538761866499,4.589280803753526,-4.505651215327012,-12.080441893929144,2.8066972474345264,JAKARTA TIMUR,1,0.6787264833574527,0,0.46787632899722714,3993.260798022001,3591.235715698197,3216.1937146508,45.02791170396631,-11.133885491243518,-63.50482299775467,25.656185997719014,201.52757706138087,33,25.41180254060137,18,5.5119726339789565,-1.2163847130378846,-9.204104903079156,2.9872491918593607,3.3558018913324075,1.0,11.80000114440918,5.107600544009041,0.0,5.247777938842773,-0.8556992279528376,-6.6903076171875,3.1376309921536762,3.5744188298305897,151823.974201,152464.40812869396,7.943521976470947,2.8424808827274166,0.0,4.968549966812134,-0.41024146625390057,-3.5747385025024414,1.5719952354715339,1.5823253236002959,26.52870777293326,14.586715373059567,11.060953425387398,12.505366547308387,0.5169799125167748,-3.0216244715030545,3.8288721611646617,3.8391624223035965,332.3738708496094,52.98418943676588,0.008497778326272964,297.20842361450195,14.401966602099987,-43.2451795572415,121.10864099344894,121.52491374029546,1,0.3072611582018238,0,0.45804642767665926,"{""type"":""MultiPoint"",""coordinates"":[]}"
00000000000000000577,151,KRAMAT JATI,CAWANG,3175041007,3.175041007E12,Sangat Tinggi,Cawang 01,RW 001,20 Jam s.d 36 Jam,± 500 M,2534,Luapan Sungai Ciliwung,001,5,2020,1577865600000,270 cm,270,0,-2.130595178506348,-12.996337677804998,-18.249409271304273,2.9389550269324225,8.560432404660636,-5.588114964941726,-13.698364512550382,3.6873820352065945,JAKARTA TIMUR,1,0.7437155119558556,0,0.4389966322998829,5028.238404496413,4748.821766918604,4439.230607744934,49.333121127611776,-8.606326714718968,-64.17665145885258,26.96158809338363,130.08969727762636,29,19.490950791379984,13,8.049030786772718,-2.150945422721933,-9.522234891676586,4.1452220256512415,4.035772522133488,1.0,7.0,2.174743951589196,0.0,4.0961222648620605,-0.5390551318984148,-3.530444622039795,2.355763813615439,2.2935313337570085,153653.893305,154257.88312220626,12.325596809387207,4.137899145208194,0.0,9.044904470443726,0.6488837226563776,-3.2173301577568054,2.424880103393506,2.362765248164802,23.76358659826042,13.79706756771357,10.568559381994694,9.823832515077912,-0.09568825171783417,-3.3973362494553427,3.000735584483577,2.9793324577313305,338.5433349609375,15.912448468540052,0.008498118259012699,299.10930252075195,-12.107447256907724,-41.76179220993072,70.38479546645279,71.86557691353944,1,0.18720621295728596,0,0.40281572248105735,"{""type"":""MultiPoint"",""coordinates"":[]}"
00000000000000000578,119,KRAMAT JATI,CAWANG,3175041007,3.175041007E12,Sangat Tinggi,Cawang 02,RW 002,24 Jam s.d 48 Jam,± 900 M,2535,Luapan Sungai Ciliwung,002,5,2020,1577865600000,400 cm,400,0,-5.955858344187908,-12.657427086483743,-16.73885889605713,1.7093830111212585,0.9964845009772344,-5.175121023968387,-10.498597597034845,2.2115125245771736,JAKARTA TIMUR,1,0.605355533418718,0,0.48737477273829644,4916.610843369583,4582.668224194056,4234.8577061483975,53.097591931807074,0.28579257800061497,-50.51468420132005,25.67538050901748,155.1677292853704,32,21.423153550590577,11,9.787913340934576,-0.33652580314543173,-10.525655644242129,4.712118228094654,4.9638052747026045,1.0,7.899999618530273,2.804508746662738,0.0,5.010148048400879,-0.3009492637344206,-4.164651870727539,2.787277848531414,2.5252252388943104,146894.345195,147547.28461279688,9.597299575805664,3.3170802802176826,0.0,6.358140707015991,-0.03827552729588034,-3.8723387718200684,2.037284208217149,1.9420274780487319,26.5430362981752,14.692737507920361,11.214967978632298,12.64763928668367,0.7205995410191548,-2.832830371415305,3.946321798382381,3.9420739425051408,338.4923400878906,57.02372409711064,0.008498072624206543,301.0420799255371,26.110492019155107,-38.2234926847741,119.33622412819025,122.1310838250284,1,0.36397704093733674,0,0.4797727806060519,"{""type"":""MultiPoint"",""coordinates"":[]}"
00000000000000000579,195,KRAMAT JATI,CAWANG,3175041007,3.175041007E12,Sangat Tinggi,Cawang 03,RW 003,24 Jam s.d 48 Jam,± 800 M,2536,Luapan Sungai Ciliwung,003,5,2020,1577865600000,470 cm,470,0,-1.2795931193464436,-11.015546512392472,-15.92877419856923,2.898667737449784,13.044103486974322,-2.146236406224635,-8.610746698692985,4.317364984729745,JAKARTA TIMUR,1,0.9215686274509804,0,0.2910731121943447,4145.519835203624,3965.458477279951,3753.3088663802037,53.14433909090076,4.145474357490791,-56.52592247429311,25.60991565576827,86.17903061223605,29,24.630502200880354,17,5.395667046749917,0.5750877888209655,-7.263397947548853,3.2316641463132445,3.2564696049112345,1.0,9.5,6.193427172790961,0.0,4.965906620025635,1.4285795515229485,-5.462941646575928,3.6925433098198104,3.427862999083833,69739.5280761,70018.33072710376,6.567941188812256,2.771446400756191,0.0,3.128308057785034,-0.3910373374342728,-3.123502492904663,1.3981447374431564,1.516438312102995,22.950107687058907,13.372230605386951,11.219196660632567,8.831380826412776,-0.7789326627720228,-2.851075845993849,3.5179477096085177,3.5088696519941456,336.49530029296875,30.483273608926876,0.008497943170368671,291.60610580444336,-14.956570934695035,-49.81774641107768,115.90736134991539,116.66089127503054,1,0.0784313725490196,0,0.2910731121943446,"{""type"":""MultiPoint"",""coordinates"":[]}"
0000000000000000057a,161,KRAMAT JATI,CAWANG,3175041007,3.175041007E12,Sangat Tinggi,Cawang 05,RW 005,24 Jam s.d 48 Jam,± 400 M,2539,Luapan Sungai Ciliwung,005,5,2020,1577865600000,410 cm,410,0,-4.644090599003173,-12.266999220426626,-18.23637659271321,2.244852201758226,14.205153170846932,-2.907224169010383,-13.905819285013319,3.4426211663691335,JAKARTA TIMUR,1,0.9153301145087593,0,0.2646098363117119,4174.480904747759,3900.150514492758,3551.8690852957257,53.14433909090076,-6.294094383894525,-63.44620291447336,26.76532025021243,127.68673441823783,32,25.492184175962418,14,6.872291904218585,0.8700050533673335,-10.590649942987827,3.190281516802968,3.421691779323577,1.0,9.5,6.067707739256179,0.0,4.965906620025635,1.3385402166607678,-5.17194938659668,2.781369890731069,2.702030066812377,123281.147828,189392.52703269187,7.436324119567871,2.6196322179326663,0.0,4.703158140182495,-0.14830480124442014,-3.130091667175293,1.413104543318933,1.5105900794023654,23.062373789508392,13.761889527261435,11.11211383765157,8.892862744967024,-0.24242056603091153,-2.916431848819556,2.78821079070589,2.810207157759947,336.5632629394531,26.432953583493404,0.008497925475239754,298.9235191345215,-10.168504582168824,-50.204591046087444,91.80419135632062,94.76840688761905,1,0.06580091385019514,0,0.23860629921247914,"{""type"":""MultiPoint"",""coordinates"":[]}"
0000000000000000057b,37,KRAMAT JATI,CAWANG,3175041007,3.17504100701E12,Sangat Tinggi,Cawang 12,RW 012,20 Jam s.d 30 Jam,± 200 M,2545,Luapan Sungai Ciliwung,012,5,2020,1577865600000,230 cm,230,0,5.685254276303004,-11.875175810992447,-16.054180492278476,2.4539872645620155,14.205153170846932,-3.9280203681510946,-10.247790531501531,3.157809733426794,JAKARTA TIMUR,1,0.7911040900451706,0,0.4110888989503812,4534.172513765277,4276.664032222506,4013.6813201368936,38.202028249225805,-9.109268861223825,-56.70813799985717,24.741604993632976,131.7907489579371,30,22.77866363883197,14,7.83580387685247,-0.3024096802300218,-9.420752565564822,3.5799963828950294,3.4766280791578725,1.0,7.899999618530273,4.949506989252302,0.0,4.981071710586548,1.0030693652655565,-4.473431587219238,2.8725158134976914,2.7355655924164313,141436.644407,141979.1300221955,8.51725959777832,2.8772601702393765,0.0,5.6622467041015625,0.017031971119423162,-3.0482420921325684,1.6006991410327436,1.6390657742558667,26.542708236401694,14.200935133597755,11.083805469553548,12.573374906903753,0.19728488436035682,-2.8338585749243137,3.9746254013053988,3.983422451052718,336.80120849609375,56.15165743540323,0.008498021401464939,302.5660400390625,23.01831499746699,-40.33080888539553,128.30094116256305,130.63410617382434,1,0.1966035593513192,0,0.4037952755903493,"{""type"":""MultiPoint"",""coordinates"":[]}"
000000000000000005e8,657,KRAMAT JATI,CAWANG,3175041007,3.17504100701E12,Sangat Tinggi,Cawang 08,RW 008,24 Jam s.d 48 Jam,± 1500 M,2733,Luapan Sungai Ciliwung,008,5,2020,1577865600000,490 cm,490,0,-1.5857424913867826,-13.144865038611266,-18.016060683168174,1.801238406327055,1.304013159316395,-4.374935617645133,-12.173264691333728,2.4187917219274273,JAKARTA TIMUR,1,0.7840779545084413,0,0.45875184373714667,4537.966801051652,4321.411577626683,4075.384783197904,55.64008102425669,-13.030475621334503,-70.13761662229263,27.268656021896998,104.37227275467194,24,19.258075023071495,11,0.511972633979088,-4.485781589935106,-13.441277080958201,2.804619561378791,2.400331147522898,1.0,6.69999885559082,1.5277396879200826,0.0,2.4605464935302734,-2.9389842464483684,-5.033979415893555,1.611748948000817,1.554950312097166,128465.565706,129003.75451024827,9.504671096801758,3.2256579649826307,0.0,5.764387369155884,-0.3763132237691093,-3.6934425830841064,2.0307237421040387,2.0394134900449243,23.75162406207997,14.811958904629805,10.834797101886753,9.754987659103033,0.9842099297346915,-2.9404525868364573,3.5633443189036753,3.6096549109387595,336.49530029296875,54.97155140242216,0.008497979491949081,298.3824043273926,18.14733152484895,-45.6429416872561,120.49785744377243,123.02048703735927,1,0.19502198577710225,0,0.4482158732221166,"{""type"":""MultiPoint"",""coordinates"":[]}"
0000000000000000045a,25 KK,PASAR REBO,GEDONG,3175051001,3.175051001E12,Sangat Tinggi,Gedong 01,,3 jam,800 m2,2050,Luapan Sungai Ciliwung Rt. 010/001 Kel. Gedong,001,5,2020,1577865600000,100 - 200,200,100,5.688535885038992,-11.935347771495158,-20.61642382967833,3.729227671372175,10.343574504462964,-5.225444183356111,-14.031249566183199,3.4834651910646985,JAKARTA TIMUR,1,0.8391717647058822,0,0.3905164832608977,3613.123075758068,3438.7553550775565,3111.4743579302713,191.5247579077104,97.28069486532729,-48.7093855089488,60.95901216749737,116.16010361891794,45,38.773684705882346,24,7.860889395666312,1.8345131236158754,-12.848346636260587,3.9164822100927976,4.042555799584354,1.0,15.299999237060547,8.94176077615177,0.0,8.712769508361816,2.321846371666403,-7.924173831939697,4.571317342510554,4.452006892012119,185225.178124,185950.93304571355,10.515218734741211,2.808370153242,0.0,6.542724132537842,-0.7155673823962494,-3.6549906730651855,1.6975396885035081,1.7964665681408667,23.017510239563595,13.293754896805435,11.02044649326855,8.893199120998887,-0.17996376918037127,-2.901076547255885,2.293370498268222,2.39606551801172,323.0182189941406,16.742315904365032,0.008497227914631367,283.8588409423828,-7.951009528951068,-40.22324181627482,71.97416507312687,74.93471694712416,1,0.13682823529411764,0,0.373285334373018,"{""type"":""MultiPoint"",""coordinates"":[]}"
0000000000000000045b,41 KK,PASAR REBO,GEDONG,3175051001,3.175051001E12,Sangat Tinggi,Gedong 03,,3 jam,1500 m2,2052,"Luapan Sungai Ciliwung Rt. 001/03, Rt. 012/03, Rt. 013/03 Kel. Gedong",003,5,2020,1577865600000,100 - 200,200,100,-3.1889432331960004,-13.090170639748871,-20.460365760713596,2.5307398654096267,5.846204113329804,-6.677019419882169,-15.464268859602859,2.8750034932240314,JAKARTA TIMUR,1,0.5910445465556691,0,0.49219508327491446,3756.7464877996586,3368.9392096740667,2987.3034691983003,185.47487361109825,17.85497454492906,-64.8606775236276,55.504642642384795,211.76583879735279,44,34.078134312575706,19,7.440136830102091,-0.6189909412399742,-12.95553021664821,4.796879135861622,5.432488932340313,1.0,16.100000381469727,4.710814215230114,0.0,11.076510906219482,-0.4527415230134255,-7.297149658203125,4.856937217546891,4.5463803905498175,362983.671871,364425.86317289993,15.540666580200195,4.04961525402867,0.0,11.25806474685669,0.3702238100643488,-4.6018571853637695,2.358623609108137,2.578358973675585,26.50760780654192,13.720813388293294,10.441098165048516,12.70528540016326,0.1920392590745908,-3.4866752706951782,2.9945418584807206,3.1047561978711067,325.1679992675781,34.17459758784715,0.008497260510921478,293.2274646759033,12.193965716130247,-46.681039734743536,93.57685232449371,98.32305920029576,1,0.3784630765385577,0,0.48488761584515644,"{""type"":""MultiPoint"",""coordinates"":[]}"
0000000000000000045c,20 KK,PASAR REBO,GEDONG,3175051001,3.17505100101E12,Sangat Tinggi,Gedong 09,,3 jam,700 m2,2058,Luapan Kali Baru di Rt. 001/009,009,5,2020,1577865600000,100 - 200,200,100,-6.255842666446912,-12.998290764509566,-17.369878108277014,1.689991800714172,2.8664154985030064,-4.771945776008009,-10.311090204836606,2.338539085981044,JAKARTA TIMUR,1,0.9668708093553665,0,0.23648262545110654,3151.3226391168187,2864.5147155592795,2623.82556060524,78.63429884659263,-7.886933651439456,-69.99464116460967,30.567257363481723,131.58322908839088,48,39.478828995301214,30,8.312428734320733,0.5722525393464898,-7.250855188142118,3.3660569795323725,4.022892853426922,1.0,11.100000381469727,3.5576286003246125,0.0,7.512429237365723,0.04732302716614023,-4.303306579589844,3.4061781683690024,3.2613646845347946,132085.623756,132597.37555529948,7.479633808135986,3.1119870091339314,0.0,4.614471435546875,0.25996767477968813,-2.8180325031280518,1.4521328672491083,1.4406322533452305,18.910734815424444,13.642781365489423,11.077837177929789,5.806928890671893,0.4318826889049986,-2.192316869841761,2.43465659071419,2.419641367551604,2.6424989700317383,0.5822199671155299,0.00849720649421215,2.3178838193416595,0.30603812482651727,-0.31528930738568306,1.0277371726472226,1.0482393285682985,1,0.033129190644633336,0,0.23648262545110657,"{""type"":""MultiPoint"",""coordinates"":[]}"
0000000000000000028f,70,GAMBIR,KEBON KELAPA,3171011005,3.171011005E12,Sedang,Kebon Kelapa 03,Batu tulis raya,4 -5 jam,4 m,1323,Curah hujan tinggi,003,3,2020,1577865600000,"± 40 Cm
(Sedengkul Orang dewasa)",40,0,-1.774955893966896,-10.474092147978485,-17.3656911430418,2.8098852080820724,10.119149040155893,-2.384649313099237,-11.930138534822445,3.833522575010217,JAKARTA PUSAT,1,0.9899098545380044,0,0.1045352924222345,1328.210458360942,1080.4737881229428,840.0340520953622,34.29629965409481,-25.848299098056792,-80.61760430941251,28.117093648491956,106.8642354615432,53,6.638368162261833,-1,45.59863169897364,-0.8633030551295391,-8.51653363740036,7.376276051457012,7.3745296746039415,0.5852910635585579,5.300000190734863,1.6105306061216371,0.0,3.0399088859558105,-0.45353599112191634,-2.8800456523895264,1.257524026002465,1.3678590389853256,136325.504674,136806.49055752502,38.78722381591797,6.357122355047442,0.0,33.99537420272827,1.6314031546891559,-4.763809680938721,6.51429206724666,6.538732763773369,22.791161968735132,12.726205548240271,9.26633692942165,9.189325142471434,-0.7557745701276016,-4.260295738147482,2.7897176470396157,2.7483668045809493,363.1382141113281,10.154100688246112,0.00849937740713358,322.0651397705078,-25.321637925104415,-53.03367207199335,81.6350900617545,82.9408255097078,0,0.0,0,0.0,"{""type"":""MultiPoint"",""coordinates"":[]}"
0000000000000000029a,-,SAWAH BESAR,PASAR BARU,3171021001,3.17102100101E12,Sedang,Pasar Baru 07,Sudah dihubungi,5 Jam,200 m,1348,"1. Intensitas hujan tinggi;
2. Meluapnya air sungai ciiwung;
3. Kurangnya resapan air disekitar wilayah;
4. Sempitnya saluran air di sekitar wilayah",007,3,2020,1577865600000,50 cm (Jl. Lause dan jl krekot bunder 4) perbatasan kelurahan),50,0,2.9586749350648236,-8.803687459979624,-17.2069420799559,3.170743677095465,10.609217699795458,-2.7448330785386235,-11.728401750388233,3.5895946535466434,JAKARTA PUSAT,1,1.0,1,0.0,1577.0261195713756,1469.0104538969442,1302.0362575498923,218.01398322161162,124.35034805094162,-2.3117860176864724,51.82545078654221,69.59023333374901,24,9.942187752464047,4,15.655644241733032,1.7026065482344535,-4.3386545039910285,3.610589923728732,3.5853556843766,1.0,3.6000003814697266,2.744611556434848,1.0999999046325684,1.792588710784912,0.7919990061365323,-0.962371826171875,0.7027527710134132,0.684763286378633,107900.807588,108375.05123399913,15.068674087524414,4.505119709166134,0.0,11.131192207336426,0.7642648308491705,-4.073657989501953,3.332274317087591,3.3903718335899327,16.648659309536438,12.164299179931904,10.359933051654611,4.092321869396329,-0.5767932649801746,-2.3519731501483943,1.086886938803846,1.0816159156546095,0.05949627608060837,0.012572739952457395,0.008499441668391228,0.010466858744621277,-0.029608189920317104,-0.04812805727124214,0.012751740215240693,0.009986677574537584,0,0.0,0,0.0,"{""type"":""MultiPoint"",""coordinates"":[]}"
0000000000000000029c,37,SAWAH BESAR,PASAR BARU,3171021001,3.171021001E12,Sedang,Pasar Baru 01,Sudah dihubungi,dari malam hingga pagi,200,1350,"1. Intensitas hujan tinggi;
2. Meluapnya air sungai ciiwung;
3. Kurangnya resapan air disekitar wilayah;
4. Sempitnya saluran air di sekitar wilayah",001,3,2020,1577865600000,Sepaha orang dewasa,75,0,-0.4786524465706638,-9.720625408158881,-17.094303508323932,3.4763224006512305,17.500209281432248,-1.41078411374193,-10.088162774705223,4.0714541132802475,JAKARTA PUSAT,1,0.966871514149969,0,0.17622734816346616,1878.3732438998293,1609.4544431929617,1379.069335874412,183.01090385006592,65.3359405072603,-56.216825586222285,60.65652104592137,129.31077916265122,16,8.379260483371207,2,7.998859749144669,0.5304178285674567,-5.677309007981904,2.623261041059074,2.7662207912159467,1.0,3.40000057220459,2.0986806711451718,0.0,1.328506350517273,-0.0032231925169659606,-2.3354618549346924,1.1382672763193218,1.094485942818641,135129.838878,135642.22376780657,10.479788780212402,3.364571539805561,0.0,6.679979085922241,-0.4682651471744463,-3.767068862915039,2.1455353628122067,2.150627469567994,18.034947096168366,12.996814910350121,10.789455117164067,4.496911700326466,-0.12667166574889643,-2.354642988939869,1.337911616807386,1.3559856158421169,0.34847524762153625,0.03998698152932519,0.008499356918036938,0.2710600644350052,-12.481998739086837,-36.8536794455722,12.072758078376632,0.05259651898556634,1,0.03312848585003098,0,0.1762273481634661,"{""type"":""MultiPoint"",""coordinates"":[]}"
0000000000000000029d,72,SAWAH BESAR,PASAR BARU,3171021001,3.171021001E12,Sedang,Pasar Baru 02,Sudah dihubungi,setengah pagi hingga sore,3 m2,1351,"1. Intensitas hujan tinggi;
2. Meluapnya air sungai ciiwung;
3. Kurangnya resapan air disekitar wilayah;
4. Sempitnya saluran air di sekitar wilayah",002,3,2020,1577865600000,30-40 Cm,40,30,-1.8253485014967765,-10.348796300883665,-18.195175491399386,3.103935195286784,5.891875295157638,-3.770378031988182,-14.673315512108374,3.335884997261439,JAKARTA PUSAT,1,0.9688093518444213,0,0.19542481274908904,1692.8250687230054,1519.7092070671063,1318.4560267800225,180.2248719480367,89.18550180945464,-30.37598595085865,53.45457040729856,92.17834189195978,18,9.415803975068885,5,9.43899657924729,0.9311734481592471,-3.6488027366022084,2.857416613947962,2.903264540077156,1.0,3.6000003814697266,2.5925475422772175,1.0,1.3968076705932617,0.47086105270657175,-0.9712657928466797,0.6042447097245446,0.6716659363702604,130512.74089,130965.52111923954,10.479788780212402,3.3571488408532404,0.9274099469184875,6.673346281051636,-0.6852463354820892,-3.665376842021942,2.2930169793217536,2.1935091707828422,15.368478687807032,12.435070196411091,10.763500558676649,2.4935575583899627,-0.3185751609833828,-2.1898351853871283,0.8706912592575816,0.8969322086265172,0.09349377453327179,0.017647760136289287,0.008499406278133392,0.029985439032316208,-2.32957021631715,-21.122686125338078,5.044473995956298,0.02123541461933824,1,0.017548083353395933,0,0.1661385399683346,"{""type"":""MultiPoint"",""coordinates"":[]}"
0000000000000000029f,243,SAWAH BESAR,PASAR BARU,3171021001,3.171021001E12,Sedang,Pasar Baru 04,-,6 Pagi hingga 3 Sore,-,1353,"1. Intensitas hujan tinggi;
2. Meluapnya air sungai ciiwung;
3. Kurangnya resapan air disekitar wilayah;
4. Sempitnya saluran air di sekitar wilayah",004,3,2020,1577865600000,"50 - 60 cm
bervariasi",60,50,1.2062649653558624,-7.73429708670424,-15.79402918986078,3.497615306008533,13.399857331883908,-3.1538066339294297,-10.233837771671993,3.184784645623799,JAKARTA PUSAT,1,0.9650597301543757,0,0.24505752379442983,1466.7630786537025,1187.496798665883,875.1549798115764,45.172880177858815,-24.653877753217724,-84.35013788728293,27.215601796962673,143.48748211482857,12,7.546125645310125,2,4.403648802736467,-0.19524568542734502,-5.700114025085658,2.0813453481468702,2.122152609852853,1.0,3.0,1.8242163658142097,0.0,0.9771947860717773,-0.0942765682698616,-2.1766250133514404,0.8713671692559718,0.8838645363685961,139858.573327,140450.59893415635,7.8801188468933105,2.7551518229813072,0.0,4.339052677154541,-0.9212938949666807,-3.752793788909912,1.4172322353426168,1.3702824884683427,17.65805086866086,13.236712887255225,11.406532369312783,4.414907185351501,0.053706426654750485,-1.8268814476212398,1.5469556779564604,1.533059640815508,1.096421480178833,0.10445398591784155,0.008499406278133392,0.9263169318437576,-0.03470586077342081,-0.16957153286784887,0.29513882971260047,0.2953150176077445,1,0.011247724268648528,0,0.10286301637257403,"{""type"":""MultiPoint"",""coordinates"":[]}"
000000000000000002a1,80,SAWAH BESAR,PASAR BARU,3171021001,3.17102100101E12,Sedang,Pasar Baru 06,-,hingga saat ini RT 07 dicekungan,Sepanjang gang,1355,"1. Intensitas hujan tinggi;
2. Meluapnya air sungai ciiwung;
3. Kurangnya resapan air disekitar wilayah;
4. Sempitnya saluran air di sekitar wilayah",006,3,2020,1577865600000,"70 cm, 40 cm",70,40,2.7813334204968747,-8.724483684168092,-15.164045870525458,2.85773679889047,3.379059470428795,-3.376629933994562,-10.498823903974683,2.5199463627604706,JAKARTA PUSAT,1,1.0,1,0.0,1495.8107119745314,1330.8169373651322,1173.410462922962,124.06201717293675,31.202531241074077,-45.639769312297176,44.54818625065968,81.22850344484173,18,7.976566698914328,2,9.43899657924729,-0.4612233814304123,-6.13112884834675,2.881424934376134,2.9130744247558567,1.0,3.5,2.457067852979782,1.700000286102295,1.1670465469360352,0.3550561599086642,-0.30205225944519043,0.3396151467926513,0.3964195628506613,64953.1369053,65188.147181214896,12.190571784973145,4.089987145147567,0.0,8.640267610549927,0.49088744351290586,-3.826910972595215,2.59786062583597,2.583008508854737,15.955513115145958,12.788732450198548,10.763500558676649,3.377758660821252,0.08933880183887911,-1.8609938077899901,1.01562613807534,1.0314331810514057,0.12749247252941132,0.02978656446254081,0.008499459363520145,0.09078085422515869,-0.0038209371237214614,-0.02951084543019533,0.02857975206816074,0.029949796971757706,0,0.0,0,0.0,"{""type"":""MultiPoint"",""coordinates"":[]}"
0000000000000000020a,229,SAWAH BESAR,GUNUNG SAHARI UTARA,3171021004,3.171021004E12,Sedang,Gunung Sahari Utara 03,biasanya tidak pernah banjir,cukup lama,Cukup luas,1122,"1. Curah hujan tinggi;
2. Dataran rendah",003,3,2020,1577865600000,40 Cm,40,0,5.492290551233959,-10.056695382725,-17.424186224575326,4.13433914630906,9.096068179905348,-4.745470941177275,-12.232677411335395,3.617501748457234,JAKARTA PUSAT,1,0.9052742907067642,0,0.27722670540030714,1057.6978978086688,870.9385244314893,524.765112121048,188.35985734912003,58.26987668351981,-104.88229138048132,68.49464454920565,117.07748440427919,23,5.927208350577093,-2,17.206385404788936,0.19849066937263427,-8.313568985176865,3.2582836891096516,3.287571750129828,1.0,3.1999998092651367,1.0565273243368567,0.0,1.911630392074585,-0.11640507215590455,-1.2358038425445557,0.8697835189625415,0.9843441005805934,227522.144051,228472.59756722915,16.29625701904297,4.026855767111258,0.0,13.0079824924469,0.7375857406307468,-3.498368740081787,2.85138111091988,2.834502813562441,20.17503793310794,13.073836229487593,10.277588682621488,7.169098669836394,0.004922770013691578,-2.744697886128421,1.903153848982681,1.893782985205733,0.6544702649116516,0.12512998864928543,0.008499613963067532,0.5668087378144264,0.023507498384745817,-0.32034383062273264,0.23783817741564506,0.21780422516305403,1,0.049202188807651634,0,0.20425742004742553,"{""type"":""MultiPoint"",""coordinates"":[]}"
0000000000000000025e,40,SAWAH BESAR,MANGGA DUA SELATAN,3171021005,3.17102100501E12,Sedang,Mangga Dua Selatan 11,-,3 Jam,300,1259,curah hujan intensitas lebat dan ekstrim,011,3,2020,1577865600000,RT 02 (30 CM) dan titik terdalam 50 CM,50,30,2.7632951971315034,-10.788196770288128,-19.190371092052807,3.2205087707018483,12.089458538277846,-2.702119968695919,-14.190133834630931,3.987364701242615,JAKARTA PUSAT,1,0.9940237829047668,0,0.14400547006751196,473.0168798317619,306.09557568734357,92.76624232772798,120.74040381810988,-22.328293609097585,-228.09853094333283,91.5282681671104,92.17429477293017,14,8.009940034556351,0,7.909920182440019,1.7369507682582406,-6.142531356898644,2.6737383212881762,2.7666960716921762,1.0,5.199999809265137,3.20624446333854,0.0,2.6076396703720093,0.8206888577210877,-1.4867732524871826,0.8398912370666081,1.1276366988643935,171617.131953,172308.14539489042,10.49409008026123,3.5808504864008563,0.0,6.440179824829102,0.18244199249872595,-3.422865390777588,1.7429666324179398,1.7437424810177486,15.95555902573679,12.201634223526332,10.733950200469359,2.8422630441986563,-0.967404130604475,-2.236546295953614,0.8596924412187926,0.8830024395460905,0.9179623126983643,0.01397758651316917,0.008499781601130962,0.766034334897995,-0.1972978963763799,-0.3080024477094412,0.08191247249889981,0.06051894033853156,1,0.005325744486228272,0,0.12908090009938827,"{""type"":""MultiPoint"",""coordinates"":[]}"
0000000000000000025f,Perkantoran dan ruko2,SAWAH BESAR,MANGGA DUA SELATAN,3171021005,3.17102100501E12,Sedang,Mangga Dua Selatan 12,-,jam 4 pagi sampai 3 Sore,400,1260,"curah hujan intensitas lebat dan ekstrim
2. Jalan raya akses ruko dibangun jembatan (dibawah bibir kali)",012,3,2020,1577865600000,"Mangga dua dalam sekitar 60 cm , mangga dua raya 40 cm",40,30,7.343347108554536,-10.29861422382477,-16.86241502168532,4.257804523171919,10.513721373238752,-2.6434411311897184,-9.95772453909062,4.050176922325722,JAKARTA PUSAT,1,0.938792896887729,0,0.27569005414087633,855.2624952764933,609.5531646346504,371.0649693109119,122.18569568392081,28.910433145697073,-86.11162846995228,41.81185656224319,116.63406625184308,29,10.799233247251136,1,21.925883694412633,3.2197244060340786,-6.142531356898644,5.198770926502764,5.054261292951043,1.0,9.300000190734863,5.347570616674447,2.200000047683716,5.753478050231934,1.763889737023969,-1.1420753002166748,1.5834567860910416,1.6246037694910394,131048.39101,131563.4525074943,19.9021053314209,6.0640747981414105,0.0,14.74776554107666,1.1158398381501051,-4.745975017547607,3.9919295299995845,4.122402343513536,15.95555902573679,11.960012731609867,10.063812765470697,3.519576042622438,-0.6516824439542898,-2.715064052926081,1.2330135590677103,1.2185562046562062,0.1104981079697609,0.01602028480535988,0.008499824441969395,0.03840024769306183,-0.1128323111712487,-0.7039091568440199,0.09383037549684141,0.016892729576551798,1,0.05441814648172305,0,0.26714292604942724,"{""type"":""MultiPoint"",""coordinates"":[]}"
000000000000000002a7,46,MENTENG,PEGANGSAAN,3171061002,3.171061002E12,Sedang,Pegangsaan 01,Belum kirim data,-,-,1374,"1. Curah hujan tinggi;
2. Hulu Kali Ciliwung meluap;
3. Rembesan dari mikrobiologi UI saluran airnya jebol (kerumah warga)",001,3,2020,1577865600000,20 - 60 cm,60,20,11.614392409507783,-9.608634548530565,-16.928421605106394,3.7757430856768996,13.84157293084132,-3.6226865770860806,-11.590953417663119,4.036609393161971,JAKARTA PUSAT,1,0.9292281879194632,0,0.27084393610189494,2163.661985914175,1805.6916436324807,1521.4794995326806,31.90538966613144,-24.604973605571896,-78.61509257563284,26.014375006655232,155.4166386535339,30,12.512046979865763,3,17.43899657924718,-0.05369232741295637,-9.029646522235131,3.4611681291396477,3.5297424269348734,1.0,3.299999237060547,1.3451558256629326,0.0,1.845609426498413,-0.22792885288896172,-1.8446975946426392,0.9651415315393895,0.9872852293039642,207817.484003,208695.91734979232,19.0362606048584,3.957498072067762,0.0,15.257421731948853,0.2325055237484458,-3.945742130279541,2.9182548355078892,2.91768274685773,23.816822052939578,13.718928982529924,10.11179672125586,10.051032335545381,0.25451896761020937,-3.289625173202383,3.373711988387183,3.476833557680984,357.290771484375,40.37408503684321,0.0084988409653306,319.93652725219727,8.141088206711029,-47.24721169285476,112.24892723354216,115.85239112573923,1,0.053305369127516766,0,0.2194348395612568,"{""type"":""MultiPoint"",""coordinates"":[]}"
00000000000000000031,700-800,TANJUNG PRIOK,PAPANGGO,3172021003,3.17202100301E12,Sedang,Papanggo 06,,,,77,"saluran dangkal tidak berfungsi , waduk penuh lumpur sampah dan enceng gondok",006,3,2016,1451635200000,51 - 60 cm,60,50,-1.3558236523690814,-12.823458847322007,-16.254180863092294,2.5116198087551473,2.3685627726033305,-4.601314726066439,-9.41980429086,2.389432877138717,JAKARTA UTARA,1,0.9823104250888152,0,0.18467177069477,1416.0152335820305,1128.4039689862252,747.9053559872657,140.199200983732,-12.30589002915965,-90.05413804553632,39.39182955640647,170.94752806482083,8,1.97336763444812,-15,4.9144811858608275,-1.132050603503287,-17.769669327252064,3.8820010942319874,3.8664444802802858,1.0,4.900000095367432,1.4545461572225693,0.0,2.81288480758667,-0.8260989390517166,-2.6985177993774414,1.4360483679482026,1.3399046519150757,142341.615727,142949.0513998608,16.816743850708008,3.637930765024049,0.0,13.954213619232178,0.4164799305382977,-3.396584987640381,3.242337999203538,3.143580274012843,21.3074332964077,13.925993622519481,10.946678813487447,7.920599768806689,0.36493080505573056,-3.2368222236103055,2.2001383628194535,2.2633387154975684,2.2694931030273438,0.46072478799922256,0.00849994271993637,2.01568603515625,0.20716685751863997,-0.2835621703416109,0.7837405791697307,0.7934127381220438,1,0.01768957491118461,0,0.18467177069476992,"{""type"":""MultiPoint"",""coordinates"":[]}"
00000000000000000321,224,TAMAN SARI,MAPHAR,3173031003,3.173031003E12,Sedang,Maphar 01,Nihil,2 jam,5.345 m,1623,"Intensitas hujan yang tinggi, air tidak tertampung ke saluran dan adanya limpahan dari wilayah Kel. Kebon Pala Jak Pus dan masih adanya pendangkalan dan penyempitan Kali beton yang dikarenakan bangunan di bantaran Kali Beton yang memakan badan kali",001,3,2020,1577865600000,5 - 75 cm,75,5,-5.9908121983272,-10.260394758331609,-16.312174345488,2.5686464176541435,3.883950622712075,-2.782119045746808,-8.33650390726239,2.523865618646389,JAKARTA BARAT,1,1.0,1,0.0,1147.455046826599,917.9118593102709,706.486653451565,16.11345454632624,-36.28430598531503,-86.9589004633201,26.528093567811133,111.5055878938942,11,6.201769911504426,2,3.557582668186864,-1.2645602026737797,-5.533637400228197,1.9731710042589314,2.0065815203767845,1.0,4.600000381469727,1.6199313556879142,0.0,2.4477767944335938,-0.3175903028057468,-1.89213228225708,0.9496154262760637,1.0738886847365694,61060.3017028,61396.84172190527,6.7241621017456055,2.7782993612580738,0.9274099469184875,3.586008310317993,-0.34686364158371186,-2.670425593852997,1.426014990984531,1.3992023340467579,16.864828659808378,13.226770704796175,11.185673392734452,3.883224883750426,-0.08533609507360695,-2.0755638987157994,1.67163137487253,1.538553160263458,0.5949616432189941,0.0733850364735743,0.008499459363520145,0.5133590698242188,-9.905543821201508,-33.638415943831205,11.83273095474247,0.19110051723302485,0,0.0,0,0.0,"{""type"":""MultiPoint"",""coordinates"":[]}"
00000000000000000322,127,TAMAN SARI,MAPHAR,3173031003,3.173031003E12,Sedang,Maphar 02,Nihil,2 jam,4.226 m,1624,"Intensitas hujan yang tinggi, air tidak tertampung ke saluran",002,3,2020,1577865600000,20 - 40 cm,40,20,0.39237166917442,-8.576959989432327,-15.299629220339117,2.899830200688388,10.788346733524715,-2.057724152038772,-8.917744539507233,3.0881141214650487,JAKARTA BARAT,1,1.0,1,0.0,955.0869205754603,726.816103017102,463.8312116386399,27.521935257214523,-38.65764558593182,-112.04459591421545,28.951277843808526,139.9947749041097,11,7.23539595666257,2,3.3717217787912093,-0.3319549411784377,-5.579247434435693,2.055171598946077,2.1010032310140683,0.8388213751509289,4.800000190734863,2.887775176412684,0.0,2.461573600769043,0.6378338745582254,-2.5908780097961426,1.7001489273479307,1.7188096599208418,62533.3509655,62738.416979437985,8.339978218078613,2.5214070477199915,0.0,4.761772871017456,-0.8499449408248754,-3.609919548034668,1.4370579712217335,1.4249734845742164,23.83500958840857,14.276975802725193,11.310936308408547,10.1144362716782,0.5785355815810344,-2.391564015852758,3.6038342431203327,3.5755982612339334,363.5801696777344,43.603883578662206,0.008499491959810257,323.73498153686523,12.189683531800306,-40.567519795149565,117.8535946518998,121.29920875392838,0,0.0,0,0.0,"{""type"":""MultiPoint"",""coordinates"":[]}"
00000000000000000323,366,TAMAN SARI,MAPHAR,3173031003,3.173031003E12,Sedang,Maphar 03,Nihil,2 jam,6.727 m,1625,Intensitas hujan yang tinggi air tidak tertampung ke saluran dan adanya limpahan dari wilayah Kelurahan Kebon Kelapa Jakarta Pusat dan masih adanya pendangkalan dan penyempitan Kali Beton yang dikarenakan bangunan di bantara Kali Beton yang memakan badan,003,3,2020,1577865600000,20 - 50 cm,50,20,-0.001012960331182795,-10.153353826552884,-15.51207224475596,2.832254438094596,9.161854441589831,-2.3575972489661776,-7.374514986297715,3.039262718576752,JAKARTA BARAT,1,1.0,1,0.0,1394.5824148206966,1204.01612444992,968.5080035813519,105.96602332473731,5.740110335862723,-72.95900401368772,39.684051929963054,108.03116830709017,11,7.198155902381254,3,3.286202964652091,-0.43663360792833594,-4.5028506271381135,1.8214380690365821,1.8928493028221982,1.0,2.6999998092651367,1.6482425585508256,0.0,1.0867729187011719,-0.03849366463184136,-1.89213228225708,1.0016810889317922,0.9836077603753768,82495.3559843,82807.33860470194,7.034380912780762,2.223128744920881,0.0,3.887702465057373,-1.125951625860842,-4.11713981628418,1.3337007337833875,1.2557767022868302,19.998562520215145,13.850719558998538,11.140136792088427,7.067796811047577,0.8972965224619609,-1.829808167883586,1.7034306586122823,1.735656929255783,0.5949616432189941,0.12037493176996997,0.008499441668391228,0.5140568539500237,0.05623311071079917,-0.06552433595061302,0.20776933794492566,0.21235858990070855,0,0.0,0,0.0,"{""type"":""MultiPoint"",""coordinates"":[]}"
00000000000000000325,532,TAMAN SARI,MAPHAR,3173031003,3.173031003E12,Sedang,Maphar 05,Nihil,2 jam,8.709 m,1627,"intensitas hujan yang tinggi, air tidak tertampung di saluran",005,3,2020,1577865600000,15 - 50 cm,50,15,4.042319175177454,-9.581836991460465,-15.498466239334856,3.019026438263816,3.2470178390083886,-3.758184120911147,-10.912834284961196,2.4815026549626515,JAKARTA BARAT,1,1.0,1,0.0,1081.8309929570876,899.8849917276034,622.2948715860543,131.41822185660135,15.13216594559145,-90.59744967008453,48.33560514642767,104.09933880785036,13,8.276646086731487,4,6.3295324971492395,1.4314592213723887,-3.166476624857597,2.012308309173583,1.9620458863518906,0.8131666975997365,4.5,2.2549447496169424,0.0,2.429761052131653,0.21503521073146145,-2.4035348892211914,1.555688031871166,1.5502873883223136,94362.8435387,94743.32598099815,7.436302185058594,3.0310815854907114,0.0,4.522271394729614,0.05034141536957542,-3.3885345458984375,1.4938686501970235,1.4911808166599358,26.619522806713306,14.323318305057901,11.083986220407464,12.802269895808957,0.2919834816736167,-2.985299104713265,4.166822693247469,4.154447388513239,363.8521728515625,67.74048642911552,0.008499545976519585,323.9668884277344,29.718990429083316,-40.31265979912132,144.83837889898535,146.32443480182638,0,0.0,0,0.0,"{""type"":""MultiPoint"",""coordinates"":[]}"
00000000000000000329,44,TAMAN SARI,MAPHAR,3173031003,3.17303100301E12,Sedang,Maphar 09,Nihil,2 jam,8.543 m,1631,"intensitas hujan yang tinggi, air tidak tertampung di saluran",009,3,2020,1577865600000,10 - 40 cm,40,10,0.5895676178295647,-9.18012442640228,-15.974443065770668,3.086458239732622,9.366278787739596,-3.9139682283726147,-10.090997862604716,3.35779710880131,JAKARTA BARAT,1,0.9920305028596431,0,0.08032023946008404,1288.7498256496885,1091.3776844553713,798.0053903044136,180.4056309653123,76.48124107650149,-74.93709969384622,60.91437266187646,108.66843150016842,22,8.415632715567082,2,15.23717217787902,1.5153617772531445,-4.640820980615856,3.4121403795042777,3.3931973358312146,0.6903367417873729,4.40000057220459,2.4805388823410057,0.0,2.493159055709839,0.685361341919404,-2.0367162227630615,1.6065614594554114,1.6324656743900086,111615.45457,112071.13694623916,14.630192756652832,4.484839703469148,0.0,11.567379236221313,1.2095937153307772,-3.3671576976776123,2.9959630865581106,2.89932652093329,23.830263809211093,14.169800928618423,10.390845071210187,9.867752633976972,0.1798452558689161,-3.656290255605688,4.125621828400816,4.116590642606454,364.013671875,65.5548600716647,0.008499596267938614,323.62127685546875,26.257199439966836,-41.19282102398574,139.41444054544993,140.3248209062457,1,0.007969497140356909,0,0.0803202394600843,"{""type"":""MultiPoint"",""coordinates"":[]}"
00000000000000000343,50,TAMAN SARI,MANGGA BESAR,3173031005,3.173031005E12,Sedang,Mangga Besar 01,,1-2 jam,700 m2,1657,Intensitas Hujan yang tinggiMeluapnya kali anak ciliwung,001,3,2020,1577865600000,60 cm,60,0,0.09205588985347618,-10.838927750270443,-15.433462353888386,3.3343270148153583,5.628060414080914,-2.6243176356146747,-7.910951809297334,2.8160128481004807,JAKARTA BARAT,1,1.0,1,0.0,1147.455046826599,944.4363906721011,764.9700312177328,42.168758298249486,-10.221599040558019,-59.980689936024305,25.905285837507027,117.17975645752384,10,5.82260101010101,1,3.854047890535801,-0.25700716184087263,-5.031927023945379,1.9704469365272548,2.0719062795333962,1.0,2.8999998569488525,0.9407038927605055,0.0,1.0553020238876343,-1.0961158838160712,-2.3042190074920654,1.1994311630421794,1.1406248090566926,44284.6538219,44461.37672881121,7.605895042419434,2.350318020458963,0.0,4.340593099594116,-1.1086979428014596,-3.458218574523926,1.4955809551291928,1.4486112326822942,23.83154239839048,16.761793056592207,11.536712759154948,9.75801149571602,2.7296985116645556,-2.5748311296953297,4.1185714823379245,4.104108234040173,368.0934753417969,69.8852065478776,0.008499767631292343,328.5292663574219,33.569960024096346,-41.188239401206374,147.73549601537988,150.13612202676453,0,0.0,0,0.0,"{""type"":""MultiPoint"",""coordinates"":[]}"
00000000000000000344,312,TAMAN SARI,MANGGA BESAR,3173031005,3.173031005E12,Sedang,Mangga Besar 02,,1 jam,700 m2,1658,Meluapnya kali anak ciliwung,002,3,2020,1577865600000,40 cm,40,0,-0.31704752611878734,-10.573719409930334,-19.304314016815464,3.5303220011792913,9.023758112352308,-3.216605628072779,-11.964930674196577,3.4094853178392968,JAKARTA BARAT,1,0.9193001491930015,0,0.24726647766958781,1085.8010282911528,892.7932492442789,675.3484381614854,36.69907961032038,-18.105175696182414,-70.13008045737331,25.792285713174785,111.26409613025797,10,4.7860210678602115,1,3.6271379703533686,-1.4355271112310959,-5.038768529076506,2.0105941176843007,2.0962098068172645,1.0,2.8999998569488525,1.6082959735612872,0.0,1.1035346984863281,-0.11270559306191923,-2.0251996517181396,1.0051828526409186,0.9857123907892243,77150.1334106,77488.54802502363,12.72712230682373,2.8050357093565923,0.0,9.35049843788147,-0.5692564130012648,-3.375272750854492,1.7309504676151037,1.7425656053564893,23.83154239839048,13.92689884826796,11.31098546968419,9.75801149571602,-0.1785291028090792,-2.778491267384826,3.747420245808066,3.74550191552552,364.41314697265625,32.55966546101795,0.008499746210873127,323.28042221069336,-6.108639668742033,-41.53909621760249,117.82268371039153,118.87927978797667,0,0.0,0,0.0,"{""type"":""MultiPoint"",""coordinates"":[]}"
00000000000000000345,153,TAMAN SARI,MANGGA BESAR,3173031005,3.173031005E12,Sedang,Mangga Besar 03,,1-2 jam,500 m2,1659,Meluapnya kali beton dan anak kali ciliwung,003,3,2020,1577865600000,50 cm,50,0,2.7805720852648026,-9.413342515939602,-15.05485875455321,2.835587697152959,9.023758112352308,-2.316391523483875,-8.485926510842972,3.4349538941608966,JAKARTA BARAT,1,0.9864238939466541,0,0.10368904363227674,1037.1581193100906,810.0160690753819,649.3636962940959,7.749223306275326,-37.941534357657304,-79.17108735753129,25.58931262047928,105.48485167694749,9,5.131288931480595,1,2.340935005701115,-1.3096644622303768,-5.236031927024067,1.5707285471739878,1.6669816967548534,1.0,2.500000238418579,1.9399829835789681,0.0,1.0583810806274414,0.45572080787604285,-1.4995439052581787,0.8290582662064352,0.8234476186521155,65550.4590614,65812.51870274715,5.938421249389648,2.1499042989429196,0.0,2.61735463142395,-1.2996010847958124,-3.57649827003479,1.1962065213884474,1.1948743465005762,23.836994724942592,13.688365960804914,11.31098546968419,9.79321721180972,-0.40253904273682495,-2.7632733765373327,3.58549529594778,3.57290349547351,364.3536376953125,30.54173120438308,0.008499713614583015,325.0846824645996,-6.588406281351993,-41.499671335332096,121.45112662745831,122.68894393859901,1,0.013576106053346113,0,0.1036890436322767,"{""type"":""MultiPoint"",""coordinates"":[]}"
00000000000000000346,360,TAMAN SARI,MANGGA BESAR,3173031005,3.173031005E12,Sedang,Mangga Besar 04,,2 jam,800 m2,1660,Meluapnya kali beton dan anak kali ciliwung,004,3,2020,1577865600000,60 cm,60,0,5.451893382269193,-10.069181194725253,-16.282534820941812,3.7010387748950655,18.48851404566569,-1.6217107116859377,-10.165057635899894,4.959819545388259,JAKARTA BARAT,1,0.9521747316889475,0,0.2219221752030527,946.0337596635238,811.0297629663473,649.3636962940959,-0.34137262093997833,-40.2371968259103,-86.63748485215262,24.98879037764288,96.2945285080725,10,6.546789681792506,4,3.2713797035346364,-0.13372588363729582,-2.8072976054733383,1.2811543211869836,1.315476079179282,1.0,2.799999952316284,1.2062386157545137,0.0,1.2979475259780884,-0.3099678101186765,-1.6324971914291382,1.1660823927112125,1.1791364145188328,55539.1451464,55760.01364033082,5.579408168792725,2.2064258891191066,0.0,1.7572534084320068,-1.3765206079372898,-3.770484447479248,1.3119468919968997,1.4019829515434115,23.836878110510735,15.006799013988056,11.486837333149227,9.95278316065525,1.1147067490385996,-2.395446787119532,4.32015727501697,4.325568798063487,364.3026428222656,78.95028893071577,0.0084996921941638,325.10076904296875,43.80629567645183,-39.54821722675115,156.68730216106357,159.71380155336846,1,0.047825268311052535,0,0.22192217520305274,"{""type"":""MultiPoint"",""coordinates"":[]}"
00000000000000000347,178,TAMAN SARI,MANGGA BESAR,3173031005,3.173031005E12,Sedang,Mangga Besar 05,,2 jam,700 m2,1661,Meluapnya kali beton dan anak kali ciliwung,005,3,2020,1577865600000,60 cm,60,0,5.1345229454962436,-9.858962691665702,-14.006878653640012,2.8676547892607855,9.907601839438037,-3.0258014722347384,-8.695804049386691,2.800511709697057,JAKARTA BARAT,1,1.0,1,0.0,1081.8309929570876,873.2582090935681,675.3484381614854,60.34052057980648,-32.304492504424054,-89.26398228610617,31.100749276868427,88.30401687066137,10,6.039370078740157,2,3.1003420752564264,-0.8448193733676551,-4.643101482326237,1.5316676875209172,1.5534590810612998,1.0,4.0,1.4621723389988155,0.0,2.292132258415222,-0.1337322819169935,-1.6324971914291382,1.0858729682394783,1.1500671448117457,64659.06705,64944.47282990077,6.204643249511719,2.3935310473984446,0.0,3.0690958499908447,-1.0981209685361164,-3.7558772563934326,1.2955347974763711,1.2429375997231453,23.027377676514195,12.940026140825172,11.486837333149227,9.125415613825126,-0.9664061728537044,-2.474271613529888,1.9932469255513534,1.988890117776868,364.2006530761719,6.008253109428407,0.008499649353325367,323.8370246887207,-31.415284255692203,-41.1823152936995,52.94441945690228,53.38455526630056,0,0.0,0,0.0,"{""type"":""MultiPoint"",""coordinates"":[]}"
00000000000000000134,-,TEBET,KEBON BARU,3174011004,3.174011004E12,Sedang,Kebon Baru 03,,"0,5- 1 Jam",± 5.000,634,"Gorong2 tersumbat kabel, daerah cekungan, dan limpahan dari Kali Ciliwung",003,3,2020,1577865600000,± 30-40 cm,40,30,-4.385434121305217,-10.398443968775224,-14.947114507830706,1.9926122438338394,5.021678018584554,-3.745787103760836,-9.655192323572336,2.4140807970069846,JAKARTA SELATAN,1,0.956594817236475,0,0.19786448397617676,4529.425184944165,4253.523032409173,3990.0269515220684,83.52775083121287,-0.07387784410094712,-65.47119680605738,29.96666339125349,123.37207101732432,26,19.16069152767773,14,6.915621436715721,0.9108904308032911,-3.2702394526798884,1.9775003858285758,2.213870928892633,1.0,5.200000762939453,2.952557546836452,0.0,2.9120874404907227,0.7877517839245295,-1.8432157039642334,1.0618365799290181,1.1373495866237346,188877.993871,189599.5015220167,6.226744651794434,2.6056411031325557,0.0,3.507463216781616,-0.07346958373246917,-2.825132131576538,1.3017464300885857,1.2994468792420075,17.747149890121307,12.787881148346033,11.263058413616866,4.055658286445446,-0.8540751498810623,-2.6462879385804907,1.2611079811046355,1.251492962453992,1.1642662286758423,0.01896708319943289,0.00849838275462389,1.0274889767169952,-17.372928216839867,-38.045876909047365,12.302555715291314,0.10485642578477301,1,0.043405182763524855,0,0.1978644839761767,"{""type"":""MultiPoint"",""coordinates"":[]}"
00000000000000000135,100,TEBET,KEBON BARU,3174011004,3.174011004E12,Sedang,Kebon Baru 04,Tertinggi tahun 2017,2 jam,± 9.000,635,Banjir Kiriman,004,3,2020,1577865600000,,75,0,-3.8221894221287274,-10.538464569598753,-18.298605264406326,2.2050892791863776,3.1853124737140526,-3.9519688520928673,-11.833600122535934,2.4158090374154955,JAKARTA SELATAN,1,0.9886456725914919,0,0.14055181498333377,4941.054371809356,4660.3435910976195,4288.369772332095,180.95192855177993,48.71720719431301,-59.258370334953725,59.39177985751242,158.6471587116726,26,20.4973995542093,14,6.915621436715721,0.9726288963427716,-6.126567844926235,3.094577921242526,2.9682431861056564,1.0,6.600000381469727,3.047872988095916,0.0,4.171266078948975,0.4162805891221396,-3.327822208404541,1.8902208637968758,1.7557097921073972,183021.344122,183802.9336194379,7.605971813201904,2.685692226218382,0.0,4.919033050537109,0.03175936575804904,-2.7317137718200684,1.4028982568059385,1.4030301408401507,26.550925748594167,13.502978473649778,11.310723956782688,12.70586406176809,-0.2031441780161162,-2.4461578196579907,3.2707672880359913,3.3166063835161492,339.5631408691406,29.002644481918765,0.008498329669237137,305.07801818847656,2.7841632133687604,-38.334240761585534,102.49780350394812,105.74692797454053,0,0.0,0,0.0,"{""type"":""MultiPoint"",""coordinates"":[]}"
00000000000000000136,234,TEBET,KEBON BARU,3174011004,3.174011004E12,Sedang,Kebon Baru 05,,1-2 jam,± 23.000,636,"Saluran di bawah Stasiun Tebet kecil, terlalu jauh pembuangan sementara lebih dekat ke Kali Ciliwung",005,3,2020,1577865600000,,70,20,-5.70175702828014,-11.347089960746999,-14.947114507830706,1.7815561986415602,1.7113516909920639,-4.105652864055951,-9.451562559358095,2.2803818900592177,JAKARTA SELATAN,1,1.0,1,0.0,4599.185265779298,4275.606840419386,3936.8314497585184,51.59366428822523,0.8729914652268024,-51.08706948561894,26.715113500644907,177.78803534787605,23,18.685889431263476,14,3.6932725199540357,-0.3674144161418235,-4.004561003421056,1.6637923221268092,1.7650996867670319,1.0,2.0,1.2302132679149718,0.0,0.19680726528167725,-0.6370305982671566,-1.8432157039642334,0.4686761400582895,0.4843557021065118,61359.0002408,61637.51264483963,7.446422100067139,3.006445182321804,0.0,4.894352197647095,0.46419568866819483,-2.6210062503814697,1.5807521706913519,1.569955599207211,17.054000590862113,13.01859804906708,11.082469382574434,3.7211217048777137,-0.34635882279292546,-2.3348204161114783,1.346258141590466,1.343476301865214,1.1642662286758423,0.0557012038001128,0.008498329669237137,1.0274889767169952,-1.2115051356781865,-5.860298722982407,1.6251932206246498,0.1947756579251825,0,0.0,0,0.0,"{""type"":""MultiPoint"",""coordinates"":[]}"
00000000000000000137,1147,TEBET,KEBON BARU,3174011004,3.17401100401E12,Sedang,Kebon Baru 06,,1-2 jam,± 23.000,637,Saluran air RW lebih rendah daripada saluran air di got besar dan luapan dari saluran got sebelah timur (Jl. Raya Asem Baris),006,3,2020,1577865600000,,70,20,-3.5200126693225084,-10.517723490002938,-13.64119848830854,1.9686852162450388,-0.4499747328283654,-4.3168165375763845,-9.602668994342238,1.6839303456348234,JAKARTA SELATAN,1,1.0,1,0.0,4788.930912227905,4657.295772972797,4462.432319477128,56.76259008848774,8.852874331369497,-53.53188942734414,26.87676253720339,88.91133406341224,21,18.632469715411812,16,1.1117445838080222,-1.665175279615665,-3.953249714937698,1.0712600061779516,1.00081092052791,1.0,2.0,0.6691992637047468,0.0,0.00752568244934082,-1.4384019766200455,-2.3697831630706787,0.7203210560256192,0.6765771656770773,60075.1198508,60336.19471480901,4.160283088684082,1.6276557662932964,0.0,1.5912952423095703,-0.8800154122512791,-2.5574910640716553,0.8994124707394772,0.9147037279713289,20.18947576370822,14.8657152762907,11.722957432493722,6.955547267442192,1.5864692472972775,-1.8557773113502396,2.444643087416658,2.4177379691990515,0.8073346614837646,0.2511860285031393,0.008498290553689003,0.7147549837827682,-0.8958597684352823,-12.04167832992971,2.5633151675269485,0.28355598199944304,0,0.0,0,0.0,"{""type"":""MultiPoint"",""coordinates"":[]}"
0000000000000000013c,150,TEBET,KEBON BARU,3174011004,3.17401100401E12,Sedang,Kebon Baru 13,,1 jam,± 20.000,644,Got/saluran pembuangan air yang tidak layak/terlalu rendah dan gorong-gorong di sisi rel kereta api,013,3,2020,1577865600000,± 50 cm,50,0,0.9520328429425768,-11.182383293072315,-14.207640976532574,2.2173988676975256,4.916466952153435,-4.440025110987462,-7.760521181865741,1.9588105831336642,JAKARTA SELATAN,1,1.0,1,0.0,5123.183183588168,4989.863472369582,4792.523509066431,94.98153382193868,20.836668912331387,-51.097683543586754,33.948677067531605,84.21058896750297,23,20.216195063214936,16,2.0558722919037855,-1.2964275343469671,-6.132269099202276,1.9610799169332314,1.7907441006115326,1.0,2.8999996185302734,1.8146238003201982,0.0,0.03204059600830078,-1.1285875639522176,-2.6480045318603516,0.8346682971512993,0.8712795202918696,57866.9192146,58088.52656875958,5.400654315948486,2.504441902886523,0.0,2.5287399291992188,-0.4045750622681865,-3.0434327125549316,1.2521873336805052,1.247081151019388,16.932310628323854,13.699019618667547,11.557861644118717,3.7487950714598828,0.20561332152950923,-2.01071761752738,1.5800236814227748,1.5490222490470178,0.36542320251464844,0.09526327397082225,0.008498218841850758,0.3000245839357376,-17.18703640453139,-31.319968178868294,9.498796307821586,0.11163021599530902,0,0.0,0,0.0,"{""type"":""MultiPoint"",""coordinates"":[]}"
00000000000000000178,46 KK,TEBET,BUKIT DURI,3174011005,3.174011005E12,Sedang,Bukit Duri 03,berdasarkan informasi Pak RW bahwa Pemda dan Kem PUPR akan membangun Rumah Pompa dan tanggul di sekitar Sodetan Kalibata,1 - 2 Jam,700 m²,773,Meluapnya saluran/sodetan kalibata,003,3,2020,1577865600000,,70,0,-7.908984840957682,-12.955030441447379,-15.216039623038672,1.3809508658525556,7.355536235653513,-1.4786637468197417,-7.258643577884474,2.7241017388990802,JAKARTA SELATAN,1,0.9857769600905746,0,0.15245533898649627,3568.788598263841,3239.5924228178324,2946.697455974605,34.48493843485221,-13.337641095971316,-63.148958299049355,26.201593393422684,168.4680550292091,22,17.387489385791113,12,6.237172177878904,1.6271340974377966,-4.076396807297861,1.7762199516903106,1.7077836348058437,1.0,5.09999942779541,2.743292257936285,0.0,2.7359185218811035,0.4025687030412437,-2.5271382331848145,1.9175946346565784,1.9613133991553215,49325.9788704,49562.6845701967,4.745345592498779,2.4995436872659567,0.0,2.5644216537475586,0.2657344574053362,-2.193089723587036,1.1121235991903384,1.1317473334300552,18.997452705962075,12.957960223085,11.536422336687892,5.2272437050844385,-1.0501175054422296,-2.5576363397938824,2.0727281438450307,2.0034771751872262,4.08767557144165,0.4112969610293494,0.008498522453010082,3.5893768966197968,-10.498433412168346,-36.30124724749476,10.672219876386157,1.3196977822705505,1,0.014223039909425417,0,0.1524553389864964,"{""type"":""MultiPoint"",""coordinates"":[]}"
00000000000000000179,165 KK,TEBET,BUKIT DURI,3174011005,3.174011005E12,Sedang,Bukit Duri 04,Telfn tidak Diangkat,,,774,Meluapnya saluran/sodetan kalibata,004,3,2020,1577865600000,,70,0,-9.625418031749883,-12.910512240156043,-15.563151148189666,1.2891731334804617,5.421411574849626,-1.0315756914269778,-7.855006943351837,2.7392009650720586,JAKARTA SELATAN,1,0.9799387741809418,0,0.15157763207911915,3568.788598263841,3309.4482770890468,3038.713994907392,33.392190945350194,-15.064701809312146,-60.76233939638905,25.135736532165268,143.193437930237,20,15.878069432684168,11,4.165336374002052,-0.10076095201203641,-5.318129988597779,2.092729334015643,1.9724749528058294,1.0,5.000000953674316,0.5896242535914815,0.0,2.7359185218811035,-1.5377825331177013,-2.2665908336639404,1.0757854380651923,1.1251367493361624,53591.346961,53770.181609862026,4.745355129241943,2.163885969234539,0.0,2.5398547649383545,-0.06247497490079269,-2.3106985092163086,1.1102922773066555,1.1178660501183297,19.334823757837267,14.33321293720405,11.53641812603958,5.472972787495674,0.432557889591273,-2.38346536302347,2.7178217163295426,2.6664760328414645,4.079177379608154,0.7850370922768334,0.008498522453010082,3.572845697402954,-5.515895776000773,-30.079991010017693,7.951918488461494,1.3437499229027232,1,0.020061225819058164,0,0.15157763207911912,"{""type"":""MultiPoint"",""coordinates"":[]}"
0000000000000000017a,± 1.000 KK,TEBET,BUKIT DURI,3174011005,3.17401100501E12,Sedang,Bukit Duri 06,,1 - 2 Jam,hampir seluruh wilayah RW 06,775,Meluapnya saluran/sodetan kalibata,006,3,2020,1577865600000,,60,40,-4.33154808005838,-11.769888859694515,-16.540697544803994,1.8481515080158735,4.352786246263727,-4.486472427961083,-9.23090893122508,2.439264137225786,JAKARTA SELATAN,1,0.9753901316057532,0,0.15872372965105136,3936.8314497585184,3707.1934233927286,3473.473355775263,46.479257072316614,-3.334983337864243,-50.34963871616719,25.58677710812174,108.30111445329335,22,16.32954406551766,14,4.404789053591497,-0.719419494633572,-3.608893956670766,1.4648470667505036,1.451658611020122,1.0,1.3000011444091797,0.4641691513381707,0.0,-0.3058145046234131,-1.1933990313498453,-2.1597492694854736,0.49100636544659293,0.41237097232067516,85769.6088279,86068.45884977418,6.670167922973633,2.0829008817065584,0.0,4.266531705856323,-0.2551874573037526,-2.359071969985962,1.2546054359051033,1.2578535348910038,21.024282555979145,14.238671709139387,11.321374017726955,7.596208060895211,0.6643927010529971,-2.12340894362716,2.551563399744447,2.4953885948776957,1.3767273426055908,0.37475770406929837,0.008498458191752434,1.2156852930784225,0.12500670935605113,-2.4575067721307278,0.6789793980188065,0.5817861190326755,1,0.020739110948131845,0,0.13016955922880602,"{""type"":""MultiPoint"",""coordinates"":[]}"
0000000000000000017b,± 600 KK,TEBET,BUKIT DURI,3174011005,3.17401100501E12,Sedang,Bukit Duri 07,Telfn tidak Diangkat,,,776,Meluapnya saluran/sodetan kalibata,007,3,2020,1577865600000,,60,40,-1.006550036739478,-11.523313251503913,-15.563151148189666,1.8966137351213048,2.8823408181649706,-4.441741941167617,-8.260015714854568,2.264679780647877,JAKARTA SELATAN,1,1.0,1,0.0,3786.408475349806,3570.1625842002068,3325.381902060976,40.36783934379355,-4.753023096243029,-52.7586191983919,26.20701754391807,102.25601342320087,20,16.330674401740392,12,4.152793614594955,-0.016095365602763374,-4.280501710376534,1.9459899870992947,1.8357898521109117,1.0,1.5,0.38852025754095193,0.0,-0.7822122573852539,-1.7227178378665597,-2.327024221420288,0.5060934079770274,0.5497669403893437,62414.5146645,62702.90770844588,4.986158847808838,2.5240563454820566,0.0,2.6898341178894043,0.2446169393017507,-2.2838692665100098,1.0593169280741659,1.0684243969620322,21.164867219805338,14.496921242385083,11.555797508697573,7.403445066620847,0.8351776067256731,-2.12340894362716,2.233968971097976,2.207847057852737,1.5636942386627197,0.4514990375145692,0.008498483337461948,1.2978996932506561,-3.348721071528579,-23.858589795418084,5.9669129780588355,0.6558718955022934,0,0.0,0,0.0,"{""type"":""MultiPoint"",""coordinates"":[]}"
0000000000000000017c,146 KK,TEBET,BUKIT DURI,3174011005,3.17401100501E12,Sedang,Bukit Duri 08,,1 - 2 Jam,8 RT Terdampak,777,Meluapnya saluran/sodetan kalibata,008,3,2020,1577865600000,,40,20,-2.1593091169134677,-11.628803823016288,-14.442482825742381,1.7113685467966917,5.979888003167467,-3.7131268565999815,-7.5820928489379495,2.1335585821379044,JAKARTA SELATAN,1,0.9869512406732605,0,0.11702985796078294,3820.3476823018414,3561.514185039964,3155.4161536882916,42.13118487666634,-4.2443559582628625,-54.76819258421938,25.018054838342998,162.86390188514991,21,16.82974145410376,11,4.973774230330417,1.5993887004956475,-3.61231470923628,1.5898035374158321,1.8920393457331863,1.0,5.90000057220459,4.314079842144639,0.7000007629394531,3.5667052268981934,1.7705665685434255,-1.6757121086120605,1.4327320367043748,1.4330909955235214,100476.853581,100909.71451832967,7.034503936767578,1.8864574663096698,0.0,4.724992513656616,-0.43134534915826117,-2.402132511138916,1.19340492799709,1.2093163577275727,17.901315828625354,13.154004819930522,11.555797508697573,3.470631569756332,-1.2365330697919437,-2.763142999568535,1.1305904724511908,1.1907488811091458,0.05948982387781143,0.015409156211973295,0.008498497307300568,-6.356201343238354,-39.10027550431616,-53.32880900800228,11.126996644896403,0.013236292091190663,1,0.007947249696338714,0,0.0830434773826486,"{""type"":""MultiPoint"",""coordinates"":[]}"
000000000000000001b2,± 174 KK,TEBET,BUKIT DURI,3174011005,3.174011005E12,Sedang,Bukit Duri 05,,1 - 2 Jam,"7 RT Terdampak
  (RT 001, 003, 004, 005, 008, 010, 011)",904,Meluapnya Sodetan Kalibata dan Pendangkalan saluran wilayah RW karena terhambat dengan saluran penghubung di Kelurahan Manggrai,005,3,2020,1577865600000,,70,50,-5.065081193265648,-12.672214237750621,-16.151314648293987,1.5496059687331776,6.867725879177847,-2.317897745657779,-7.639990205731946,2.5253717296745894,JAKARTA SELATAN,1,0.9961458642158315,0,0.11042310999998986,3580.8250189382416,3340.5077809232794,3087.875951668441,37.411525477981286,-11.199428171392626,-59.721303346741934,25.268787894776832,119.59433292844342,19,15.669997035280167,10,2.446978335233485,-0.87136689134786,-6.480045610034519,1.6312392672508365,1.629208699846131,1.0,2.40000057220459,0.9529944970351172,0.0,1.266704797744751,-0.48672032727178727,-1.9420753717422485,0.9310825115702721,0.8013879110585805,117617.716504,118125.01003385137,5.580226898193359,2.2346233150476937,0.0,3.1108951568603516,-0.17878149357493747,-2.4536948204040527,1.1886276513781049,1.1930858942601315,22.114470038197446,13.899496577602987,11.373471685294325,8.272819403862393,0.05673885515110239,-2.3205713527370673,2.4410911164241345,2.426318835773646,4.062180042266846,0.45541478879965136,0.008498458191752434,3.5464588403701782,0.008873139165469942,-0.47371312230825424,1.116086126707118,1.141038467938419,1,0.003854135784168395,0,0.11042310999998961,"{""type"":""MultiPoint"",""coordinates"":[]}"
00000000000000000141,112,TEBET,MANGGARAI SELATAN,3174011006,3.17401100601E12,Sedang,Manggarai Selatan 09,,"0,5- 1 Jam",± 10.000,672,Pendangkalan saluran air RW 09 dan Kali Sodetan kalibata,009,3,2020,1577865600000,,60,0,-9.565422579818275,-12.368097485689479,-14.610525793107508,1.0528189521023466,2.654878795483386,-2.309834504871939,-6.425773228254632,2.076318955096656,JAKARTA SELATAN,1,1.0,1,0.0,2532.025653133678,2392.8954112657098,2212.8200519202283,40.159097283726624,-4.562663795320551,-56.611897549597415,24.57357069700232,86.99625130083851,18,13.821203509205489,11,3.2474344355755704,-1.755699598777941,-5.101482326112041,2.095770838586729,1.827457249841974,1.0,1.4000005722045898,0.4448044464759917,0.0,-1.1348724365234375E-4,-1.1786076855220537,-1.9153934717178345,0.5901914310393808,0.4373054549493513,28263.047864,28404.168623775247,5.93892765045166,2.756643105353059,0.9274099469184875,3.411975145339966,0.0861552753466752,-1.84377521276474,1.3749696809615313,1.37966049647271,19.40749044997247,14.554718718208576,11.36553554793659,5.643810828493198,0.6931209004940463,-2.5784602532360523,2.8713426812346032,2.7774887701828623,4.3936238288879395,1.4247866295412486,0.00849859043955803,3.6559319496154785,0.44213037566639407,-1.1008227542042732,2.1744036396931845,2.0842909797565694,0,0.0,0,0.0,"{""type"":""MultiPoint"",""coordinates"":[]}"
00000000000000000143,62,SETIA BUDI,MENTENG ATAS,3174021005,3.17402100501E12,Sedang,Menteng Atas 07,Mudah mudahan segera di TL,8 jam,± 20.000,677,"Pendangkalan Kali PHB Menteng Pulo, Saluran Got Rusak/Tidak berfungsi dan Pintu Air Jl. Minangkabau tidak berfungsi",007,3,2020,1577865600000,,60,0,-0.9567726532611438,-11.078337743339958,-14.23361949606487,2.4529221626621847,10.12545339728026,-4.115249665014962,-8.396279280736415,2.6075947762879914,JAKARTA SELATAN,1,1.0,1,0.0,2245.632955170002,1989.7559551338286,1801.1946160211965,31.915559918564213,-21.623875779721807,-75.4125902670039,25.91055973499162,97.10184891147496,17,12.840434502256834,10,2.1835803876850512,-1.9001933522942094,-4.445838084378806,1.428692918495173,1.486446705914413,1.0,3.3999996185302734,0.8943106174161529,0.0,1.8521090745925903,-1.367973399625862,-2.5777649879455566,0.9433779526347499,0.8914101095873231,70130.5799441,70450.96248940458,7.645186901092529,2.221318008398751,0.0,5.114105939865112,-0.27486601402276956,-2.732288122177124,1.416487746738203,1.4101233140685572,22.48769205829646,15.510343617253751,11.055845003664924,8.925088040688646,1.955783777367523,-2.7496565471384447,3.322457190401678,3.3467035158452183,5.8807148933410645,2.624122809170582,0.008498565293848515,5.1812596917152405,1.9045744198187597,-0.9270765511319041,2.8157659590012623,2.8415208462734864,0,0.0,0,0.0,"{""type"":""MultiPoint"",""coordinates"":[]}"
00000000000000000145,501,SETIA BUDI,MENTENG ATAS,3174021005,3.17402100501E12,Sedang,Menteng Atas 09,,1 jam,± 40.000,679,"Hujan yang cukup lama, kapasitas saluran dan Luapan dari bangunan Kokas dan Apartemen",009,3,2020,1577865600000,± 60 cm,60,0,-5.5452413822553215,-11.304436923729364,-14.319790579440806,1.6008238233931564,4.05747109452742,-2.5358240161971177,-7.217435112604589,2.121375918433345,JAKARTA SELATAN,1,0.9917592479550724,0,0.14986672195868136,2492.6342825749775,2202.329175762442,1972.237364886451,36.61318296706986,-21.455826891318072,-72.89564655554727,26.810825532224676,120.60132143768188,18,13.49505554877304,9,2.7217787913338256,-2.08637090490787,-6.489167616875983,2.6624186169478947,2.5483564812863384,1.0,3.299999237060547,1.163801596723856,0.0,1.2077529430389404,-1.9250709611175256,-4.373660087585449,1.6561714716872469,1.1893613125023135,56942.0705692,57137.644203087184,6.226653099060059,2.8293537266335047,0.0,2.2832751274108887,-1.1718694646634134,-4.374389827251434,1.3693337253482563,1.2473667109841398,17.054015860008025,13.249343355995995,11.482406704405776,3.683959240352298,-0.004119889521713287,-1.8558657006238466,1.5718394452003832,1.4965106998185884,0.6373876929283142,0.07370168592458146,0.008498511277139187,0.05163887143135071,-0.4526775143090615,-0.6343947323039174,0.17277173988731745,0.11222655154698524,1,0.00824075204492736,0,0.1498667219586816,"{""type"":""MultiPoint"",""coordinates"":[]}"
00000000000000000147,21,SETIA BUDI,MENTENG ATAS,3174021005,3.17402100501E12,Sedang,Menteng Atas 14,,2-3 jam,± 10.000,684,"Rumah rendah, curh hujan tinggi dengan durasi yang lama",014,3,2020,1577865600000,30-50 cm,50,30,-8.127752136617143,-12.61433206474466,-14.717446246581499,1.387966036490522,5.516859797248884,-2.6852341583873565,-7.049979272372461,2.4635648395212146,JAKARTA SELATAN,1,1.0,1,0.0,2034.5225285572158,1882.8809589034065,1781.981323992732,46.44228733829527,-18.615299591579276,-78.59750880085176,27.373312606009247,55.24452364608811,17,13.668253779311991,11,2.1835803876850512,-1.3851698439008402,-3.98061573546204,1.599092144878076,1.6457330179137044,1.0,2.6999998092651367,1.3215686819437305,0.0,-0.6770811080932617,-2.072624771215564,-2.9518814086914062,0.5920503875001536,0.5385593939849075,29348.1612142,29464.502412882535,5.415506839752197,2.357100267762756,0.9274099469184875,2.9868125915527344,-0.431198224937926,-2.1609106063842773,1.3075063485694836,1.170208224268257,19.710688101453066,13.782769017082323,11.406406594880007,6.140024952183245,0.42097818399103293,-2.0255210420213903,2.048140999781681,2.0379146637693184,5.8807148933410645,0.3826835127653808,0.008498565293848515,5.187306225299835,-0.1980538604720725,-0.6847259299829602,1.5159389762769118,1.5449059750847003,0,0.0,0,0.0,"{""type"":""MultiPoint"",""coordinates"":[]}"
00000000000000000148,-,SETIA BUDI,MENTENG ATAS,3174021005,3.17402100502E12,Sedang,Menteng Atas 15,,2-3 jam,± 10.000,685,Saluran air kecil dan kiriman dari RW 09,015,3,2020,1577865600000,,50,30,-5.163148002347745,-11.337763969189423,-15.423416490902662,1.9304733078690215,0.2513061534326414,-3.4811588715423114,-7.768423724553637,1.9009767630057712,JAKARTA SELATAN,1,1.0,1,0.0,2245.632955170002,2079.53692383546,1903.4041547370969,30.686230616678813,-22.59134476385631,-75.73948507112254,25.493603654554136,99.64875756569445,18,13.06860968885388,11,3.1402508551878903,-1.9132152783737093,-4.438996579247705,1.226105893115348,1.299038105676658,1.0,3.3999996185302734,0.7186371974937551,0.0,1.8708091974258423,-1.7991442481661086,-3.977080821990967,1.0076124579233443,0.8179085607459246,44483.2801718,44624.000797053865,5.931299686431885,1.988116808851293,0.0,3.398261785507202,-0.9886044750865308,-3.505361318588257,1.3264293269340692,1.3247926057042718,19.688772213731962,14.904776541653336,11.312056420588515,5.904691225539853,1.4272199751510406,-2.548216446655223,2.631645115277901,2.7639407022301454,5.753235816955566,1.4742328504776094,0.008498547598719597,5.036541521549225,0.8242585688747255,-0.923249158076942,2.377169544401843,2.4702245502139126,0,0.0,0,0.0,"{""type"":""MultiPoint"",""coordinates"":[]}"
000000000000000001a2,± 17 KK,PANCORAN,RAWA JATI,3174081003,3.174081003E12,Sedang,Rawa Jati 01,,± 1 x 12 Jam,1 RT terdampak,870,Meluapnya Kali Ciliwung,001,3,2020,1577865600000,,40,0,-5.910426917381184,-12.165939163600973,-18.1129886702212,1.8565393774033696,1.9761604867615103,-4.095919507843401,-11.212380856174459,2.307727837018711,JAKARTA SELATAN,1,0.9638963360142985,0,0.21012603181315218,4206.312360166264,3974.5268228863692,3744.1264456109648,45.04338955152434,-13.703129303827716,-63.224022529104786,25.980344899826708,108.00527344933123,34,27.43833780160857,14,8.400228050170611,2.0062494204484818,-10.590649942987827,4.71598952962019,5.323486279952222,1.0,13.399999618530273,8.41446798212087,0.0,8.01630687713623,3.0063040960676655,-5.5080952644348145,4.4714410840516505,4.639792840471812,78077.419033,78381.73729214689,8.277466773986816,3.182146319856164,0.9274099469184875,4.668063163757324,-0.3977484311931786,-2.783944070339203,1.8137113591620606,1.7901531901382965,23.062373789508392,14.068954011309694,11.180396497233348,8.892862744967024,2.230927020351993E-4,-3.135328331982313,3.725269153032995,3.7593176144832037,335.7984619140625,51.12524250304896,0.008497900329530239,292.3304786682129,7.142987258474314,-49.80374390631914,128.74576972464695,130.4156701412556,1,0.03610366398570151,0,0.21012603181315215,"{""type"":""MultiPoint"",""coordinates"":[]}"
000000000000000001a3,± 350 KK,PANCORAN,RAWA JATI,3174081003,3.174081003E12,Sedang,Rawa Jati 03,,± 1 x 12 Jam,"4 RT Terdampak 
  (001, 003, 004 dan 010)",872,Meluapnya Kali Ciliwung,003,3,2020,1577865600000,,50,0,0.02998842807153826,-12.103359845585414,-17.66273758342399,2.585794133823514,5.825330555841548,-4.841864330234218,-11.412027763842783,2.7091529945944846,JAKARTA SELATAN,1,0.7622520283262206,0,0.4384235813529999,4119.4896906263175,3831.8524832795556,3563.962647985464,31.533525139258472,-17.472455326871685,-69.00703190888589,25.299913928633817,126.92725859597287,34,24.42475261454767,15,7.696693272519543,-0.7635713942331516,-10.107183580388064,4.6436027878323545,4.981212391184966,1.0,11.69999885559082,4.951085136569935,0.0,6.536601543426514,0.2565410603771614,-5.063283443450928,3.9196411018424913,4.117871903462253,148642.472286,149222.37017979316,9.597321510314941,3.828746893462604,0.0,6.238569021224976,0.4333312743679421,-3.5560901165008545,2.0693645277014645,2.0493721242960836,26.539447959181874,14.424136325195535,10.82489956590984,12.38259513846216,0.16914018025201596,-3.4292999542517197,3.984606426578349,4.006160828310726,335.68798828125,48.72886071980971,0.00849785003811121,293.41247177124023,5.44678710729513,-48.269730859436095,128.65172478421542,129.24504153578522,1,0.21863715237067965,0,0.4117529545275057,"{""type"":""MultiPoint"",""coordinates"":[]}"
00000000000000000191,± 275 KK,PANCORAN,PENGADEGAN,3174081005,3.174081005E12,Sedang,Pengadegan 02,,± 1 x 24 Jam,"4 RT Terdampak banjir yaitu : RT 006, 007, 008, 009",827,meluapnya Air Sungai Ciliwung,002,3,2020,1577865600000,,60,0,-8.558041748823026,-12.955136892496135,-15.997993607313825,1.3217209076116878,6.113995626785304,-4.883098554035733,-10.745920375396448,2.4211760236323667,JAKARTA SELATAN,1,0.793454492443753,0,0.4037952755903493,4972.305202915262,4749.274881417805,4554.057254208852,50.367628652025815,-3.222513873351794,-57.39866652828641,25.82542393154457,93.3172068151185,33,22.53663929248262,14,11.509692132268707,0.5192528079483498,-7.589509692132683,3.32020554316684,3.4728362639169075,1.0,8.700000762939453,5.647944356535639,0.0,5.022235870361328,1.6438707001986992,-4.072519779205322,2.307993516403561,2.2177796390635893,143458.858017,144016.92853647892,10.408730506896973,3.055817465037157,0.0,7.298277378082275,-0.3581048941579223,-3.601940155029297,1.9535677111962046,1.930494874868593,22.66016797061065,12.60829370428406,10.742090277492538,8.727701356930599,-1.0303629262177834,-3.1083767837551193,1.5515737379429584,1.4849202323179211,336.89471435546875,1.220813950054339,0.008498039096593857,298.7116394042969,-23.145110790883273,-38.17664162442088,35.02512538332891,33.94143038164486,1,0.1808153943340298,0,0.3837597319768145,"{""type"":""MultiPoint"",""coordinates"":[]}"
000000000000000001c2,13,JAGAKARSA,SRENGSENG SAWAH,3174091002,3.174091002E12,Sedang,Srengseng Sawah 01,,1 jm,6000 m,945,intensitas hujan yang sangat lebat dan terjadi merata selama satu hari,001,3,2020,1577865600000,60 cm,60,0,-3.751848179499917,-13.450838993920021,-22.476082069342365,1.9619464667729696,5.255200173890284,-5.026361332977172,-17.33948321661976,2.720241440899419,JAKARTA SELATAN,1,0.7819611802686293,0,0.44426370796468717,1128.550045815337,620.9004300659416,334.4734433447411,76.96060683357553,-51.699962144023154,-129.87129893739922,34.34642938158597,203.5604836828048,69,58.50897423974706,41,7.7491448118577395,-1.243811373354507,-17.155074116306494,5.441723322902998,6.3572663653600525,0.9237725919124522,20.700000762939453,11.188949370789336,0.0,10.276968002319336,0.9905384510612607,-11.511743545532227,6.770392194003453,6.708086979157892,262141.962447,263189.55490162584,24.5480899810791,4.229916846002585,0.0,19.852036476135254,-0.15880572592041275,-4.779798984527588,3.4906877543587744,3.590435569708438,23.204066633280448,14.169335886134396,9.831040027535686,9.570978896708816,0.6500147327403168,-3.8495456424793986,3.5066802067584786,3.572897958482179,274.7852478027344,44.79376812574162,0.008496361784636974,241.8780288696289,18.744882111110414,-39.77211268991232,100.4821191223098,105.36918538270115,1,0.20565689309295734,0,0.4313012418781967,"{""type"":""MultiPoint"",""coordinates"":[]}"
00000000000000000110,12,JAGAKARSA,LENTENG AGUNG,3174091004,3.17409100401E12,Sedang,Lenteng Agung 08,setiap tahun kena banjir,1 hari,5000 m,542,"Got kecil dan gorong penuh kabel,dan luapan kali ciliwung",008,3,2020,1577865600000,40 cm,40,0,2.836199688786186,-13.25512841749388,-17.316508400809496,2.0524380240589015,11.592739996201889,-4.182331110027582,-11.114274492420602,2.9920359013042406,JAKARTA SELATAN,1,0.7403932452918417,0,0.45403846103567264,1403.8079779207503,1067.7669355067262,764.9700312177328,174.73692657603704,46.67649499114453,-85.4687448533225,62.18587118962486,148.18099522187615,64,57.00838681941936,34,9.295324971492917,1.6727592446167865,-19.173318129989383,5.065512984898047,5.94954655787175,1.0,24.0,14.626817116307494,0.0,12.0908784866333,2.895674754279141,-13.68460750579834,6.166476428365774,6.160466726132774,462127.530099,464170.52474136825,15.62314510345459,3.576197334441899,0.0,10.904470920562744,-0.3806816618066482,-4.804050922393799,2.706469559318291,2.933561286383952,22.782045952490623,13.079181484662072,10.600753956646274,9.11692260440733,-0.3502462197469731,-3.1695781710763082,2.2592414252961897,2.2641925494786825,284.1820373535156,11.023544085265504,0.008496562950313091,252.38319969177246,-7.802235221624571,-35.01018004491925,61.433042163040284,63.58601453215593,1,0.2546365083076273,0,0.4483262433581153,"{""type"":""MultiPoint"",""coordinates"":[]}"
0000000000000000048a,323 KK,MATRAMAN,PAL MERIAM,3175011004,3.175011004E12,Sedang,Pal Meriam 01,Dibantu Bersama PPSU,jika hujan berhenti maka air akan surut,1 RW,2133,Hujan Besar ( 2 Kali Banjir ),001,3,2020,1577865600000,20-70,70,20,2.9830654776190846,-8.625467049215215,-17.10229596964892,3.7710151064910145,9.893993928891046,-3.0544035810620507,-11.587124692450882,4.339443541600315,JAKARTA TIMUR,1,0.9993179812244242,0,0.1235455616318547,3403.396085266404,3108.2888760918463,2857.742352646719,43.70715131014276,-9.544746258004423,-52.631170441824,25.722064877958207,150.59944918454207,25,13.033178207494172,7,13.02394526795868,0.8387559673781307,-4.709236031927274,3.465834437668935,3.403056629474753,1.0,2.8999996185302734,1.0998759452980817,0.0,1.5535913705825806,-0.3400312886903441,-1.840251088142395,1.0514037394098734,0.9556060857554896,86977.4679907,87314.0562763016,13.936491966247559,3.7697529964167513,0.0,10.911942720413208,0.8819010701133014,-3.079561948776245,3.191772920801624,3.2584597330588343,17.90135133389271,12.956817610103666,10.441404572030228,4.258276035375966,-0.6168100335489498,-3.4879972718326577,2.109750825627502,1.9469256487742284,0.5609215497970581,0.056216098783238945,0.0084988409653306,0.48157327622175217,-13.914212005597259,-38.23530226200819,13.840279045510584,0.15143222333124118,1,6.820187755757037E-4,0,0.12354556163185447,"{""type"":""MultiPoint"",""coordinates"":[]}"
0000000000000000048b,350 KK,MATRAMAN,PAL MERIAM,3175011004,3.175011004E12,Sedang,Pal Meriam 02,KK AKTIF,jika hujan berhenti maka air akan surut,1 RW,2134,Curah Hujan Tinggi. Kali Baru tidak dapat menampung air di karenakan penghubung di Anderpas Pramuka agak agak Tersendak atau Kurang Lancar.,002,3,2020,1577865600000,20-60,60,20,-1.7301358125923314,-7.546399839308668,-15.004119780576179,3.123855141774064,8.53508296387298,-1.2332245650897895,-11.32122577925394,4.369221757454233,JAKARTA TIMUR,1,1.0,1,0.0,3311.118158822334,3127.577733741242,2929.12256289489,33.25964610715573,-7.262529752383507,-48.85458934125745,25.61445846536812,85.3121944580637,17,11.259379954201163,8,4.994298745723791,-1.015796099767893,-3.911060433295578,1.5017033953787156,1.5508943992096949,1.0,2.8999996185302734,1.7070638341804572,0.19999980926513672,1.5535913705825806,0.32365272326307304,-1.3850630521774292,0.7556943282756867,0.7357350803515436,39641.9542198,39797.93656440494,13.936491966247559,2.1925415683899288,0.0,10.911942720413208,-0.6320619763665706,-2.91751766204834,2.6382321041915464,2.702566341951532,17.34173460668073,13.333337246810332,10.441404572030228,3.53936799148749,-0.39169178611992916,-3.4879972718326577,1.5803069589842684,1.5123460635501293,0.05949193611741066,0.017011912156950294,0.008498823270201683,-4.134103577584028,-19.424613016060952,-34.57288772519678,7.334519494040722,0.011128611644953186,0,0.0,0,0.0,"{""type"":""MultiPoint"",""coordinates"":[]}"
0000000000000000048c,20 KK,MATRAMAN,PAL MERIAM,3175011004,3.175011004E12,Sedang,Pal Meriam 03,Segera,jika hujan berhenti maka air akan surut,10 Rt di RW.04,2135,Tidak adanya pembuangan langsung ke kali,003,3,2020,1577865600000,30-46,46,30,-2.3871965063031335,-9.610574485059514,-16.124133019820697,2.7020463085385975,5.941320200064837,-3.9217164648445104,-10.532906671220427,3.217886943147873,JAKARTA TIMUR,1,0.9826095086718716,0,0.16507964236126804,3402.131587327433,3242.003779295226,3004.5380552876145,41.09492198817816,-0.20556379288001161,-43.0508352765637,25.217100663775042,111.15384227209567,20,14.313870319293166,10,7.5917901938423835,1.4048936383317268,-3.1915621436718933,1.6809637391082812,1.681515938421649,1.0,4.300000190734863,1.9138282935307611,0.19999980926513672,2.876168966293335,0.17169155883820267,-1.9712660312652588,1.5762233645121662,1.4072526773099736,74624.04157,74937.80974205986,6.530695915222168,2.5284161007753756,0.0,3.65190052986145,-0.22421648104056746,-2.875152826309204,1.4309908415982515,1.432076107769783,16.808760968325334,13.237238721236713,11.215052630021905,3.3782175678370923,-0.38914824709547824,-2.685662303008506,1.80095609376971,1.6861333375568277,0.39094364643096924,0.08014022759986286,0.008498815819621086,0.33249862864613533,-16.751265193684677,-30.504158342257142,8.299964832606923,0.14910921752883124,1,0.017390491328128657,0,0.16507964236126815,"{""type"":""MultiPoint"",""coordinates"":[]}"
0000000000000000048f,260 KK,MATRAMAN,PAL MERIAM,3175011004,3.17501100401E12,Sedang,Pal Meriam 10,-,jika hujan berhenti maka air akan surut,1 RW,2142,Hujan Besar 2 Kali Banjir,010,3,2020,1577865600000,20-50,50,20,0.2855326877726081,-7.190587818692197,-11.035223350566827,2.303422489358524,7.7492780843230085,-0.9747052056591254,-6.976228735775679,3.6447306234752803,JAKARTA TIMUR,1,1.0,1,0.0,3421.049981105973,3312.907268179689,3220.204766362868,40.36837022803138,-4.035916730689799,-42.86975677845794,24.820741095543443,59.656333506439914,16,13.89889732206788,11,3.2599771949826533,1.1266865564209385,-1.6909920182442466,1.1052651295026141,1.1763446978129175,1.0,2.3000001907348633,0.5198051714033347,0.0,0.749487042427063,-1.243251665434386,-1.8944129943847656,0.6302979913165568,0.581693595068259,24403.2670767,24470.998555858365,4.637139797210693,1.9689130865365,0.0,2.165346622467041,-0.6051076566799141,-2.697313070297241,1.0441825635751496,1.0216005590818258,17.06299747775601,13.468411226906387,11.74905954160215,3.822310727328759,0.15584716006712576,-1.5576326993940537,1.8258102304553474,1.8081765708854478,0.4419368505477905,0.10500014213356733,0.00849885493516922,0.3714364171028137,-2.510980152705325,-11.43546038120985,3.702295359474017,0.1934070631864063,0,0.0,0,0.0,"{""type"":""MultiPoint"",""coordinates"":[]}"
000000000000000005d9,317,JATINEGARA,KAMPUNG MELAYU,3175031001,3.175031001E12,Sedang,Kampung Melayu 01,,< 24 JAM,1000,2710,"KEBOCORAN TANGGUL / PINTU AIR, DAYA HISAP POMPA PENYEDOT KURANG BESAR",001,3,2020,1577865600000,30 s.d. 75 cm,75,30,2.0253320513824344,-11.27128934731116,-18.75981992706923,3.862158878944605,4.97890801941335,-6.325348073914512,-13.736724558288751,3.715326683791039,JAKARTA TIMUR,1,0.9183504471679365,0,0.3194855331891567,4407.128814786838,4172.833235661586,4024.3873442763816,188.82018341378443,118.58020363950193,-16.752063368830022,50.54581904006943,85.03994238845203,23,17.184564425306394,11,5.14481185860857,-0.5835700767057344,-6.574686431015174,2.5403831743132192,2.824145388062123,1.0,6.59999942779541,2.878396702792005,0.0,4.1052446365356445,0.06043982054864226,-3.0847203731536865,1.9996424185002135,1.893493767920971,69775.4223253,105802.03652690123,7.062941551208496,3.233337200118359,0.0,4.146848201751709,0.3837050906235353,-3.0099215507507324,1.325074425313948,1.3393796766066126,26.553924535739934,14.9106577457962,11.135928301573486,12.513449662213851,0.9104748602905259,-2.8029284720369283,4.231458672510948,4.215560826238307,340.58294677734375,74.98917767232798,0.008498458191752434,303.5472106933594,35.742456551706574,-45.46077848598361,139.79877217386274,140.55458185408258,1,0.008578999668764492,0,0.11249954342810413,"{""type"":""MultiPoint"",""coordinates"":[]}"
00000000000000000513,20,JATINEGARA,BIDARA CINA,3175031002,3.175031002E12,Sedang,Bidara Cina 04,,24,400,2373,Luapan Kali Ciliwung,004,3,2020,1577865600000,50,50,0,1.9378059179298681,-9.90310388208773,-17.3176612905591,3.4777190334374675,14.684158756759482,-1.61183362043602,-10.23546876217836,4.923806049629058,JAKARTA TIMUR,1,0.9855748215066297,0,0.16007269816574257,4824.736501687555,4657.36893822902,4477.833339614565,160.54594865331546,31.54770170615312,-45.032000235692976,44.56801954090133,83.24453906790608,26,22.149060177764824,15,6.205245153933493,2.3529294877041793,-4.8586088939570296,2.6532786944061595,2.8278149508271997,1.0,7.699999809265137,4.553868939156403,0.0,4.994070529937744,1.60106452969061,-3.3004562854766846,2.4265395014534468,2.24605039000661,47802.3978867,47990.57576436558,8.71943473815918,2.7255985561585123,0.0,6.0213236808776855,0.10486524544181859,-2.476881742477417,1.6301900306882184,1.648982430439993,23.766469420855273,13.04726744200019,11.135891116396587,9.885408952433652,-0.9112703184302052,-2.8116986070692,2.8609114537702567,2.8376046496865026,339.5376281738281,14.557506217938394,0.008498343639075756,301.54114532470703,-21.59834014354121,-38.34289247728884,90.86218860111346,91.54696486761306,0,0.0,0,0.0,"{""type"":""MultiPoint"",""coordinates"":[]}"
00000000000000000517,70,JATINEGARA,BIDARA CINA,3175031002,3.17503100201E12,Sedang,Bidara Cina 08,,2,400,2377,Luapan Kali Baru,008,3,2020,1577865600000,50,50,0,0.18677720264787806,-10.951997266778214,-15.986430804445394,2.4072736365643856,6.490089134357465,-4.2871021081646825,-9.627937815976637,2.5529967300838243,JAKARTA TIMUR,1,0.9571825418024467,0,0.19436903249445142,5048.734026429516,4767.551378103891,4460.503453028908,207.07352491732308,28.477787013494858,-64.92479713316516,64.87175696869699,146.38384959258877,28,23.71758640953044,19,7.295324971493336,1.766688008932981,-2.464082098062004,2.048333894662155,1.7641165089612925,1.0,7.100000381469727,2.294622762252,0.2999992370605469,4.331015110015869,-0.7737774930452972,-3.3624866008758545,2.202090708170083,2.128865916129606,130496.850277,131068.6271260974,7.223128318786621,2.519043736945898,0.0,4.658271551132202,-0.016191776265343467,-2.5873301029205322,1.477187224078128,1.4852444147050528,18.951104838786183,12.93215083799446,11.113241737163989,5.765264751320503,-0.4401439212557697,-2.3707556134456897,1.6248268242812078,1.546322498349428,0.22095462679862976,0.031060066973961988,0.008498204872012138,0.17473284155130386,-10.537618487606375,-25.552626494318247,8.334650762742621,0.060243469952739215,1,0.04281745819755331,0,0.19436903249445162,"{""type"":""MultiPoint"",""coordinates"":[]}"
00000000000000000518,101,JATINEGARA,BIDARA CINA,3175031002,3.17503100201E12,Sedang,Bidara Cina 09,,2,400,2378,Luapan Kali Ciliwung,009,3,2020,1577865600000,50,50,0,-5.138799220038278,-10.993682818721135,-15.341370664044515,1.9445929912024353,3.4971677026463293,-3.605200708337654,-8.593077762373108,2.1169406129213955,JAKARTA TIMUR,1,1.0,1,0.0,4661.445986162131,4420.567416044195,4145.519835203624,49.23459610302052,-8.316658884123388,-63.93007528686121,25.803899185709408,117.68656102426317,26,21.718291853665157,14,5.588369441276683,0.8907782968062606,-5.8232611174462185,2.5010097073752577,2.687087794681549,1.0,7.699999809265137,3.235571643684602,0.0,4.994070529937744,0.042967426113801596,-3.8210947513580322,2.8326735957382194,2.5584943661656183,128188.91798,128707.63016197894,4.719674587249756,2.3274470963154497,0.0,2.4869556427001953,-0.05442376314142712,-2.476881742477417,1.0807876653595807,1.074116458083418,19.133437237598933,12.805886808810618,11.555769212681515,5.847586361236834,-0.8095791000274547,-2.3603780235301866,1.3206616865811809,1.244976590684525,0.2039605677127838,0.017805064538655622,0.008498329669237137,0.1604997180402279,-17.359865140271918,-34.86765749193728,10.373235822355504,0.03678598159417051,0,0.0,0,0.0,"{""type"":""MultiPoint"",""coordinates"":[]}"
00000000000000000519,67,JATINEGARA,BIDARA CINA,3175031002,3.17503100201E12,Sedang,Bidara Cina 10,,2,400,2379,Luapan Kali Ciliwung,010,3,2020,1577865600000,50,50,0,2.5227623845305205,-11.411805993278126,-15.583537599868798,2.3176107344778267,8.899385840286222,-3.3943337167133274,-8.206482893379583,2.596559086978492,JAKARTA TIMUR,1,1.0,1,0.0,4361.000152658897,4164.509153102445,3897.2863813230247,42.692895805500484,-14.080960907141732,-69.8750031181089,25.404845727587755,101.65873710530427,24,20.45383914060332,14,3.98517673888216,0.3885234725473267,-5.805017103763191,1.8908971421004743,2.103821487705095,1.0,6.199999809265137,2.7624052121219904,0.0,3.809920072555542,-0.011072040431143224,-3.4475483894348145,2.2085927335284543,2.019659290281109,88045.5874465,88391.24539881127,5.624477863311768,2.0755601995892077,0.0,2.8631365299224854,-0.42029924668100244,-2.620537519454956,1.0872071310721685,1.0817544723478523,16.648538770388793,13.054340443167183,11.365516515853495,3.19585714535455,-0.4202929690456214,-2.5721836300765695,1.330382611352118,1.2950166945308867,0.2974432408809662,0.02700975152082469,0.008498397655785084,0.24061935395002365,-11.681606991661141,-32.86120676994324,10.709172197414363,0.05998463996765626,0,0.0,0,0.0,"{""type"":""MultiPoint"",""coordinates"":[]}"
00000000000000000520,52,JATINEGARA,BALI MESTER,3175031003,3.175031003E12,Sedang,Bali Mester 03,"RT 04,05,06,07,08",2 Jam,330 m2,2388,Saluran Primer lebih tinggi dari saluran sekunder,003,3,2020,1577865600000,50 cm,50,0,3.987729160163548,-10.553844529001147,-16.083174692991566,3.0043421717513525,7.881498239615709,-3.5754815841143763,-9.582865906932717,3.1814495063695882,JAKARTA TIMUR,1,0.9447985776852693,0,0.21059035204970727,4200.170260476811,3962.191956588772,3693.215064037931,120.8289242982055,13.221322427848918,-60.499145887812574,40.913505614488024,113.24999845273574,26,20.94215341919257,16,6.486887115164976,1.7066105525389355,-3.3945267958954766,1.8787215987869412,1.9407669947350372,1.0,6.199999809265137,4.419704068994735,0.7999992370605469,3.7352335453033447,1.9121216766894535,-1.6408216953277588,1.6392578735008025,1.6775816581188205,160978.644743,161543.77286277997,6.724222660064697,2.798052535273249,0.0,3.7272164821624756,-0.12282526343938127,-3.0099215507507324,1.3748342053852614,1.3833348344108325,17.341696580894094,12.50739278483868,11.185547709788421,3.4800958403138846,-1.2327034653114184,-2.7214122430910184,0.8660970112910594,0.8555460740708366,0.05948929861187935,0.012837692173718423,0.008498458191752434,-4.33581580594182,-25.564350742320002,-36.94461942836642,8.054569738236472,0.008229412662319559,1,0.055201422314730485,0,0.21059035204970736,"{""type"":""MultiPoint"",""coordinates"":[]}"
0000000000000000044c,210,KRAMAT JATI,KAMPUNG TENGAH,3175041002,3.175041002E12,Sedang,Kampung Tengah 01,,2,300,2021,"Saluran terlalu kecil, sehingga air tidak lancar dan tidak bisa menampung apabila hujan, selain itu dipengaruhi juga oleh genangan di Perumahan Bulak Rantai dan Paspampres",001,3,2020,1577865600000,60,60,0,1.7744166084169843,-12.417259945897948,-15.708158877760138,2.1805691705614474,5.581276451225789,-5.373360456148719,-10.17595598247313,2.1491904741528103,JAKARTA TIMUR,1,0.9471517485835501,0,0.2392855715896167,2212.8200519202283,1882.7884408864527,1601.393631575576,43.15339175700319,-12.489722335052502,-74.73396095356861,26.80490710714625,129.78862695105235,40,32.686580702782685,28,6.684150513112307,0.4664779010315332,-4.253135689852314,2.1152575872979926,2.474377922531204,1.0,6.100000381469727,3.221809029549221,0.0,3.517674207687378,0.7296824158710287,-2.8949830532073975,1.4072147830525552,1.3915453264862947,249582.898024,250598.81134479254,7.3788604736328125,2.2665886415658423,0.0,4.84082818031311,-0.19618434124652515,-2.6308164596557617,1.2374084868773612,1.2443120426251795,21.898073877074033,13.02273293033864,11.091572679264349,7.880419963678827,-0.9155721243145399,-2.8904852712723397,1.5296887202114073,1.5252339360843241,3.288506269454956,0.09666459314931307,0.008497367613017559,0.8174772262573242,-2.3204448737346195,-3.6770742535591125,1.0031006620833935,0.5846918341433207,1,0.052848251416450394,0,0.23928557158961689,"{""type"":""MultiPoint"",""coordinates"":[]}"
0000000000000000044d,598,KRAMAT JATI,KAMPUNG TENGAH,3175041002,3.175041002E12,Sedang,Kampung Tengah 02,,2,400,2022,Curah hujan yang tinggi dan saluran air/got dibeberapa tempat tidak lancar,002,3,2020,1577865600000,60,60,0,1.7744166084169843,-12.444547008167334,-17.233723798965556,1.838349294967688,5.26478377911761,-4.449319338889773,-9.02609630023236,2.1406721692380657,JAKARTA TIMUR,1,0.959221387212024,0,0.19722323674765432,2532.025653133678,2112.4965747288397,1855.3248465545596,30.514802945948304,-18.29492765325254,-74.73396095356861,25.359844482738392,163.37879999820456,38,31.559987269516633,26,6.957810718357543,0.4531505148449385,-4.768529076397304,2.474392526836945,2.5724940882229657,1.0,6.500001907348633,2.253526239628948,0.0,4.061004877090454,0.057797460056742515,-2.9136834144592285,1.522997381633828,1.533753554696443,339602.234396,341031.1945092481,7.95896053314209,2.709696934559101,0.0,5.464098215103149,0.2450493149069867,-2.6215221881866455,1.475127634242637,1.5002406634114778,21.691843050787988,13.499112839141267,11.01499678788815,8.02335363079403,-0.12208104162990964,-2.554511271380015,2.440319152489815,2.4812080953040967,2.6681840419769287,0.46669449210563924,0.008497428148984909,2.2800640761852264,-0.002484717504471116,-2.761102009564638,1.095995673125245,0.9541968624608236,1,0.03554268818529011,0,0.18637982761781263,"{""type"":""MultiPoint"",""coordinates"":[]}"
0000000000000000044e,778,KRAMAT JATI,KAMPUNG TENGAH,3175041002,3.175041002E12,Sedang,Kampung Tengah 04,,3,1200,2023,Pendangkalan Kali Induk,004,3,2020,1577865600000,70,70,0,1.6661846093631487,-10.513823541806694,-16.30516880555087,2.5950989098516133,10.77536850045393,-4.017927821767586,-9.728479758024704,2.814821577948623,JAKARTA TIMUR,1,0.9548930856875293,0,0.2006275022909803,2821.3751145383426,2489.8328817751435,2157.6877582595803,32.68713532158108,-15.143901744535844,-65.9310932618273,25.46778679380208,163.24121444380748,42,32.95639534883722,28,7.749144811858002,-0.2627361900535144,-5.249714937286726,2.5139497381637868,3.134107377168279,1.0,8.499998092651367,2.289346009720799,0.0,5.70615553855896,-0.2529323772119252,-3.357468605041504,2.128312046644819,2.2338630709306013,178579.558645,179301.8749882755,7.64622688293457,2.648517972654665,0.0,4.924327373504639,0.09452500907506259,-2.7678418159484863,1.4172305671372134,1.4457991138040218,21.148226601055725,13.93295329098981,11.05556422453028,7.262241057109831,0.17739246285847737,-2.664117965559102,2.555026737155004,2.5508263591964533,2.1073498725891113,0.44544390690670954,0.00849734153598547,1.8150961995124817,0.15322875149819296,-0.36469971016049385,0.7610961457743151,0.7647500093519844,1,0.04013188699859529,0,0.1907488985347255,"{""type"":""MultiPoint"",""coordinates"":[]}"
00000000000000000450,562,KRAMAT JATI,KAMPUNG TENGAH,3175041002,3.17504100201E12,Sedang,Kampung Tengah 06,,2,750,2025,Penyumbatan saluran air,006,3,2020,1577865600000,40,40,0,-4.711478806657216,-10.755958767941447,-14.47849682562989,2.120843840243282,5.264688200640668,-4.783940503009587,-9.184007555613851,2.159975333364677,JAKARTA TIMUR,1,1.0,1,0.0,2291.157171937385,2104.361899570188,1912.425078044332,25.406473328589982,-26.28828026987789,-74.73396095356861,25.32282983490513,81.50486182642688,36,31.038504589209765,28,3.6214367160770067,-1.0882315577979405,-4.253135689852314,1.616896080381311,1.781751995223825,1.0,3.999998092651367,2.285038040499306,0.0,1.6275923252105713,-0.08705955606353392,-2.627023696899414,1.2183622221420218,1.2137691737440839,93430.0649432,93870.73082229329,7.3788604736328125,2.1764660622502294,0.0,4.8430938720703125,-0.2220220754025774,-2.4585397243499756,1.1913064464713812,1.2335711215377188,21.51595010418805,13.692849052378307,11.091572679264349,7.891723019728474,-0.00998930982022044,-2.755208152549196,2.56569145224754,2.542799376780337,2.2093188762664795,0.31059155924066134,0.008497381582856178,1.8558681309223175,-0.3219099923776573,-2.2732976293191314,1.1109578948664918,0.8337535397076837,0,0.0,0,0.0,"{""type"":""MultiPoint"",""coordinates"":[]}"
00000000000000000451,200,KRAMAT JATI,KAMPUNG TENGAH,3175041002,3.17504100201E12,Sedang,Kampung Tengah 07,,2,700,2026,"Curah hujan tinggi, saluran/got kecil dan merupakan dataran rendah",007,3,2020,1577865600000,50,50,0,-2.564699565549096,-12.53651979420386,-18.256577827674697,2.3820871282497484,5.249359447119604,-4.786591479813151,-12.974234041152702,2.7418718655557917,JAKARTA TIMUR,1,0.9232131608497585,0,0.29610400790667285,2767.4830418432575,2401.584058108068,1912.425078044332,53.05657470594815,-11.404493555275744,-70.14589135615006,26.664553217210724,195.91323468671615,43,33.41582296393,24,6.614595210945851,-1.8636223251665047,-9.38198403648856,3.001431780618895,3.6742131202664785,1.0,9.69999885559082,2.5419782223793725,0.0,6.68198299407959,-0.6114875811313886,-4.271151542663574,2.5538262726362837,2.5564398245697033,382283.488146,383751.0073505571,8.720192909240723,2.778983724188344,0.0,5.782878875732422,0.0036618244424116418,-2.831895589828491,1.5638361461029568,1.5824283655169444,21.79293433759354,13.535869627271497,10.922327728651771,7.847335166413323,0.03333645456887683,-2.865853468106371,2.1282920378667094,2.176748104530544,2.9144132137298584,0.3210378538183266,0.008497260510921478,2.2179582118988037,-0.567701614942469,-3.6673462986946106,1.0082498183747606,0.8900877656189152,1,0.07678683915024147,0,0.29610400790667274,"{""type"":""MultiPoint"",""coordinates"":[]}"
00000000000000000452,21,KRAMAT JATI,KAMPUNG TENGAH,3175041002,3.17504100201E12,Sedang,Kampung Tengah 08,,2,400,2027,Meluapnya kali induk,008,3,2020,1577865600000,40,40,0,0.7721257196422552,-12.104766650333858,-16.785678563638385,3.0961682939464534,8.62270050507101,-4.081107888395062,-8.45950935945549,3.1046452220339678,JAKARTA TIMUR,1,0.9656713542670006,0,0.18885257457751045,1822.5674819397511,1624.8545983489544,1484.2598772436477,30.436691797124013,-10.308739743092985,-46.15126557896406,24.620967049096652,77.54925512029428,36,30.37091119244847,24,5.538198403648366,-0.3534153818988411,-6.905359179019872,2.468255143682204,2.3710184299287373,1.0,5.30000114440918,2.219884711941458,0.0,2.606044292449951,-0.8011700134795422,-3.5009124279022217,2.0737376513059003,1.9358984047053251,90637.9155937,91042.54095671992,6.227239608764648,2.589652779090384,0.9274099469184875,3.5937979221343994,0.03981640410317646,-1.6277608275413513,1.0605352852131193,1.097785325027196,19.087220275495998,14.42034534206205,11.40342072023005,4.911867306005092,0.5794333237739853,-2.342868897699942,2.744313902754135,2.7460925712051427,3.2375214099884033,1.139647939155911,0.008497503586113453,2.659915119409561,-0.5135404468702225,-3.2908565448597074,1.5332801675186196,1.498587047068511,1,0.034328645732999416,0,0.18885257457751053,"{""type"":""MultiPoint"",""coordinates"":[]}"
00000000000000000453,188,KRAMAT JATI,KAMPUNG TENGAH,3175041002,3.17504100201E12,Sedang,Kampung Tengah 09,,3,700,2028,"Saluran air kurang berfungsi, kecil dan dangkal, pendangkalan kali induk saluran di Jl. Al Bariyah lebih tinggi dibanding Jl. Pelita, Jl. Pendidikan dan Jl. Kober",009,3,2020,1577865600000,50,50,0,-1.9936284214878555,-11.408311949823657,-16.177610039530563,2.5769856943169676,9.60219314000311,-3.8961743530477935,-9.245729555392513,2.6316607807638075,JAKARTA TIMUR,1,0.9283833000679025,0,0.25420840580171017,3071.1090804960018,2748.4489171995947,2377.7853656614247,44.721276911471705,-6.129758813637616,-65.34775120443874,26.342086769639398,162.7808623866638,41,33.59361303730528,26,6.805017103762246,-0.17116920561157414,-6.457240592930972,2.6237449204936394,3.1035753918053985,1.0,8.400001525878906,2.519985457806358,0.0,5.267048358917236,0.016311005793318532,-3.2238311767578125,2.0999958707388338,2.2037112627349362,338866.462865,340288.3809384364,6.568332195281982,2.181842222786181,0.0,4.235363483428955,-0.2659133316004981,-2.5431742668151855,1.3380461505821046,1.3568077884499747,21.073263451974945,13.967994026679849,11.209094616418321,7.267649722202606,0.3579394111044508,-2.3836379753684636,2.1550199038853783,2.1981614969428227,1.4700486660003662,0.1809500694549149,0.008497360162436962,1.1465762257575989,0.0021357949909357314,-0.36469971016049385,0.3164083221710553,0.3429187798068621,1,0.06636967838844417,0,0.24619881111682093,"{""type"":""MultiPoint"",""coordinates"":[]}"
00000000000000000454,300,KRAMAT JATI,KAMPUNG TENGAH,3175041002,3.17504100201E12,Sedang,Kampung Tengah 10,,3,1000,2029,Jembatan terlalu rendah dan pendangkalan kali induk,010,3,2020,1577865600000,40,40,0,-1.080214009203352,-10.215399802203237,-15.271007120336307,2.3093434561669937,6.723098664780466,-3.8373096650515044,-8.137853814374855,2.4803520209305563,JAKARTA TIMUR,1,0.9875752186517894,0,0.10075324463788939,2587.496455406664,2325.4954167010073,2115.3957956173376,31.11262138235861,-13.273451050984606,-62.921364524825094,25.44430437186397,103.0198760341573,35,31.203474066314225,27,3.346636259976716,-0.3537390002549212,-4.335233751425854,1.843036504167829,2.010321819971955,1.0,3.3999996185302734,1.8385286315145493,0.0,1.700683832168579,-0.056459192050912745,-2.326453685760498,1.2399661761305145,1.1891773183793615,143298.640671,143871.38677538178,5.400792121887207,2.309262315496608,0.0,3.115419387817383,-0.0430394186605782,-2.4111709594726562,1.2875306335141994,1.3027625738523818,21.54998023188078,13.869118574352344,11.406233553272873,7.835202884519978,0.03656380862367619,-2.494989628686854,2.737569389142281,2.720299725483195,2.2857961654663086,0.4359261588971874,0.00849741417914629,1.9971362054347992,0.11316243445406206,-0.36469971016049385,0.9031074254603363,0.9077822902604291,1,0.012424781348210588,0,0.10075324463788975,"{""type"":""MultiPoint"",""coordinates"":[]}"
0000000000000000045f,60 KK,PASAR REBO,GEDONG,3175051001,3.17505100101E12,Sedang,Gedong 12,,3 jam,200 m2,2061,Luapan waduk surilang di Rt. 009/012 Kel. Gedong,012,3,2020,1577865600000,50,50,0,-4.824740064774885,-11.93618492347874,-21.98261884692471,2.3023637308012206,6.855463892343517,-5.2920340400025365,-16.254380447846692,2.63504264175754,JAKARTA TIMUR,1,0.8731298203222678,0,0.32260113544524655,3651.0322901167087,3237.3202609297405,2779.8933419494465,186.09108921710367,24.14780339263506,-60.010118027146746,49.98419851441507,226.29975764085108,45,37.56027422277789,31,8.120866590649214,0.6137655123758751,-6.274800456101076,3.3034671868087924,3.2169112013484136,1.0,16.999998092651367,3.461989240594246,0.0,11.10923433303833,-1.274285189355145,-6.3452677726745605,3.311630671083057,3.2271882649856245,248208.64324,249233.1768656919,8.777689933776855,3.3957036707024892,0.0,5.781914949417114,0.2618339175858649,-3.4461183547973633,1.7059625356405848,1.6584589788936968,20.21793537753442,12.771377047395799,10.91565462511544,7.040038497666448,-0.22560086514832128,-2.1145104826561294,1.6504713214469346,1.6096510208576877,0.628798246383667,0.054973978950238124,0.008497278206050396,0.4732495844364166,-2.996386136394185,-34.44143859948963,7.818771201276523,0.15315352226471235,1,0.09462933565598527,0,0.2882414985322975,"{""type"":""MultiPoint"",""coordinates"":[]}"
000000000000000005b3,40,PASAR REBO,CIJANTUNG,3175051003,3.17505100301E12,Sedang,Cijantung 06,,3 Jam,50 M2,2652,Kiriman Hujan Dari Bogor sehingga saluran Kali Gongseng tidak lancar dan tidak dapat nempung depot air yang tinggi,006,3,2020,1577865600000,30 cm s.d 50 cm,50,30,-2.939160797314581,-14.310515229521194,-19.061565369248633,2.0016730011733106,5.049586056418454,-6.312170319945523,-12.182329982291947,2.6959839022007936,JAKARTA TIMUR,1,0.5239109875460047,0,0.49891014722053256,2758.138671748824,2438.656017843454,2092.901822648123,46.99402233136334,-13.666542495060103,-66.73390949124177,26.180599002301825,177.53884163502903,54,40.31758258035846,28,8.240592930443967,-2.405503336049415,-11.97377423033145,4.013866798909473,5.883581583327842,0.9995499027917225,13.299999237060547,4.255097493702333,0.0,7.774343490600586,-1.0557905136910695,-5.8452677726745605,3.9830305368213343,3.9707461835351685,305963.934959,307241.16888944403,9.104012489318848,3.1249990538405306,0.0,6.129549741744995,-0.0032736617825303597,-3.287598133087158,1.5736161453933677,1.5701864532872216,21.884775890594195,13.967357939032143,10.878504124366195,8.297139480071102,0.36870385633560826,-2.689946811061599,2.738348201051517,2.6998708051409857,3.5686190128326416,0.7184646618550222,0.00849690567702055,2.7381624579429626,-0.15659782227501046,-2.4405210204422474,1.3512233197149797,1.2997636025756352,1,0.4119617606508437,0,0.4915805336484804,"{""type"":""MultiPoint"",""coordinates"":[]}"
000000000000000001ee,57,GAMBIR,GAMBIR,3171011001,3.171011001E12,Tidak Diketahui,Gambir 01,Sudah Telepon RW,-,-,1069,Debit air melebihi turap kali ciliwung,001,0,2020,1577865600000,-,0,0,14.206740465314331,-8.690925936748515,-17.08305393330648,5.604826457297421,28.596571381766594,-2.547823869709635,-12.445729949625218,5.8737660171241615,JAKARTA PUSAT,1,0.8842787935614939,0,0.33577878475307144,2857.742352646719,2444.3808194035782,1866.8846147581628,240.49085566456233,69.02469877628552,-52.49557393854775,56.79812975785887,243.15832156734405,39,9.028702401416888,-5,30.93158494868856,1.365580142690897,-12.59293044469797,4.5470078951264625,4.828128466579562,1.0,6.90000057220459,2.2387501371833944,0.0,4.508552312850952,0.28237753709405705,-2.4481186866760254,1.6983419509327,1.8757986693068507,401724.063428,403398.5475030602,28.617029190063477,5.97117855650451,0.0,23.823338985443115,0.4593985534799349,-6.23242712020874,4.105298167367978,4.032112947684864,23.82542621516703,13.60680105106847,9.653588583514155,10.000981355886678,-0.1985014420496057,-4.350536263742985,4.202890723145664,4.229613919392902,360.146484375,58.983637477510555,0.008499130606651306,314.0757484436035,7.922182295791725,-64.04378503188491,141.71394256670575,143.88943795708536,1,0.06355159660363598,0,0.25594784049128877,"{""type"":""MultiPoint"",""coordinates"":[]}"
0000000000000000028d,50,GAMBIR,KEBON KELAPA,3171011005,3.171011005E12,Tidak Diketahui,Kebon Kelapa 01,Tidak diangkat,-,-,1321,Curah hujan tinggi,001,0,2020,1577865600000,-,0,0,16.99377906194043,-8.285891526068564,-16.119924770973032,4.2944939747295905,22.93179116166356,-2.2342050445675876,-9.368114392423685,3.979589620956872,JAKARTA PUSAT,1,0.9950429610046265,0,0.06441510347391806,1209.523820209072,696.0164122691824,382.4850156088664,11.737130988368449,-46.53639722639819,-119.46968123267698,29.407305153388144,186.43232782239963,18,8.508009019867034,2,10.370581527936022,0.8867233412553954,-5.945267958951107,2.9634398965329565,3.0299431604496396,0.7322116474508512,5.300000190734863,2.7578885136150815,0.0,2.878221273422241,0.48927219742902905,-2.687913417816162,1.4358923099349856,1.5634255766851934,179458.670031,180173.15190861563,14.28170394897461,3.4093438773973057,0.0,10.344012022018433,-0.425821951936959,-4.415002346038818,2.1161253573639414,2.1422806875921356,23.834775798456235,12.864683233039784,10.962168002090033,10.19272000799313,-0.6585510471593018,-2.6481747128774487,2.893158704274015,2.8843434860723858,363.52069091796875,18.305018352717997,0.008499431423842907,321.9973449707031,-12.857056509868599,-46.204924926161766,97.46491962450702,100.45427596257888,0,0.0,0,0.0,"{""type"":""MultiPoint"",""coordinates"":[]}"
00000000000000000290,50,GAMBIR,KEBON KELAPA,3171011005,3.171011005E12,Tidak Diketahui,Kebon Kelapa 04,Tidak diangkat,-,-,1324,"1. Curah hujan tinggi;
2. Kiriman anak sungai ciliwung",004,0,2020,1577865600000,-,0,0,2.087496587345746,-11.45639034769149,-17.753116584486392,2.920048321705319,12.511366575553414,-1.8971373180647682,-9.80137661673735,3.8021886818488233,JAKARTA PUSAT,1,0.9116965130113793,0,0.29102793983826,1791.6137256454913,1430.0086477145496,1205.9611502604637,147.85041593147503,18.845299108306797,-57.00482399743805,44.14643668518193,143.99695737486172,53,8.601208090545777,2,45.59863169897364,0.8100742253596106,-6.020524515393541,6.265864880562636,6.225410675437299,0.8999740031167505,5.300000190734863,1.5647045911902235,0.0,3.0767390727996826,-0.4370900071261152,-2.6413912773132324,1.2060512262880745,1.1544108634363406,228577.194735,229593.2939285605,33.69878387451172,5.6405335411412585,0.0,29.00796365737915,1.0290267356032154,-4.839754104614258,5.20822855755187,5.255467585693311,23.83255202152646,12.814071627427412,9.452885462983993,10.30607007978325,-0.4561954232765259,-4.080332851238582,2.755864651389795,2.789851366084636,363.0447082519531,14.947593198205213,0.008499356918036938,324.9693489074707,-11.45886302658578,-43.47711158450693,80.27603569197295,82.98813240278884,1,0.06760425882424724,0,0.2416701742592972,"{""type"":""MultiPoint"",""coordinates"":[]}"
0000000000000000029b,12,SAWAH BESAR,PASAR BARU,3171021001,3.17102100101E12,Tidak Diketahui,Pasar Baru 08,Tidak diangkat,-,-,1349,"1. Intensitas hujan tinggi;
2. Meluapnya air sungai ciiwung;
3. Kurangnya resapan air disekitar wilayah;
4. Sempitnya saluran air di sekitar wilayah",008,0,2020,1577865600000,-,0,0,20.391049012899202,-11.289220766261392,-19.882249974109463,4.51035723150253,17.055113449208513,-5.678580693667024,-14.398939630892048,4.193573745120963,JAKARTA PUSAT,1,0.7485916371014362,0,0.4296403214992015,2435.003422595757,1808.6746743818237,1037.1581193100906,176.66545985792914,18.97535930932595,-84.35013788728293,57.00935764336345,292.6252503215596,48,8.852188960550729,-3,38.54389965792458,0.021993767366071264,-13.702394526796091,5.590976717439427,5.779372841621994,1.0,8.800000190734863,2.2683243800836665,0.0,6.815735459327698,0.10544644469424728,-2.598289728164673,1.5594380348379429,1.667516796654721,923038.337782,926794.8951409508,36.77738571166992,5.662272857660724,0.0,30.103747844696045,0.2033736414047894,-7.680924892425537,4.544090334579754,4.782782886828989,23.482642361165567,12.874278463580158,9.40115302175617,9.662102120218888,-0.0923362832066762,-3.2953594638501613,2.4661008563907143,2.589530739445028,362.58575439453125,12.37976344587329,0.008499238640069962,321.5885200500488,-5.498114440096581,-59.12200915906578,70.67118647241404,74.95379793892535,1,0.18758902629321916,0,0.38609231059437304,"{""type"":""MultiPoint"",""coordinates"":[]}"
0000000000000000029e,167,SAWAH BESAR,PASAR BARU,3171021001,3.171021001E12,Tidak Diketahui,Pasar Baru 03,Tidak diangkat,-,-,1352,"1. Intensitas hujan tinggi;
2. Meluapnya air sungai ciiwung;
3. Kurangnya resapan air disekitar wilayah;
4. Sempitnya saluran air di sekitar wilayah",003,0,2020,1577865600000,-,0,0,-0.37337645945895137,-9.236472413431219,-17.62215449080893,3.505361887751435,7.064201249295026,-4.133632341776149,-10.43941673086648,3.060476293039183,JAKARTA PUSAT,1,0.8991023717391877,0,0.28529933709058547,1391.4936349159198,1062.1999223122255,724.5275140752155,59.009997302685406,-21.47228658076708,-87.43549956921515,29.199630956129493,169.98798543541085,22,8.400879201874224,0,13.60091220068402,0.326774302097098,-8.334093500570262,3.6836596621654736,3.7649901179563177,1.0,3.5,2.055292436274434,0.0,1.3470921516418457,0.1380827202481002,-1.6836944818496704,0.7250004025102319,0.8800040587212694,132455.106927,133060.7699622268,14.382662773132324,4.0792369679180975,0.0,10.77854871749878,0.5045907763523666,-3.5592613220214844,2.7846647571380974,2.7778628802914764,17.97506570303043,13.40878222037763,10.557282452947,4.735863621550362,0.27328836172751236,-2.3448529718447446,1.807140360217681,1.8773566909714672,1.5298954248428345,0.22615817237325994,0.008499431423842907,1.3214316964149475,0.07559308508586726,-0.1993536464869976,0.44215132074190655,0.45931406534041636,1,0.09552765274158308,0,0.27708596128798313,"{""type"":""MultiPoint"",""coordinates"":[]}"
0000000000000000024c,100,SAWAH BESAR,KARTINI,3171021003,3.171021003E12,Tidak Diketahui,Kartini 01,-,-,-,1241,Curah Hujan Tinggi,001,0,2020,1577865600000,-,0,0,3.4451520874439785,-9.162145352844673,-14.816613449661652,3.6304715041955453,9.678661021703178,-2.1722722621619193,-8.449151737213352,3.221761997208327,JAKARTA PUSAT,1,0.9995639534883721,0,0.16216216216216237,875.1549798115764,671.573528976824,463.8312116386399,34.446179640971536,-23.53267196705952,-83.24241036271792,29.38550827661064,96.5392685446625,13,7.883357558139535,2,6.266818700113899,0.8533068932140472,-5.328392246294308,2.181957647132037,2.112434922126391,1.0,1.9000000953674316,0.9574636267714721,0.0,1.2709237337112427,0.28661829114046894,-0.7335233092308044,0.6928009643274348,0.6839227006231354,48023.0847525,48233.37475980434,7.467730522155762,3.0945654046050337,0.0,4.6129138469696045,0.17152253666589432,-2.8838586807250977,1.7133416986097671,1.7212508822203045,20.11440858032839,12.995661621677076,11.079732571106065,6.9302494354029225,-0.25439341680791516,-2.263929307953294,1.9700785840913084,1.943333832198431,0.5609714388847351,0.09547873924961477,0.008499649353325367,0.4659447446465492,-0.012316851783340774,-0.17612642422318459,0.21728625195225038,0.20942253345012438,1,4.360465116279069E-4,0,0.16216216216216217,"{""type"":""MultiPoint"",""coordinates"":[]}"
0000000000000000024d,987,SAWAH BESAR,KARTINI,3171021003,3.171021003E12,Tidak Diketahui,Kartini 02,-,-,-,1242,Curah hujan yang tinggi dan Air Cliliwung meluap,002,0,2020,1577865600000,-,0,0,2.26113101163547,-10.621553895300009,-15.67507677267428,3.121626654102215,8.025956842422254,-3.766027412267837,-12.431050020475848,3.275568776954137,JAKARTA PUSAT,1,0.9842196763696341,0,0.16145661892879587,1037.1581193100906,864.7141718661122,655.95639015131,181.1999662781477,50.411910295615094,-56.955380243219906,56.428236833279406,92.95805097547898,11,7.014576739624661,1,3.8665906499428537,0.01263140548598884,-5.77080957810731,1.9567493921742805,2.012080860143325,1.0,2.0,0.9527748408938457,0.0,1.2454960346221924,0.14592450892766376,-1.0567845106124878,0.6234381817140363,0.5947018748561489,78341.5413547,78653.71621112207,7.605902194976807,2.544998428035409,0.0,4.3992815017700195,-0.6290934310416205,-3.079486131668091,1.5173632249635418,1.530796232585826,16.524273521135466,12.93428249228258,11.668792644027354,3.2969297588098847,-0.19711536894746876,-1.4942542113971218,1.0915382805616762,1.0827131717346232,0.5439721345901489,0.028422064471587828,0.008499624207615852,0.44542739540338516,-0.06615165222374915,-0.09442583005875349,0.09889463994406537,0.09735641618286295,1,0.015156243034814781,0,0.13243211584099399,"{""type"":""MultiPoint"",""coordinates"":[]}"
0000000000000000024e,40,SAWAH BESAR,KARTINI,3171021003,3.171021003E12,Tidak Diketahui,Kartini 03,-,-,-,1243,Saluran air tersumbat serta rendahnya jalan,003,0,2020,1577865600000,-,0,0,-2.7564441310148915,-8.555518358571312,-15.365010495131997,2.5181967944934307,6.215218260166376,-3.0802117617183087,-9.310003904948253,2.8839239168000814,JAKARTA PUSAT,1,0.9985332568076015,0,0.10975609756097544,1128.550045815337,1019.6136765340616,913.6415294927517,186.34079895885088,123.3868712993169,23.94779407318208,37.118056918511805,54.09496303613511,13,7.370320770359031,3,6.240592930444568,0.4771413552572033,-4.224629418472184,2.1315636707303884,2.022663089255187,1.0,2.0999999046325684,0.6414641444837094,0.0,1.3798174858093262,-0.06469459793988969,-0.9107183218002319,0.7425973612729794,0.7645825832533067,54729.5311695,54948.11510880524,5.655066013336182,2.802394420826482,0.9274099469184875,2.5918402671813965,-0.2421055629875091,-2.2816733717918396,1.186712962061391,1.202678600195675,16.485454422576716,13.153608807551592,11.360196607640496,3.3266913050708293,-0.015477105861507917,-1.8367691909494503,1.4204109527567916,1.4034082917613788,0.467475563287735,0.08190995545913021,0.008499596267938614,0.3852420002222061,-9.321187320006425E-4,-0.08625561837106943,0.1566048431473711,0.15463468015193296,0,0.0,0,0.0,"{""type"":""MultiPoint"",""coordinates"":[]}"
0000000000000000024f,20,SAWAH BESAR,KARTINI,3171021003,3.171021003E12,Tidak Diketahui,Kartini 04,-,-,-,1244,Curah Hujan yang tinggi,004,0,2020,1577865600000,-,0,0,2.1742391384578332,-8.392373430894352,-16.607323601514437,3.0603123689128657,6.215218260166376,-3.2590127941406104,-10.038586466628491,2.58213084238128,JAKARTA PUSAT,1,0.9937363759278167,0,0.16706255004308782,1128.550045815337,946.951501294421,742.1299386218238,186.34079895885088,42.62904203361612,-66.87111855727665,61.741194542983216,114.9442046198975,13,7.40034767252559,1,5.7035347776509395,0.3658202624724591,-5.760547320410616,2.0047369821288563,2.05056472602073,1.0,2.0,0.7944510710337759,0.0,1.3095781207084656,-0.01876466156864616,-0.8194983005523682,0.5436601955393376,0.5455779285694891,126400.938873,126941.71762513259,9.29229736328125,2.889192579073217,0.0,6.2456183433532715,-0.0597817344511717,-2.980848789215088,1.7218954062086087,1.7233931347048468,18.899962411547513,12.987019825301266,11.08264843873465,5.661105955293671,-0.19386134567623708,-2.0840090881862583,1.3366948738678013,1.3336385409949674,0.34848251938819885,0.04140911191620269,0.008499552495777607,0.27852823585271835,-0.057902587023342514,-0.1494520641863346,0.07910526013479265,0.0749577393132799,0,0.0,0,0.0,"{""type"":""MultiPoint"",""coordinates"":[]}"
00000000000000000250,375,SAWAH BESAR,KARTINI,3171021003,3.171021003E12,Tidak Diketahui,Kartini 05,-,-,-,1245,Saluran air tidak bisa menampung air hujan,005,0,2020,1577865600000,-,0,0,-3.9969648517544627,-9.295385738061162,-16.492707782808864,2.6068043543720147,3.2328767218411305,-3.974205130888372,-11.592451883740084,2.5192082271222174,JAKARTA PUSAT,1,1.0,1,0.0,1057.6978978086688,871.9039627397096,655.95639015131,35.6074546532019,-26.513474045240304,-84.88817239326488,29.742576376686618,108.49339222580271,12,7.036595417330625,3,4.149372862029526,-0.35862722042392187,-4.079817559863305,1.826124180758538,1.884012680615058,1.0,2.8000001907348633,0.8853947188384036,0.40000009536743164,1.6412768363952637,-0.3067948461934836,-0.7247437238693237,0.48881854722984447,0.5330212308394568,63509.0834375,63776.971691849496,11.119087219238281,2.8113729029024315,0.0,7.920579195022583,-0.38550941773093456,-3.2626147270202637,1.759405016567612,1.7575112595106581,17.341819091077497,13.356490267978426,10.67466735882586,4.104151411889106,0.11015366354891512,-2.6100508168341428,1.2529418374955201,1.268498566136251,0.09349489957094193,0.033558213940742106,0.008499509654939175,-0.07173683028668165,-0.12442070618394646,-0.20885157771408558,0.028610687525793668,0.025598001729666604,0,0.0,0,0.0,"{""type"":""MultiPoint"",""coordinates"":[]}"
00000000000000000251,849,SAWAH BESAR,KARTINI,3171021003,3.17102100301E12,Tidak Diketahui,Kartini 06,-,-,-,1246,hujan deras,006,0,2020,1577865600000,-,0,0,-4.954769900174631,-9.743461893693029,-13.722563727284122,2.1295295426532026,3.2328767218411305,-3.444601856246012,-7.7467244388635805,1.99619619059989,JAKARTA PUSAT,1,1.0,1,0.0,1205.9611502604637,1094.986858175318,1020.4286656050078,119.52599687499242,22.354429483083358,-44.05057019870651,33.685685023852265,44.7411339147912,13,8.00141489804411,5,5.7035347776509395,0.5344636194493307,-2.4161915621438173,1.6478524678932736,1.6371536607305786,1.0,2.6999998092651367,1.0934332374528302,0.40000009536743164,1.058950662612915,-0.1328034695316938,-0.7548459768295288,0.4574238244597052,0.5748223888773296,41918.3932514,42049.77139534996,6.566720008850098,2.643922103086313,0.0,3.48663592338562,-0.5071905399678499,-3.2178092002868652,1.7057185236607921,1.652606546212257,15.95552538739574,12.609019498067372,11.321621266022772,2.9753794105843987,-0.4567963375950088,-1.8573137910258666,0.96057677429276,0.9368255052391772,0.03399822488427162,0.01052061886942503,0.008499509654939175,-0.01849154755473137,-0.05938054670727393,-0.12251988891512156,0.026937900016416914,0.004470509203968459,0,0.0,0,0.0,"{""type"":""MultiPoint"",""coordinates"":[]}"
00000000000000000252,448,SAWAH BESAR,KARTINI,3171021003,3.17102100301E12,Tidak Diketahui,Kartini 07,-,-,-,1247,Hujan deras,007,0,2020,1577865600000,-,0,0,-3.1119569492188073,-10.075040102632997,-13.722563727284122,2.3544727295363015,5.454583070775618,-3.741843127764162,-7.7467244388635805,2.2010814592382704,JAKARTA PUSAT,1,1.0,1,0.0,1261.7573092267978,1188.3513961818044,1113.1949079327358,146.11716182526857,55.96495737882336,-34.385794250234085,46.24974346886841,43.99880533528565,9,6.168494290251833,2,1.7001140250853917,-1.452540669134134,-6.13112884834675,1.7799507728093225,1.64946688273209,1.0,2.200000286102295,1.149534960859781,0.40000009536743164,0.7641963958740234,-0.1107879475909679,-0.7752566337585449,0.4636443816840261,0.6938292592858465,46135.245153,46350.785802695435,5.247210502624512,2.29860284923831,0.0,1.7872591018676758,-0.8383643335882459,-3.174652576446533,1.1266863782322363,1.1749498013789237,15.95552538739574,12.750993155721057,11.435492932267074,3.099356608624353,-0.19421716640194558,-1.3993971627294517,1.0728343518797196,1.0790393160081038,0.050997085869312286,0.014426015586138178,0.008499509654939175,0.01444045826792717,-0.032135412521330134,-0.05508717894554138,0.014534354318729492,0.011984721761541393,0,0.0,0,0.0,"{""type"":""MultiPoint"",""coordinates"":[]}"
00000000000000000253,40,SAWAH BESAR,KARTINI,3171021003,3.17102100301E12,Tidak Diketahui,Kartini 08,-,-,-,1248,Curah Hujan Tinggi,008,0,2020,1577865600000,-,0,0,-4.238369194081893,-10.128349694479828,-12.976700637764523,1.6855651480086444,3.4454817645121882,-4.0117093652088425,-7.820597858009599,2.0736050023820294,JAKARTA PUSAT,1,1.0,1,0.0,1162.3576847727466,1053.2445079944416,798.0053903044136,157.3809225384822,87.16694403564166,-39.36342451431153,50.06033138242038,105.29250282593692,10,6.435802848652527,2,2.6636259977193744,-0.8501957611739465,-5.3774230330674015,1.9383707750992647,1.937896304104246,1.0,0.7999997138977051,0.3738907154300977,0.0,-0.078449547290802,-0.3690255686010124,-0.7426453232765198,0.2367253160522045,0.28372493478568694,34094.3853105,34226.90056388808,4.145432949066162,2.1338895546606986,0.0,1.0348865985870361,-0.7960825893451158,-3.0576958656311035,1.0709553791858837,1.0852076396107835,20.08265954976022,13.732202275855151,11.67224871092317,6.967523903980577,0.6093462934052499,-1.510500860867145,2.1044905873786384,2.1138852052161874,0.5439721345901489,0.13075422670149006,0.008499563671648502,0.45155254751443863,0.05503511117895904,-0.0877578416839242,0.2066727479278222,0.21234772498041105,0,0.0,0,0.0,"{""type"":""MultiPoint"",""coordinates"":[]}"
00000000000000000254,30,SAWAH BESAR,KARTINI,3171021003,3.17102100301E12,Tidak Diketahui,Kartini 09,-,-,-,1249,Curah Hujan Tinggi,009,0,2020,1577865600000,-,0,0,2.26113101163547,-9.498548571099025,-13.1968685007608,2.651220164052067,6.845273738869803,-5.1027798882207955,-8.360740564721768,2.32634040207885,JAKARTA PUSAT,1,1.0,1,0.0,1049.530224242096,961.2284076888818,855.2624952764933,181.1999662781477,89.33049470872002,-2.223447209465917,52.39870202682874,54.747135550637914,10,6.974733517568102,3,3.030786773089937,-0.020477248776939405,-4.0376282782213355,1.9005945919558755,1.8616122045152164,1.0,2.0,0.631530393125321,0.0,1.272748053073883,-0.0827283506048935,-0.9361459612846375,0.7197762334230123,0.7741731257546695,26467.3591073,26589.224133450953,5.655063152313232,3.186551736536614,0.0,2.569185972213745,0.06077005312872302,-3.079486131668091,1.3576386441114752,1.3245353626541747,16.485454422576716,12.533872496794572,11.365659302909352,3.3266913050708293,-0.6211630641046976,-1.8367691909494503,1.173410238708166,1.165578131442016,0.467475563287735,0.0253735168930523,0.008499613963067532,0.37904900312423706,-0.0660647953144597,-0.08989974670112133,0.09942700554025792,0.09729997979586567,0,0.0,0,0.0,"{""type"":""MultiPoint"",""coordinates"":[]}"
00000000000000000208,113,SAWAH BESAR,GUNUNG SAHARI UTARA,3171021004,3.171021004E12,Tidak Diketahui,Gunung Sahari Utara 02,Tidak diangkat,-,-,1120,"1. Curah hujan tinggi;
2. Dataran rendah",002,0,2020,1577865600000,-,0,0,0.18439708608128727,-11.820530530998235,-19.139256167661742,2.958354498290492,15.884890409206122,-4.539153220082235,-13.880633441062752,4.046558296695028,JAKARTA PUSAT,1,0.9357471171679704,0,0.2599996661322643,1147.455046826599,1037.8723150721232,798.0053903044136,209.06202844234383,128.98492608567872,-27.842081949837507,60.13281845570441,83.73893406550374,15,4.541166034997179,-2,11.20638540478901,0.27653892258838264,-6.353477765108405,2.5689039114484187,2.5371634933170917,1.0,4.400000095367432,1.6826384967492967,0.0,2.4657925367355347,0.04493409221513206,-1.7844926118850708,0.7874079578211136,0.844898634218669,216293.837121,217172.48590712016,11.918478012084961,3.6477260805572125,0.0,8.683323383331299,0.5975391812396041,-3.461369276046753,2.081697647662415,2.107279961128888,17.654168899647196,12.989846631038105,10.710619992449343,4.032131391177968,-0.40231642004003154,-2.8566901608823922,1.4884643619697764,1.538452938952761,0.7564793229103088,0.06719647300371889,0.00849967822432518,0.35724369436502457,-0.15873522273389562,-0.5207891818135977,0.1835474975753678,0.17583609384900833,1,0.05160874123054592,0,0.23567668367574052,"{""type"":""MultiPoint"",""coordinates"":[]}"
0000000000000000020b,269,SAWAH BESAR,GUNUNG SAHARI UTARA,3171021004,3.171021004E12,Tidak Diketahui,Gunung Sahari Utara 04,Tidak diangkat,-,-,1123,"1. Curah hujan tinggi;
2. Dataran rendah",004,0,2020,1577865600000,-,0,0,-1.0255216532700113,-9.485764265049786,-17.393014208819675,3.2612543544213546,5.385751124460513,-4.372000572216044,-12.380219901229719,3.0078840137637384,JAKARTA PUSAT,1,0.9653630095045396,0,0.18146272071217381,880.0578471922215,591.8969259408107,293.3526157307405,51.706380697383,-53.80466115023784,-135.71965907903052,33.4809526526529,121.98215418037249,14,6.470275019301935,1,7.40250855188129,0.5983963691200979,-5.311288483466496,2.192874980734446,2.40618794864717,1.0,1.8000001907348633,0.7502782773465028,0.0,0.8827823996543884,-0.15713435980824314,-1.0489168167114258,0.6212445878321923,0.6199504626349452,131068.810605,131592.34959196192,9.29229736328125,2.7439205288150714,0.0,6.2456183433532715,-0.5475793693228838,-3.174799919128418,1.5805879502768672,1.5256593459211303,18.899962411547513,12.967397836021128,11.312221506225,5.661105955293671,-0.41444437737608575,-2.1971875048501257,1.3327279888604124,1.2704080675847895,1.750883936882019,0.038807797491275116,0.008499563671648502,1.3485893309116364,-0.20665268243207743,-0.4128682278096676,0.1772774841202386,0.14624914527015398,0,0.0,0,0.0,"{""type"":""MultiPoint"",""coordinates"":[]}"
0000000000000000020c,214,SAWAH BESAR,GUNUNG SAHARI UTARA,3171021004,3.171021004E12,Tidak Diketahui,Gunung Sahari Utara 05,Tidak aktif,-,-,1124,"1. Curah hujan tinggi;
2. Dataran rendah",005,0,2020,1577865600000,-,0,0,5.6815518454740905,-10.125854475888215,-17.62215449080893,3.618587267418247,8.52934869242953,-4.797179580833791,-11.821435539459237,3.6190367854502252,JAKARTA PUSAT,1,0.9200756680066209,0,0.261891400439462,798.0053903044136,521.188146080243,278.29872698318394,-2.7334704051306744,-70.45023620485162,-151.2998087567292,32.993468486173924,126.78258317989845,19,7.8111094391538956,0,11.584948688711375,0.9528762085734938,-6.923603192702524,3.8052941566286362,3.956941492357058,1.0,3.1999998092651367,1.0580903086105387,0.0,2.055187940597534,-0.04204517718493505,-1.4656784534454346,1.0075010509347282,1.0321623886329108,162316.531025,162924.48729642792,12.801006317138672,4.203360897221522,0.0,9.119543313980103,0.499581791383156,-3.8796188831329346,2.714060562986088,2.6121320567277206,18.422965296627915,13.806879446535648,10.529631586330208,5.050110696860889,0.4330358626903115,-2.812093571098874,2.4008994111246227,2.3943433854273457,1.750883936882019,0.5257078634765641,0.008499491959810257,1.3745414465665817,0.2628531247967112,-0.385382816195488,0.7197593195750899,0.7147812193641014,1,0.04604570175627162,0,0.19982631347136331,"{""type"":""MultiPoint"",""coordinates"":[]}"
00000000000000000256,-,SAWAH BESAR,MANGGA DUA SELATAN,3171021005,3.171021005E12,Tidak Diketahui,Mangga Dua Selatan 02,Tidak aktif,-,-,1251,"curah hujan tinggi, saluran air tidak berfungsi",002,0,2020,1577865600000,-,0,0,-6.765844722705701,-11.673341637010857,-13.96727099696707,1.546137663336457,0.5279878881258198,-4.185703729589369,-7.822907820835108,1.8202646666546818,JAKARTA PUSAT,1,1.0,1,0.0,131.191278030262,68.55815633847885,0.0,-156.98387533695094,-207.4235186701002,-283.6001508539196,43.632995920841815,48.12195437229576,7,5.388984353803022,2,1.5279361459519905,-0.34298626099309326,-4.070695553021784,1.525823770233863,1.3819554831542165,1.0,2.000000238418579,0.4949082596625257,0.0,0.7992019653320312,-0.4841756054502697,-1.7648802995681763,0.6430940809426526,0.6368859241802657,38597.2408924,38778.38143716153,4.636961460113525,1.7873254602572315,0.0,1.8346617221832275,-0.9195523689504101,-2.8597912788391113,1.0018217059853423,1.0125772765130505,21.84993288378409,15.024916370667283,11.559774321539711,8.405142699593597,1.2981441704339496,-2.1418626994240633,2.8817782034802404,2.8402416260397616,3.127855062484741,1.0898933291348991,0.008499706164002419,2.76089870929718,0.6481560523658548,-0.49354822374880314,1.4027593329107815,1.390715835978453,0,0.0,0,0.0,"{""type"":""MultiPoint"",""coordinates"":[]}"
00000000000000000257,62,SAWAH BESAR,MANGGA DUA SELATAN,3171021005,3.171021005E12,Tidak Diketahui,Mangga Dua Selatan 03,Tidak diangkat,-,-,1252,curah hujan tinggi,003,0,2020,1577865600000,-,0,0,-6.945403600420972,-10.89523352931227,-14.484596739000386,1.9256518597890582,2.0719489981560075,-2.70468725213631,-7.032899634255453,2.2122384541039093,JAKARTA PUSAT,1,1.0,1,0.0,293.3526157307405,134.7529996739931,0.0,-52.54101793128922,-160.38647709381357,-283.6001508539196,49.4794314587825,61.386248711747264,8,4.756932275023194,1,2.6693272519953277,-0.7720048374564837,-4.480045610034331,1.4386022206231195,1.4406400615636954,1.0,2.200000047683716,1.0573137049551613,0.0,1.4207525849342346,0.26005157716199795,-0.7797035574913025,0.9264342602773342,1.001367447000273,33845.6409893,33967.23559663175,5.24714469909668,2.5867693343183182,0.9274099469184875,2.561171531677246,-0.09298705879578505,-1.7842177748680115,1.0965754964565497,1.10138017950717,18.844593028746498,13.206591975126349,11.435529539757743,4.854039297380911,-0.7581568949460844,-2.594229986420828,2.252350587103243,2.2588963474644563,2.5243723392486572,0.42037873351139105,0.008499706164002419,2.0271992087364197,-0.11626399188612452,-0.5928393099457026,0.9902351842858413,0.9768988118008526,0,0.0,0,0.0,"{""type"":""MultiPoint"",""coordinates"":[]}"
00000000000000000259,-,SAWAH BESAR,MANGGA DUA SELATAN,3171021005,3.171021005E12,Tidak Diketahui,Mangga Dua Selatan 05,sudah cukup baik,-,-,1254,curah hujan intensitas lebat dan ekstrim,005,0,2020,1577865600000,tidak ada genangan,0,0,-4.201049454294923,-11.560030121624544,-14.18870277949015,1.9948621783310785,0.13220036448633163,-3.967533237137737,-7.898804308839935,2.0470715826800334,JAKARTA PUSAT,1,1.0,1,0.0,262.382556060524,144.88795714596435,92.76624232772798,-40.672886243765106,-148.85682362571063,-203.84645990860656,45.93214315492013,49.37987988365038,8,6.062954602457988,2,2.6693272519953277,0.218821203117539,-4.070695553021784,1.6427180924779026,1.4670868242881878,1.0,2.200000047683716,1.2332582364322726,0.0,1.2979475855827332,-0.113956967914855,-1.8621437549591064,1.2079417229337372,0.9656604805850623,13891.0648444,13947.356346511684,5.654966354370117,2.100794313304969,0.0,2.720763683319092,-0.7245386001428089,-2.8070929050445557,1.3541361782933012,1.402969073928421,19.07935725251942,14.851083483852618,11.559774321539711,5.685806962103454,1.2383102155165047,-2.0757832845574598,2.586253878579067,2.469437105688435,3.2468514442443848,0.9474025373149719,0.008499732241034508,2.831194430589676,0.507577082086873,-0.5540341231971979,1.4911969411001005,1.454483128502669,0,0.0,0,0.0,"{""type"":""MultiPoint"",""coordinates"":[]}"
0000000000000000025b,70,SAWAH BESAR,MANGGA DUA SELATAN,3171021005,3.17102100501E12,Tidak Diketahui,Mangga Dua Selatan 08,Tidak diangkat,-,-,1256,curah hujan sangat tinggi,008,0,2020,1577865600000,-,0,0,4.874911432729144,-8.825014542030297,-14.758924484171445,3.4946983192882195,8.795608593956706,-2.8425280745824097,-8.900528638658217,3.5135607384642307,JAKARTA PUSAT,1,0.9983868927125507,0,0.10814004072483467,463.8312116386399,145.57774412532277,0.0,39.986128349556225,-155.0385512777872,-282.3263922784067,78.84926781683892,114.96112840202947,11,5.342263410931174,1,4.987457240592805,-0.6562537508253068,-5.094640820980742,1.986845135606532,1.9930378453371944,1.0,1.8999998569488525,0.3611273302768285,0.0,0.7386544346809387,-0.5829961885649121,-1.912314772605896,0.5484986344942772,0.5192637488762962,110353.156345,110787.6298542598,7.4362993240356445,2.2974207778894886,0.0,4.6519553661346436,-0.4434110633764972,-2.8597912788391113,1.4908957651990893,1.49906447575448,21.84993288378409,14.663762362314417,11.08400808557436,8.405142699593597,1.1244006354581544,-2.4242191754313964,2.5356137456656818,2.565269910287697,3.127855062484741,0.6719488132153405,0.008499713614583015,2.76089870929718,0.33013587812642103,-0.4566423986107111,1.1427531926636028,1.171010730508908,1,9.48886639676113E-5,0,0.07669515619417586,"{""type"":""MultiPoint"",""coordinates"":[]}"
0000000000000000025d,3,SAWAH BESAR,MANGGA DUA SELATAN,3171021005,3.17102100501E12,Tidak Diketahui,Mangga Dua Selatan 09,Tidak diangkat,-,-,1258,curah hujan intensitas lebat dan ekstrim,009,0,2020,1577865600000,-,0,0,-1.894866266930513,-9.991977868877582,-13.978457755892396,2.5952359027563876,5.661519588069293,-3.2632470561611835,-8.153030545772019,2.422423113166519,JAKARTA PUSAT,1,0.9732580961727184,0,0.3027019790651292,499.5615034733919,400.4500479457589,293.3526157307405,29.344803021526786,-39.639130906019524,-103.19257593247028,31.898374520363593,64.40743862875081,9,6.66658488714426,3,2.600912200684026,0.334925749415482,-3.3261117445839314,1.5674153395288026,1.5978431943725224,1.0,1.5,0.4824092955537821,0.0,0.752793550491333,-0.2498781779402606,-0.7675029039382935,0.42749279035875487,0.43518710387711534,28401.5572991,28544.470334115813,4.719645023345947,2.581454419199162,0.0,1.90830397605896,-0.3284010900087634,-3.0229973793029785,1.133487606823345,1.1090000358637142,15.955543028490945,12.96981830855487,11.559766777316788,2.710576739777217,-0.34635579047127246,-1.7423879145424923,1.014136223502781,1.0019855626471594,0.11049593240022659,0.03000751370838291,0.008499706164002419,-0.10366087406873703,-0.1669765304151641,-0.25501680187880993,0.04224623446658515,0.037031802050346244,1,0.026741903827281654,0,0.3027019790651291,"{""type"":""MultiPoint"",""coordinates"":[]}"
000000000000000002b5,120,SAWAH BESAR,MANGGA DUA SELATAN,3171021005,3.17102100501E12,Tidak Diketahui,Mangga Dua Selatan 07,-,-,-,1424,-,007,0,2012,1325404800000,-,0,0,-1.9407809908754377,-11.424606385448044,-18.120439623270073,3.018006598938499,10.68524001552208,-1.266312788937399,-9.532222059068703,3.681172773281818,JAKARTA PUSAT,1,0.9540633543886113,0,0.2188895466135808,586.705231461481,284.28426367478045,92.76624232772798,120.74040381810988,-58.36940170162064,-210.38028566755622,71.54402640829773,104.3439120214743,14,5.450056566418403,-1,7.846066134549483,-1.1857016552504893,-8.067274800456241,2.97917161637548,2.932868395817696,1.0,6.0,1.6106462841592724,0.0,2.3834664821624756,-0.5305499885903123,-2.8816418647766113,1.2235677312418494,1.2827847059987016,147961.899949,148612.8577364378,6.756767272949219,3.0039308106496354,0.0,3.903510332107544,-0.4468097179717885,-4.0162569880485535,1.7109516711233912,1.5141372735256962,19.116695506811126,13.261079390974144,11.180829035395373,5.685806962103454,0.04475933521585215,-2.3155546067720305,1.79681805366194,1.7784837329620966,3.2468514442443848,0.18757908669159196,0.008499746210873127,2.844094008207321,-0.11962168195780636,-0.4555380456149578,0.7976679695230655,0.8185670375524992,1,0.032549259922692565,0,0.18801744524696512,"{""type"":""MultiPoint"",""coordinates"":[]}"
00000000000000000292,750,KEMAYORAN,KEMAYORAN,3171031001,3.17103100101E12,Tidak Diketahui,Kemayoran 07,-,-,-,1338,Terendam bankir dan saluran kurang lancar,007,0,2020,1577865600000,-,0,0,-3.287228551465791,-10.558912498257342,-14.793598926544824,2.191269490486172,1.7819638578508492,-5.722132712678174,-9.996035393684725,1.736373915652379,JAKARTA PUSAT,1,0.9923537803138373,0,0.14430489325798446,1244.5897431721087,1054.8644467474155,798.0053903044136,26.637550531099123,-28.683808656898766,-83.59794554495647,26.696493223262635,116.78952040448029,11,6.984422253922973,4,5.055872291904105,0.7478983110947907,-2.557582668187128,1.2586723726027171,1.2274217107962508,1.0,3.9000000953674316,2.867138443346882,0.3000001907348633,1.9970355033874512,0.8262936239813944,-1.3916760683059692,0.9629020767609013,1.1219571717935903,61123.3915948,61370.22382850704,5.247225761413574,1.9782583303492354,0.0,2.3166356086730957,-0.5395766654946494,-2.752516508102417,1.1912929807836077,1.19523062690847,17.054122518352518,13.111603982302166,11.435484090970238,3.9041121732924324,-0.1408483070409201,-1.8590507223055415,1.076705360785391,1.0521008431388554,0.05099664628505707,0.015395971109370542,0.008499406278133392,0.006725851446390152,-0.07542836978202538,-0.1843469375744462,0.04468837739178066,0.00978579234602898,1,0.007646219686162628,0,0.14430489325798443,"{""type"":""MultiPoint"",""coordinates"":[]}"
00000000000000000293,450,KEMAYORAN,KEMAYORAN,3171031001,3.171031001E12,Tidak Diketahui,Kemayoran 01,-,-,-,1339,"Lokasi rendah dan cekung, luapan anak kali ciliwung",001,0,2020,1577865600000,-,0,0,-2.981403125583622,-9.61046749065134,-14.492304091673681,2.423570119766341,3.705589358679733,-4.470135945143685,-8.847690669399654,2.306877734263116,JAKARTA PUSAT,1,0.9995980101502437,0,0.09534224628819535,1487.155996831178,1148.5179520737784,840.0340520953622,13.013536275173578,-31.13659387149889,-80.95532072589504,26.768611038228773,185.03520339760968,14,8.199738706597662,3,7.017103762827697,1.1168492131832337,-3.989737742303438,2.4087243991518976,2.3693182317051984,1.0,4.400000095367432,2.177136908559415,0.5,2.484150528907776,0.3187884611973457,-0.8336374759674072,1.000372495260813,1.1784488809567915,69440.5759472,69725.24067197843,6.757055282592773,2.5962347068455247,0.0,3.813678741455078,-0.32957020530891884,-3.209998846054077,1.4035711283553358,1.42678198295167,17.054113752342314,12.476528711464026,11.180740211853628,4.052885052660706,-0.54967666418722,-1.8660235136232526,0.9757867712305256,0.9732138048428637,0.042496804147958755,0.009782356601750367,0.008499367162585258,-0.019256766885519028,-0.05694809567861265,-0.09849417675286531,0.018437260099841334,0.0069165782227759345,1,4.019898497562937E-4,0,0.09534224628819508,"{""type"":""MultiPoint"",""coordinates"":[]}"
00000000000000000294,350,KEMAYORAN,KEMAYORAN,3171031001,3.171031001E12,Tidak Diketahui,Kemayoran 02,-,-,-,1341,"Lokasi rendah dan cekung, Hujan deras",002,0,2020,1577865600000,-,0,0,-0.751873764398936,-10.465531885660292,-14.939898775441725,2.02258446426199,1.611027502369068,-4.520640185816172,-9.827997957126485,2.280847243937128,JAKARTA PUSAT,1,0.9885506465517241,0,0.09128386967395155,1495.8107119745314,1135.4819934014824,834.8961809495518,13.110303346183855,-31.651644437299087,-77.42391587387147,26.094235348276744,203.1422023140006,12,7.128367456896553,3,4.984036488027237,0.09544583644595855,-4.0535917901939715,1.746076667173684,1.7417068722653253,1.0,4.400000095367432,2.594665954788697,0.0,2.4686431884765625,0.6925438569976425,-1.1998859643936157,1.269679844657995,1.5681483544250365,77717.3488107,78028.85615259984,6.54877233505249,2.586556952377118,0.0,3.9977807998657227,-0.13340855026403545,-2.932788848876953,1.4253006358820586,1.4074387940310686,17.564939434548627,12.870968177140686,11.26328214025846,4.4718110764853325,-0.14784739449825232,-1.715383163160288,1.1189569241084498,1.1325257102313468,0.220982626080513,0.019522421897891457,0.008499367162585258,0.11706346087157726,-0.03330421801248364,-0.0713375061750412,0.03618102425216148,0.03790759274336256,1,0.011449353448275862,0,0.0912838696739514,"{""type"":""MultiPoint"",""coordinates"":[]}"
00000000000000000295,500,KEMAYORAN,KEMAYORAN,3171031001,3.171031001E12,Tidak Diketahui,Kemayoran 03,-,-,-,1342,"Lokasi rendah dan cekung, Hujan deras",003,0,2020,1577865600000,-,0,0,-0.751873764398936,-9.944526821632651,-13.291748557737545,1.8832372543736373,4.178976352342714,-4.03787196775842,-7.302360003080506,1.9254319809822824,JAKARTA PUSAT,1,0.9877167630057804,0,0.09758549581819431,1529.9400624354655,1340.1188001458597,1117.0534807085016,14.516168610372006,-26.5395964485448,-72.56401264797228,25.492640112243922,115.63777472198375,9,6.486030828516374,3,2.098061573546052,-0.49235087210528755,-3.9543899657926076,1.3513549233082531,1.3570983664905667,1.0,4.0,0.5879769139896234,0.0,2.0533636808395386,-0.8581025450531686,-1.303648829460144,0.36645908498134633,0.4641592432106484,72401.4609272,72714.35228122093,5.624460697174072,2.0717812805707503,0.0,3.2005155086517334,-0.4860738981924302,-2.5216064453125,1.1514101758951807,1.1582304752423072,19.762163300860692,13.972004984259085,11.365629497881345,6.485609214729507,0.7957549071931085,-1.9892109232609183,1.6723943384158555,1.7237682323356498,0.3909703195095062,0.08792539397214207,0.008499367162585258,0.2576373890042305,-0.012979418421406404,-0.14643524773418903,0.10926567833555687,0.12066765767557625,1,0.012283236994219647,0,0.09758549581819442,"{""type"":""MultiPoint"",""coordinates"":[]}"
00000000000000000296,200,KEMAYORAN,KEMAYORAN,3171031001,3.171031001E12,Tidak Diketahui,Kemayoran 04,-,-,-,1343,"Lokasi rendah dan cekung, Hujan deras",004,0,2020,1577865600000,-,0,0,-1.0418411631484215,-9.283372973946035,-13.722348683086448,2.1865941074852815,3.302715379243395,-4.332023601555248,-9.965276347680138,2.252850344219168,JAKARTA PUSAT,1,1.0,1,0.0,1147.455046826599,986.4579231272479,764.9700312177328,15.138445576879576,-35.0209062827032,-83.31681256923594,26.78531082779815,104.4122269356142,11,6.55081195845527,3,4.1037628278219955,-0.42044393164684013,-4.0535917901939715,1.794122507564054,1.7666551932670636,1.0,4.300000190734863,3.093751136835385,0.8000001907348633,2.0533636808395386,0.8417237991377445,-1.2299885749816895,1.1224180064393465,1.2235475420536244,60782.747703,61062.93583753359,6.54877233505249,2.6126098712401644,0.0,3.9977807998657227,0.06387895091905547,-2.608348846435547,1.3581715911185266,1.341065006682994,17.0541197424576,12.976161865481723,11.486800724127074,4.079331793842277,-0.003602822315327285,-1.5254862106727796,1.1646794264474114,1.1548129590433254,0.15298984944820404,0.027948565023157686,0.008499406278133392,0.12037792056798935,-0.004618245387102386,-0.04058717377483845,0.04477337330801915,0.04281648837756411,0,0.0,0,0.0,"{""type"":""MultiPoint"",""coordinates"":[]}"
00000000000000000297,234,KEMAYORAN,KEMAYORAN,3171031001,3.171031001E12,Tidak Diketahui,Kemayoran 05,-,-,-,1344,"Curah hujan, saluran kurang lancar",005,0,2020,1577865600000,-,0,0,-3.7362384120755694,-10.18643887668282,-13.66102789073157,1.9851910284752665,-0.36789135835232656,-5.549609222789223,-9.53904142787853,1.859459011167725,JAKARTA PUSAT,1,1.0,1,0.0,1120.898770843552,949.0033800152894,764.9700312177328,19.64018597070833,-32.49787577409047,-84.82597989988881,26.364580327303766,88.65173806708299,12,8.246008279124778,4,5.37970353477753,1.6197977038093172,-2.3272519954391173,1.5411336054879117,1.6232207717395404,1.0,4.300000190734863,3.645449811944324,1.0999999046325684,1.9028503894805908,1.2519564961343739,-1.089737892150879,0.860498158269066,0.8966740703797391,53081.1832962,53311.50647654142,6.22611665725708,2.3690907133221666,0.0,3.675407886505127,-0.10179561675006099,-2.449796199798584,1.2640384918871568,1.288971956411821,15.955509827910623,12.582246204457176,11.541981227575075,2.813895694571972,-0.5080508489677881,-1.4655158422485606,0.8063078856068419,0.8273172168168597,0.15298984944820404,0.01276786455043638,0.008499420247972012,0.12037792056798935,-0.025584718997980854,-0.08184351120144129,0.022057279829674765,0.020114432282650054,0,0.0,0,0.0,"{""type"":""MultiPoint"",""coordinates"":[]}"
00000000000000000298,520,KEMAYORAN,KEMAYORAN,3171031001,3.17103100101E12,Tidak Diketahui,Kemayoran 08,-,-,-,1346,Terendam bankir dan saluran kurang lancar,008,0,2020,1577865600000,-,0,0,-1.109719579755601,-10.313074977055397,-15.21609852761523,1.9564074050546167,6.577316496735257,-4.694224761318649,-10.896879451609017,2.5492132750766165,JAKARTA PUSAT,1,1.0,1,0.0,1187.987549328488,1041.6805340911656,855.2624952764933,30.59160532415217,-20.017347297465072,-73.69270041402046,24.830082998685015,91.10955867330892,11,6.003571235322766,2,5.25199543899647,0.5700644694290965,-3.1299885974915336,1.7794288715555202,1.920173422434084,1.0,3.5999999046325684,2.721725101872418,1.9000000953674316,1.6966935396194458,0.8225923347934991,-0.4353477954864502,0.5753703676923897,0.5338773143855791,64524.9913798,64778.795013101146,7.4777069091796875,2.594445905568802,0.0,4.551310777664185,-0.4325584926670245,-3.387275218963623,1.3303186080127976,1.3266989143224122,17.341807366691512,13.044564385600536,11.078358272578635,4.276375651513682,-0.16856060314622345,-2.0414039056547715,1.146466898318812,1.1457531452585197,0.09349386394023895,0.024365127239432547,0.008499431423842907,-0.00406995415687561,-0.15297559898220275,-0.5773426136001945,0.16495385060674653,0.022453906752533854,0,0.0,0,0.0,"{""type"":""MultiPoint"",""coordinates"":[]}"
00000000000000000299,296,KEMAYORAN,KEMAYORAN,3171031001,3.17103100101E12,Tidak Diketahui,Kemayoran 09,-,-,-,1347,"Curah hujan yang tinggi, saluran kurang lancar",009,0,2020,1577865600000,-,0,0,-0.2157332801422856,-10.917250532169684,-14.757836470775331,2.199437487300026,3.429082434705028,-4.598992139520062,-8.840811583121265,2.155505556513229,JAKARTA PUSAT,1,1.0,1,0.0,1585.1902437742829,1410.9101011404537,1261.7573092267978,18.46521562706357,-24.2082911088226,-68.37304279913565,24.689016867791327,93.07288462098187,13,7.314980882864094,3,6.2200684150511885,0.4318345197568923,-4.029646522235023,2.2911178784333175,2.266150037525947,1.0,1.9000000953674316,0.8817658067702586,0.0,0.5052452087402344,-0.31269643287671955,-0.9844925999641418,0.38857432662178887,0.46749644598286777,50171.4584062,50334.9529217441,6.684700965881348,3.146614648419865,0.0,4.365919589996338,0.7894057279831429,-2.4212653636932373,1.579716085608518,1.570422798909865,19.784142205885544,12.599391018211588,11.266752195759345,6.363215173999201,-0.8336158742034692,-2.112031237112822,1.7172062645501582,1.7033705347858221,0.39946967363357544,0.047992289024296746,0.008499367162585258,0.24026112258434296,-0.11242175710769182,-0.17132255621254444,0.1234687009840959,0.12307709187768705,0,0.0,0,0.0,"{""type"":""MultiPoint"",""coordinates"":[]}"
00000000000000000291,720,KEMAYORAN,KEBON KOSONG,3171031002,3.171031002E12,Tidak Diketahui,Kebon Kosong 01,-,-,-,1325,Curah yang tinggi,001,0,2020,1577865600000,-,0,0,-3.90331431347301,-10.43374936618279,-13.502224469330887,1.8335427406647782,-0.8251373242783648,-5.417597651959983,-7.982842676206865,1.6791324689065645,JAKARTA PUSAT,1,0.9674512688488416,0,0.1766846959694085,1596.0107806088272,1430.1694663554679,1261.7573092267978,28.126413364522932,-21.344787101052873,-78.15024794686292,25.69535042168326,82.62351287369934,9,5.76783744023538,3,3.2497149372860736,-0.45718397878365596,-3.6009122006842658,1.521357111669936,1.377781927048529,1.0,1.5999999046325684,0.5135897058211252,0.0,0.4306725263595581,-0.5968208531765165,-1.1519951820373535,0.47301319667214914,0.5403802911044405,38001.2369804,38109.75479405527,5.006972312927246,1.9487135949304495,0.0,2.677816152572632,-0.3868282726962762,-2.338381290435791,1.1214593558647332,1.120280224516362,18.52045568740474,14.288966013987647,11.482595399414514,4.737743584527999,0.5027757745513797,-2.3196401064831456,2.224630393734692,2.2539318320551334,1.946332335472107,0.42963613776201337,0.008499392308294773,1.2754533290863037,-0.2135054371846341,-0.7065517222508788,0.7288117471003833,0.7521324393539474,0,0.0,0,0.0,"{""type"":""MultiPoint"",""coordinates"":[]}"
000000000000000002b6,665,KEMAYORAN,KEBON KOSONG,3171031002,3.17103100201E12,Tidak Diketahui,Kebon Kosong 06,"1. Air kali item masuk;
2. Pompa Kapasitas rendah",-,-,1425,"1. Sheet pile turap berongga, saluran rusak parah;
2. wilayah lebih rendah dari saluran utama;
3. Saluran rusak parah, saluran utama penuh",006,0,2020,1577865600000,-,0,0,7.002237411910325,-11.136721754532013,-17.830718040509012,3.520257300564542,13.327654757180854,-4.4583064936404755,-13.262763767838395,3.730717133883762,JAKARTA PUSAT,1,0.9192016604121682,0,0.27352183275488523,1620.0927730411177,1318.2926564311158,968.5080035813519,18.465215627067664,-28.8371848244834,-84.56466047554318,25.994374018829255,164.0828063385775,19,4.1573617895553365,-4,14.881413911060363,-0.1701234721544193,-7.856328392246368,3.511453966872885,3.4210239587277176,1.0,4.599999904632568,1.1812786224885627,0.0,2.7641959190368652,-0.3705324832267308,-1.9571267366409302,0.9967485569589977,1.067125878889039,166358.421122,167168.07927301055,17.7784423828125,4.031989614879412,0.0,11.928942680358887,-0.29072145776515346,-5.078690052032471,2.77837737334995,2.9642609320553306,22.741064530261717,13.192565544735285,10.305211743816912,9.371652540717621,-0.0141255235401739,-2.5571671971574936,2.457939762086025,2.5590657790908016,7.8702287673950195,0.9582678785069598,0.008499491959810257,7.099091351032257,0.28848735028947575,-1.3634722232818604,2.592991336265066,2.675286638500285,1,0.07048365793832158,0,0.24358857617547097,"{""type"":""MultiPoint"",""coordinates"":[]}"
00000000000000000239,700,KEMAYORAN,HARAPAN MULIA,3171031003,3.17103100301E12,Tidak Diketahui,Harapan Mulia 07,-,-,-,1208,"1. Saluran kecil;
2. Kurang dalam; dan
3. Banyak lumpur mengendap",007,0,2020,1577865600000,-,0,0,-10.830919367530168,-13.550613978050375,-16.431947220992523,1.0676590355305953,1.7638129296498866,-2.8362283501413,-6.725839321111494,1.972175869884176,JAKARTA PUSAT,1,1.0,1,0.0,2506.4058475021416,2331.1924246164413,2189.361932982521,41.944601678942945,-6.695130877063287,-51.06065642670774,26.141327041915766,72.28096261548387,9,5.99934719761261,3,2.936145952109354,-0.22794904462132443,-2.9657924743444664,1.4034009713830524,1.3960176462355243,1.0,2.1999998092651367,1.6420593718411618,1.200000286102295,0.7029643058776855,-0.009639174004582925,-0.6802736520767212,0.279733504069977,0.24663195024225373,37484.3972885,37594.52941142127,4.64456033706665,2.3975225688805724,0.0,2.3670883178710938,0.03732284421875417,-2.4342877864837646,1.2318117678948852,1.228902885411667,18.89993417586519,13.847657986534227,11.558080080589091,5.3969338004105065,0.3132025671530614,-2.083496435529657,1.5377974002858865,1.5229141416150007,0.2974761724472046,0.06300580163273423,0.008499338291585445,0.22372490912675858,-0.005438165682811189,-0.08358810003846884,0.07916563238613036,0.07763941992648968,0,0.0,0,0.0,"{""type"":""MultiPoint"",""coordinates"":[]}"
0000000000000000023a,250,KEMAYORAN,HARAPAN MULIA,3171031003,3.17103100301E12,Tidak Diketahui,Harapan Mulia 08,-,-,-,1209,Kebanjiran,008,0,2020,1577865600000,-,0,0,-2.041538785878371,-11.71866193247311,-15.559651695843089,2.387154375518641,5.626568227250081,-3.882674166400531,-7.411238295617981,2.101782076113547,JAKARTA PUSAT,1,1.0,1,0.0,2623.82556060524,2415.147388084951,2165.6497327605125,46.12663824331776,-3.539636733791036,-53.444058802937434,24.540151082077973,103.08689324821019,11,6.864376341987114,3,3.751425313568859,-0.7055383517578322,-4.990877993158626,1.481662564445867,1.4881381491261128,1.0,3.500000476837158,2.450283246372631,1.3000001907348633,0.954390287399292,0.07568608477039768,-0.6802736520767212,0.3972328167067233,0.4562949246807302,89395.8080636,89708.70185707884,6.50221586227417,2.3942899969832716,0.0,4.311196565628052,0.0037225600613436678,-2.6405904293060303,1.3370742177833563,1.2960393847534406,18.845866549611102,13.701671312852968,11.312182252190219,5.452979057741318,0.29214208624372406,-2.054828988273041,1.6604675037737153,1.6638299459550214,0.15298746526241302,0.05038829049029703,0.008499305695295334,0.10770943760871887,-0.02758268291211013,-0.27532223612070084,0.08645507027727292,0.04847960681092309,0,0.0,0,0.0,"{""type"":""MultiPoint"",""coordinates"":[]}"
0000000000000000023b,149,KEMAYORAN,HARAPAN MULIA,3171031003,3.17103100301E12,Tidak Diketahui,Harapan Mulia 09,,-,-,1210,"1. Drainase kurang lancar;
2. Ada penyumbatan di daerah kelurahan cempaka baru yang menyebabkan dampak di wilayah RW 09",009,0,2020,1577865600000,-,0,0,-2.5900539982311006,-12.223357384543183,-15.101626691276971,2.0414797863766903,1.8703679293936215,-3.694607065704096,-7.171884121828017,1.8493857724593032,JAKARTA PUSAT,1,1.0,1,0.0,2365.0843991588094,2141.8998928147134,1972.237364886451,36.509046949727235,-12.080449051602761,-60.24243867262567,25.461727404400797,98.7999346662033,10,7.3606620035928625,3,3.9977194982895083,0.8773589448936825,-3.8118586088940845,1.5969542886703456,1.6680250874335467,1.0,2.6999998092651367,2.0885640598786006,1.0,0.9468640089035034,0.4356884530973659,-0.41687583923339844,0.30729543089178485,0.3749279675419671,91394.9558609,91774.2729431239,6.226160526275635,2.2131961878343978,0.0,3.9448916912078857,-0.05289251189783563,-2.3268954753875732,1.3991476340890774,1.401683723279732,15.95550226722834,12.989275989361495,11.373678702567965,2.629955638356895,-0.5456939154457829,-2.29109132906909,1.0791997042573305,1.0891506871421603,0.15298746526241302,0.02302649560129684,0.008499338291585445,0.10770943760871887,-0.1696250795426635,-0.5795871084555984,0.1630519237147492,0.039331903703664454,0,0.0,0,0.0,"{""type"":""MultiPoint"",""coordinates"":[]}"
00000000000000000245,1058,KEMAYORAN,SERDANG,3171031004,3.171031004E12,Tidak Diketahui,Serdang 01,-,-,-,1221,"1. Curah hujan sangat tinggi;
2. Kali hitam tidak mampu menampung debit air; dan
3. berkurangnya tanah resapan",001,0,2020,1577865600000,-,0,0,0.07806947090141843,-11.357090301097053,-15.741304485337356,2.2385155921270847,0.4494024295253344,-4.8054957505957505,-10.291160277114072,1.8863578351588712,JAKARTA PUSAT,1,1.0,1,0.0,2092.901822648123,1928.9267216665091,1672.3672167237055,154.69325423826467,40.5949045276891,-43.09592596852235,43.39529613878568,91.36924755954244,11,5.349657415301065,2,5.857468643101373,0.2879656712881578,-3.1185860889396766,1.433045014400062,1.4559219198970221,1.0,4.900000095367432,2.972167070421376,0.0,3.061459541320801,0.775329826380335,-2.857468605041504,1.6103775323480216,1.5498172685992453,110460.91677,110913.49217934825,6.724159240722656,2.229089806201517,0.0,4.468599796295166,-0.14759979264495515,-2.633918285369873,1.2434702395808765,1.1959306303055859,22.18885613785648,13.864503756634646,11.406544238178222,7.849663521773609,-0.2651794729449286,-2.759154689361452,2.3334829300441853,2.3410633727442454,99.41658020019531,3.0581654142362535,0.008499491959810257,86.58278942108154,-5.402799807044474,-12.89110619854182,16.92813009183824,17.57414621072417,0,0.0,0,0.0,"{""type"":""MultiPoint"",""coordinates"":[]}"
00000000000000000246,1256,KEMAYORAN,SERDANG,3171031004,3.171031004E12,Tidak Diketahui,Serdang 02,-,-,-,1222,"1. Selokan / got;
2. Kali sentiong tidak dapat menampung air",002,0,2020,1577865600000,-,0,0,-5.0848292460135465,-11.859452986249666,-14.978682732777497,1.948389084976794,3.259430164103813,-4.918255195325081,-9.591274859746456,2.1519604853158945,JAKARTA PUSAT,1,1.0,1,0.0,1937.0160071627038,1722.6881527601706,1498.6845104201757,41.97968046069377,-12.95497073683157,-60.32279205977261,25.86647967913304,99.96421619358401,10,5.502826589434409,1,5.118586088939458,0.32474245283574216,-3.997719498289741,1.8163873460669127,1.881398347021926,1.0,2.3000001907348633,1.2250162075660684,0.0,0.8194983005523682,-0.42314448785275954,-2.1709237098693848,0.7069516483461201,0.6162663887225855,125339.098957,125787.72223122984,8.735748291015625,2.793355386374824,0.0,5.809338808059692,0.2733147926569458,-2.4162261486053467,1.405490708697744,1.486952428586187,19.65800827556572,13.609745848124824,11.26329307481124,5.923237601754346,-0.033191437532939426,-2.3410554082519397,2.1632471741522266,2.144681624255255,7.912726402282715,0.7601124716900028,0.008499459363520145,7.037006258964539,-0.9179837786764474,-7.411697464063764,3.00739539617761,2.6087394100746737,0,0.0,0,0.0,"{""type"":""MultiPoint"",""coordinates"":[]}"
00000000000000000247,1446,KEMAYORAN,SERDANG,3171031004,3.171031004E12,Tidak Diketahui,Serdang 03,-,-,-,1223,Saluran air (got) tertutup / sempit,003,0,2020,1577865600000,-,0,0,-5.658602844557047,-12.020638545249383,-15.478970831330045,1.6314662347205233,4.348272224254311,-4.163450885014753,-8.115598853219796,2.1156163438525337,JAKARTA PUSAT,1,1.0,1,0.0,2230.251726514454,2005.4940007737919,1705.4866143934057,122.5958008988714,10.156686168310353,-53.38852892449495,33.86554867823216,116.2542584960697,9,6.382479338842975,4,3.4150513112883782,0.9358112957651954,-1.4583808437857435,1.0866991862668236,1.1192539690197165,1.0,5.0,1.949319485249508,0.40000009536743164,3.3708094358444214,0.4267952226607267,-0.9757125377655029,1.1552244037018808,1.2585321539781817,116118.92681,116550.77249681421,4.145447731018066,1.4649586556962697,0.0,2.173137903213501,-0.6555233714456936,-2.4162261486053467,0.8955498781190692,0.8507046248415346,18.034954656825793,13.25464285809398,11.672228696628803,4.333660506717084,-0.2807616493723205,-2.044114238531547,1.1066207021465388,1.1222105788397918,0.0849946066737175,0.013792516487649875,0.008499441668391228,-0.008140161633491516,-0.47315942329906663,-4.265429280698299,0.7508317397500593,0.015543884715181332,0,0.0,0,0.0,"{""type"":""MultiPoint"",""coordinates"":[]}"
00000000000000000248,1757,KEMAYORAN,SERDANG,3171031004,3.171031004E12,Tidak Diketahui,Serdang 04,"Mengapa pompa air kali sunter/ serdang tidak berfungsi (mati) dan baru dihidupkan pada pukul± 18.00 WIB, sehingga air tidak kunjung surut",-,-,1224,Pompa air dipintu air kali sunter / Serdang tidak berfungsi dengan baik (petugasnya tidak cekatan dalam berkoordinasi dengan pihak terkait,004,0,2020,1577865600000,-,0,0,-1.2965734100691426,-11.49228078423502,-18.997905911563734,2.3125195178086195,1.5745870021952915,-4.742769584737495,-13.455374561653372,2.2460917702074825,JAKARTA PUSAT,1,1.0,1,0.0,2533.7244293416434,2316.7002486418105,2084.662019700414,188.84989814543405,97.28860078157734,-43.40567259612726,51.961836843506255,101.30170414108403,10,4.707883002040662,2,4.534777651083131,-0.7383154019529694,-3.5473204104904177,1.2339441666523947,1.2370773186284902,1.0,1.4000000953674316,0.28417362999946705,0.0,-0.04253125190734863,-0.9834563484001004,-1.5980616807937622,0.34590078522392226,0.37011104125186756,138385.072279,138993.36435678418,4.744836807250977,1.6386087732265444,0.0,2.799022912979126,-0.31363261522801195,-2.0894222259521484,0.9830993414344289,0.9824873741208762,20.966138505134627,14.462230353725177,11.536639851346873,7.0393163533056615,0.7989306147240985,-2.0457684986283073,1.9790525730641382,2.0012930978013443,1.2749062776565552,0.2185587230553848,0.008499420247972012,0.9747223109006882,-0.7360549655528043,-5.9483529618009925,1.6768977055041894,0.41304312365361934,0,0.0,0,0.0,"{""type"":""MultiPoint"",""coordinates"":[]}"
00000000000000000249,850,KEMAYORAN,SERDANG,3171031004,3.171031004E12,Tidak Diketahui,Serdang 05,Banjir besar,-,-,1225,-,005,0,2020,1577865600000,-,0,0,-2.50118563745159,-11.52557341196491,-15.047244429421664,1.8521692420290632,7.99387576706473,-4.598164983165833,-8.842785369889976,2.3849601055040233,JAKARTA PUSAT,1,0.9856765713643768,0,0.109977090492306,2296.7842549240313,2036.3536736710532,1772.2965711743798,191.46507283196297,43.84833240778048,-64.64877092565621,59.95894764473824,143.78094811486565,10,4.420266247261697,0,5.011402508551769,-0.7557777545639505,-5.291904218928255,1.7573903317913944,1.7181394972309507,1.0,4.400000095367432,1.7893950473269213,0.0,2.620524525642395,-0.42748464505096456,-2.9893956184387207,1.6815101975449482,1.7770410563549668,186294.791843,187083.55991008616,5.938532829284668,2.1421704938117574,0.0,3.865934133529663,-0.058387347087873624,-2.3675332069396973,1.1575046514622636,1.1350063216324942,25.319587942351436,14.664725773610442,11.310936631902111,11.152349482771486,0.4678716458505339,-2.8597322586854066,3.384841245326126,3.4086054030867827,99.18708801269531,15.348412396569167,0.00849947426468134,88.14354133605957,5.770474111167288,-12.08191736228764,35.2751243510196,36.09118705651265,1,0.014323428635623206,0,0.10997709049230595,"{""type"":""MultiPoint"",""coordinates"":[]}"
0000000000000000024a,2000,KEMAYORAN,SERDANG,3171031004,3.17103100401E12,Tidak Diketahui,Serdang 06,-,-,-,1226,"1. Curah hujan tinggi, saluran air tidak berfungsi dengan baik
2. Stasiun pompa air tidak bekerja dengan maksimal",006,0,2020,1577865600000,-,0,0,-5.72251294084715,-11.788710011046506,-16.150897819566598,1.6936179060329555,1.311464962951197,-5.253925041144538,-9.990783363171637,1.9131790726463558,JAKARTA PUSAT,1,1.0,1,0.0,2205.0284078255804,2073.6562294372056,1878.3732438998293,190.64132369931235,111.5001653307234,-15.844374659646519,45.80627638095678,74.92292346528204,9,5.138324275077755,1,3.842645381983923,0.07097399761637035,-4.148232611174558,1.6641708381880091,1.6862181536168832,1.0,4.900000095367432,3.250350364337395,0.0,3.0907639265060425,0.7836101121170829,-3.0741162300109863,1.8902693105702886,1.6082469202181449,111046.38202,111517.41093455319,6.226082801818848,2.208074514829398,0.0,4.063341379165649,-0.04203384907380238,-2.438771963119507,1.0759750609825578,1.0279709416680471,22.538157673941267,14.494233348721922,11.55974038491282,8.321884503876372,0.2255315853872239,-2.8427530804978556,3.5139344451542964,3.558987794362366,99.41658020019531,15.845646305532977,0.008499491959810257,86.87857723236084,4.701404644704299,-14.222499440424144,37.35795747169416,38.64874272603028,0,0.0,0,0.0,"{""type"":""MultiPoint"",""coordinates"":[]}"
0000000000000000024b,444,KEMAYORAN,SERDANG,3171031004,3.17103100401E12,Tidak Diketahui,Serdang 07,-,-,-,1227,"1. Curah hujan sangat tinggi secara berkala;
2. Kondisi rumah lebih rendah daripada jalan",007,0,2020,1577865600000,-,0,0,-8.64319246381027,-13.50045996448198,-16.244521034486755,1.4415686369425875,-1.6499100239966185,-6.998243041471431,-10.401425545963784,1.8045163385133,JAKARTA PUSAT,1,0.9974483596597814,0,0.1428261375083549,2042.9645670126718,1984.114719562867,1855.3248465545596,198.5748409165442,122.92489204922593,25.504526383441544,42.568161040696886,55.86950180360598,7,2.9823815309842043,0,2.200684150513018,-2.0099210137288295,-4.839224629418571,1.7059471293674893,1.6873713942763824,1.0,3.8000001907348633,1.6701579194746796,0.0,1.3187003135681152,-1.0824849023853735,-3.0316989421844482,1.6239507893911231,1.6101875336352638,28707.2365165,28832.711916902917,5.415041923522949,2.4302714269476993,0.0,2.462902784347534,-0.26368962126542983,-2.810610055923462,1.2495412908853847,1.3136921524997538,22.53832866900401,17.351473588135505,11.536664633699676,8.238740920152114,3.0824234164007334,-2.7402070508800787,4.129211973161462,4.1301177745614535,99.55257415771484,47.33711095748136,0.008499563671648502,87.29018688201904,34.096640783899396,-14.641054719686508,49.39278956232946,49.53381346607156,1,0.002551640340218712,0,0.1428261375083551,"{""type"":""MultiPoint"",""coordinates"":[]}"
0000000000000000026c,500,KEMAYORAN,GUNUNG SAHARI SELATAN,3171031005,3.171031005E12,Tidak Diketahui,Gunung Sahari Selatan 01,-,-,-,1282,Meluapnya kali ciliwung,001,0,2020,1577865600000,-,0,0,12.370066093474389,-9.524429118129213,-17.62215449080893,4.059906398470374,23.639632275738045,-3.7605772155172827,-10.886063215379512,4.681077267288783,JAKARTA PUSAT,1,0.9612853271389856,0,0.2043556149658968,1037.1581193100906,783.85171756344,499.5615034733919,19.568850947054102,-37.90787732975623,-105.67205043353522,27.71767240887479,130.41361905118268,14,7.83183568677792,1,6.524515393386413,0.6365899220242873,-6.401368301026365,2.7386347908691526,2.733756989964824,1.0,3.9000000953674316,1.6552804536238628,0.0,1.9719496965408325,-0.08415748514012608,-1.8621437549591064,0.8827161373163174,0.936847057221012,171092.396086,171897.2146690305,12.801006317138672,3.3325251394972635,0.0,9.119543313980103,0.02282452260859837,-3.3474807739257812,1.9689229911318011,2.004391077282486,18.025267677009747,12.945955528419002,10.529631586330208,4.78090806821605,-0.2574764677992956,-2.812093571098874,1.7915501339989313,1.8009580394439526,1.5298954248428345,0.17993514653773718,0.008499431423842907,1.3190767019987106,0.015448293524457275,-0.2492357725277543,0.45449541764152374,0.4598979041071179,1,0.020783666483281373,0,0.13100436681222707,"{""type"":""MultiPoint"",""coordinates"":[]}"
0000000000000000026d,405,KEMAYORAN,GUNUNG SAHARI SELATAN,3171031005,3.171031005E12,Tidak Diketahui,Gunung Sahari Selatan 02,-,-,-,1283,Saluran air tidak lancar,002,0,2020,1577865600000,-,0,0,-1.8908524861373839,-10.641739852997363,-16.498401107890317,2.6769480138027832,8.3128690271947,-4.830529803088817,-11.721171563288632,3.2935211950442445,JAKARTA PUSAT,1,0.9994110087813236,0,0.10205641805086993,668.9468866894822,471.62583487511296,278.29872698318394,-11.395271457468084,-74.57163510087217,-151.2433541245465,30.9721867588915,86.7709371353621,11,6.1226708074534155,1,3.9840364880272165,-1.0315153345303094,-6.11516533637414,2.1362970669847092,2.1025245345257093,1.0,3.1999998092651367,0.6684299701795661,0.0,1.9948686361312866,-0.9359089858745401,-1.895324945449829,0.7668024412220442,0.7066474202975425,65138.0840171,65428.74614074402,9.949081420898438,2.932580145817545,0.0,5.800104141235352,-0.9838642517372436,-3.8747329711914062,1.7647774316225102,1.8055675336268333,16.64866413080014,13.432817205978665,11.185677842820445,3.3891630100906305,0.18292706512617388,-2.2185490741165985,1.2187829904884047,1.1971000246073746,0.18698875606060028,0.05243094478768546,0.008499491959810257,0.004759341478347778,-0.17091275267044678,-0.281857424415648,0.07666455347841761,0.05509486775268146,1,5.889912186763761E-4,0,0.10205641805087008,"{""type"":""MultiPoint"",""coordinates"":[]}"
0000000000000000026e,250,KEMAYORAN,GUNUNG SAHARI SELATAN,3171031005,3.171031005E12,Tidak Diketahui,Gunung Sahari Selatan 03,-,-,-,1284,Banjir karena hujan,003,0,2020,1577865600000,-,0,0,-0.5647507282236457,-9.304683045104762,-16.206689320734377,3.206807160922601,6.5123812044607625,-4.339404581143632,-10.146614913090374,3.0019029072994945,JAKARTA PUSAT,1,0.9588753897430384,0,0.17399263633843817,524.765112121048,393.56238486378953,262.382556060524,-30.458287720759245,-92.92833888969392,-166.5743066235422,30.940699573006775,71.15571944673496,19,7.049564562950222,1,12.304446978335111,0.5511948237685302,-5.331812998859867,2.554133834694167,2.6244832494014676,1.0,4.700000286102295,2.0435597541806207,0.0,2.4534780979156494,-0.14613346683890596,-2.120182514190674,1.585106762122662,1.6654003710545333,64946.3144123,65159.72282271573,19.806137084960938,3.6921790046578336,0.0,15.630875587463379,-0.7042718454242174,-4.779695987701416,2.8395104137229614,2.7686215825538913,15.955519032142334,12.524398751193694,10.86868212189328,3.0356125173642,-0.44419026377486154,-2.048472674394338,1.0532343944041356,1.066972130397905,0.23798587918281555,0.037727772350643424,0.008499491959810257,0.09051983058452606,-0.09416244278080443,-0.16627705935388803,0.061839534549848,0.07357192352447404,1,0.04112461025696162,0,0.17399263633843817,"{""type"":""MultiPoint"",""coordinates"":[]}"
0000000000000000026f,280,KEMAYORAN,GUNUNG SAHARI SELATAN,3171031005,3.171031005E12,Tidak Diketahui,Gunung Sahari Selatan 05,-,-,-,1286,Tingginya curah hujan,005,0,2020,1577865600000,-,0,0,-0.9663640494473863,-9.440663749507504,-13.009888609541958,2.1781669883502746,0.5981383836644649,-4.582692025589414,-8.549166144856828,1.7407089396312574,JAKARTA PUSAT,1,1.0,1,0.0,855.2624952764933,591.6621748507895,414.86324772403617,5.961700427630035,-58.65020612391376,-119.62159032225321,28.543066482691543,97.09195367819451,11,7.018251414623319,4,4.953249714937163,0.23460031949276505,-2.9236031927025286,1.4615548781040877,1.3595524330013136,1.0,4.599999904632568,3.2038001508383687,0.8999996185302734,2.154047727584839,0.7122296417750145,-1.5517678260803223,0.7412293014753214,0.746636260917468,62913.4651989,63144.74819752684,5.006920337677002,1.957411392420467,0.0,1.657456398010254,-1.7547280270741434,-4.321872711181641,1.3213428282000943,1.138497496942202,16.055832296935733,13.134053125055338,11.482617557557802,3.045795376212318,0.19337733094272375,-1.448409498969644,1.1968402945658219,1.2187233167655083,0.1614893227815628,0.026057584752271545,0.00849947426468134,0.12037792056798935,-0.02884374365035284,-0.1015283027663827,0.058149466210031385,0.04742436509049306,0,0.0,0,0.0,"{""type"":""MultiPoint"",""coordinates"":[]}"
00000000000000000270,158,KEMAYORAN,GUNUNG SAHARI SELATAN,3171031005,3.17103100501E12,Tidak Diketahui,Gunung Sahari Selatan 07,-,-,-,1288,Curah hujan yang tinggi,007,0,2020,1577865600000,-,0,0,7.278488403409714,-9.585204007763203,-18.6401066041471,3.8364581967212197,14.09470744299755,-3.39042120246913,-13.220187864593246,3.703637137432072,JAKARTA PUSAT,1,0.9588357668451669,0,0.255077649667683,1601.393631575576,1273.1205990732578,946.0337596635238,15.700616053497015,-31.04899939847433,-84.86985594580256,26.5570730404872,184.80130453734074,15,6.71531764071349,-1,7.064994298745587,-0.7603965359956126,-8.306727480045737,2.6593063683125306,2.710431901246931,1.0,2.8000001907348633,1.6247506428422553,0.0,1.1558719873428345,-0.19041035183544178,-1.9201825857162476,0.5367975862046475,0.5440288680753583,181066.959235,181802.42446133564,10.096575736999512,3.512547051983051,0.0,5.319881439208984,-0.20100407709453366,-4.491589546203613,1.9298279657167006,1.9333232118795673,17.152856444786593,12.795999157944648,10.77334757943893,4.0060835303383815,-0.12250302466940416,-2.0522349781794507,1.5028981866006006,1.4971307565033278,1.0199264287948608,0.05174950823361771,0.008499338291585445,0.8856901973485947,-0.023276939291859915,-0.13035969156771898,0.14782468668346724,0.15422703935853693,1,0.03625226335863159,0,0.24800854606287018,"{""type"":""MultiPoint"",""coordinates"":[]}"
00000000000000000271,350,KEMAYORAN,GUNUNG SAHARI SELATAN,3171031005,3.17103100501E12,Tidak Diketahui,Gunung Sahari Selatan 08,Sekarang kami memohon perbaikan saluran Got air kotor / Normalisasi saluran,-,-,1289,Hujan deras dan kiriman dari Bogor,008,0,2020,1577865600000,-,0,0,-3.7392256040577756,-10.15145679176775,-15.205620021068775,2.175979026296014,6.509718776688711,-3.804760125076178,-9.470483934064237,2.76539565957371,JAKARTA PUSAT,1,0.8886393910561368,0,0.32273860680187716,1864.5783944648524,1713.977695973859,1487.155996831178,26.011497571818836,-10.861155223607847,-53.30072270951996,24.967766702333602,103.46102004790643,13,5.98241674595623,2,5.206385404788917,-2.4649919553187933,-6.4857468643102845,2.362012632973871,2.435401376028133,1.0,2.8000001907348633,1.1911475011533377,0.0,1.3687571287155151,-0.2071421163088928,-1.3060433864593506,0.6871267086344252,0.7737501678014392,91692.2879444,92050.09208565776,10.096575736999512,3.366271166481594,0.0,5.279825210571289,-1.7563566137539786,-5.525730133056641,1.8727950318071105,1.9645854978133281,17.747257499527322,12.697189447567421,10.77334757943893,4.8637121809621,0.04959684193393074,-1.874700483682636,1.3778991555364584,1.4348992177586815,0.13598905503749847,0.027316540751418365,0.008499305695295334,0.06479639187455177,-0.021735580442641657,-0.07721982151269913,0.03538630683015083,0.03860961901937544,1,0.11136060894386299,0,0.3227386068018771,"{""type"":""MultiPoint"",""coordinates"":[]}"
00000000000000000272,160,KEMAYORAN,GUNUNG SAHARI SELATAN,3171031005,3.17103100501E12,Tidak Diketahui,Gunung Sahari Selatan 09,-,-,-,1290,Curah hujan yang tinggi,009,0,2020,1577865600000,-,0,0,-4.250266360175633,-11.69876349891103,-16.598189497018165,2.278650578780208,0.3007862231249181,-6.1863301382399625,-11.601453206266852,2.4588505522318256,JAKARTA PUSAT,1,0.8690082138040948,0,0.3726779962499649,747.9053559872657,565.4903850116505,334.4734433447411,-3.11622077276229,-62.039771799650545,-140.78577610269235,28.249791095141806,88.40572026647672,11,5.7360549221527535,-1,4.953249714937163,0.6455472833665653,-5.7537058152794565,2.2019694023749508,2.32148962068688,1.0,4.599999904632568,3.450839926072074,1.8000001907348633,2.339566707611084,1.0935787656837137,-0.7087798118591309,0.9496909747742457,0.8772856353827658,56899.5521161,57141.33287348284,8.73574447631836,3.51054617858655,0.0,3.6137590408325195,-1.5040175260552826,-4.829930782318115,1.9682180388252544,1.998730216894888,15.955519032142334,12.668500125943554,11.215136836239077,3.0481184558388854,-0.24367371593202308,-1.6242618186155617,1.0220275433865396,1.0156938173787444,0.07649581879377365,0.02118941724036184,0.008499491959810257,-0.049940116703510284,-0.10473911410626455,-0.17532949335873127,0.03465239794925241,0.02071376736441883,1,0.022373421601078834,0,0.27638539919628335,"{""type"":""MultiPoint"",""coordinates"":[]}"
0000000000000000023c,84,KEMAYORAN,CEMPAKA BARU,3171031006,3.171031006E12,Tidak Diketahui,Cempaka Baru 01,-,-,-,1211,Curah hujan tinggi selama 4 Jam dan saluran air tidak dapat menampung air hujan,001,0,2020,1577865600000,-,0,0,0.11187341394204739,-10.77453667207317,-15.076433269495533,2.602437583167319,1.8342057733557948,-4.428566219262561,-9.41254975713905,2.4097204099669645,JAKARTA PUSAT,1,1.0,1,0.0,2767.4830418432575,2622.180160795315,2435.003422595757,49.155957963278524,-7.858010451598128,-61.963149521053765,26.062287712679197,80.10605312595682,12,9.190073688773298,7,3.3352337514251573,0.4819873809601197,-1.5267958950970506,1.1125874720062958,1.2293584233020691,1.0,4.700000286102295,3.973204956632046,2.5,2.0124287605285645,1.3273811185313447,-0.2054734230041504,0.5312684266328837,0.543016242361984,48278.7077607,48480.90469917718,3.353797435760498,1.8123746480431586,0.0,0.7756028175354004,-0.7639088638125769,-2.4194304943084717,0.7337888915059706,0.7318989554102475,15.955495035217883,13.195614000494158,11.88696844276232,2.5536023000679844,-0.10649653761809444,-1.4363222489387901,0.773053070226406,0.7852223864292888,0.05099572241306305,0.01810012349650035,0.008499263785779476,0.00495234876871109,-0.026819560323378816,-0.07103590108454227,0.013587326500065638,0.011936104476021602,0,0.0,0,0.0,"{""type"":""MultiPoint"",""coordinates"":[]}"
00000000000000000240,910,KEMAYORAN,CEMPAKA BARU,3171031006,3.17103100601E12,Tidak Diketahui,Cempaka Baru 06,-,-,-,1216,"1. Curah hujan tinggi;
2. Luapan kali utan kayu",006,0,2020,1577865600000,-,0,0,-7.194057732450657,-13.791206532983916,-15.846603195529468,1.4328810536564112,4.108411276372799,-1.845929284739682,-7.049204115179922,2.109441018767189,JAKARTA PUSAT,1,0.9749223160751017,0,0.16216216216216217,2827.4688043900096,2640.110648677863,2435.003422595757,79.18095310451827,0.0665950987899112,-63.14533644627727,28.501294529433636,85.51827758043257,11,6.390651669657315,2,3.3169897377421895,-0.9133432305784674,-5.729760547320535,2.0091667456490625,2.092690212453404,0.9678366211145694,3.3000006675720215,1.9888618886953395,1.1000003814697266,0.7912204265594482,8.076602945474356E-4,-0.7669327259063721,0.3793821341019205,0.5514190944262648,79665.5191169,80046.0295505246,6.66995096206665,3.0239275420456573,0.0,4.033653497695923,0.3502856759441942,-2.410485029220581,1.3019244375109191,1.3185984465777956,18.152721122271043,13.000706072737593,11.43545623297356,4.669210058380806,-0.40894325298059586,-2.1259914637928947,1.0694878528937781,1.086178958898463,0.18698440492153168,0.03362559088529403,0.008499305695295334,0.01634931191802025,-0.11582471848893441,-0.3883158154785633,0.10744279527633001,0.04238858621495729,1,0.013917458094446148,0,0.13301642396606667,"{""type"":""MultiPoint"",""coordinates"":[]}"
00000000000000000241,520,KEMAYORAN,CEMPAKA BARU,3171031006,3.17103100601E12,Tidak Diketahui,Cempaka Baru 07,-,-,-,1217,Curah hujan lebih tinggi,007,0,2020,1577865600000,-,0,0,2.8387947411141123,-11.759615299825361,-15.136079519063525,2.336909959187568,5.016455763100704,-3.108065093625558,-8.99474902931004,2.281465145788544,JAKARTA PUSAT,1,1.0,1,0.0,2753.454594768097,2514.830815910188,2341.3141034131877,109.2370655855616,-0.09936347987154995,-66.4640195309853,34.191614114216314,107.3384047135281,10,4.717519169771811,1,4.033067274800348,-1.2994198390447174,-5.278221208666024,1.8366814271249958,1.907716432160669,0.9198301236807072,1.9000000953674316,0.8725773618214892,0.0,0.6196122169494629,-0.39497809605504014,-1.22691011428833,0.5093524047592236,0.6494659398907658,113315.528894,113747.39272710212,7.222747802734375,2.5712610997719167,0.0,4.852994680404663,0.30652369485895375,-2.410485029220581,1.3583084685953228,1.38412676651838,19.90674242881349,13.84883084808584,11.185659789658873,6.13447571931458,0.21979290224307035,-2.3542368552463735,1.7516579942916284,1.7645973490509173,0.7734391689300537,0.1149692437609082,0.008499338291585445,0.6564548090100288,-0.05847612683263864,-0.4318595500662923,0.20051996010028644,0.18186933014540574,0,0.0,0,0.0,"{""type"":""MultiPoint"",""coordinates"":[]}"
00000000000000000243,431,KEMAYORAN,CEMPAKA BARU,3171031006,3.17103100601E12,Tidak Diketahui,Cempaka Baru 09,-,-,-,1219,Curah hujan,009,0,2020,1577865600000,-,0,0,2.8387947411141123,-10.997583984595488,-14.679098570940955,2.6311314270896813,1.8061846865308029,-4.420748313382771,-7.5819758042473255,1.6689274610665419,JAKARTA PUSAT,1,1.0,1,0.0,2533.7244293416434,2328.5974261210526,2119.459960354695,153.75463244088587,10.75160242106815,-66.1259596965865,41.53279424341717,99.90769026281306,9,5.707569267835631,1,3.5484606613453833,0.12519026438515501,-4.550741163055991,1.576764829558677,1.596125582036197,1.0,1.6000003814697266,0.6873077755232216,0.0,0.4515395164489746,-0.26600381086555897,-0.8783353567123413,0.4003318966016977,0.4587912792921874,104212.84704,104663.47263393349,5.00696325302124,2.0065836142905664,0.0,3.0559273958206177,-0.005600109524858338,-2.247262716293335,1.1801985353153601,1.1834498686704338,17.79621575710461,13.709727705748836,11.754301126976697,4.051362238051764,0.023737866256096824,-1.9504078907147093,1.6828916555518523,1.6831277228237547,0.8669326305389404,0.08401854243035996,0.00849937740713358,0.744171679019928,-0.022334764739419963,-0.11469765845686197,0.2321437685426415,0.23563689160399184,0,0.0,0,0.0,"{""type"":""MultiPoint"",""coordinates"":[]}"
00000000000000000244,135,KEMAYORAN,CEMPAKA BARU,3171031006,3.17103100601E12,Tidak Diketahui,Cempaka Baru 10,-,-,-,1220,Hujan lebat Tahunan,010,0,2020,1577865600000,-,0,0,-4.583405687841061,-11.84341005256161,-15.673180200720765,2.1131084449760027,2.2097724482822394,-3.7527531431513146,-6.753602617488712,2.1570281745133952,JAKARTA PUSAT,1,0.979788372369516,0,0.12170236132510295,2291.157171937385,2121.749782665577,1912.425078044332,48.53316219988983,-7.332017082433263,-61.02915291316276,26.513330841906395,78.87220158747446,9,5.90345975508263,3,3.41961231470912,0.2114547378522239,-2.9281641961232676,1.5079986543217667,1.5170465607217911,1.0,2.1999998092651367,1.0490391123938758,0.40000009536743164,0.9000002145767212,-0.13575122428980663,-0.8318130970001221,0.42528167038500425,0.45309471857792455,88038.0018245,88388.8332328792,4.637037754058838,1.9552843883247983,0.0,2.6374919414520264,-0.09288457474082865,-2.165414333343506,0.9883819488910424,1.0026916960809895,17.05412069210673,13.084940684523449,11.886982061009268,3.4724620100487673,-0.46230368661342125,-1.6659308754465396,1.1234519024485323,1.1317241222313439,0.042497195303440094,0.014921895322997676,0.00849937740713358,-0.019828349351882935,-0.06500543065577885,-0.33763115014880896,0.04447855466583525,0.009057016384910814,1,0.020211627630483887,0,0.12170236132510259,"{""type"":""MultiPoint"",""coordinates"":[]}"
00000000000000000260,-,KEMAYORAN,SUMUR BATU,3171031007,3.171031007E12,Tidak Diketahui,Sumur Batu 01,-,-,-,1261,Kali serdang tinggi hingga keluar dari got beton,001,0,2020,1577865600000,-,0,0,-1.2609502718967853,-10.816026358748342,-15.449481789320952,2.4000339579656806,9.76086563761076,-4.022238998052727,-8.794396926888922,2.6373595203672284,JAKARTA PUSAT,1,1.0,1,0.0,2599.1107973211338,2182.1379376860164,1710.5249905529865,162.42784521627846,30.712119548485155,-67.40884981672275,55.87703931370005,250.47322475621618,11,5.307820299500833,0,6.020524515393276,0.12395365513881411,-5.1197263397948545,1.71637992919637,1.6927357814478865,1.0,4.0,0.7851627589133899,0.0,2.019498348236084,-0.6614584517366772,-2.388141393661499,1.0896431993883962,1.1436157095236077,121678.226576,122164.27374654138,5.938530921936035,2.361316288862918,0.0,3.7095210552215576,0.2538461906103268,-2.1684885025024414,1.2866656807711154,1.3176084628594564,22.51425196125563,14.33586011729757,11.310936955395778,8.108029411721361,0.3064279196885407,-3.1005272790868474,2.7769313038906143,2.840433645388939,97.61470031738281,6.497226384144158,0.008499406278133392,86.91640949249268,1.4072979015940579,-11.557041075080633,23.79404065667049,25.05403010290501,0,0.0,0,0.0,"{""type"":""MultiPoint"",""coordinates"":[]}"
00000000000000000267,-,SENEN,SENEN,3171041001,3.171041001E12,Tidak Diketahui,Senen 02,-,-,-,1270,Pintu air Latuharhari jebol RW 02 ikut terdampak banjir,002,0,2013,1357027200000,-,0,0,2.715718584597019,-10.8414122252566,-16.888297505234213,3.6532193546812572,8.428670944979467,-4.655488164706361,-13.051454776343338,4.140351390305138,JAKARTA PUSAT,1,0.810642601524817,0,0.42469124587279605,2274.192385239133,2088.068368251148,1956.9060257061412,31.069309756190023,-25.001471243641397,-65.32594967885802,26.906447754015513,92.49325117127155,48,21.288548311809542,4,38.90193842645367,11.673005079944238,-5.838084378563462,11.994534874385897,11.822952867459671,1.0,8.80000114440918,2.2261790021389176,0.10000038146972656,7.546751141548157,0.8284954898498725,-1.506271243095398,2.6875625852717326,2.6295066107949934,44858.9793679,45024.663258105335,32.17049026489258,17.339671510494153,0.932817816734314,25.757914066314697,10.530667833746246,-6.262158513069153,9.086417967360932,8.987448818605186,16.256465341511593,11.493464298282769,9.51133571213067,4.123223668552065,-0.8416799437582464,-3.1110600041168635,1.7401954085890823,1.7311825717479665,0.28897562623023987,0.05315589862993738,0.00849925260990858,0.024373646825551987,-4.531698667148241,-26.64854383096099,7.8033846056318925,0.07950768586954557,1,0.16951921580830864,0,0.41573970964154905,"{""type"":""MultiPoint"",""coordinates"":[]}"
00000000000000000268,-,SENEN,SENEN,3171041001,3.171041001E12,Tidak Diketahui,Senen 04,-,-,-,1272,"Jalan lebih tinggi dari pemukiman, sehingga terjadi genangan",004,0,2020,1577865600000,-,0,0,5.567460432710732,-10.87304916570048,-17.137616561750985,3.3944873415974617,7.609749550812648,-5.5433962912972445,-12.793382722519011,3.0647904137385438,JAKARTA PUSAT,1,0.9354759820830978,0,0.24583065414294653,2599.1107973211338,2120.175176478839,1484.2598772436477,30.209167706399285,-17.264949940170485,-64.02929666444084,26.397002022339016,250.2766160714087,32,7.591335015188182,-1,22.749144811858457,-0.7671347156809349,-9.532497149372995,3.507323338068002,3.6835772450893893,1.0,3.200000286102295,1.1418024232911317,0.0,1.9291905164718628,-0.07529948471423893,-1.259863257408142,0.6808211325349804,0.7212168604026937,271001.127554,272108.01677437796,29.33263397216797,4.309643862732087,0.0,22.825702667236328,-0.44861546903733585,-5.795306205749512,3.131287096852063,3.299439086434926,19.17436379458051,12.487756765336364,9.62412691015029,6.091979833114715,-0.27576810821277037,-2.629763401235037,1.2181251632638996,1.2866166855594978,0.21248114109039307,0.027976953565712552,0.008499198593199253,0.10760285705327988,-0.056031816142932914,-0.12351501360535622,0.04246639168518032,0.041806130666511454,1,0.048113061833908274,0,0.2191011235955056,"{""type"":""MultiPoint"",""coordinates"":[]}"
00000000000000000269,-,SENEN,SENEN,3171041001,3.171041001E12,Tidak Diketahui,Senen 05,Banjir surut seiring surutnya kali ciliwung,-,-,1273,Luapan air kali Ciliwung,005,0,2020,1577865600000,-,0,0,13.97704115783051,-11.015016367717616,-17.019199418134463,3.3575570281792597,22.451102837490865,-5.453631693508067,-11.951302855070304,3.7568082580963518,JAKARTA PUSAT,1,0.7918317152103557,0,0.4077820768771259,2904.042734068253,2585.116512270355,2157.6877582595803,240.49085566456233,95.14678432647246,-38.94589688749102,60.83567170661495,210.35353725239318,29,8.471533980582526,0,19.98175598631682,-0.30868208403923053,-9.017103762827995,4.5017965315180355,4.590900371628884,1.0,4.899999618530273,0.851847380215296,0.0,2.8803870677948,-0.6078619151825273,-2.00399112701416,0.8698393160110283,0.8512892630135764,269517.555922,270580.7232157991,20.302040100097656,5.340360053463659,0.0,13.903711318969727,-0.0885091493075722,-5.5353891253471375,3.333984284268677,3.4848539499495743,26.606064699202822,14.904807908774306,10.0421146580459,12.79220421132076,1.1262233097385355,-3.5216875927112135,4.6823658601716485,4.74534193491116,360.10400390625,97.1238255860591,0.008499141782522202,313.66762924194336,46.3054828308926,-62.76404172182083,159.4352422290207,161.83542592410035,1,0.16847896440129448,0,0.3666060555964672,"{""type"":""MultiPoint"",""coordinates"":[]}"
000000000000000002af,35,SENEN,KENARI,3171041002,3.171041002E12,Tidak Diketahui,Kenari 02,-,-,-,1407,Saluran air tidak lancar,002,0,2020,1577865600000,-,0,0,6.623618548164885,-8.718583707121615,-15.911472665673163,3.336370319264906,10.646283875185366,-3.549466465743129,-10.64795025685285,3.3210295987601395,JAKARTA PUSAT,1,0.9801826598273489,0,0.183779759494891,2696.6111102062355,2373.183494339396,1930.3404582761361,41.422969338354505,-12.691571920120799,-65.59612923304257,26.166289934923125,182.5717310014093,17,11.02231952958839,6,6.607753705815057,-0.1289921440669971,-4.742303306727706,2.369461708437622,2.1587033144922905,1.0,4.599999904632568,0.8677340267328869,0.0,2.7742302417755127,-0.6464166682935484,-1.706156849861145,0.7499403094852441,0.8125452051097234,139391.55437,140007.62221169838,7.3788604736328125,3.230594790908013,0.0,4.642019033432007,0.23340793259373796,-3.0298166275024414,1.6963248197142575,1.6329082870751428,23.81770241899767,13.201782734724802,11.136039094006819,9.993208193400529,-0.49973046322664444,-2.7934337079152485,2.7105052042108237,2.7564273037914018,357.6732482910156,20.878642305048867,0.008498926647007465,320.1473388671875,-9.138837695633528,-42.38050482328981,89.03838600382973,91.17272967719367,1,0.017340172651069685,0,0.13999999999999999,"{""type"":""MultiPoint"",""coordinates"":[]}"
000000000000000002b0,78,SENEN,KENARI,3171041002,3.171041002E12,Tidak Diketahui,Kenari 03,-,-,-,1408,Naiknya permukaan air Kali Ciliwung ditambah curah hujan tinggi,003,0,2020,1577865600000,-,0,0,1.0991553893367296,-8.876697302755199,-14.932241117794259,3.4343179350561615,3.8445190954796247,-3.5934121898376983,-10.053380868100952,3.224726623604119,JAKARTA PUSAT,1,0.7153552444411171,0,0.4096611065529924,2709.346062320677,2501.026751829682,2304.2656566744567,43.21883091370637,-5.643425480013871,-53.134744266073994,25.851541639436324,99.22621263908938,16,12.137306281350602,8,4.011402508551628,0.5483968066144278,-3.3785632839226913,1.702992848858693,1.8093092604637842,1.0,2.299999237060547,1.2271691435351022,0.09999942779541016,0.8866584300994873,-0.35206701790866113,-1.5469778776168823,0.5883390622731005,0.5487861233805436,46612.7844161,46797.14692358622,6.548962593078613,2.2211845238122914,0.0,3.3572943210601807,-0.8516843863355372,-3.130758285522461,1.4986671430847713,1.4938357229643096,17.564897619624894,12.86310160252587,11.486742561694228,4.351205305921576,-0.6183641965060522,-1.8975166980664806,1.191875953810163,1.1841185692637914,0.07649079710245132,0.01273224285523509,0.008498962968587875,-3.764914359897375,-20.906735851957013,-33.029823679476976,9.351294945842634,0.013878755972259646,1,0.021262259489406306,0,0.16110727964792765,"{""type"":""MultiPoint"",""coordinates"":[]}"
000000000000000001e6,36,SENEN,PASEBAN,3171041003,3.171041003E12,Tidak Diketahui,Paseban 01,-,-,-,1053,Saluran air mampet (gorong-gorong),001,0,2020,1577865600000,-,0,0,4.02781780396173,-8.400419490271732,-18.218089442675364,3.5550143299728494,14.058349684706364,-2.9073943096399812,-13.922616246483063,4.3278217158789865,JAKARTA PUSAT,1,0.9906843196682085,0,0.16058749209247875,3100.391600158396,2829.8588038605735,2599.1107973211338,48.48684165294435,-7.068502807935848,-60.87623470325798,25.499577441918042,136.02000555067175,21,9.39977667889616,6,8.979475484606356,-1.1189540831222828,-5.446978335233975,2.152803177169441,2.271281820629774,1.0,4.599999904632568,1.0263775304927267,0.0,2.804903030395508,-0.5027265491316737,-1.7078672647476196,0.9634090916515323,0.9727825171242799,109267.122907,109792.48980410604,10.408181190490723,2.5987862334237715,0.0,7.501623630523682,-0.296745396175725,-3.014294147491455,2.0740224894040127,2.0679500486209847,21.03684997393869,13.708998882285305,10.742251079406957,7.615194998683563,0.39099983230644003,-2.4038803575211425,2.036720073067122,2.051749281311854,1.4193147420883179,0.19405254114741297,0.008498980663716793,1.2345289885997772,-0.9254307419350759,-9.47224154509604,2.2139268975303144,0.48234255999090253,1,0.0011804115488913702,0,0.13954508281924158,"{""type"":""MultiPoint"",""coordinates"":[]}"
000000000000000001e7,60,SENEN,PASEBAN,3171041003,3.171041003E12,Tidak Diketahui,Paseban 02,-,-,-,1054,Saluran air / got mampet,002,0,2020,1577865600000,-,0,0,-4.433535271293172,-9.545649803526079,-13.982858666643976,2.0551765420853925,4.606341636425077,-3.548744274188241,-7.94324101543999,2.477011338338316,JAKARTA PUSAT,1,0.9067713444553483,0,0.25613577714208524,3192.0215612176544,3007.0474058402715,2804.549198011076,51.45217090946653,-18.7392347724202,-72.29765011694326,28.84855931310752,97.07747476226919,13,8.840836604514227,5,2.988597491447944,-1.128430473791753,-4.098061573546325,1.5067953703983832,1.9084224177491413,1.0,2.1999998092651367,0.9541155332671996,0.0,0.8864307403564453,-0.352045156690452,-1.5183579921722412,0.8967177061218216,0.8982535637498454,56860.2438794,57017.751075822314,6.757325172424316,1.8493665110308883,0.0,4.135656833648682,-0.9122878441932565,-2.8399436473846436,1.145047770981963,1.1394244075546778,21.102941144387078,14.918980805345335,11.723084371507152,7.615194998683563,1.4586043190474052,-1.8335748721106455,2.5382078323016044,2.5165779758962668,1.4618098735809326,0.523661594428908,0.00849900208413601,1.2461582720279694,0.34354471522351393,-0.22020648047327995,0.6548947684936118,0.6516749133458071,1,0.0932286555446516,0,0.2561357771420852,"{""type"":""MultiPoint"",""coordinates"":[]}"
000000000000000001e8,100,SENEN,PASEBAN,3171041003,3.171041003E12,Tidak Diketahui,Paseban 03,-,-,-,1055,Karena trotoar di Jalan salemba raya,003,0,2020,1577865600000,-,0,0,5.066315430253965,-8.873854916330027,-14.576063686074521,3.0170399441355937,11.998227933158452,-3.3029921415487005,-8.219345683527845,2.967515109297662,JAKARTA PUSAT,1,0.9997691064419303,0,0.07392101124765756,3166.3063194646634,2892.2331019198764,2577.499651299377,51.45217090946653,-7.256892915756671,-62.11829564999107,26.261385753818082,156.4771876845346,25,11.445958079991795,5,12.904218928163935,0.11793389435207943,-6.233751425313828,3.1955680064809666,3.5024100247060863,1.0,2.5,1.0159187870323638,0.0,0.9340935945510864,-0.4772371901210452,-1.5817558765411377,0.8857434131077184,0.8795403917390306,135922.107514,136483.62955289788,12.481634140014648,3.1751151411281175,0.0,9.565379619598389,0.47597675370094783,-2.709131956100464,2.511616821500429,2.5729978084393124,18.17513479367252,13.38336428062917,10.650469084505623,4.949478553310195,0.04968673200581516,-2.495156727549336,1.970703388643417,1.976586370806898,1.2663326263427734,0.18595741269843616,0.00849895179271698,1.133936032652855,-0.030232796144987546,-4.134210471063852,0.6906621658642581,0.39963591683594174,1,2.308935580697299E-4,0,0.07392101124765775,"{""type"":""MultiPoint"",""coordinates"":[]}"
000000000000000001e9,20,SENEN,PASEBAN,3171041003,3.171041003E12,Tidak Diketahui,Paseban 05,-,-,-,1057,Pendangkalan,005,0,2020,1577865600000,-,0,0,5.690159943446288,-8.17730059400101,-16.17565582340184,3.4673315331155177,9.794253271848032,-3.0251582823610117,-11.40789757156344,3.3038117177642774,JAKARTA PUSAT,1,0.9821694578612377,0,0.1786858200459983,3083.6927807006746,2783.0554134048607,2572.4866812680666,44.3560909513385,-15.883772943636806,-66.30074997975316,26.241967339883114,126.95053402088402,21,13.851690515957195,7,8.890535917901698,1.5259151898983938,-5.199543899658167,2.678959163921476,2.752789937243711,1.0,3.6999998092651367,1.772410211178678,0.0,2.077764868736267,0.18686006322152623,-1.5913342237472534,1.0250118367136052,1.0573131518420626,154539.692066,155193.65243369644,8.535260200500488,2.7607197279946885,0.0,5.2484588623046875,-0.3264872710823083,-3.2727789878845215,1.5587711626547822,1.565204542498553,17.85667481014686,12.909616756876646,11.209436927980402,4.625107551802607,-0.45770500841041406,-2.65745438384657,1.6905294837469025,1.6102380192390264,0.9603697657585144,0.09386699273068237,0.008498894982039928,0.8608837053179741,-10.010707304876025,-35.0351870181039,10.879193293624137,0.27474481967853287,1,0.017830542138762243,0,0.17868582004599823,"{""type"":""MultiPoint"",""coordinates"":[]}"
000000000000000001ea,121,SENEN,PASEBAN,3171041003,3.17104100301E12,Tidak Diketahui,Paseban 06,-,-,-,1058,Curah hujan tinggi dan gorong-gorong mampet,006,0,2020,1577865600000,-,0,0,-1.2606620294914492,-10.546695913808437,-17.10229596964892,2.8190443845454474,6.015196296948966,-4.856368342674602,-11.587124692450882,3.133817698905198,JAKARTA PUSAT,1,0.800117254772636,0,0.3682348242808504,3315.014357258475,3013.6375842937437,2728.337038197414,32.86029835329691,-12.934709932231966,-59.03003454987629,25.49047739817632,150.9150944770593,18,11.044630097834451,7,5.860889395666803,-1.0737642571573645,-4.709236031927274,1.7658016196626758,1.741250371046989,1.0,2.5,0.6668611659418688,0.0,1.142417311668396,-0.7940342131935092,-1.7514255046844482,0.7072176756236112,0.6432235197739888,95207.9216657,95596.12849968464,8.776223182678223,2.2208093925423276,0.0,6.354413270950317,-0.765610796213805,-3.272536516189575,1.7130643956322493,1.6464530653529192,18.951175675080556,13.967182432619119,11.020811757988831,5.518031405032257,0.5038763616327948,-2.9938529152928712,1.790554932514397,1.65831975231694,0.8668817281723022,0.09973903390830467,0.008498866111040115,0.7755167186260223,-11.222951902792934,-37.86080960556865,13.944619276071908,0.1965213201730368,1,0.10644534828331684,0,0.2836367870880281,"{""type"":""MultiPoint"",""coordinates"":[]}"
000000000000000001eb,121,SENEN,PASEBAN,3171041003,3.17104100301E12,Tidak Diketahui,Paseban 07,-,-,-,1059,Luapan Kali Sentiong,007,0,2020,1577865600000,-,0,0,-2.6619654846486505,-10.392929163466745,-14.688012651074608,1.9920316886775788,3.3411025566983543,-3.8216027831345407,-9.124053651173117,2.401713297940295,JAKARTA PUSAT,1,0.9295672564485186,0,0.26646935501059643,3325.381902060976,3187.5577688550256,3010.2609901026703,40.974599915024555,-12.79681325006594,-68.97768058325664,26.202716627348014,65.5295063147141,14,9.451929226177793,5,3.945267958950785,-0.13955075915055717,-4.230330672748192,1.6655766489988217,2.0233693851195476,1.0,3.40000057220459,1.6121255822182727,0.0,1.8330676555633545,0.28346560782040414,-1.207183599472046,0.82471934820842,0.9488892329887254,81905.2199953,82290.15416332138,6.684918403625488,2.3430235798667414,0.0,3.9835855960845947,-0.18311728523677664,-2.7468578815460205,1.3377357889930395,1.352464085554036,21.102941144387078,13.849885932364444,11.310837979000274,7.4397453660197925,0.24458500953211865,-2.111139509027856,1.9368642403101994,1.974061020127425,1.5383012294769287,0.2151823434263605,0.008498980663716793,1.2977337390184402,0.032638178382563665,-0.22020648047327995,0.463290169081768,0.4828404710398532,1,0.07043274355148157,0,0.2664693550105965,"{""type"":""MultiPoint"",""coordinates"":[]}"
000000000000000001ec,25,SENEN,PASEBAN,3171041003,3.17104100301E12,Tidak Diketahui,Paseban 08,-,-,-,1060,"Saluran air terlalu kecil GG VI & GG VII rt 005, debit air kali sentiong terlalu tinggi, sehingga saluran air dari warga tertahan",008,0,2020,1577865600000,-,0,0,6.0913877638479645,-10.279047965235499,-17.244868113487456,3.2016199051197014,8.424129750330302,-3.486081917770606,-11.519148620457791,3.0596675527139814,JAKARTA PUSAT,1,0.9522768904457369,0,0.23246226230439074,3463.5491259047867,3250.2850477599377,2997.3690208403514,62.64410011560631,-4.135712442408695,-52.61630557506987,26.512419094827997,100.366248796756,16,11.385159237715717,7,3.9087799315847036,-0.1371642591144064,-5.104903078677548,1.9027066234363845,1.900566928919974,1.0,4.199999809265137,1.369643881452969,0.0,2.2427589893341064,-0.3594835071862231,-1.9205247163772583,1.324542420487653,1.3576325008864962,108592.478694,108983.72206395562,7.943168640136719,2.337653455068959,0.0,5.584269762039185,-0.022002824661024305,-2.419914722442627,1.2551532593553905,1.248780149395219,17.85667481014686,13.480445645733322,11.310837979000274,4.625107551802607,0.060560458129578255,-2.111139509027856,1.6747655159772472,1.6313904403980373,0.926374077796936,0.12573203505289074,0.008498908951878548,0.8307935073971748,0.033015101347526284,-0.10821765009313822,0.25512022800146716,0.2534956743737439,1,0.023138477359642633,0,0.1917186871756995,"{""type"":""MultiPoint"",""coordinates"":[]}"
0000000000000000026a,720,SENEN,KRAMAT,3171041004,3.171041004E12,Tidak Diketahui,Kramat 05,-,-,-,1278,"Dataran rendah, masuknya air dari pintu pertamina",005,0,2020,1577865600000,-,0,0,11.985689775342575,-7.138321206824966,-14.045276627077055,4.552481676608842,14.285120998377785,-2.686969139314662,-8.059243149326427,3.790233085758156,JAKARTA PUSAT,1,1.0,1,0.0,3083.6927807006746,2883.587026462974,2690.2210275041116,92.55628737127017,5.023369026261988,-54.44826021959898,31.62017767250417,104.01440732410761,17,9.349623115577893,4,7.3968072976053225,-0.05112707207659944,-4.94754846066148,2.37691249290126,2.529452487260707,1.0,4.0,2.9241624484709168,1.799999713897705,1.8469780683517456,0.7722528400882404,-0.5631701946258545,0.5905268867804463,0.6193404198114552,83357.6391172,83634.99587448446,7.6447672843933105,3.1298151851798615,0.9274099469184875,4.936581611633301,0.45764804376629326,-1.8263911604881287,1.555020238054373,1.558602680635146,15.594295026120315,12.992644910168629,11.136049783399125,1.9959531829239303,-0.18310141627101992,-2.21665538578808,0.912323115320712,0.9888051657922653,0.13598473370075226,0.02746281797082711,0.008499037474393845,0.021203991025686264,-1.2396630056708242,-15.121851050294936,3.6901622430235625,0.02153151876630309,0,0.0,0,0.0,"{""type"":""MultiPoint"",""coordinates"":[]}"
0000000000000000026b,88,SENEN,KRAMAT,3171041004,3.17104100401E12,Tidak Diketahui,Kramat 06,-,-,-,1279,-,006,0,2020,1577865600000,-,0,0,-4.756585769683321,-10.586230167903054,-14.519549641580138,2.0443519444910683,4.130526946808187,-3.4639885280622797,-7.112993974874355,2.0670492604513067,JAKARTA PUSAT,1,1.0,1,0.0,3346.0206224714725,3150.307216745523,2952.532506156306,149.88098162984488,53.55679726947186,-40.163800484746844,39.24589284238697,87.75438021105226,11,8.026492572618032,3,2.936145952109346,-0.20567767031949846,-5.0239452679590695,1.743051698535391,1.7320508075688772,1.0,3.0999999046325684,1.3822735859436615,0.10000038146972656,1.5340933799743652,-0.15045182154954395,-1.1223485469818115,0.41474872136015484,0.5915984449651047,73749.2630589,74095.95956554155,7.421597957611084,2.672059711150994,0.0,4.871528625488281,0.13613116228543254,-2.5909316539764404,1.5090988370443084,1.5149399194165896,17.34176178272584,13.19087006391241,11.180662384163524,3.779618094801913,-0.5622158250252303,-2.663870857510304,1.4974310942750764,1.474640971128067,0.14448383450508118,0.04005949417645003,0.008499052375555038,-0.025659963488578796,-0.1934251039154029,-0.2917848862707615,0.07693294148655307,0.048402652018311704,0,0.0,0,0.0,"{""type"":""MultiPoint"",""coordinates"":[]}"
000000000000000001e2,67,SENEN,KWITANG,3171041005,3.171041005E12,Tidak Diketahui,Kwitang 01,-,-,-,1044,-,001,0,2020,1577865600000,-,0,0,-3.1296647951333476,-10.93491375034464,-17.514442264617387,3.336708627204427,6.12192837043518,-4.054071490218998,-11.022331864880517,3.382138536343588,JAKARTA PUSAT,1,0.9412148922273025,0,0.23974163519328018,2821.3751145383426,2688.2523505921286,2572.4866812680666,139.3299511747964,55.10410688934276,-16.314799686341757,39.114012551880585,68.91773006399195,12,8.298171129980405,3,2.464082098061393,-1.1593164800634161,-6.303306727480225,2.182964448696292,2.280423906755559,1.0,1.8000006675720215,0.6850423426143282,0.0,0.47799360752105713,-0.826304374321494,-1.8225772380828857,0.6619450680484924,0.5433251771704699,32089.2749486,32206.42193289839,6.567040920257568,3.2671839544943353,0.0,2.399521827697754,-0.9388909019041551,-4.005398273468018,1.615256497386594,1.6828822504504954,22.77887931859816,13.908145602800873,11.20949033009262,8.97436233416683,0.0988078127810872,-2.6164806464243213,4.0894143456313286,4.051081527236823,358.7101135253906,55.72956085610863,0.008499115705490112,318.15906143188477,11.090787311494767,-47.44317248463631,144.89944247043988,144.55878491898682,1,0.05878510777269758,0,0.2397416351932802,"{""type"":""MultiPoint"",""coordinates"":[]}"
000000000000000001e3,526,SENEN,KWITANG,3171041005,3.171041005E12,Tidak Diketahui,Kwitang 02,-,-,-,1045,-,002,0,2020,1577865600000,-,0,0,-7.304492499841357,-11.918941364310113,-15.815530659142158,2.23185424787916,10.761003183656051,-2.1244883377494292,-8.854420792504442,3.447545884326435,JAKARTA PUSAT,1,1.0,1,0.0,2656.420916721884,2560.5381203144125,2449.0990739000135,60.43860331714632,9.699258080630926,-42.94252347014026,27.978646871959075,53.432339829673765,11,8.030514270682628,4,0.9418472063852068,-1.740940044821364,-5.860889395667227,1.6556467771732315,1.6519348924485169,1.0,1.8000006675720215,0.797659262095598,0.0,0.4808441400527954,-0.7231544759984425,-2.0847208499908447,0.6654341479226402,0.4946331035051184,26509.3110479,26623.637462826453,10.260502815246582,2.8609470204273437,0.9328364133834839,6.048651695251465,-1.0853467727199788,-3.182527184486389,1.797442666789524,1.8426389312836235,23.81507191962775,13.773741392316039,11.486757962346239,10.077699987474826,-0.04940726115850879,-2.340282866626387,3.601934174876069,3.5288288694337147,358.4891357421875,48.99895275180053,0.008499091491103172,320.85234451293945,5.107720642454736,-47.031604796648026,123.30724462843706,121.85835560623379,0,0.0,0,0.0,"{""type"":""MultiPoint"",""coordinates"":[]}"
000000000000000001e4,186,SENEN,KWITANG,3171041005,3.171041005E12,Tidak Diketahui,Kwitang 03,-,-,-,1047,-,003,0,2020,1577865600000,-,0,0,7.058123823070678,-10.880740001936275,-15.815530659142158,3.5057383047771875,12.884727326058503,-2.5020178600685643,-9.927136839979717,4.250985825038179,JAKARTA PUSAT,1,1.0,1,0.0,2572.4866812680666,2452.1744295430663,2365.0843991588094,42.89387703701095,-4.26189623387051,-48.72688872299159,25.126456350186302,52.535267803011834,30,9.872183866279066,5,19.52793614595191,-0.2769020685279396,-4.984036488027559,3.7956519758883775,3.8972698805761263,1.0,1.1000003814697266,0.4060685729911161,0.0,-0.35495996475219727,-1.1821685165145193,-2.1427595615386963,0.5329559672765761,0.42866572405158854,38406.318638,38566.68273455572,22.11515235900879,3.8221614945160094,0.9274099469184875,17.889702796936035,-0.0196871814253024,-3.1138822436332703,3.972723731955597,4.086670680428409,23.82090812124936,17.516145725782096,10.96815099001549,10.087931203879661,3.676343097608358,-2.5763622637638033,5.11639394057206,5.135630783892284,358.4891357421875,176.5721802808898,0.008499091491103172,320.85486221313477,133.0630323831806,-45.790794416330755,177.18596305548417,177.38049666144775,0,0.0,0,0.0,"{""type"":""MultiPoint"",""coordinates"":[]}"
000000000000000001e5,144,SENEN,KWITANG,3171041005,3.17104100501E12,Tidak Diketahui,Kwitang 06,-,-,-,1049,-,006,0,2020,1577865600000,-,0,0,-4.352182104213828,-9.96512419094355,-15.496223632814763,2.350057801420824,0.0955466458779539,-4.062315010042633,-9.417829825744777,1.901911241274602,JAKARTA PUSAT,1,1.0,1,0.0,2675.787546757929,2568.414165470202,2394.016170913241,45.03699082369303,-2.338871998433345,-48.8567793831553,24.254487698723704,65.3391280983282,11,8.157630863358259,5,1.1470923603190837,-1.597611984494013,-4.8802736602054075,1.5405008671309377,1.5339299776947408,1.0,1.0,0.5712529745821558,0.0,-0.5891671180725098,-1.00918638540076,-1.6920185089111328,0.3332452541403122,0.3446076736076955,41046.5549838,41201.30567860955,4.159983158111572,1.7551011082106585,0.0,1.0510897636413574,-1.292450087196887,-3.182396650314331,1.0831908222860622,1.0413030163163206,26.604713676351313,15.836471103928716,11.749108098685666,12.555500603063711,1.8677524556713334,-2.2563663849287323,4.6876235865330695,4.741175010116143,358.3956604003906,81.15370104161998,0.008499076589941978,319.0949478149414,40.1560276001331,-46.17137924209237,160.06745333223105,160.75449263160218,0,0.0,0,0.0,"{""type"":""MultiPoint"",""coordinates"":[]}"
00000000000000000235,35,SENEN,BUNGUR,3171041006,3.171041006E12,Tidak Diketahui,Bungur 01,-,-,-,1192,Curah Hujan tinggi,001,0,2020,1577865600000,-,0,0,-0.751873764398936,-10.351832519013284,-15.258485258239947,2.5219954370261912,14.883764635834929,-3.6073258908786907,-8.306150246287697,2.9365027741951653,JAKARTA PUSAT,1,0.9988423413645902,0,0.08574694002066809,1772.2965711743798,1630.5363148416648,1487.155996831178,24.458065070004523,-18.221290049065633,-58.53394836177267,25.18634061873784,71.59738239265687,10,6.855654438897332,3,3.102622576966807,-0.11294968070761424,-4.029646522235023,1.5883797640756259,1.5632964362523996,1.0,1.5999999046325684,0.6786592542137567,0.0,0.7374001145362854,-0.20377210859460246,-1.1184720993041992,0.5949630190446163,0.5735294721730317,96399.2689397,96850.77482401468,4.637045383453369,2.1705744716811655,0.0,2.238248825073242,-0.37967923548371507,-2.9382874965667725,1.0028658095156995,1.0190906411634826,21.197235002582577,14.2216387526054,11.723140468362384,7.757357447345685,0.831855347542334,-1.706882282278352,2.184367779297983,2.224099933147053,1.6913508176803589,0.31395907733568795,0.00849931687116623,1.4609221816062927,0.14722864416636602,-0.4946838151663542,0.5618965749605854,0.5945273257170816,1,0.0011576586354098838,0,0.08574694002066834,"{""type"":""MultiPoint"",""coordinates"":[]}"
00000000000000000236,320,SENEN,BUNGUR,3171041006,3.171041006E12,Tidak Diketahui,Bungur 02,-,-,-,1193,Tidak berfungsi saluran air dengan baik,002,0,2020,1577865600000,-,0,0,-1.8924275700027713,-11.022228809015084,-17.24989163497906,2.55937593772218,6.901776579330021,-2.7744619822448215,-10.577525149328801,2.723020497347633,JAKARTA PUSAT,1,0.9696734059097981,0,0.22003937400865128,2006.8406600684468,1801.7067139707074,1620.0927730411177,35.26900294202028,-12.208360464822388,-63.168064071200206,24.82546288261097,91.13085680551602,12,7.583562627108506,3,4.948688711516416,0.4596452277042534,-4.123147092360448,2.039208900191609,2.021567385440701,1.0,2.3000006675720215,1.173441850735477,0.0,1.4494875073432922,0.30534774133114895,-1.2679589986801147,0.7708487472629999,0.754837317863622,58268.0513846,58559.54366852523,5.6244611740112305,2.6098285155485152,0.9274099469184875,3.1701302528381348,0.1558589339898041,-1.5526973605155945,1.1234151796312568,1.1329668865391835,19.473499222634864,13.593059078763865,11.365626015708182,5.455432841498332,-0.2538945885466224,-2.5497375128694983,2.4663741833905073,2.36272401926055,4.665979862213135,0.38087345171504333,0.00849932711571455,4.007362902164459,-0.17490704656446135,-0.7000859240069985,1.117902571113865,1.0546941246770691,1,0.025062806555808115,0,0.19786448397617667,"{""type"":""MultiPoint"",""coordinates"":[]}"
00000000000000000238,25,SENEN,BUNGUR,3171041006,3.17104100601E12,Tidak Diketahui,Bungur 08,-,-,-,1199,Saluran kurang lancar,008,0,2020,1577865600000,-,0,0,1.58683062439182,-10.69919049688229,-16.87619119447365,2.9986495496232957,6.9166645031193985,-2.457837684324961,-10.577525149328801,3.0704659152929934,JAKARTA PUSAT,1,0.9916565738124076,0,0.16507964236126804,2163.661985914175,1991.353689797814,1827.2830589855034,41.456984070610815,-10.664467590960665,-59.29171012331926,24.998498829017446,83.44012667628608,13,9.044722558650697,5,5.6465222348915445,1.8140716970381898,-2.6225769669328702,1.828247971634643,1.8174146183075492,1.0,2.3000006675720215,1.2632935906046896,0.0,1.4379709362983704,0.28429540539260556,-1.3794755935668945,0.7516804811299888,0.6360965932416168,77836.1098249,78112.62602607966,5.5796637535095215,2.5263131342366067,0.9274099469184875,3.044661045074463,0.04002347031475126,-1.577258050441742,1.159352257331953,1.159934348994919,19.466183669372743,13.064057416979162,11.373672530058524,5.729276627907973,-0.7700874402380778,-2.4314670786028625,2.181100137873508,2.1319053373478516,4.640481948852539,0.5235906343297851,0.008499305695295334,4.086753726005554,-0.07586989595555979,-0.6552926870062947,1.566406682623108,1.5555998647225808,1,0.00318485623289822,0,0.09622084243913084,"{""type"":""MultiPoint"",""coordinates"":[]}"
00000000000000000231,38,CEMPAKA PUTIH,CEMPAKA PUTIH BARAT,3171051002,3.171051002E12,Tidak Diketahui,Cempaka Putih Barat 01,-,-,-,1187,Saluran air tidak jalan,001,0,2019,1546329600000,-,0,0,-3.8296462576217407,-11.633040200359734,-15.41347096629407,2.319772012785906,2.599384105575038,-4.321539542186419,-10.027425577935968,2.285686751528422,JAKARTA PUSAT,1,0.9640083573146214,0,0.1930216991936238,3173.093693426007,2931.758949567985,2696.6111102062355,124.698346105356,24.240623678159682,-56.261776970718074,40.54025305690733,125.54958939072493,14,9.845665628572558,6,4.345496009121817,0.3065285755618651,-2.9806157354619867,1.6188874331874692,1.619468717062896,0.5740191253457665,4.700000286102295,3.4218712242136395,1.8000001907348633,2.1167616844177246,0.8512037189963505,-0.9066133499145508,1.1185601916945833,1.1308576752100783,88477.7595077,88867.04714464197,5.931114673614502,2.5554667039010965,0.0,3.4597296714782715,0.05522836764581468,-2.5482568740844727,1.327051248859099,1.3444738484656549,17.05409461295299,12.954043661542485,11.312165750076856,3.9702478112769075,-0.21406964169662,-1.8188976658723632,1.190513067793475,1.1825848727338826,0.11898878961801529,0.022394107177115777,0.00849922001361847,0.09308411180973053,-0.04156888724696584,-0.27647092193365097,0.07590075030201847,0.02711417274680693,1,0.03599164268537864,0,0.19302169919362375,"{""type"":""MultiPoint"",""coordinates"":[]}"
00000000000000000201,217,CEMPAKA PUTIH,RAWASARI,3171051003,3.171051003E12,Tidak Diketahui,Rawasari 04,-,-,-,1106,Antrian air menuju kali sentiong,004,0,2020,1577865600000,-,0,0,12.738755653005558,-10.31793081916966,-15.772889091762151,3.6209731851186984,9.157771553533252,-4.895618543091623,-10.073386745643582,2.50160084077967,JAKARTA PUSAT,1,0.8818386210342242,0,0.31325600594324693,3693.215064037931,3387.47923717976,3118.3810797648875,198.5731635853981,27.225302780159396,-55.288818962219466,47.79413604193051,134.73805464760872,17,9.727504371721206,6,5.812998859748916,-0.9224842865382655,-5.091220068415286,2.121086318805179,2.2156523834819097,1.0,3.90000057220459,1.1768106755194625,0.0,1.6470928192138672,-0.5948816367614793,-1.5727484226226807,0.8427290972261503,0.9267226357790654,209441.198344,210284.86819020877,13.598706245422363,2.6540415188575106,0.0,11.020095348358154,0.11501588566792241,-2.628669261932373,1.6188939500461292,1.6183132394491304,18.788667255083098,13.532249165120549,11.136030796303329,5.4737846014666065,0.2173228969845669,-2.220578508710121,1.6011572881607308,1.5737154899030603,0.41644978523254395,0.06875402939042344,0.00849895179271698,0.3575867787003517,0.0164156076276298,-0.08022191282361746,0.09551359376845639,0.09449444922987524,1,0.10117411941044216,0,0.2940257209284148,"{""type"":""MultiPoint"",""coordinates"":[]}"
000000000000000002b9,97,CEMPAKA PUTIH,RAWASARI,3171051003,3.171051003E12,Tidak Diketahui,Rawasari 03,-,-,-,1432,Antrian air menuju kali sentiong,003,0,2020,1577865600000,-,0,0,-0.4081275670501056,-9.83975965146109,-15.178377508921766,2.7940977263078444,9.817224215040422,-3.6117215038314217,-10.543691212458448,2.9058376275944804,JAKARTA PUSAT,1,0.9183289817232375,0,0.2874797872880344,3694.3799324043957,3638.113252135268,3485.83891056898,200.2800439457351,144.71877316039826,26.915299656318894,40.865331543942496,47.954260696993614,19,11.309869451697129,7,7.541619156214141,0.5535492962496747,-3.335233751425484,2.4827915079642726,2.705832887529812,1.0,3.90000057220459,2.7090725722947884,1.6999998092651367,1.6470928192138672,0.5976389987495693,-0.486431360244751,0.4788529216472097,0.555062485488737,100196.399538,100605.39920250735,8.276663780212402,3.1144104959800822,0.0,5.773557186126709,0.6590289159958211,-2.526433229446411,1.5289433718701708,1.5280429431956641,19.213551551797714,13.336525218908292,10.975496614245113,5.806793793619814,-0.0024472794841295877,-2.2637612741121984,1.6037521036947457,1.59393164630477,0.22097310423851013,0.058360405964104134,0.00849895179271698,0.16621911153197289,0.004526076261813322,-0.0774696609005332,0.06417465989907821,0.06437187178145716,1,0.08167101827676239,0,0.28747978728803447,"{""type"":""MultiPoint"",""coordinates"":[]}"
000000000000000002ac,700,MENTENG,MENTENG,3171061001,3.171061001E12,Tidak Diketahui,Menteng 02,-,-,-,1380,"1. Curah hujan tinggi;
2. Saluran tidak normal;
3. Sumbatan sampah;
4. Pintu Alhuda jebol",002,0,2020,1577865600000,-,0,0,-3.2261068381898026,-10.107534367250274,-15.061312241992477,2.1671101225146665,1.6186898575257112,-4.461935878940442,-8.853177816360503,2.3710174639172457,JAKARTA PUSAT,1,0.9102986385595081,0,0.2959780897768947,1784.3942991319204,1577.7867694803024,1419.0506394952858,22.76593986159287,-28.07455474762372,-71.49240982734386,25.818050951145956,87.39883671077902,17,10.7364953886693,5,3.465222348916516,-2.6276202108339795,-8.125427594070937,2.8119766912539195,2.875643409170807,1.0,2.6999998092651367,1.0483271684745732,0.0,1.1470922231674194,-0.7196075086659247,-1.99612295627594,0.9097405638111313,0.8376050028417753,95233.9516234,95715.99203877321,9.067163467407227,3.410429723055815,0.0,6.065818786621094,0.09391025695178119,-3.478259801864624,1.8215002988615876,1.7441661706621479,16.902976230463953,13.288260223981755,10.882852594621907,3.7953771405736063,0.3552749773527596,-2.199410256500123,1.439201275548291,1.4319660291754424,0.356950044631958,0.07640535373127823,0.008498772978782654,0.2799871265888214,-2.93575003682147,-15.47319882363081,4.564158420812727,0.10902111515095331,1,0.08966476357780706,0,0.28553920104043273,"{""type"":""MultiPoint"",""coordinates"":[]}"
000000000000000002a8,2,MENTENG,PEGANGSAAN,3171061002,3.171061002E12,Tidak Diketahui,Pegangsaan 02,-,-,-,1375,Akibat tinggi permukaan kali ciliwung sejajar dengan air pembuangan dari saluran air (got) serta curah hujan tinggi,002,0,2020,1577865600000,-,0,0,0.49625931559641734,-11.37071784406035,-19.450913344330445,2.683779427888025,9.528177033541349,-5.551832806559957,-13.471880800295711,2.932691965242867,JAKARTA PUSAT,1,0.7376179090359712,0,0.4321847677433666,2408.35172520937,2006.3712179263675,1643.822002134209,35.14649818481166,-14.251789841563161,-62.08112035988961,25.668896118754287,189.44022420685582,21,13.435836464436806,6,8.107183580387442,0.7651746254979429,-6.801596351197519,3.099810498843051,3.0446058020367643,1.0,5.199999809265137,2.27758720842675,0.0,3.2132269144058228,0.2504240123487479,-2.134321451187134,1.129956474188182,1.1327886433404812,265422.558626,266591.5394939568,13.33207893371582,3.8935845336359316,0.0,10.416250467300415,0.5762646453110404,-3.210590124130249,2.217887840431837,2.2144923725384347,23.81622678581705,12.997002086784386,10.487454809983728,9.950800044788053,-0.6008036934148455,-2.939601363211498,3.084225778471015,3.158298005127136,356.9508361816406,21.783214890186855,0.00849878415465355,319.0743942260742,-9.81924924252004,-48.82895306870341,100.53033904623179,104.27549471957592,1,0.17039333666149936,0,0.3666060555964672,"{""type"":""MultiPoint"",""coordinates"":[]}"
000000000000000002a9,46,MENTENG,PEGANGSAAN,3171061002,3.171061002E12,Tidak Diketahui,Pegangsaan 03,-,-,-,1376,"1. Ketinggian air kali ciliwung mengalami peningkatan;
2. Drainase kurang baik;
3. Permukaan badan jalan lebih tinggi dari rumah",003,0,2020,1577865600000,-,0,0,-2.813784755539567,-9.381995265979796,-15.55479217088794,3.0194083180093494,7.108512803028221,-2.49974983898525,-10.661109731248391,3.4769203334643044,JAKARTA PUSAT,1,1.0,1,0.0,2497.8075173669595,2331.9670602552983,2074.316238620181,42.01431374111371,-1.5014826993701982,-43.1710260318182,24.900495357407603,97.43688533830009,15,10.807984256395844,5,2.8038768529074147,-1.392484858898601,-6.987457240593159,2.0931577638006424,2.1992067982793904,1.0,3.8000001907348633,1.5401291110189173,0.0,1.7395670413970947,-0.5723557685914256,-2.130786657333374,1.2595436650873981,1.2796494733818222,62050.2446186,62266.73265543677,6.53069543838501,2.264285424045878,0.0,3.270814895629883,-0.901515550140186,-3.1232402324676514,1.145003503426561,1.168838610925518,23.815917041799054,14.948579663230833,11.536493156506276,9.93578953663457,0.8677842834089192,-2.3609570135900846,3.8342807416267677,3.7733854653808603,356.704345703125,60.1779423058483,0.008498815819621086,311.9522361755371,10.953899431731086,-55.66710762307048,138.6323996747838,136.93848563518677,0,0.0,0,0.0,"{""type"":""MultiPoint"",""coordinates"":[]}"
000000000000000002aa,52,MENTENG,PEGANGSAAN,3171061002,3.17106100201E12,Tidak Diketahui,Pegangsaan 06,-,-,-,1377,"1. Banyak rumah / bangunan berdiri di atas saluran air;
2. Saluran air merembes ke rumah warga",006,0,2020,1577865600000,-,0,0,-4.92970821237253,-11.218119294455942,-15.966217105860107,2.1036530110195426,5.350494044702374,-2.102966202984413,-8.094161198452312,2.6312564577591586,JAKARTA PUSAT,1,0.987785016286645,0,0.09534224628819535,2234.1069614170033,2081.2202541288693,1857.6425549492312,26.28317049511179,-11.529079150793875,-48.55504547128476,25.423318986050464,92.52964718535836,17,13.315146579804559,9,4.641961231470667,1.1724292958167382,-3.0820980615737987,1.531987361424795,1.557310737328377,1.0,4.199999809265137,2.8652996950209833,0.0,2.3779927492141724,1.0540290587271368,-1.9330670833587646,1.4093046471817046,1.4348963372690975,72867.7153008,73127.67272174696,6.549026012420654,2.0076135722932786,0.0,3.8173675537109375,-0.4615156191288224,-2.551023483276367,1.188197373971065,1.1728334298679808,23.463556346320722,13.83808799960307,11.212220705868445,8.88975460392384,-0.4942452365581025,-2.7943837283143758,2.89122172044838,3.023184946515705,355.6929931640625,12.828917689980843,0.008498740382492542,317.0986213684082,-15.414820207437074,-42.1387385353446,77.80874175973953,80.16605506695461,1,0.012214983713355046,0,0.09534224628819508,"{""type"":""MultiPoint"",""coordinates"":[]}"
000000000000000002ab,3,MENTENG,PEGANGSAAN,3171061002,3.17106100201E12,Tidak Diketahui,Pegangsaan 07,-,-,-,1378,Curah hujan tinggi dan sungai meluap,007,0,2019,1546329600000,-,0,0,-2.7118332262604468,-12.211061884300989,-15.896375222688324,2.2439600383943823,13.975651999215206,-1.959974367480625,-10.209962632832724,3.364924659469737,JAKARTA PUSAT,1,0.9850445017265695,0,0.14139190265868368,2974.311993662356,2630.854451246122,2411.9223005209274,32.47211876723213,-18.0341453285026,-60.734948359368445,26.43291657062732,172.06147658882972,14,11.087544380137157,6,3.122006841504886,-0.25174097466876993,-6.046750285062959,2.2202122477345827,1.9832899919082243,1.0,3.09999942779541,1.631571720873392,0.0,1.395438551902771,-0.22870973891990684,-2.1961231231689453,1.2807200386925937,1.2245955345689619,143385.789461,143951.51430403246,6.204781532287598,1.8753582253761558,0.0,3.622525930404663,-0.5691443464819905,-2.779066801071167,1.075720477127102,1.0918726703739259,26.598671020712406,16.122371267170703,11.406433846643852,12.503503048587172,1.2281025217540278,-3.949016074049375,4.801471712809007,4.819000357392435,356.1689453125,108.01719520001718,0.008498772978782654,313.09989166259766,38.183055052584436,-82.57431066408753,163.57713224721851,163.26133581091727,1,0.005252662808229174,0,0.10049854899791943,"{""type"":""MultiPoint"",""coordinates"":[]}"
000000000000000002b7,12,MENTENG,PEGANGSAAN,3171061002,3.17106100201E12,Tidak Diketahui,Pegangsaan 08,-,-,-,1429,Akibat tinggi permukaan kali ciliwung sejajar dengan air pembuangan dari saluran air (got) serta curah hujan tinggi,008,0,2020,1577865600000,-,0,0,-5.8000898318572895,-12.115142532422613,-16.585661043093808,1.9568743497411134,8.078336179877187,-1.8465018982535863,-9.707187528390175,3.721382732483148,JAKARTA PUSAT,1,1.0,1,0.0,2991.621423949063,2722.3767098613084,2440.2988331759434,23.78562526800124,-16.62831274342311,-60.668723726242206,25.18022941786041,155.88657183691603,14,10.186627153176511,5,2.8962371721776705,-1.3924754003393671,-6.673888255416429,2.058348397244392,1.8907504850644004,1.0,3.09999942779541,1.2006703997656336,0.0,1.395438551902771,-0.5897708935215641,-2.0582666397094727,0.9191954543969781,0.9039349317228523,94215.5890832,94587.03572851738,6.22649621963501,2.4531127709573144,0.0,3.299776077270508,-0.47704266290307845,-2.8844966888427734,1.2100760686835654,1.217512390166,23.815130488851864,14.708169872756333,11.723048914697667,9.699161209414664,0.2004795504608809,-3.223496721033289,4.345440202594555,4.2353222853228045,356.42388916015625,71.57808767690612,0.00849878415465355,312.7439956665039,9.586318262921864,-82.57431066408753,153.93810417865615,149.06102586457703,0,0.0,0,0.0,"{""type"":""MultiPoint"",""coordinates"":[]}"
000000000000000002ba,10,MENTENG,PEGANGSAAN,3171061002,3.171061002E12,Tidak Diketahui,Pegangsaan 05,-,-,-,1434,"1. Curah hujan tinggi;
2. Saluan air (got) lingkungan kurang memadai",005,0,2020,1577865600000,-,0,0,1.5618007135416747,-11.139552104510612,-15.8663308013992,2.8270327489869116,3.903977850090225,-3.0525969661278567,-8.43239680434726,2.862967204347231,JAKARTA PUSAT,1,0.957046503372382,0,0.24816680858541135,2348.6536640603117,2130.502292474393,1857.6425549492312,31.961270791453444,-10.92117136653375,-50.426245560951656,25.354687608091577,113.33024534156877,20,14.037628682996095,10,7.614595210946174,1.8190769594441454,-2.199543899658181,1.9478769946534866,2.021380704892527,1.0,5.199999809265137,3.746390761658788,1.5,3.2148232460021973,1.7630371797396551,-0.6092357635498047,0.777778101646676,0.7965160935801089,57354.0614578,57584.33673494739,6.724203109741211,2.955946327532385,0.0,3.9741370677948,0.28022938086540505,-2.7871763706207275,1.5074424747434239,1.5386429935902173,15.955435752675792,12.53866684058421,11.185588122132156,1.6999210397372444,-1.614682463706724,-3.068835069746507,0.8986550247988753,0.9308642617145605,0.04249391704797745,0.01428985414678746,0.008498772978782654,-10.871048510074615,-37.89678797030012,-55.92116962466389,13.617894749716934,0.010580257599738761,1,0.04295349662761804,0,0.24816680858541132,"{""type"":""MultiPoint"",""coordinates"":[]}"
000000000000000002ad,60,MENTENG,CIKINI,3171061003,3.171061003E12,Tidak Diketahui,Cikini 01,-,-,-,1401,Luapan kali ciliwung,001,0,2010,1262332800000,-,0,0,6.190476966045189,-9.98631423815595,-15.913746687340774,3.2371373106635337,6.075599369986356,-3.468463458325529,-10.240373558917135,2.955056584472734,JAKARTA PUSAT,1,0.9954410866193542,0,0.13185543739602976,2449.0990739000135,2173.6736259836757,1956.9060257061412,34.2821574427262,-16.121745942546465,-65.19777234587195,25.788500655846324,105.76797383466152,20,10.398270432861773,6,9.034207525655463,-0.4927196132420259,-4.980615735462001,2.2646310070020594,2.3070713293874685,1.0,3.5,1.5838232323231087,0.0,1.2046747207641602,-0.07632453197228782,-1.780045509338379,0.7415902238431265,0.6929231691002454,74243.0299265,74537.13462181747,18.64970588684082,2.9282770876026794,0.0,14.836797714233398,-0.429020894651166,-3.3866539001464844,2.4973123049900976,2.578505951239118,23.813998706492807,13.233206062616818,10.133891297607601,9.65105767299789,-0.6991481727066302,-3.3661510357220656,2.7676123515765796,2.8310366543331735,358.106689453125,11.617554412337379,0.00849903468042612,314.38954162597656,-29.00080231944691,-44.12012111302465,90.89567703578194,91.8420623275574,1,0.002208958029797433,0,0.0936549136660032,"{""type"":""MultiPoint"",""coordinates"":[]}"
000000000000000002ae,103,MENTENG,CIKINI,3171061003,3.171061003E12,Tidak Diketahui,Cikini 03,-,-,-,1403,Adanya luapan sungai Ciliwung yang masuk melalui saluran penghubung,003,0,2020,1577865600000,-,0,0,-5.701752030951403,-9.887669286447261,-15.602480393603397,2.2780255649499646,7.336303017144171,-3.849754782825567,-10.076162290776061,2.6950971547004987,JAKARTA PUSAT,1,0.9626171814968496,0,0.17205233083335322,2365.0843991588094,2150.7055994669813,1912.425078044332,39.546604478011886,-12.266269460413556,-66.13248749837862,25.858093535700576,118.2478610615776,13,9.114530505609347,6,1.828962371721536,-1.979796645626495,-5.309007981756222,1.573504788034155,1.5850681373183053,1.0,1.5999994277954102,0.3584139162042787,0.0,0.3534773588180542,-0.8726421522484121,-1.3677313327789307,0.40421541980524617,0.3917450618511894,90800.2146285,91183.05701760817,6.670033931732178,2.5019256923240665,0.0,3.894350290298462,-0.49860099678684794,-3.001075267791748,1.5398338499337356,1.5377361577995152,26.602980737054487,16.623294676269634,11.21506552653779,12.628497118144656,2.714988629201546,-2.6903458820076676,4.504251140362327,4.509217052510117,357.80072021484375,119.03209268577285,0.008498926647007465,320.1698341369629,80.54901881836308,-39.98997894860804,161.96567024951278,162.25480930699828,1,0.00979714153988013,0,0.0870362919923006,"{""type"":""MultiPoint"",""coordinates"":[]}"
000000000000000002b4,81,MENTENG,KEBON SIRIH,3171061005,3.17106100501E12,Tidak Diketahui,Kebon Sirih 09,Cepat surut,-,-,1419,Kondisi wilayah seperti mangkok/piring cekungan,009,0,2020,1577865600000,-,0,0,9.194667119765926,-7.813980688916697,-17.32063140434625,5.106252356741279,14.43759992087018,-2.363978432839,-10.965032143900903,4.864290073863046,JAKARTA PUSAT,1,0.9547246083880748,0,0.24128076806256418,2464.860331787253,2233.0735426661086,1965.6814330677876,43.98446024818713,-12.985829117915866,-59.97064531551882,25.599288259087082,102.28758942007396,30,10.456594239514908,4,19.35575826681851,0.018999840399261836,-5.351197263398122,3.631834347063943,3.7770191897277856,1.0,5.400000095367432,3.2023042489608096,1.0,2.4117445945739746,0.30403283082898735,-1.8807299137115479,1.3074354494453073,1.4816587958362757,103659.044332,103981.43365567575,17.965681076049805,4.48270401311519,0.0,14.101062536239624,0.09045158500158984,-4.291102409362793,3.291266075011831,3.2167336342897372,17.341759043238635,12.59180225171547,10.325368925100141,4.534483315006366,-0.42379675372569137,-2.900519663504367,1.3358551751241157,1.2803651400957459,0.09348959475755692,0.026502709252847974,0.008499052375555038,-0.8388069607317448,-19.738324508842233,-31.906972928903997,8.133950090145566,0.025162893416639857,1,0.03547246083880748,0,0.21434855541958692,"{""type"":""MultiPoint"",""coordinates"":[]}"
000000000000000002b8,273,MENTENG,KEBON SIRIH,3171061005,3.17106100501E12,Tidak Diketahui,Kebon Sirih 08,1 Hari surut,-,-,1431,Air kiriman dan hujan deras,008,0,2020,1577865600000,-,0,0,-7.528404332720198,-10.6345738609977,-14.52170959142152,1.786509651675907,1.8305578354954992,-3.7412903475185417,-8.640409219000556,2.285086602892424,JAKARTA PUSAT,1,1.0,1,0.0,2547.273854450575,2434.548679342386,2264.7125924720826,36.102054910729294,-8.922872404224252,-54.35289805442562,25.501380589194312,80.27247205309,13,7.949710777948294,5,2.669327251995245,-2.100057786529764,-4.8802736602054075,1.8168372261669632,1.9294951572348302,1.0,1.6000003814697266,0.34889658118572103,0.0,0.3814140558242798,-1.0326859714036116,-1.6302169561386108,0.5152609476484549,0.44879020917691226,29558.3599022,29664.815121126343,4.719659328460693,2.5333571571440276,0.0,1.8763208389282227,-0.5022028401826492,-2.87253737449646,1.1690556960937606,1.1520083435864796,26.604713676351313,18.35407262869658,11.672172442234569,12.555500603063711,4.268783114471822,-2.418408927032999,5.213811408527038,5.220487839412744,358.38714599609375,190.72833058189417,0.008499037474393845,318.2763442993164,147.56812510469175,-45.365928718820214,179.24801940547096,178.76966431621997,0,0.0,0,0.0,"{""type"":""MultiPoint"",""coordinates"":[]}"
000000000000000001fa,77,JOHAR BARU,JOHAR BARU,3171081001,3.171081001E12,Tidak Diketahui,Johar Baru 01,-,-,-,1092,Tidak efektifnya saluran Gendong pada pembangunan Sheedfile,001,0,2020,1577865600000,-,0,0,-3.367869216640525,-12.251415698237935,-14.937964290908216,1.7839188771325991,3.5524559812194294,-4.123800282830403,-7.814243316360033,2.2777710849402717,JAKARTA PUSAT,1,1.0,1,0.0,3482.1338548783433,3330.1445888482476,3139.010065987322,168.76095426733718,74.05778960389279,-40.13080323400436,56.4249968724532,97.0093957233287,11,7.19214274774085,3,3.3637400228048984,-0.1846389924577723,-4.244013683010385,1.6660256608780482,1.700509727503296,1.0,1.299999713897705,0.29959406800137894,0.0,0.41174423694610596,-0.5952318569687796,-1.0318130254745483,0.4977228621142536,0.5105186365046971,45560.9926821,45769.77528383506,5.4005045890808105,2.61502092007675,0.0,2.853743553161621,0.24642741703881235,-2.420090913772583,1.1277338296880446,1.1504939420093379,21.278459756711673,16.24305621199195,11.406481537645332,7.159558268334067,2.162112695566313,-2.528852509735424,2.799471777503936,2.796048692154802,3.2806107997894287,1.5819082003010347,0.008499076589941978,2.859343260526657,1.205510682576312,-0.4295921362936497,1.1554624164720153,1.1554737945499003,0,0.0,0,0.0,"{""type"":""MultiPoint"",""coordinates"":[]}"
000000000000000001fb,207,JOHAR BARU,JOHAR BARU,3171081001,3.171081001E12,Tidak Diketahui,Johar Baru 02,-,-,-,1093,Intensitas hujan cukup tinggi,002,0,2020,1577865600000,-,0,0,-5.930425284036023,-11.318695348235071,-13.728807181599162,1.6103277273194778,1.359750945801074,-4.985304910461344,-8.091120798297775,1.7467357042485332,JAKARTA PUSAT,1,1.0,1,0.0,3240.1855460822353,3168.0249156283294,3033.0447474416887,45.70891736906242,6.096377251714635,-44.044808638183895,24.438875618123745,52.97446869984959,11,7.44409090909091,5,3.3044469783350694,-0.22046193117046708,-2.167616875712791,1.1003322026485867,1.1867602959317443,1.0,1.9000000953674316,1.2254319612546398,0.0,0.48586106300354004,0.004050832262093381,-1.0254276990890503,0.3602634647951883,0.44197740747359904,30738.1227537,30838.6731394546,4.145479202270508,1.8445756752043965,0.0,2.0018393993377686,-0.30683698963712563,-2.194167375564575,1.1091264216652517,1.105351649577352,19.21357414202485,14.807352649048596,11.672184041591757,5.17887569833713,0.7503295367483945,-2.380368553153227,2.3970737062119927,2.395253228835597,3.2806107997894287,0.3358665299623021,0.008499141782522202,2.850359559059143,-0.08814242359208449,-0.4342051185667515,0.8638627802063641,0.8664333832474955,0,0.0,0,0.0,"{""type"":""MultiPoint"",""coordinates"":[]}"
000000000000000001fc,150,JOHAR BARU,JOHAR BARU,3171081001,3.171081001E12,Tidak Diketahui,Johar Baru 03,-,-,-,1094,-,003,0,2020,1577865600000,-,0,0,9.082077681170048,-9.505307827290896,-13.870299097369129,3.170363076250631,7.886060453618775,-4.100310690984455,-7.390727095273844,2.4109104934157117,JAKARTA PUSAT,1,0.9914466843323385,0,0.08362212737350672,3693.215064037931,3483.3682701784646,3318.9059817922894,207.44005524450313,103.96584418085395,-23.94301516674477,46.08685982990659,80.73843121003533,13,9.143494448730417,6,4.4104903078675655,0.06881212924283348,-2.7548460661347196,1.3485585451575837,1.3261892852206585,0.7231272893378219,2.700000286102295,1.3090935709235512,0.0,1.1014825105667114,-0.31444027096935767,-1.239452838897705,0.5084874133897582,0.5736096421084856,104116.141509,104546.66955167182,7.034433364868164,2.139241197488446,0.0,4.627516508102417,-0.09261506995011833,-2.2754955291748047,1.1854498653624883,1.2282026361390994,17.58388122012736,13.44936981143498,11.191547801573337,3.8615465712260093,-0.004409638981885153,-2.431837550305749,1.3787630597765717,1.3865711382041053,0.9943874478340149,0.05733763119339845,0.008499091491103172,0.8421704024076462,-0.038156408879678395,-0.18185198307037354,0.15880809171868135,0.16608456262690308,0,0.0,0,0.0,"{""type"":""MultiPoint"",""coordinates"":[]}"
000000000000000001fd,174,JOHAR BARU,JOHAR BARU,3171081001,3.171081001E12,Tidak Diketahui,Johar Baru 04,-,-,-,1095,-,004,0,2020,1577865600000,-,0,0,-4.293554353012953,-10.17172013378713,-12.745538651366253,1.850910267355533,0.03377178136873226,-4.224495085741004,-6.6389784064716295,1.5872126224598402,JAKARTA PUSAT,1,1.0,1,0.0,3693.215064037931,3563.5318746569424,3463.5491259047867,207.44005524450313,123.13402152360844,46.6678365899661,47.42108320352955,70.27333883508041,14,10.571050308914385,6,4.896237172177685,1.5684475580212718,-2.6259977194984625,1.8016566555415763,1.9626706612591616,0.7270005645495057,2.0,1.4458253515366422,0.0,0.6079815626144409,0.027969578000579608,-1.2090080976486206,0.4897986796710706,0.5376242291090038,19835.2673886,19877.08339173817,4.159976482391357,2.4852876319889465,0.9274099469184875,1.853943109512329,0.1825098986028047,-1.429557740688324,0.905923137215532,0.9049726531029106,17.225813186799453,13.514286751298561,11.672176208866864,3.5569908210496184,0.04543953267903798,-1.7396572549567892,1.636887893025129,1.6704415306055767,0.9858883619308472,0.08385546831389445,0.008499101735651493,0.8615037724375725,-0.013353304438365318,-0.09906172007322311,0.21898816043204544,0.22788110664136657,0,0.0,0,0.0,"{""type"":""MultiPoint"",""coordinates"":[]}"
000000000000000001fe,600,JOHAR BARU,JOHAR BARU,3171081001,3.17108100101E12,Tidak Diketahui,Johar Baru 06,-,-,-,1097,-,006,0,2020,1577865600000,-,0,0,-3.45398835747621,-11.246436102493359,-15.869142076556528,1.9364839544752648,0.819632335472319,-4.766879973690476,-9.587923915074633,1.8967110720210165,JAKARTA PUSAT,1,0.9908505977913664,0,0.11951030798891775,3777.3065187347443,3650.7557892047903,3442.3651404797974,272.6798727741416,158.1883860035141,-14.12433284211329,54.42087835397241,71.68596090350763,15,7.533015423929911,3,6.7354618015961805,-1.0511567244987283,-6.026225769669516,2.410695554675159,2.317662744342527,1.0,1.8000001907348633,0.6271699861180255,0.0,0.5245153903961182,-0.5181454796841455,-1.4258838891983032,0.5293016036192202,0.501767585503989,152875.750726,153489.829609005,9.067116737365723,2.7367465777073283,0.0,6.569483995437622,0.24482259256181327,-2.5217106342315674,1.5728548784765821,1.585719440771119,18.89990335561562,14.026807153215708,10.882888518128887,5.408832817836279,0.3730797449994918,-2.9315189534074335,2.2004693424341686,2.1528967605178377,1.1303731203079224,0.26248420896262775,0.008499037474393845,0.8675898313522339,0.09614426796910618,-0.3280783137306571,0.3940538097921481,0.391398555290013,1,0.007506616774664602,0,0.09781863155225404,"{""type"":""MultiPoint"",""coordinates"":[]}"
000000000000000001ff,515,JOHAR BARU,JOHAR BARU,3171081001,3.17108100101E12,Tidak Diketahui,Johar Baru 08,-,-,-,1099,Bankir / air tidak lancar,008,0,2020,1577865600000,-,0,0,4.097908931640655,-9.437907000092935,-14.172123617685543,2.9256902768714945,11.03897331664056,-3.1231079485578235,-8.772120578297162,3.190614227591305,JAKARTA PUSAT,1,0.9851732184527016,0,0.12125430454680514,3583.2274512909826,3405.807775127133,3192.0215612176544,188.83668133729952,63.313156627438765,-60.003916850600035,64.68440489594768,109.35914433216776,11,6.773541554478549,0,3.3637400228048984,-1.2587075478631424,-8.078677309008118,2.234312759848969,2.188998190133789,1.0,1.6000003814697266,0.5633172204006169,0.0,0.7606616616249084,-0.3736119306209464,-1.1458381414413452,0.44548458445470707,0.41775856723139065,97198.3944709,97612.02505941881,8.776071548461914,2.957834241217331,0.0,6.180711269378662,0.3825660338223762,-2.6086111068725586,1.7748256858762832,1.7872379217257246,21.19189009828642,13.462686407170816,10.916045662416064,7.483767925909357,-0.3595424329137832,-2.975729773427865,2.3012436363949553,2.2883484000845065,1.682785153388977,0.20347317423747704,0.00849906262010336,1.3841100931167603,-0.08292214277686374,-0.33982362784445286,0.5371265580953989,0.5408738539082215,1,0.014826781547298511,0,0.12125430454680537,"{""type"":""MultiPoint"",""coordinates"":[]}"
00000000000000000273,257,JOHAR BARU,KAMPUNG RAWA,3171081002,3.171081002E12,Tidak Diketahui,Kampung Rawa 01,-,-,-,1292,Tingginya curah hujan dan antrian air yang menuju Kali Sentiong,001,0,2020,1577865600000,-,0,0,-4.471315212133238,-11.32558367937828,-14.779436955207476,2.4031830454066574,2.671988821602037,-2.8289146725383345,-6.832841208278346,2.0000987065310394,JAKARTA PUSAT,1,1.0,1,0.0,2987.3034691983003,2882.747941782566,2779.8933419494465,32.3314875799656,-10.986347196322425,-53.50294368431105,26.373181669282896,55.24603462834512,12,9.800793301013663,5,3.9863169897375776,1.718145466660939,-2.425313568985322,1.6426434536752568,1.8585159758939547,1.0,2.9000000953674316,2.3329367936051537,1.0999999046325684,1.2734321355819702,0.7838527651037681,-0.2716078758239746,0.5396447168294493,0.6836484402156884,23782.8452172,23896.07347348588,3.9402973651885986,2.3511549090435455,0.0,1.7228682041168213,0.13308972492430973,-2.1873579025268555,0.9908895343310438,1.009615357123882,15.955480790195834,12.40878615567286,11.723119693085877,2.169272742979752,-1.3830283917172101,-2.1078586207416823,0.8872220489735998,0.8871045339269289,0.016998406499624252,0.008782628308382393,0.008499184623360634,-0.3609997536987066,-0.40909653669421586,-0.4463291531428695,0.024960718216722633,0.002494888626711502,0,0.0,0,0.0,"{""type"":""MultiPoint"",""coordinates"":[]}"
00000000000000000274,857,JOHAR BARU,KAMPUNG RAWA,3171081002,3.171081002E12,Tidak Diketahui,Kampung Rawa 02,-,-,-,1293,Tingginya curah hujan dan antrian air yang menuju Kali Sentiong,002,0,2020,1577865600000,-,0,0,-5.299584775871014,-12.148977879213646,-14.428758898157731,1.5603447357584697,0.8499554390199209,-4.357626580264545,-6.283308607590086,1.528502045617837,JAKARTA PUSAT,1,1.0,1,0.0,3071.1090804960018,2969.0054975321127,2911.441581050983,35.32498266203538,-5.37104831797994,-48.09538729326323,24.111487651269588,47.18779308435758,12,8.601766304347828,5,3.9578107183578624,0.7801173404886527,-2.4184720638541943,1.5573975121357322,1.8091767757001593,1.0,2.799999713897705,1.8344837637051294,0.9000000953674316,1.2306723594665527,0.4105404103741698,-0.4306727647781372,0.6090550334303219,0.7403608327426916,25626.1084498,25731.797718810252,4.159943103790283,1.9974231770181141,0.0,1.9638640880584717,-0.1715389361524064,-2.1873579025268555,1.0789084171974634,1.0909539800073382,16.648626874976447,12.866513211769275,11.668691766868033,2.7235742170767203,-0.9664356003896305,-2.1103719276487904,1.1979548436532113,1.223269303758797,0.016998350620269775,0.011227925010683504,0.008499184623360634,-0.35073667764663696,-0.4083883603242651,-0.4373260047286749,0.022522533737058238,0.004155458894022399,0,0.0,0,0.0,"{""type"":""MultiPoint"",""coordinates"":[]}"
00000000000000000275,452,JOHAR BARU,KAMPUNG RAWA,3171081002,3.171081002E12,Tidak Diketahui,Kampung Rawa 03,-,-,-,1294,Tingginya curah hujan dan antrian air yang menuju Kali Sentiong,003,0,2020,1577865600000,-,0,0,-5.299584775871014,-10.557073719108823,-14.973897523787208,1.9746197214422319,0.5420841352274832,-4.508899265297894,-7.573123325259786,1.790573317591402,JAKARTA PUSAT,1,1.0,1,0.0,3155.4161536882916,3072.4927262270926,2997.3690208403514,38.55330965035728,-3.6252357825185477,-44.433619184044346,23.92739301722786,49.81821004910874,10,7.6529022777369615,6,2.287343215507244,-0.17480925303951253,-2.3717217787915175,1.0649498186692417,1.1267131182879113,1.0,1.9000000953674316,1.4090375615777906,0.8000001907348633,0.4469785690307617,0.03500549919372267,-0.4456099271774292,0.3008086021926011,0.4137580122364418,23737.1302692,23851.86790424161,3.8394336700439453,1.7305621637832058,0.0,1.6854743957519531,-0.40308923603943553,-2.1556971073150635,0.9399795379113774,0.9291992580414556,17.901390407015622,14.16755900144284,11.749126259445974,3.9447389206269676,0.21978672702657664,-2.2772904865920047,1.5964656832360666,1.622104689449893,0.2549747824668884,0.07427057560292415,0.00849915947765112,-0.18279680609703064,-0.34642779494346304,-0.4278382519260049,0.08572755789447614,0.0922215696302617,0,0.0,0,0.0,"{""type"":""MultiPoint"",""coordinates"":[]}"
00000000000000000276,198,JOHAR BARU,KAMPUNG RAWA,3171081002,3.171081002E12,Tidak Diketahui,Kampung Rawa 04,-,-,-,1295,Tingginya curah hujan dan antrian air yang menuju Kali Sentiong,004,0,2020,1577865600000,-,0,0,-0.5441656086126693,-9.735808594653202,-13.3623658826622,2.6318886170443854,3.819153841824771,-3.903232106679801,-8.070223987461898,2.3953723663524715,JAKARTA PUSAT,1,1.0,1,0.0,3198.7543709788697,3065.5714110990625,2821.3751145383426,50.236247206558346,-4.325280878498396,-52.98597044466487,25.43503353570394,88.90367043731665,13,8.973579335793355,6,3.7856328392244087,0.17419431389277193,-2.3717217787915175,1.1705433173235091,1.1987238111884653,1.0,3.500000476837158,2.8235942795531757,1.9000000953674316,1.5901941061019897,0.9721653232275332,0.2511972188949585,0.3206069398601522,0.40097078553066856,47367.0908424,47517.74913707047,3.940305709838867,1.5611589678099227,0.0,1.8345506191253662,-0.5469316558380406,-2.2333831787109375,0.8893659953042421,0.874488355073567,17.054094174642074,13.531220945932432,11.886947402687543,3.5750463467187004,-0.10866541279960071,-1.5109731032654299,1.2166636992904978,1.2378750271971755,0.03399674966931343,0.017007783019152286,0.008499166928231716,-0.025255227461457253,-0.24677948263532223,-0.3754784232005477,0.10374391310734266,0.009195683479980827,0,0.0,0,0.0,"{""type"":""MultiPoint"",""coordinates"":[]}"
00000000000000000278,271,JOHAR BARU,KAMPUNG RAWA,3171081002,3.17108100201E12,Tidak Diketahui,Kampung Rawa 06,-,-,-,1297,Tingginya curah hujan dan antrian air yang menuju Kali Sentiong,006,0,2020,1577865600000,-,0,0,-4.471315212133238,-11.043620108780194,-14.820927182574763,2.3844204427776,-0.577989567171272,-4.1677449013959915,-7.334214386069915,1.849321828629289,JAKARTA PUSAT,1,1.0,1,0.0,2865.260761726381,2778.907429870785,2704.577482392719,28.505873371956113,-18.254899384202147,-54.61185996984841,24.708950383181858,46.955227449085875,10,7.664911992103964,4,2.0661345496007595,-0.17977023542003343,-3.1744583808439257,1.282067100108936,1.5954700534193738,1.0,3.000000476837158,1.5826947239987024,0.0,1.1628282070159912,0.1518098525966463,-1.1606613397598267,0.6843117953025121,0.8704335206669742,21049.5345287,21154.340493953543,3.353815793991089,1.8650292326674922,0.0,1.1353180408477783,-0.38294518896968255,-2.2754862308502197,0.8928923514962609,0.8887559328872994,19.287873504953755,13.985981574844216,11.88695227089668,5.541309842832488,0.20813809515311088,-1.8655352954024949,2.0292547819404794,2.0394669156902627,3.875549077987671,0.38714792184485114,0.008499198593199253,3.413617104291916,-0.05238033809456598,-0.4463291531428695,1.3208085891898973,1.3313269160403223,0,0.0,0,0.0,"{""type"":""MultiPoint"",""coordinates"":[]}"
00000000000000000279,456,JOHAR BARU,KAMPUNG RAWA,3171081002,3.17108100201E12,Tidak Diketahui,Kampung Rawa 08,-,-,-,1299,Tingginya curah hujan dan antrian air yang menuju Kali Sentiong,008,0,2020,1577865600000,-,0,0,-5.930425284036023,-12.800175187520784,-14.973897523787208,1.6502692243837862,0.30681154160790347,-4.691690960627204,-7.334214386069915,1.7094428110743782,JAKARTA PUSAT,1,1.0,1,0.0,3170.3804875485657,2937.9852763954004,2790.7070829135955,45.70891736906242,-9.946396455301052,-51.8282420375358,26.321622226323328,110.69498149805818,8,5.572750362844703,2,0.6887115165334885,-1.688813295093424,-5.149372862029782,1.3017298206653052,1.316461297742917,1.0,1.200000286102295,0.2879535864676377,0.0,0.13899683952331543,-0.8456902582906675,-1.162713885307312,0.4460814726723463,0.48759772401082924,19318.1365721,19354.13087371994,3.839418649673462,1.863447620653708,0.0,1.641784429550171,-0.3318048842002587,-2.1687638759613037,0.9582920315486481,0.9680659352973687,22.053534079976146,17.27036250087051,11.749134785595139,8.057339338399512,3.3327629460541908,-2.062445332146506,2.731580022234643,2.772127960583599,3.858550548553467,2.667459914154111,0.008499141782522202,3.4041002094745636,2.2229801014983885,-0.4463291531428695,1.7019052373006172,1.7042195022030537,0,0.0,0,0.0,"{""type"":""MultiPoint"",""coordinates"":[]}"
00000000000000000287,686,JOHAR BARU,GALUR,3171081003,3.171081003E12,Tidak Diketahui,Galur 01,-,-,-,1314,Hujan lebat dan lama,001,0,2020,1577865600000,-,0,0,-6.891716910494289,-12.43196451503372,-14.460916609940988,1.4590180458398874,-0.8695710729419825,-5.0421325710161495,-7.0401847005614915,1.6456126478950026,JAKARTA PUSAT,1,1.0,1,0.0,2779.8933419494465,2667.4096848403847,2533.7244293416434,26.80513694201818,-12.82931498499614,-58.380525998387384,26.80309562249343,60.255181157918635,9,6.29574656623837,5,1.2166476624855962,-1.1652979783156758,-2.705815279361606,1.035404137061925,1.047565601757847,1.0,2.000000476837158,0.830926018158419,0.0,0.6012547016143799,-0.41398541167820785,-1.1562143564224243,0.44277971043190867,0.5104128924892187,15850.1276125,15906.828352311244,4.145472526550293,1.8770626909869088,0.0,1.851271152496338,-0.4985205886054474,-2.3660178184509277,0.8983712061932998,0.8894393746300933,19.29006514346065,14.35089896948089,12.01469297631678,5.621305392826313,0.6332124231139475,-1.7559567632965098,2.413033299898641,2.389070410084133,3.9010467529296875,0.7997001247974853,0.00849922001361847,3.4204686880111694,0.33014984702873834,-0.4714004546403885,1.6007607921385054,1.6017410273845831,0,0.0,0,0.0,"{""type"":""MultiPoint"",""coordinates"":[]}"
00000000000000000288,85,JOHAR BARU,GALUR,3171081003,3.171081003E12,Tidak Diketahui,Galur 02,-,-,-,1315,air kali sentiong meluap saluran air macet/mampet,002,0,2020,1577865600000,-,0,0,-7.488605555820229,-11.702704492014576,-15.233373006501791,1.80187895537235,0.6180753293461209,-3.9896159063499796,-9.428152835792877,2.248799007943284,JAKARTA PUSAT,1,1.0,1,0.0,2821.3751145383426,2573.0302113914163,2365.0843991588094,28.26563253566701,-18.503470069052444,-64.75929133371528,26.902240409093224,108.05180589176409,12,5.903160453808751,2,4.015963511972481,-1.7948300619654816,-5.657924743443707,2.293421998409917,2.4536935923007905,1.0,2.4000000953674316,0.9873501478563058,0.0,0.7882554531097412,-0.3944540800885982,-1.1704676151275635,0.5121714231465307,0.6473116781227969,43062.5182267,43252.614996332886,5.938636779785156,2.842509647658037,0.0,3.530856132507324,0.44805261150751147,-2.479865312576294,1.4478568462004475,1.4482046088636125,19.29443420145698,13.876043400469886,11.435447154223441,5.644136107192361,0.1400764913503294,-2.2880968264206842,1.9312774244509496,1.9070301994757333,4.1050286293029785,0.30974066429016756,0.00849925260990858,3.5990981459617615,-0.16972544608838436,-0.4974408866837621,1.1776718352040494,1.1840381957598254,0,0.0,0,0.0,"{""type"":""MultiPoint"",""coordinates"":[]}"
00000000000000000289,145,JOHAR BARU,GALUR,3171081003,3.171081003E12,Tidak Diketahui,Galur 04,-,-,-,1317,"curah hujan tinggi, kondisi rumah lebih rendah dari jalan",004,0,2020,1577865600000,-,0,0,-5.213067965591302,-10.629148394807721,-14.406115726100968,2.0562711109937837,16.230862813863087,-2.8675761822829204,-9.579872938654706,3.260829502851587,JAKARTA PUSAT,1,1.0,1,0.0,3038.713994907392,2786.3913724196736,2497.8075173669595,35.83985736152954,-12.355488310434875,-61.96060376088235,25.64866407713765,141.99738624426095,15,10.307579298831385,7,6.380843785632672,1.5135464466621602,-2.309007981756192,1.6650749062025747,1.6516926007475494,1.0,3.200000286102295,2.69256762394722,1.5999999046325684,1.374002456665039,0.6236402829222766,-0.6850624084472656,0.44243462443415066,0.41109440658451885,52233.1567906,52475.61300343124,7.2227864265441895,2.227790387739522,0.0,4.985695123672485,0.024608355436181808,-2.2333831787109375,1.4936405061660838,1.5032291880493387,16.648631477241572,12.758081155475145,11.113402775956793,2.927052047393868,-0.8463849789453157,-2.5253994566488274,1.2319727350385545,1.227381902748336,0.03399695083498955,0.00915419214630565,0.008499198593199253,-0.06045294925570488,-0.30660394528398727,-0.44204714987426996,0.0860352293885026,0.0051953822063910355,0,0.0,0,0.0,"{""type"":""MultiPoint"",""coordinates"":[]}"
0000000000000000028a,145,JOHAR BARU,GALUR,3171081003,3.171081003E12,Tidak Diketahui,Galur 05,-,-,-,1318,ukuran saluran kecil,005,0,2020,1577865600000,-,0,0,-5.821436459253,-10.779098954219986,-14.7710288842367,2.049184899864616,0.8092185903776238,-4.415228980882255,-8.271905033575571,1.8878911564829373,JAKARTA PUSAT,1,1.0,1,0.0,2959.810142304346,2744.2694120449864,2547.273854450575,32.35696079618674,-12.68657093079536,-61.262486126533986,24.411549413021024,114.1398949198593,14,10.270467547839813,7,5.279361459520926,1.2327371441719346,-2.3169897377424835,1.5539788777281907,1.4500553696718657,1.0,2.700000286102295,1.9583745638654881,1.5,0.4673891067504883,-0.4415838214673336,-1.1191563606262207,0.5124544615782323,0.4306516492086064,35364.8125107,35509.2453980666,4.654246807098389,2.2021149852603217,0.0,2.4963033199310303,0.021810781223154527,-2.1145033836364746,1.0873540657413365,1.084761666980855,16.57242638217732,13.283104541214982,11.561793175637433,3.140436982490357,-0.15359910459987214,-1.850095487437267,1.4978814558625833,1.4604314849968398,0.25497663021087646,0.06498407714640655,0.008499208837747574,0.2098153419792652,-0.11996516651437376,-0.363860041834414,0.1599194507563375,0.09907063397221993,0,0.0,0,0.0,"{""type"":""MultiPoint"",""coordinates"":[]}"
0000000000000000028b,145,JOHAR BARU,GALUR,3171081003,3.17108100301E12,Tidak Diketahui,Galur 06,-,-,-,1319,Lantai bangunan lebih rendah dari saluran air / sebagiab ada luapan dari luar,006,0,2020,1577865600000,-,0,0,-2.484274855870457,-11.011164097323219,-14.247011705023557,2.172547955869092,4.180940714902469,-4.673309527831049,-8.876451826046342,1.8125728031782353,JAKARTA PUSAT,1,1.0,1,0.0,3087.875951668441,2856.59851346818,2653.179401278082,46.507324779081955,-11.019706809081514,-58.75544329645527,25.683832153508867,130.70683576199147,13,9.489388717576636,6,3.4777651083236165,0.09045066279517407,-3.419612314709431,1.7977664526585935,1.8556304620864161,1.0,3.200000286102295,2.133185263707593,1.5,1.014139175415039,-0.40561115408730813,-1.167959213256836,0.6534846773602682,0.5564360538863006,38519.475758,38643.72456963498,4.744986534118652,2.1270275235705856,0.0,2.63627552986145,-0.0665092328412983,-2.3392844200134277,1.120831388901079,1.0923370027280237,19.133537834822892,13.690381070218569,11.536575716888883,5.9517768295551825,0.47646492221470643,-1.8012075002509,1.653612210208773,1.6519590730646199,0.24647735059261322,0.07102310324029287,0.008499198593199253,0.21172451600432396,0.026199002772179087,-0.21795138344168663,0.10571173890890383,0.09058542300482111,0,0.0,0,0.0,"{""type"":""MultiPoint"",""coordinates"":[]}"
0000000000000000028c,80,JOHAR BARU,GALUR,3171081003,3.17108100301E12,Tidak Diketahui,Galur 07,-,-,-,1320,Intesitas hujan yang cukup tinggi serta lama kondisi eksisting rumah warga lebih rendah dari jalan,007,0,2020,1577865600000,-,0,0,0.011088975641471772,-9.681670507252013,-13.951739543192865,2.811715077753025,4.180940714902469,-3.926422414662143,-7.834356138166452,2.3492052776170116,JAKARTA PUSAT,1,1.0,1,0.0,3192.0215612176544,2919.8789157128676,2709.346062320677,101.51346139917314,2.594121396365457,-56.261776970718074,31.634752109956406,131.5026384489644,13,9.512009077728047,6,3.311288483466141,-0.189576570364567,-3.3945267958952776,1.5770938894550564,1.5447183167828469,0.8968984662629996,4.700000286102295,2.0955746817587304,1.5,1.9744584560394287,-0.5464453380826153,-1.167959213256836,0.5083772069562267,0.46208895158829244,55305.4478464,55536.71629211632,5.400482654571533,2.216160273590267,0.0,3.1530885696411133,-0.06916174417500058,-2.390383005142212,1.1324269019909765,1.1051433808457158,19.133537834822892,13.402145581848773,11.48677099249275,5.9517768295551825,0.24355285592896475,-1.643523667781599,1.4696385199346222,1.4630023101040677,0.24647735059261322,0.046890036281991315,0.008499198593199253,0.21172451600432396,0.017356594438713166,-0.03277583513408899,0.06848053609081409,0.06854255639243106,0,0.0,0,0.0,"{""type"":""MultiPoint"",""coordinates"":[]}"
0000000000000000027a,864,JOHAR BARU,TANAH TINGGI,3171081004,3.171081004E12,Tidak Diketahui,Tanah Tinggi 01,-,-,-,1300,Curah hujan cukup tinggi yang mengakibatkan air hujan meluap dari kali sentiong ke jalan dan pemukiman,001,0,2020,1577865600000,-,0,0,-5.8235626969163325,-10.88225509953019,-16.601342852686464,2.1949209431456405,5.924322452358066,-4.9869699663264395,-10.304223715989973,2.67143670197252,JAKARTA PUSAT,1,1.0,1,0.0,2587.496455406664,2366.323442386743,2243.7160679617973,25.689260353797636,-17.197837000864595,-54.671331812247445,25.15147590262827,78.16524050671403,10,5.660219729915313,3,3.201824401368193,-1.080693692186668,-4.2348916761688695,1.604423945744763,1.5412951492949285,1.0,1.0999999046325684,0.36807054623664703,0.0,0.49680715799331665,-0.42562827683130855,-0.9863170981407166,0.37200788807830165,0.2962270389264961,60895.7435917,61213.35773991074,5.938642501831055,2.4425870099297424,0.0,3.2302255630493164,-0.4838144553215177,-3.178011655807495,1.361511550298713,1.3418158568168446,20.71765515768561,14.20466851117611,11.310888226640527,7.510053622121244,0.8868482565897592,-2.3301735928761094,1.931581123945772,1.8570969608025514,0.9944050312042236,0.20136773584205472,0.008499208837747574,0.8837023749947548,0.031117420066527467,-0.37978288158774376,0.35831325903075484,0.31020295813537546,0,0.0,0,0.0,"{""type"":""MultiPoint"",""coordinates"":[]}"
0000000000000000027b,300,JOHAR BARU,TANAH TINGGI,3171081004,3.171081004E12,Tidak Diketahui,Tanah Tinggi 02,-,-,-,1301,Curah hujan cukup tinggi yang mengakibatkan air hujan meluap dari kali sentiong ke jalan dan pemukiman,002,0,2020,1577865600000,-,0,0,-6.501007355703999,-11.126441652861288,-13.802937160611854,1.572914601861036,0.3503475534224679,-3.9633981571592956,-8.471654768762189,1.9001571519836404,JAKARTA PUSAT,1,1.0,1,0.0,2767.4830418432575,2567.348727713463,2440.2988331759434,30.065595482175013,-13.517326820208055,-49.37867419617942,25.474969860505723,81.3046692659667,8,6.2189790750366525,4,1.2839224629417307,-0.5187524382114498,-2.564424173318244,0.9407937767257208,0.9373557137351983,1.0,0.9000000953674316,0.3023923982004793,0.0,0.25701260566711426,-0.5753352951998713,-0.9305588006973267,0.28364383215094824,0.2984116733803511,52375.2688864,52583.42740242352,4.6273674964904785,1.715253103550761,0.0,1.8837051391601562,-1.1164616971203092,-3.178011655807495,1.07461051342396,1.0184000109633269,20.312186543080873,14.933499582397992,11.561788463807734,7.091429430348635,1.5615076867989461,-1.8261026124204118,2.2283762879706934,2.247806484088246,0.6629343628883362,0.2524422066103491,0.008499198593199253,0.5677474439144135,0.11452353333287997,-0.3259003609418869,0.27996779728479665,0.2773686722927078,0,0.0,0,0.0,"{""type"":""MultiPoint"",""coordinates"":[]}"
0000000000000000027c,677,JOHAR BARU,TANAH TINGGI,3171081004,3.171081004E12,Tidak Diketahui,Tanah Tinggi 03,-,-,-,1302,Curah hujan cukup tinggi yang mengakibatkan air hujan meluap dari kali sentiong ke jalan dan pemukiman,003,0,2020,1577865600000,-,0,0,-4.539573456001889,-11.523107711816632,-15.463387945964847,2.111759549745076,1.5230614897078723,-3.0822471752855285,-10.327030053237737,2.7481969194041262,JAKARTA PUSAT,1,0.976993865030675,0,0.12498425196844122,2612.321102482647,2424.4619607318573,2319.1560581931994,27.812201502065818,-16.39187424820577,-53.85172373245223,25.049100018945424,85.009004719724,9,6.197221219776256,3,2.7719498289622484,-0.17603903353155892,-3.246294184720754,1.5769303168442912,1.583328360576191,1.0,1.0999999046325684,0.7946500200865628,0.5,0.5120865106582642,0.16828266309943282,-0.17662489414215088,0.1927151936729638,0.17814587119925485,38738.4133908,38849.72492446938,4.9860992431640625,2.6396312268846773,0.9274099469184875,2.4751040935516357,0.06169588570235992,-1.7558653950691223,1.1489044972354199,1.1346822345747747,14.774849579066547,12.547656196280993,11.486773897247836,1.100133810073821,-1.2166818088498788,-2.3329460499616097,0.7736320766201644,0.7540235654630879,0.04249617084860802,0.014668156204742482,0.008499208837747574,-0.3238554857671261,-0.4191414937433271,-0.48915539402514696,0.04752018184142732,0.01206054311531135,1,0.02300613496932515,0,0.12498425196844144,"{""type"":""MultiPoint"",""coordinates"":[]}"
0000000000000000027d,600,JOHAR BARU,TANAH TINGGI,3171081004,3.171081004E12,Tidak Diketahui,Tanah Tinggi 04,-,-,-,1303,Curah hujan cukup tinggi yang mengakibatkan air hujan meluap dari kali sentiong ke jalan dan pemukiman,004,0,2020,1577865600000,-,0,0,-6.8342046951195385,-11.641704570779162,-15.68428843234667,1.7675753074319023,1.2637589014933095,-3.891571369937364,-9.070286367998046,2.363406786950217,JAKARTA PUSAT,1,1.0,1,0.0,2670.959054017488,2481.286863986005,2365.0843991588094,32.4169965543374,-10.826549049711069,-64.75929133371528,27.186400531605575,80.49823862720949,9,7.100697906281155,3,2.3568985176737574,0.29612223761996176,-3.541619156214492,1.5434324054933588,1.4853555102181901,1.0,1.200000286102295,0.8288933578540655,0.0,0.5263400673866272,-0.018020904212744365,-1.1704676151275635,0.5322281638134861,0.41345153718805594,34941.9044711,35126.95947467127,7.644643783569336,2.2519279006946595,0.0,5.234547853469849,-0.3029891921183166,-2.619553804397583,1.4169595008957054,1.3922103327540074,19.001731546928497,13.710588649050626,11.05599130282831,5.3533165121229125,0.025038201271068497,-2.803080859423389,2.5102819642656575,2.4679907794179914,4.1050286293029785,0.7104394305677543,0.008499208837747574,3.600115716457367,0.22674940076015007,-0.48915539402514696,1.6067580718624035,1.6136315416304112,0,0.0,0,0.0,"{""type"":""MultiPoint"",""coordinates"":[]}"
0000000000000000027e,600,JOHAR BARU,TANAH TINGGI,3171081004,3.171081004E12,Tidak Diketahui,Tanah Tinggi 05,,-,-,1304,Curah hujan cukup tinggi yang mengakibatkan air hujan meluap dari kali sentiong ke jalan dan pemukiman,005,0,2020,1577865600000,-,0,0,-4.155287870929598,-11.658519501204388,-14.698729434167923,1.7103783210521204,3.6230423519684614,-3.639790947171644,-8.021891203001116,2.008549045593906,JAKARTA PUSAT,1,0.9891507828454731,0,0.09448728361893272,2877.2493528392174,2706.564043754277,2587.496455406664,36.3127914027682,-7.325311666000528,-55.024533258568226,25.152918812136367,76.49244881954736,11,6.392443839346494,2,4.6100342075255485,-0.1771453734458571,-5.149372862029782,2.0057863132200313,1.8923208436924148,1.0,1.0999999046325684,0.5522166066546272,0.0,0.37537044286727905,-0.23577919405098255,-1.1562143564224243,0.45098434571333673,0.33277285058453393,81984.6745804,82312.81482208199,7.644643783569336,3.0052843134447045,0.0,5.254390001296997,0.6856931805144042,-2.471531629562378,1.4746201733236262,1.4571784524497113,19.287873504953755,13.159000446315659,11.05599130282831,5.541309842832488,-0.7749641740385342,-2.803080859423389,2.3322288046228876,2.3090620555958794,3.875549077987671,0.5186672682969874,0.008499184623360634,3.4135298430919647,0.08226913647466086,-0.4752476178109646,1.4034386250469266,1.4161853282321417,0,0.0,0,0.0,"{""type"":""MultiPoint"",""coordinates"":[]}"
0000000000000000027f,752,JOHAR BARU,TANAH TINGGI,3171081004,3.17108100401E12,Tidak Diketahui,Tanah Tinggi 06,-,-,-,1305,Curah hujan cukup tinggi yang mengakibatkan air hujan meluap dari kali sentiong ke jalan dan pemukiman,006,0,2020,1577865600000,-,0,0,-2.8518789446104016,-11.516480264311223,-14.52782552380894,1.9920497385772225,4.909598947899223,-2.9914060680126755,-7.286239504200253,2.933960341823829,JAKARTA PUSAT,1,1.0,1,0.0,3038.713994907392,2855.874390408203,2623.82556060524,84.10617328387934,13.923306230823469,-45.00930325297122,31.041030686120187,119.26492174846085,10,6.076813655761021,3,3.228050171037504,-0.9621504691721358,-4.043329532497264,1.575726802143705,1.6315362159934712,1.0,1.6000003814697266,0.6729536415703402,0.0,0.6396810412406921,-0.43735158413775765,-1.1993159055709839,0.5455385267255659,0.5910885803940106,53925.6047438,54170.554441017965,4.6273674964904785,2.0673939349363675,0.0,1.8837051391601562,-0.49835462278372,-2.898249864578247,1.0408889478672436,0.9993422765968237,17.282093406736575,14.450082580905413,11.561788463807734,3.624425615861064,0.8342746647487648,-2.2884601364921053,1.7458897397436632,1.6371466139077335,0.5354459881782532,0.15413406198502513,0.008499141782522202,0.4104887470602989,-0.005737218348008068,-0.30955979600548744,0.19984304957217006,0.1638566563345374,0,0.0,0,0.0,"{""type"":""MultiPoint"",""coordinates"":[]}"
00000000000000000280,1700,JOHAR BARU,TANAH TINGGI,3171081004,3.17108100401E12,Tidak Diketahui,Tanah Tinggi 07,-,-,-,1306,Curah hujan cukup tinggi yang mengakibatkan air hujan meluap dari kali sentiong ke jalan dan pemukiman,007,0,2020,1577865600000,-,0,0,-4.676521402858847,-11.419547924041877,-14.910813829514177,1.7418294509823016,5.258508301111383,-2.814847020765042,-6.206223991533605,2.2045817780231176,JAKARTA PUSAT,1,1.0,1,0.0,2994.4966013776398,2885.8392559113713,2767.4830418432575,49.01611044168749,4.494655478833954,-41.00909079226494,24.647541019025397,76.55775216810048,11,6.459627749576989,3,4.6100342075255485,-0.12788544241166408,-3.540478905359296,1.9786542326844028,1.9605775002291221,1.0,1.6000003814697266,0.6718443676582245,0.0,0.7077540159225464,-0.16875597804532638,-0.858722984790802,0.5833242424106829,0.5943673628548277,51567.0201424,51754.2638889562,5.655346870422363,2.463015679445767,0.0,3.3977572917938232,0.22720853068501815,-2.2359046936035156,1.4565768948504614,1.4637184860037644,17.341775808782746,13.015816925696475,11.36009610603994,3.2888961078122367,-1.0103707765544965,-2.631861047087069,1.3108159586808097,1.315764640292617,0.05099499598145485,0.020031588558996383,0.00849915947765112,-0.24242022261023521,-0.3553037866245319,-0.4207252487540245,0.047541167123733574,0.014367274276417694,0,0.0,0,0.0,"{""type"":""MultiPoint"",""coordinates"":[]}"
00000000000000000281,1400,JOHAR BARU,TANAH TINGGI,3171081004,3.17108100401E12,Tidak Diketahui,Tanah Tinggi 08,-,-,-,1307,Curah hujan cukup tinggi yang mengakibatkan air hujan meluap dari kali sentiong ke jalan dan pemukiman,008,0,2020,1577865600000,-,0,0,-3.5576707790619944,-11.09065469538094,-14.652531459845285,2.142227132073316,4.5998606629288705,-3.149909091049222,-7.288554874542596,2.2187411743049945,JAKARTA PUSAT,1,1.0,1,0.0,3139.010065987322,2957.0694542053006,2790.7070829135955,61.028145294118076,-0.5771111332741241,-48.76782287791093,26.583548143481163,100.81337934576045,8,5.937792767472362,4,1.3500570125426448,-0.956196377818204,-2.779931584948823,0.9506504505091838,0.9383529431353976,1.0,1.0999999046325684,0.1543188705918463,0.0,0.3687569499015808,-0.7642564878056627,-1.0883694887161255,0.3105800190812213,0.2600036551114019,55874.8624871,56115.5049794194,5.655346870422363,1.5870303935899215,0.0,3.3977572917938232,-0.5994830818970248,-2.1917724609375,1.0764487460770569,1.080051382687119,19.887295632664316,15.321548657038777,11.36009610603994,5.778886359975884,1.2348038614666663,-2.631861047087069,2.772800879243483,2.7644309401136513,3.7990562915802,0.9573199515593978,0.008499141782522202,3.3492189943790436,0.5153537422097973,-0.45650475285947323,1.5152779810997183,1.5159946386980871,0,0.0,0,0.0,"{""type"":""MultiPoint"",""coordinates"":[]}"
00000000000000000282,1215,JOHAR BARU,TANAH TINGGI,3171081004,3.17108100401E12,Tidak Diketahui,Tanah Tinggi 09,-,-,-,1308,Curah hujan cukup tinggi yang mengakibatkan air hujan meluap dari kali sentiong ke jalan dan pemukiman,009,0,2020,1577865600000,-,0,0,-2.8518789446104016,-10.35267508751409,-14.320398546474713,2.3678831320002356,2.6489655422020117,-4.242774000010757,-7.667196518082107,2.26812755972361,JAKARTA PUSAT,1,1.0,1,0.0,3287.644004268418,3151.8889907977873,3038.713994907392,151.321734933892,45.29521842805906,-33.567378515728706,45.6222580164928,65.86150505057113,9,5.909024745269284,2,1.6681870011401276,-1.1226909154143445,-4.984036488027485,1.3942628292239014,1.401777825066836,1.0,1.5999999046325684,0.6138115474056816,0.0,0.3523375988006592,-0.3652173782293265,-0.9493729472160339,0.3245451548592689,0.40908591621860874,62154.429089,62455.18454592335,5.400496959686279,2.1411765036184107,0.0,3.209207057952881,-0.07084033546889834,-2.282238006591797,1.0677496406527054,1.0643934403435553,21.81908736027788,14.590914264694435,11.482540557447182,7.696779256610233,0.45627452267635354,-2.6822452836584123,2.307039741858939,2.3052968183660796,3.2806107997894287,0.3670500043065085,0.008499115705490112,2.861853241920471,0.0049079570228109035,-0.4117606021463871,0.9502753902967903,0.9685974535943636,0,0.0,0,0.0,"{""type"":""MultiPoint"",""coordinates"":[]}"
00000000000000000283,510,JOHAR BARU,TANAH TINGGI,3171081004,3.17108100401E12,Tidak Diketahui,Tanah Tinggi 10,-,-,-,1309,Curah hujan cukup tinggi yang mengakibatkan air hujan meluap dari kali sentiong ke jalan dan pemukiman,010,0,2020,1577865600000,-,0,0,-4.756585769683321,-10.777798945891428,-13.755923554274855,1.843998201731256,1.4825854631003077,-4.648607727838982,-7.814243316360033,1.9858836440730656,JAKARTA PUSAT,1,1.0,1,0.0,3413.495205640626,3321.904865447869,3220.204766362868,153.84025537434673,82.89842234929667,-11.444350455203221,48.63796679489308,55.38688771918854,8,5.910162829870859,4,0.011402508551761947,-1.7516878081511515,-3.725199543899775,1.101056562531707,1.2906452953964294,1.0,0.8000001907348633,0.18850369261999195,0.0,-0.1939569115638733,-0.8337711017246261,-1.1546180248260498,0.2659499486947703,0.2522585389041652,24778.3631754,24928.82668659701,3.8394603729248047,1.9660325066836473,0.0,1.5009889602661133,-0.5378238367923921,-2.6052887439727783,1.145596388524619,1.1198959593022166,21.19189009828642,15.066395457238384,11.75425995779305,7.483767925909357,1.1392014246619346,-2.0721087753880134,2.7299422198235823,2.6810089386333638,1.742278814315796,0.620259791677598,0.00849906262010336,1.3866588175296783,0.30549569044992697,-0.34162612631917,0.8118424899932833,0.8075023452986227,0,0.0,0,0.0,"{""type"":""MultiPoint"",""coordinates"":[]}"
00000000000000000284,750,JOHAR BARU,TANAH TINGGI,3171081004,3.17108100401E12,Tidak Diketahui,Tanah Tinggi 11,-,-,-,1310,Curah hujan cukup tinggi yang mengakibatkan air hujan meluap dari kali sentiong ke jalan dan pemukiman,011,0,2020,1577865600000,-,0,0,-4.52202062181888,-10.494428873374444,-14.460916609940988,2.1859535203749068,3.678517169416229,-2.932876757807661,-6.7428439201135575,2.137996230931858,JAKARTA PUSAT,1,1.0,1,0.0,2704.577482392719,2569.034498928932,2411.9223005209274,23.68739086749474,-15.897031430390756,-61.9363723287438,26.649365791158335,76.34290896173624,12,7.697374759152217,5,4.995438996579115,0.6765745183592203,-2.250855188141534,1.6018451757196979,1.5269568501507236,1.0,1.0999999046325684,0.4793713792785285,0.0,0.2673887014389038,-0.5084692885119447,-1.1524516344070435,0.574434452430665,0.48798052354303084,29002.1817661,29090.031858434282,7.644643783569336,2.8607590616768603,0.0,5.254390001296997,0.38614500745384467,-2.619553804397583,1.8424334433205236,1.8025901487859382,22.08451075225676,15.385098869473357,11.05599130282831,8.477218072954445,1.6946863028536587,-2.803080859423389,3.2421066290064844,3.2042118089801406,4.02853536605835,1.9569539599530428,0.008499208837747574,3.540901929140091,1.4733659751032058,-0.4866737686097622,1.952333691634978,1.949740599751288,0,0.0,0,0.0,"{""type"":""MultiPoint"",""coordinates"":[]}"
00000000000000000285,808,JOHAR BARU,TANAH TINGGI,3171081004,3.17108100401E12,Tidak Diketahui,Tanah Tinggi 12,-,-,-,1311,Curah hujan cukup tinggi yang mengakibatkan air hujan meluap dari kali sentiong ke jalan dan pemukiman,012,0,2020,1577865600000,-,0,0,-5.992945687821246,-11.83518141992723,-14.295719109388601,1.9236797502120646,2.3407970959535973,-3.69401364863477,-7.216444489695329,2.047853346740409,JAKARTA PUSAT,1,1.0,1,0.0,3110.091172995092,3058.281840121953,2948.157301224414,69.6016209827626,38.527791519462916,-21.473603605810695,25.349835870421295,49.80204452931625,10,6.614766449020592,3,3.228050171037504,-0.17949797272841186,-3.8369441277082252,1.471852317350396,1.452938384401688,1.0,1.6000003814697266,0.858781260939553,0.09999990463256836,0.6497153043746948,-0.0591499120890146,-0.7652224898338318,0.4470000033288331,0.48746153016352295,20860.5477479,20963.939931444504,5.00709867477417,1.9950289399145276,0.0,2.827730894088745,-0.20467913350367611,-2.2359046936035156,1.0241092979416517,1.0251596497108515,16.26225495953264,13.608274246167975,11.482540557447182,2.0903812390832908,-0.534030994241419,-2.696749686706596,1.5479334179033777,1.5717505588532363,0.3739595413208008,0.10490314708079318,0.008499141782522202,-0.01194581389427185,-0.2677541946411936,-0.4199884571135044,0.14085966866742208,0.15010222167136975,0,0.0,0,0.0,"{""type"":""MultiPoint"",""coordinates"":[]}"
00000000000000000286,825,JOHAR BARU,TANAH TINGGI,3171081004,3.17108100401E12,Tidak Diketahui,Tanah Tinggi 13,-,-,-,1312,Curah hujan cukup tinggi yang mengakibatkan air hujan meluap dari kali sentiong ke jalan dan pemukiman,013,0,2020,1577865600000,-,0,0,-5.233838903503065,-11.588162013695769,-14.195214863403738,1.6506894747600187,1.32990836416071,-3.8178322377184144,-7.679663895846806,2.096748820667437,JAKARTA PUSAT,1,0.9592170871474286,0,0.19851201022177326,3403.396085266404,3316.0664808401407,3198.7543709788697,198.94445375751457,129.0189543150113,6.02585154037024,42.87467602128217,49.722073326149584,9,6.656694202574978,3,1.8232611174457176,-0.6243621464551028,-4.244013683010385,1.4175449933063056,1.4908238751137306,1.0,1.299999713897705,0.6744288607545752,0.0,0.06590616703033447,-0.3409101338119319,-0.8705815672874451,0.28735479549833726,0.37439645941014615,46985.5970986,47149.07793208656,4.637092113494873,2.0840818852002108,0.0,2.401604413986206,-0.22065028175850238,-2.412046194076538,1.0168202479680057,1.0123819219657704,19.034831289764128,13.692708140882633,11.559670196389758,4.956368650817588,-0.41193646161421943,-2.5788757120214107,1.9849595399379707,1.9869611511729153,2.9916393756866455,0.22305323263964205,0.008499101735651493,2.5920605063438416,-0.1215161148093038,-0.3883274644613266,0.8663315631467994,0.8812160198069213,1,0.04078291285257125,0,0.19851201022177314,"{""type"":""MultiPoint"",""coordinates"":[]}"
000000000000000000de,350,TANJUNG PRIOK,TANJUNG PRIOK,3172021001,3.17202100101E12,Tidak Diketahui,Tanjung Priok 14,RT 1 s.d 6,,,421,Saluran air dangkal dan air laut pasang,014,0,2020,1577865600000,,0,0,-0.502769278449354,-9.589483676076506,-18.251738663661285,2.688425695962044,11.80276613336665,-3.2656273068278394,-11.726187159046962,3.5165859231529417,JAKARTA UTARA,1,0.9641769472977855,0,0.2249805771974613,649.3636962940959,450.7996374465881,185.53248465545596,157.06154028729924,28.20048441384824,-154.13201694255878,76.42042552371413,101.00493243594259,9,1.9612347080989005,-8,8.142531356898504,1.0571030953811191,-9.013683010262275,2.970744537869001,3.0385438957274733,0.9999380676948115,7.200000286102295,1.8007794601592493,0.0,6.071380019187927,0.6070675155752575,-1.4717217683792114,1.742819622154187,1.7241330862904196,135096.246225,135710.99328496732,12.316861152648926,3.7352838584137826,0.0,9.017321825027466,0.3686622961134939,-3.367027997970581,2.0738307457891816,2.0894717291462,17.461794065900666,12.694088761935209,11.02539720273006,4.319147257643612,-0.34656008593939286,-2.050845971055397,1.336679739241152,1.351176941273557,0.6205086708068848,0.04183658764647662,0.008500121533870697,0.5170532166957855,-0.4858480669045442,-9.11605163756758,1.7535294269750283,0.1145018940145379,1,0.01925360037165127,0,0.14468181025100196,"{""type"":""MultiPoint"",""coordinates"":[]}"
000000000000000000e0,350,TANJUNG PRIOK,TANJUNG PRIOK,3172021001,3.172021001E12,Tidak Diketahui,Tanjung Priok 02,RT 5 dan 6,,,423,"Sungai Tirem meluap, dangkal dan air laut pasang",002,0,2015,1420099200000,,0,0,2.413014960967352,-8.989644009990949,-13.054705498110854,2.340186554495007,12.497131538647716,-2.1166591454163135,-6.937750816066884,2.98772660033484,JAKARTA UTARA,1,1.0,1,0.0,747.9053559872657,627.7868668270742,499.5615034733919,135.75405762724915,2.2478755441975107,-83.6724590212433,52.45165473420838,60.68716646447871,5,1.906046599377417,-2,3.0775370581527604,0.023258492965016034,-4.258836944127745,1.7762725500894365,1.7935654946370954,0.5944589104230571,1.8999998569488525,1.0240260317532275,0.5,0.5340934991836548,-0.3242575263045956,-0.9165335893630981,0.4626501787079342,0.48157672241546323,36997.3337312,37157.839864908725,7.034297466278076,2.7327102941169503,0.0,3.8771910667419434,-0.32689857317044946,-3.086153507232666,1.6545142763201672,1.6586804155951351,17.34188417535618,13.107552144418618,11.312311082914617,4.16130174128647,-0.014766441283674627,-1.858364731197426,1.2112092044628886,1.2074080200395632,0.06800098717212677,0.021635569728163818,0.008500111289322376,-0.004371143877506256,-0.047849842345886885,-0.06744837015867233,0.015381125062783073,0.015591834140703963,0,0.0,0,0.0,"{""type"":""MultiPoint"",""coordinates"":[]}"
000000000000000000e1,400,TANJUNG PRIOK,TANJUNG PRIOK,3172021001,3.172021001E12,Tidak Diketahui,Tanjung Priok 03,RT 7 dan 8,,,424,"Sungai Tirem meluap, dangkal dan air laut pasang",003,0,2015,1420099200000,,0,0,-4.2325249977032025,-9.480009827752005,-13.723166065595137,1.8261876805837074,2.6651235874548598,-3.214708173871717,-7.6352043558672715,2.368342120650671,JAKARTA UTARA,1,0.965483291828343,0,0.24816680858541135,742.1299386218238,618.860585863861,463.8312116386399,167.90361914910363,83.08778718827774,-5.291600217465827,41.77014872902839,92.7908711136045,6,1.7114148375513984,-3,4.898517673888238,-0.029419290915485362,-4.303306727480069,2.1273456443053083,2.029310641213227,1.0,2.8000001907348633,1.3849597431474647,0.10000002384185791,1.527252197265625,-0.16206708322452565,-1.2858608961105347,0.725653329831786,0.6831365741490568,60352.9440866,60523.69671059513,7.942784786224365,2.9469224311277187,0.0,4.956942796707153,-0.1723956792516272,-3.231178045272827,1.404506623896768,1.4130584870425769,18.353486212574914,12.807852282025994,11.215207264528125,5.539009148653561,-0.17173284399058264,-1.9354904859305808,1.3584423074406136,1.2968026239421506,0.09350132942199707,0.02791643854581877,0.00850010011345148,0.061148568987846375,-0.2712054352246954,-5.362997054122388,1.0885925653196298,0.031175593592834863,1,0.019516997741356342,0,0.14661169301237728,"{""type"":""MultiPoint"",""coordinates"":[]}"
000000000000000000e3,200,TANJUNG PRIOK,TANJUNG PRIOK,3172021001,3.172021001E12,Tidak Diketahui,Tanjung Priok 05,RT 5 dan 6,,,426,"Sungai Tirem meluap, dangkal dan air laut pasang",005,0,2015,1420099200000,,0,0,2.413014960967352,-9.204071693950441,-12.661818956114804,2.530328124620091,12.497131538647716,-2.543736986675931,-7.785560389729104,3.7560212807305793,JAKARTA UTARA,1,1.0,1,0.0,649.3636962940959,544.6485914522304,382.4850156088664,112.90157125921996,0.15609303228210258,-99.86513448410159,47.79017858862211,61.44853413495989,7,1.699557304476143,-3,5.664766248574667,0.18955097224190698,-4.434435575826703,2.2376603289049783,2.2320892057044275,0.8479088261675125,2.0999999046325684,1.177658591015961,0.0,0.9199542999267578,-0.048334105408842525,-1.219726324081421,0.6041603388246566,0.5926845340800051,35448.9763766,35627.44287469769,7.942769527435303,3.7978615485501863,0.0,4.673534631729126,0.6220913716096684,-3.079030990600586,2.1067131155954173,2.133387019259811,15.955591019460764,12.657106825290311,11.030141443661039,2.8883641728310945,-0.46978306149377397,-2.116068184347645,1.088301696571307,1.0603106108867535,0.5865079164505005,0.025871656634246995,0.008500121533870697,0.494169645011425,-0.051213805664805295,-0.0852337945252657,0.074631314564665,0.07517303901755812,0,0.0,0,0.0,"{""type"":""MultiPoint"",""coordinates"":[]}"
000000000000000000e4,350,TANJUNG PRIOK,TANJUNG PRIOK,3172021001,3.17202100101E12,Tidak Diketahui,Tanjung Priok 06,RT 10 dan 11,,,427,Sungai Tirem meluap dan air laut pasang,006,0,2020,1577865600000,,0,0,-8.23743089917423,-12.80341225785831,-18.92678056300562,2.04310347541737,0.46562770900530326,-6.494601329945973,-10.816162608505323,2.170871303912989,JAKARTA UTARA,1,1.0,1,0.0,473.0168798317619,272.0228956536216,92.76624232772798,71.86301196610145,-7.207727054452539,-128.16769401057908,44.976465704016434,106.82311124603665,6,0.3372641509433961,-6,6.701254275940718,0.5292407784901378,-5.7069555302166455,2.6041379815000614,2.7402958152928836,1.0,3.9000000953674316,1.02674680514226,0.0,2.995325028896332,0.015674926590982744,-1.2220067977905273,1.1171094720357622,1.1640254184998975,47324.8426845,47534.35102579683,9.937920570373535,4.050811419140478,0.9274099469184875,6.517396688461304,0.7775877318432872,-2.4470139145851135,1.8062165804873627,1.8064746337562672,21.620560323089634,12.174419319430488,10.789601070735563,7.2393050039024995,-2.267766083348438,-3.804316322722121,1.3576676943960706,1.34969000969698,126.2158203125,0.09056095912613807,0.008500072173774242,113.06102085113525,-9.012196544618076,-13.534631756134331,13.785268371271247,13.935274713046715,0,0.0,0,0.0,"{""type"":""MultiPoint"",""coordinates"":[]}"
000000000000000000e8,300,TANJUNG PRIOK,TANJUNG PRIOK,3172021001,3.17202100102E12,Tidak Diketahui,Tanjung Priok 15,RT 1 s.d 6,,,431,Saluran air dangkal dan air laut pasang,015,0,2020,1577865600000,,0,0,3.6931513386812966,-11.7076726014805,-19.055262928612958,3.4852589833968746,11.631846122658155,-5.52844471948342,-13.380281124850487,3.924773910306607,JAKARTA UTARA,1,0.7765429400930292,0,0.4143312979119649,556.5974539663679,276.279834883891,0.0,114.65174847670585,-27.302519837357245,-217.71711378965026,70.49501310633437,135.25156452795773,6,-0.4684856242000438,-8,6.701254275940718,-0.6340033248921885,-9.013683010262275,2.593348759792332,2.4460153677249035,1.0,3.9000000953674316,0.8087097719696423,0.0,2.995325028896332,-0.31409079049308125,-1.4717217683792114,1.0692608882176087,1.0238735065819282,111754.782131,112233.69278248453,12.316861152648926,3.421402459508104,0.0,9.017321825027466,-0.02572704841532911,-3.9870028495788574,2.020742507573186,2.0176730256971327,25.561259138249824,13.629069855599496,10.756024637007354,11.274795674251937,-0.16495150312621543,-3.804316322722121,2.7970211840625265,2.7546221052042257,126.22431945800781,8.107689267847393,0.008500072173774242,113.06102085113525,-1.405854894352817,-13.534631756134331,32.24804881398917,33.325138956433385,1,0.00811662972559548,0,0.11144682482181982,"{""type"":""MultiPoint"",""coordinates"":[]}"
00000000000000000000,20,TANJUNG PRIOK,SUNTER JAYA,3172021002,3.172021002E12,Tidak Diketahui,Sunter Jaya 03,,,,1,jalan rendah,003,0,2015,1420099200000,,0,0,-1.4862496548376924,-11.601356808132625,-15.924860785142968,1.9472899944000595,5.176988595967285,-5.123614147071423,-8.84231308008632,1.988008951288552,JAKARTA UTARA,1,0.97739913034685,0,0.14480810666223776,1781.981323992732,1416.5832154193015,918.3389462118339,38.46211839778766,-25.095121346140147,-85.36407457989344,26.805713182647256,217.0585786264321,12,5.857602723564904,0,6.403648802736498,0.13796783598579784,-5.880273660205358,1.8839933407728602,1.9077948323782041,1.0,5.099999904632568,1.96344265798131,0.0,2.776510715484619,-0.07749018806210864,-2.502394676208496,1.7357155913470204,1.966540939921028,207129.517871,207807.95934589606,7.421144008636475,2.600676661778633,0.0,4.929391860961914,0.13693454721303697,-2.5748820304870605,1.5459607116637961,1.5324791754228553,22.51425196125563,13.201532974523865,11.086053586740643,8.108029411721361,-0.5692534738390965,-3.034182129641703,1.7190807497117875,1.734724753145531,97.61470031738281,1.0507085779823389,0.008499524556100368,86.91606998443604,-4.775899843632154,-11.56330194696784,14.07075973675563,14.129906755770257,1,0.022600869653149964,0,0.1448081066622378,"{""type"":""MultiPoint"",""coordinates"":[]}"
00000000000000000061,634,TANJUNG PRIOK,SUNTER JAYA,3172021002,3.172021002E12,Tidak Diketahui,Sunter Jaya 01,,,,152,"saluran kurang besar, kali meluap, rumah padat",001,0,2020,1577865600000,,0,0,-3.448831975823147,-14.070268116227364,-21.803356118426947,3.7955813039695787,4.04777203303815,-9.031872359693537,-19.106052218301194,4.5215350816945215,JAKARTA UTARA,1,0.673730522021678,0,0.4601791694266271,1903.4041547370969,1600.8580302499659,1237.6560416278837,189.9400237605987,32.72260389168474,-68.30737042186433,62.34849020904079,152.64237483689524,13,4.203211346441195,-23,8.274800456100248,-1.1339847490401216,-29.305587229190536,4.1696653943772075,4.1555312380263825,1.0,5.0,1.6041019937191,0.0,2.5527937412261963,-0.4138988631020953,-2.281870126724243,1.453955642743078,1.5968775441600824,294087.076678,295363.7042780693,27.965572357177734,5.236124542477326,0.0,24.108479499816895,1.3741777244735915,-4.0821027755737305,4.228805846033653,4.2979137032763735,22.621731874893513,14.036801332493836,10.214387587122602,8.843578704422393,0.525539553290096,-3.3282361131240865,2.7367999894984347,2.794338878675885,108.82524108886719,12.575974017112886,0.008499596267938614,96.50788497924805,4.535960309022325,-16.019194670021534,32.28528238035493,33.966462452523714,1,0.028366102981286907,0,0.1881360728341987,"{""type"":""MultiPoint"",""coordinates"":[]}"
00000000000000000062,730,TANJUNG PRIOK,SUNTER JAYA,3172021002,3.172021002E12,Tidak Diketahui,Sunter Jaya 02,,,,153,curah hujan tinggi dan air laut pasang,002,0,2020,1577865600000,,0,0,-0.19550887568755265,-11.057435146207842,-17.022945354664238,2.5772595785620926,4.04777203303815,-5.491665401594855,-9.990783363171637,2.3023221478719536,JAKARTA UTARA,1,0.9980998627678664,0,0.06622597523512248,2042.9645670126718,1862.1649300890776,1672.3672167237055,217.38844360753114,66.2825725259651,-64.863362197784,70.02006456264667,97.00521868843947,11,5.298258207537212,-1,6.093500570125326,0.23770117338820437,-5.615735461801683,2.398595228394331,2.3991304291279594,1.0,4.800000190734863,3.461146436703569,0.0,2.1762826442718506,0.746560609583541,-3.081984043121338,1.560737201132601,1.4963197158637678,165202.538604,165887.62965583891,7.034368515014648,2.882905679044561,0.0,4.092779636383057,-0.04168821339570487,-4.034359931945801,1.475401641019326,1.4838515985407206,25.320616451863152,13.894531353765206,11.263310257356965,11.152349482771486,-0.3625249965490527,-3.10020868365579,3.25719448008418,3.2770078254418484,107.60978698730469,12.113071072975501,0.008499552495777607,92.18646717071533,-2.687977042400718,-16.802418302744627,36.76558584842994,36.8042933580604,1,0.0019001372321334321,0,0.06622597523512294,"{""type"":""MultiPoint"",""coordinates"":[]}"
00000000000000000063,900,TANJUNG PRIOK,SUNTER JAYA,3172021002,3.172021002E12,Tidak Diketahui,Sunter Jaya 05,,,,154,curah hujan tinggi dan air laut pasang,005,0,2020,1577865600000,,0,0,-1.4862496548376924,-13.65318653547685,-22.56945456727707,4.16089484885921,1.8714263844096426,-9.00432610144922,-19.494281186233202,4.674537793021002,JAKARTA UTARA,1,0.6689523401367831,0,0.46671133946970295,1543.9379758342204,1193.550338777123,932.2891972324262,24.377129037050963,-33.736158239648795,-84.74906036940456,26.361326677659072,143.72363035407298,19,6.158336458277533,-3,12.25085518814126,-0.16823013646718665,-9.475484606613577,3.2307044116138983,3.2505305650037597,1.0,2.6000003814697266,1.2295728115687978,0.0,1.6139113306999207,-0.23012650885949554,-1.6481183767318726,0.822117141862996,0.8749197554850017,195339.403339,196166.55827089984,14.6301908493042,3.935735205045073,0.0,10.822914361953735,0.40442978303472177,-3.9212400913238525,2.795233170054493,2.9175729270340396,19.98089187037465,13.169187370559014,10.514828395754808,7.150901671467706,0.18877917638776703,-2.336811001469739,1.410347080487371,1.3730790144113763,0.7309717535972595,0.09729133657245978,0.008499596267938614,0.6427767276763916,-0.1031852239322524,-5.782321002334356,0.7524592437925853,0.16418457073834963,1,0.0449634827949501,0,0.23232332509210996,"{""type"":""MultiPoint"",""coordinates"":[]}"
00000000000000000064,60,TANJUNG PRIOK,SUNTER JAYA,3172021002,3.17202100201E12,Tidak Diketahui,Sunter Jaya 06,,,,155,jalan rendah,006,0,2020,1577865600000,,0,0,3.058703505652537,-13.433600224333468,-22.004125566093343,3.799008331681979,6.344499556527356,-7.7457199906553305,-18.676749753487385,4.2203714126614855,JAKARTA UTARA,1,0.7003800521353568,0,0.45977907990132244,1187.987549328488,782.139956046175,278.29872698318394,30.591605324151487,-41.33623905036908,-145.78222278714622,33.29988537489992,216.22313842124032,22,6.4923015080273805,-2,15.245153933865327,0.046091363575388594,-8.827822120866717,2.9933668547801853,3.0104827343832383,0.9864795092898748,2.6000003814697266,0.5945319918083886,0.0,1.8248577117919922,-0.4260478086148257,-1.714367151260376,0.7019032856748335,0.6138329634700584,286350.37245,287489.1373152291,22.71297264099121,3.7340093279961173,0.0,19.26590085029602,0.30516150435986167,-3.5775225162506104,3.158291865884449,3.197183660873543,17.747292782371733,12.832724508394879,10.416034740993757,4.741653557954853,-0.15271774407494243,-2.4558761970176928,1.2646170584087308,1.2464959687101098,0.34848731756210327,0.04316156124447687,0.008499602787196636,0.28809793666005135,-0.012658261737486529,-0.06884044967591763,0.08161507222707991,0.07962656434142615,1,0.08252734670012421,0,0.30744179514128517,"{""type"":""MultiPoint"",""coordinates"":[]}"
00000000000000000065,67,TANJUNG PRIOK,SUNTER JAYA,3172021002,3.17202100201E12,Tidak Diketahui,Sunter Jaya 07,cepat surut,,,156,curah hujan tinggi,007,0,2020,1577865600000,,0,0,-2.7930850894229877,-11.842959192819777,-15.883771997370498,1.9467108752940254,7.632145967998165,-5.589484323640998,-10.579832142143085,2.5064659979481636,JAKARTA UTARA,1,0.9617077636243233,0,0.1891897494423712,1781.981323992732,1339.8226244448283,787.1476681815718,41.19476640942571,-21.00162156191967,-80.98703711421899,26.754171422231924,290.03054949158974,10,5.070332281562856,2,3.8415051311287325,-0.7122734583706024,-4.2725199543900825,1.73710895192719,1.6586759056575358,0.7369359684990479,5.0,1.2229111250428284,0.0,2.386773109436035,-1.0028878925853966,-2.821436643600464,1.6078633352569538,1.8762807909923978,179071.86252,179875.10343862235,9.214042663574219,2.4299854246652717,0.0,6.8009302616119385,-0.07806332915374707,-3.232562780380249,1.543853888803088,1.5412818163343307,25.296777495075613,15.182938987431784,10.866595446866432,10.942371835226256,1.449020099847178,-2.5391079294921806,3.0395674643915265,3.188485688810729,97.59770202636719,11.084089535635586,0.008499491959810257,86.91606998443604,5.606146628081186,-11.930562503635883,28.984744281785126,30.477701618502905,1,0.03829223637567684,0,0.18918974944237132,"{""type"":""MultiPoint"",""coordinates"":[]}"
00000000000000000066,600,TANJUNG PRIOK,SUNTER JAYA,3172021002,3.17202100201E12,Tidak Diketahui,Sunter Jaya 08,,,,157,curah hujan tinggi dan air rob,008,0,2020,1577865600000,,0,0,9.577297326142993,-9.000159082778508,-15.883771997370498,3.2517615790831655,9.029042897005503,-3.0930783299064033,-9.91994238853745,2.836215063783045,JAKARTA UTARA,1,0.9318527875841689,0,0.26915113390917245,1672.3672167237055,1156.219752875321,586.705231461481,55.088573652467176,-25.444093543605973,-89.40732135673557,27.710686236564776,270.6437723318657,12,6.379952854129771,1,5.809578107183464,0.20267585023372636,-5.280501710376398,2.0806355708449153,2.15299878668171,0.5075443598955435,6.099999904632568,2.933745464136456,0.0,3.5299885272979736,0.34207611971334667,-2.6567845344543457,1.5524889586453827,1.9905164019341348,309183.676622,310513.5730619908,9.214042663574219,2.76576145226232,0.0,6.8009302616119385,0.21232976199804485,-2.597780466079712,1.5197865904956809,1.5118878092490697,25.296777495075613,12.911790369440382,10.866595446866432,10.942371835226256,-0.5588599658313136,-2.7872960874291017,1.4543748899572921,1.5232549813830296,96.88373565673828,0.12272385591331292,0.008499509654939175,86.36967849731445,-3.3869988152771806,-10.573677652515471,5.959083509771824,4.795412912353933,1,0.06527108875379253,0,0.2652652496563298,"{""type"":""MultiPoint"",""coordinates"":[]}"
0000000000000000002e,40,TANJUNG PRIOK,PAPANGGO,3172021003,3.172021003E12,Tidak Diketahui,Papanggo 04,,,,72,jalan rendah,004,0,2020,1577865600000,,0,0,1.1994636881006517,-11.982217287772608,-19.03889529157587,2.7168497546407884,15.61946290693698,-3.244894049897806,-10.89404757587572,3.5081369950636803,JAKARTA UTARA,1,0.8985794088269022,0,0.3134989291230495,1391.4936349159198,1118.8012226334838,655.95639015131,187.90722678015322,29.69859973907482,-74.97588572910956,61.64358948186329,152.52201561816233,15,5.1989629191175535,-1,9.522234891676058,0.2795668067579947,-6.002280501710478,2.468733450393416,2.896174256071553,0.8783258658016949,7.700000286102295,2.775102142946655,0.0,4.138312578201294,-0.05241020361360473,-3.844697952270508,1.7837326977368484,2.0252761330639655,565764.014853,567968.2989857247,21.65027618408203,3.1275492399593214,0.0,18.15190100669861,-0.08299721706565208,-3.7401108741760254,2.0386368299653976,2.043980008666916,21.283435556211376,12.982555138313941,9.971771240132997,7.659799875917614,-0.2785561450479539,-3.068976229293318,1.6979997357393353,1.704988348922144,1.750969648361206,0.10019391127571299,0.008499839343130589,1.4375726580619812,-0.061147800257881656,-0.30206733103841543,0.2876445268588379,0.28069541463968645,1,0.08349672598128072,0,0.28945981111118124,"{""type"":""MultiPoint"",""coordinates"":[]}"
00000000000000000032,100,TANJUNG PRIOK,PAPANGGO,3172021003,3.17202100301E12,Tidak Diketahui,Papanggo 07,,,,78,luapan danau cincin,007,0,2020,1577865600000,,0,0,-3.417283183548277,-13.625662854483037,-22.33258477103798,3.7331399712825437,1.8433718340967413,-6.6565730104997725,-17.12593175844528,3.5583016037996247,JAKARTA UTARA,1,0.763157894736842,0,0.4330127018922193,840.0340520953622,679.8728019361585,473.0168798317619,78.34897813280065,-28.743482281619688,-89.86784642205191,36.19777764362884,85.74568125723849,9,3.2253384912959375,-3,6.410490307867692,1.2282619004033564,-4.896237172177911,3.0837329571534235,3.306055050963308,1.0,6.900000095367432,3.0738165565400135,0.0,5.104104995727539,1.238843461039546,-1.9067275524139404,2.2309689207288783,2.2797025891450606,68567.0914947,68822.02188512703,11.737350463867188,3.484236372508671,0.0,9.045856952667236,0.8602503021149557,-2.8572983741760254,2.514817587787112,2.5153643718830145,18.15280634453148,12.800550871809126,11.32631205950404,3.5420599600511107,-1.347664738470532,-3.2020025753402006,1.6171455874168918,1.7179597347938034,0.1360013782978058,0.01786800506040734,0.008500018157064915,0.08133741840720177,-0.18909664746395882,-0.299757800064981,0.0710181513052812,0.02392130704228482,1,0.0940140486613051,0,0.2712931993250107,"{""type"":""MultiPoint"",""coordinates"":[]}"
00000000000000000033,2112,TANJUNG PRIOK,PAPANGGO,3172021003,3.17202100301E12,Tidak Diketahui,Papanggo 08,,,,79,pompa penghisap air danau tidak berfungsi,008,0,2015,1420099200000,,0,0,0.9541364296773782,-17.54682026755361,-24.170631445890024,4.27821555984112,7.597549970888158,-11.800760176016334,-22.175715581893904,5.8920879792200225,JAKARTA UTARA,1,0.5297427044053731,0,0.4991964942582288,880.0578471922215,305.07637769352016,0.0,130.6244661321591,-68.45616748383712,-291.20466314022997,82.70412962102061,198.1692588623133,13,-0.7879242197083268,-14,13.21094640820981,-1.1451473435736492,-13.094640820980601,3.2791302919189405,3.319306373436304,1.0,6.900000095367432,0.8087365577033813,0.0,4.990422010421753,-0.5927670851297706,-2.812086582183838,1.524448472875421,1.4193050196255326,921295.940523,925038.4572499888,24.121734619140625,2.762735953449945,0.0,18.930461406707764,-0.4938117341988697,-4.408215522766113,2.92375647995512,3.181073848140223,25.561259138249824,15.429755365114941,9.851287814662125,11.274795674251937,0.9928069626026383,-4.653140925455714,3.4237163380278353,3.587807832793664,126.56432342529297,9.173698539859169,0.008499981835484505,113.0354814529419,3.2499443109007284,-16.692998013459146,30.895121653536485,32.70336450774674,1,0.050482334590280634,0,0.24720918707511463,"{""type"":""MultiPoint"",""coordinates"":[]}"
00000000000000000034,10,TANJUNG PRIOK,PAPANGGO,3172021003,3.17202100301E12,Tidak Diketahui,Papanggo 09,,,,80,"hujan lokal, luapan saluran  saluran PHB",009,0,2020,1577865600000,,0,0,10.550527135852548,-10.030387043237221,-16.93238645235476,3.6602098828069565,2.507817303285174,-5.1086303420825026,-10.728574334186828,2.6290520710994607,JAKARTA UTARA,1,0.7453307931545438,0,0.45364749739447463,986.1186824432255,719.6480085223626,414.86324772403617,10.156321746973845,-50.670408774649154,-118.33611529492367,27.538951093974674,139.79981817273801,11,3.6440981551137384,-9,6.737742303306647,0.6135896817332407,-11.694412770809645,2.829749235983841,3.1093759994964105,1.0,6.900000095367432,2.8105922135385435,0.0,4.90661346912384,-0.20285554099746408,-3.0908778309822083,1.979991345138339,2.161351511013865,214303.263879,215115.63793712485,16.816743850708008,3.1262962674115506,0.0,13.954213619232178,0.15430707953491912,-3.672606945037842,2.7246415450488692,2.620025637880093,21.542822340872853,13.523070907356033,10.568895541092855,7.053205469293543,-0.6343207023966664,-4.325270296291903,2.2723560632017947,2.1683624644662007,2.2694931030273438,0.16704331530390332,0.008499931544065475,2.01568603515625,-0.049985776830727725,-0.30022292025387287,0.4585919377010817,0.46314921768056666,1,0.2297559148714442,0,0.44320590021979234,"{""type"":""MultiPoint"",""coordinates"":[]}"
00000000000000000035,,TANJUNG PRIOK,PAPANGGO,3172021003,3.17202100301E12,Tidak Diketahui,Papanggo 13,,,,84,"saluran / drainase tersumbat, luapan air dari waduk cincin",013,0,2020,1577865600000,,0,0,10.719039731087278,-11.429316726428025,-17.197738965889847,3.5250697545138077,9.494452621615178,-2.188654931211169,-11.222593995276512,4.367402693182694,JAKARTA UTARA,1,0.861690838344535,0,0.380820167533181,946.0337596635238,630.7665351988429,262.382556060524,106.22239193915868,-19.371880119010452,-133.29212156108758,47.55046237358561,169.73765842972432,16,7.479958296874127,-5,9.678449258836816,3.1652018909316606,-8.724059293044531,3.4755895108293586,3.537456713516082,1.0,10.899999618530273,7.082041490915342,0.0,7.270581245422363,2.9522965649395703,-3.7297606468200684,2.4036632796702375,2.528238204868695,187348.724789,188138.81601895439,13.862760543823242,3.931246402160974,0.0,10.185528993606567,0.5053909125046742,-3.5917274951934814,2.5656074681270518,2.547317897134138,16.570133390565744,12.331969831325209,10.624637516773767,3.6289272234097627,-0.9098758572012472,-3.086145109647676,1.1654078738205558,1.0030339917793343,0.5694948434829712,0.020538769205882528,0.008499899879097939,0.48572641611099243,-0.0921540171204261,-1.2792967185378075,0.16356063955211633,0.06393356115352593,1,0.12931692513916554,0,0.37386628625753354,"{""type"":""MultiPoint"",""coordinates"":[]}"
00000000000000000025,685,TANJUNG PRIOK,SUNTER AGUNG,3172021006,3.17202100601E12,Tidak Diketahui,Sunter Agung 12,,,,52,"Curah hujan yang besar dan tidak henti, air tergenang di wilayah Rw 012",012,0,2020,1577865600000,,0,0,-2.858663685106589,-9.886611062686669,-15.51268143651165,2.572397693047363,4.987071233469575,-4.146551453036106,-10.380126110382575,2.519137452665794,JAKARTA UTARA,1,0.9050646353377606,0,0.3142696805273545,1577.0261195713756,1248.4596127341808,946.0337596635238,227.479504057319,17.761844172783288,-84.62941937872847,68.995446584765,152.46439858788804,14,7.195534285754739,2,6.289623717217651,-0.021283816198738488,-5.596351197263536,1.9129813744771147,2.0217861033301823,1.0,2.200000286102295,1.0067623501981715,0.0,0.4095778465270996,-0.7487488869915057,-2.085632801055908,0.5503249515058454,0.7072991672864483,246389.995238,247358.83418097327,7.467686653137207,2.6649903256891765,0.0,4.34643030166626,-0.05694468028954485,-2.7554757595062256,1.4012631427909026,1.4182640425521502,19.510895979967987,13.432321266521807,11.079746620934232,6.253176163467595,0.3354830866106663,-1.9531562121265438,1.6936239226211003,1.7291383651536443,0.8159816861152649,0.07965301510491925,0.008499732241034508,0.7140711769461632,0.016275358853311103,-0.09644422493875027,0.13388549248855447,0.14269627938869456,1,0.09493536466223965,0,0.31426968052735443,"{""type"":""MultiPoint"",""coordinates"":[]}"
00000000000000000026,634,TANJUNG PRIOK,SUNTER AGUNG,3172021006,3.172021006E12,Tidak Diketahui,Sunter Agung 01,,,,53,Curah hujan tinggi,001,0,2020,1577865600000,,0,0,-6.17200231430573,-13.295087587227341,-21.37668332000487,2.559941324720961,4.63668248477341,-7.328057445629713,-17.175473497653925,2.9896373319433964,JAKARTA UTARA,1,0.9275336269135138,0,0.28618176042508364,382.4850156088664,167.95694161014274,0.0,104.94817979998527,-56.20805896811809,-251.2528036246651,84.90027579180847,98.54715712974225,12,1.9917767592342954,-9,9.46180159635116,-0.07927469306124453,-10.216647662485766,2.913089396351919,3.0116440692751194,1.0,2.9000000953674316,1.1643899312219268,0.0,1.31299889087677,-0.19591277804809235,-1.7538198232650757,0.9200093071305286,0.960085367238959,232899.813028,233821.82632578549,13.765764236450195,3.9084897576478754,0.0,9.733800888061523,0.07790019474786346,-3.88482666015625,2.3401451852370103,2.392859045181432,20.36229352706928,14.265974517791825,10.454358198852724,6.833830041680065,0.3488308406624233,-3.533238393257001,3.0386729302822553,2.9614609222371016,9.230639457702637,2.482659356344466,0.008499917574226856,7.888648152351379,-2.6112948572304546,-13.473655832000077,6.325353046753202,3.8798841268781623,1,0.0063658967676223,0,0.11469767022723502,"{""type"":""MultiPoint"",""coordinates"":[]}"
00000000000000000027,,TANJUNG PRIOK,SUNTER AGUNG,3172021006,3.17202100601E12,Tidak Diketahui,Sunter Agung 11,,,,54,Saluran air tersendat,011,0,2020,1577865600000,,0,0,3.5761505334567576,-9.413256814770236,-15.159366289589354,2.8575418138195934,4.851799188500696,-3.775210993989341,-10.380126110382575,2.437951479119676,JAKARTA UTARA,1,0.9430648883212633,0,0.27760124678326636,1659.4529908961447,1508.596278761244,1302.0362575498923,244.76716404274907,120.27417746792538,-34.045467859684095,66.95113002244904,87.85657723727982,11,6.157279073480113,0,4.712656784492479,-0.26121223644091157,-6.083238312428843,2.057052822025388,2.116786893710723,1.0,2.8000001907348633,1.3209744307852391,0.0,1.6302164793014526,-0.013690376689004528,-1.6781071424484253,0.9148558869676386,0.9134028514893794,240325.302906,241327.39573419624,6.669831275939941,2.6578185289962812,0.0,3.8812079429626465,-0.10996356791647736,-3.257439374923706,1.3781770512433276,1.3695822487263478,20.560724495851062,13.183142340100966,11.312255381301306,7.244812706754885,-0.01404388297533443,-2.0286270767168784,1.62517257196079,1.6362486464939336,0.9859781861305237,0.0871042278026025,0.008499713614583015,0.8590044528245926,-0.007985998251839163,-0.310533132404089,0.22731834839540327,0.23208034686655032,1,0.056935111678736806,0,0.27760124678326653,"{""type"":""MultiPoint"",""coordinates"":[]}"
00000000000000000028,500,TANJUNG PRIOK,SUNTER AGUNG,3172021006,3.17202100602E12,Tidak Diketahui,Sunter Agung 15,,,,57,curah hujan ektrim,015,0,2019,1546329600000,,0,0,0.9732641173045584,-10.714392654223637,-16.15450827246508,2.8219098278688852,10.480543845008508,-4.633679324379489,-9.978925935346737,2.639962407306225,JAKARTA UTARA,1,0.839068159367797,0,0.3753663652655036,1350.6968763229709,1262.8999541780945,1120.898770843552,182.18724019492743,114.77537384692444,9.58853371427972,43.22211116576233,58.796117043309216,14,6.351525628361322,3,7.722919042189166,-0.7650879867921937,-4.16077537058165,1.9160055401148361,1.8190502976299534,1.0,6.199999809265137,3.240308343114635,0.0,2.909235715866089,-0.3215944606194628,-3.844697952270508,2.5728250059539457,2.6937462228990925,127144.715618,127661.79916714678,11.940643310546875,2.435274445325964,0.0,8.574378252029419,-0.8087875066784442,-3.3622119426727295,1.730522323853892,1.7311046401824672,18.440463922414445,13.147895207296179,11.219653529259526,5.504365798874993,0.182974655632945,-1.817438203531541,1.3592032470065527,1.3529063373240595,0.14449721574783325,0.029900841760788378,0.00849984958767891,0.10062174499034882,-0.023560879937312897,-0.06549861654639244,0.044796616554335436,0.043372485571187315,1,0.15393480408297663,0,0.36994527180683284,"{""type"":""MultiPoint"",""coordinates"":[]}"
00000000000000000029,1363,TANJUNG PRIOK,SUNTER AGUNG,3172021006,3.172021006E12,Tidak Diketahui,Sunter Agung 02,,,,62,Surah hujan tinggi dan lancarnya saluran draenase,002,0,2020,1577865600000,,0,0,2.113076842593499,-9.74651937035275,-16.297564950473884,2.8458743306016685,7.388971223459922,-4.415951431766638,-10.557985895414486,3.124021409194134,JAKARTA UTARA,1,0.9954091532964173,0,0.14069079067862744,649.3636962940959,379.296041826663,185.53248465545596,173.7785746862731,36.09627332431872,-125.90812128450196,57.156599211964036,127.33867230665165,9,3.986274788205783,-2,5.400228050170974,0.5818797414999175,-5.751425313569047,2.098962859137648,2.1003301152925404,1.0,3.6000003814697266,2.6690993588975784,0.0,1.7930448055267334,0.6704947673296686,-2.1899659633636475,0.6545253288772879,0.6079376331080901,147455.378756,148014.23990940722,7.942859649658203,2.7224775953287526,0.0,4.270723819732666,-0.8302883248730525,-3.7864980697631836,1.4943350333897072,1.5935448669623817,17.495311353813165,12.696261580904606,11.311012862414097,3.965442793634182,-0.9536933873717738,-2.4956320596019914,1.1019063357332766,1.0861907992205666,1.4364498853683472,0.024873283359841528,0.00849988218396902,-0.6337906811386347,-7.594791069304682,-13.06882493570447,3.8258830920470763,0.1740215929420607,1,6.389322731790427E-4,0,0.12215542042876591,"{""type"":""MultiPoint"",""coordinates"":[]}"
0000000000000000002a,2,TANJUNG PRIOK,SUNTER AGUNG,3172021006,3.17202100601E12,Tidak Diketahui,Sunter Agung 06,,,,64,Kali meluap,006,0,2020,1577865600000,,0,0,3.254250075486558,-12.320511866903262,-22.1753080042603,3.25243659984844,11.584031393992351,-6.288476028558463,-18.578469994356595,3.686502438994155,JAKARTA UTARA,1,0.7843137254901963,0,0.42102677413232503,1147.455046826599,521.4137785976039,0.0,156.6266320518696,-9.355239311523086,-245.54636979190883,74.65644835155733,305.63745552526143,15,2.0820328131252515,-20,10.238312428734309,-0.2862028581862654,-20.059293044469783,4.060522596733368,4.7860398750898865,1.0,8.899999618530273,2.490344802864125,0.0,4.416191101074219,0.08650967409702343,-3.571037530899048,1.4643025437130732,2.1105944503882075,523089.978055,525223.9944914368,21.38434410095215,4.268106509728227,0.0,16.394957542419434,0.31985848721415416,-4.9876708984375,2.883298899340817,3.0121651933528493,25.433954691063594,13.497568718819238,10.274319725018378,11.570576432871622,8.295339593281879E-5,-3.3557302583517092,3.0042322609013112,3.0728923428237147,121.43032836914062,12.124015222636974,0.008499892428517342,106.807541847229,2.6170359061705013,-18.067309475503862,35.740960970531425,37.23727508937507,1,0.10700280112044822,0,0.31736909190383955,"{""type"":""MultiPoint"",""coordinates"":[]}"
0000000000000000002b,420,TANJUNG PRIOK,SUNTER AGUNG,3172021006,3.17202100601E12,Tidak Diketahui,Sunter Agung 07,,,,67,Luapan air kali dan got,007,0,2020,1577865600000,,0,0,3.4229544296652152,-10.743140170967445,-17.684758319346365,3.1428878145297023,6.360494642217985,-5.428183054528034,-11.832004731635745,3.064426879336967,JAKARTA UTARA,1,0.9595652574375978,0,0.2443220355606363,1147.455046826599,836.3392170535716,564.2750229076685,198.1250769920099,88.17918301969365,-34.41203476988346,46.88635596106267,151.87716135285876,9,4.1477848392742,-4,5.050171037628233,0.30978540801674453,-6.868871151653415,1.7884780368732953,2.0271261861928784,1.0,5.599999904632568,2.834630556868721,0.0,2.251767635345459,0.28157259958171216,-2.5653364658355713,1.3696666673101598,1.5898845568069238,227133.182469,228090.85863820798,8.508800506591797,2.359138387561865,0.0,5.017137765884399,-0.5162397572499472,-3.2881247997283936,1.4648864013822258,1.491998598717601,22.649010061629838,13.725146959453415,11.225403747878156,8.76151529941208,-0.010735588786261402,-2.742108666153902,2.7787599480831293,2.8059639024859186,111.1286849975586,8.212093862600659,0.00849988218396902,98.53079319000244,-1.6685719459775064,-13.915640987455845,32.49703667349532,33.40706320271202,1,0.002640385619109023,0,0.08164781919863383,"{""type"":""MultiPoint"",""coordinates"":[]}"
0000000000000000002c,183,TANJUNG PRIOK,SUNTER AGUNG,3172021006,3.17202100601E12,Tidak Diketahui,Sunter Agung 09,,,,69,"Curah hujan tinggi, dan kondisi rumah rendah",009,0,2020,1577865600000,,0,0,0.6642006857821485,-9.202943046908095,-14.704306806688088,2.8677491782037334,3.694119072730893,-4.061638013136679,-8.592246697617329,2.2750126179578083,JAKARTA UTARA,1,0.9925759668508287,0,0.11702985796078294,1328.210458360942,1137.2517834999178,1024.6366367176336,194.8603454606946,42.6000021764245,-65.57458169760594,60.48141247087937,62.21061327413126,11,6.097064917127074,2,4.736602052451418,0.2732845051877082,-4.207525655644365,1.8697630343931306,1.8929184958943077,1.0,5.799999713897705,1.638739678378922,0.0,3.0588366985321045,-0.7237604959070354,-2.239908456802368,1.6194796184056122,1.9801672942883222,101020.036587,101422.13025182235,6.756728172302246,2.6705010846339534,0.0,4.046269416809082,-0.044828056416458865,-2.665344715118408,1.2212439721516974,1.210389248172039,17.95042198820956,13.320653795211141,11.180841231340642,4.61935976734965,-0.06925161538227026,-2.1057392420604266,1.6460414974038209,1.6821941961719287,1.062476396560669,0.17422125266169616,0.008499824441969395,0.8588105887174606,-3.7949518007970777,-9.180050156079233,2.9475520151809285,0.3678319276341533,1,1.0359116022099449E-4,0,0.0830434773826486,"{""type"":""MultiPoint"",""coordinates"":[]}"
0000000000000000001b,300,PADEMANGAN,PADEMANGAN TIMUR,3172051001,3.17205100101E12,Tidak Diketahui,Pademangan Timur 10,,,,40,Hujan deras,010,0,2020,1577865600000,,0,0,10.087894139306158,-13.587513249905633,-22.31397793605753,4.314647178639349,19.489140427253837,-8.179787149205126,-19.922426806200278,4.663890284512459,JAKARTA UTARA,1,0.5219913049392932,0,0.49861706118366345,2034.5225285572158,706.4657474945016,0.0,217.38844360753114,-22.529833794128592,-268.660897037144,91.1978204252147,478.73330059992765,33,2.6859674530387387,-16,30.57696693272517,-0.24410463479125105,-19.14823261117451,4.558034991063298,4.554713629655969,1.0,4.900000095367432,1.8831533433456054,0.0,3.754504084587097,-0.042392699796752406,-2.7029647827148438,1.350627809509694,1.3676964417171722,2461221.43985,2471181.566679145,35.97293472290039,5.56126661373453,0.0,29.851059913635254,0.5193010406050821,-6.924131393432617,3.5958512087191603,3.773174805344493,22.617205392611375,12.94557740265175,9.368235373590519,9.049865593183052,-0.12206505139739743,-3.8053548468102587,2.3422280648156732,2.456833555314956,108.6552505493164,1.6886878629711037,0.008499596267938614,95.34077644348145,-0.2760550030995066,-16.802418302744627,11.56367850488829,12.56565845735097,1,0.2303255829771798,0,0.4184691351733942,"{""type"":""MultiPoint"",""coordinates"":[]}"
0000000000000000001c,11,PADEMANGAN,PADEMANGAN TIMUR,3172051001,3.172051001E12,Tidak Diketahui,Pademangan Timur 01,Gudang RT 13 RW 01,,,41,Curah hujan tinggi,001,0,2013,1357027200000,,0,0,3.0932108908247136,-10.194095396499504,-16.234435691245018,3.365408707754944,5.568695930295181,-4.092782083124818,-9.354530952929984,2.334584582283788,JAKARTA UTARA,1,1.0,1,0.0,764.9700312177328,532.4106341959261,293.3526157307405,99.21005661118545,7.438081537012851,-76.84064100855574,38.33558054228371,93.59602617249203,7,2.9322885801453014,-1,3.697833523375091,-0.5217902386408625,-4.762827822120919,1.569217716263521,1.5445973700823443,1.0,4.100000381469727,2.1014091179642524,0.0,2.4407073259353638,0.025936268788895798,-1.88494873046875,0.7716558879047004,0.9372103662036725,158954.521796,159613.45690782188,4.744575500488281,2.0407848231503767,0.0,2.3158860206604004,-0.7486816864962826,-3.3121750354766846,1.0995696815823788,1.0637672132960578,19.095529506688813,13.41895773840463,11.558192885058164,5.447562948900643,-0.10057380957633236,-2.053622271235472,1.4023789635530328,1.384395724887274,6.357701301574707,0.049982385985920086,0.00849984958767891,5.423072338104248,-0.5185935293832851,-0.9748112447559834,0.44101103555125715,0.4344070603844116,0,0.0,0,0.0,"{""type"":""MultiPoint"",""coordinates"":[]}"
0000000000000000001d,180,PADEMANGAN,PADEMANGAN TIMUR,3172051001,3.172051001E12,Tidak Diketahui,Pademangan Timur 02,Kantor Sekretariat RW 02 dan Swadaya Masyarakat serta gedung SKKT,,,42,Intensitas / Curah Hujan Tinggi,002,0,2020,1577865600000,,0,0,4.186104813847959,-8.804398579781184,-18.58067589743215,4.0130041356785915,9.915778055465163,-3.550927818394492,-13.263649049493036,3.3070537015480896,JAKARTA UTARA,1,1.0,1,0.0,622.2948715860543,410.44463935365735,262.382556060524,49.12638675489791,-28.450731895207024,-99.45521696907082,34.89227354568073,93.26892903790005,6,2.605569166005315,-1,2.5222348916761073,-0.9058685757904998,-4.762827822120919,1.4422867913272626,1.4246374404509707,1.0,3.0,1.945705809671684,0.0,0.7118587493896484,-0.3920251830863698,-2.337172269821167,1.091838205669491,1.151538456109201,101087.419406,101517.31754809261,5.414906978607178,2.1292224024472572,0.0,2.351289749145508,-0.8077838033883001,-3.027735948562622,1.1270085553379376,1.1144612701202048,19.716761923977092,14.849519845195594,11.556118791312404,5.9499549996787575,1.1137103337072036,-2.2144948353334435,2.809965264643746,2.8452986322955036,6.3322014808654785,1.486207201228146,0.008499839343130589,5.382967889308929,0.6432881258777221,-0.9432243909686804,2.5174109936602656,2.6058825131863035,0,0.0,0,0.0,"{""type"":""MultiPoint"",""coordinates"":[]}"
0000000000000000001e,Semua KK,PADEMANGAN,PADEMANGAN TIMUR,3172051001,3.172051001E12,Tidak Diketahui,Pademangan Timur 04,Posko dan Dapur Umum disediakan oleh RW 14,,,44,Intensitas / Curah Hujan Tinggi,004,0,2020,1577865600000,,0,0,-4.014228922931869,-9.627207472073762,-18.170716416746494,2.5694415459792523,2.9921360650437343,-4.13198347721331,-13.534716598041957,2.457056963860145,JAKARTA UTARA,1,0.9961769009298155,0,0.13360853142453716,1057.6978978086688,749.7725489271851,499.5615034733919,155.84285830269937,-2.0386580070819598,-90.44188870392338,51.154825097063565,145.2370780652893,6,2.24515032803134,-2,3.285062713796982,-0.48011492815863976,-4.815279361459551,1.7118371470124383,1.719984624186512,1.0,3.5,1.5160900249619391,0.0,1.605017066001892,-0.195537545077048,-1.9017103910446167,1.1787201785343921,1.1748567433790997,73958.4056645,74237.24151690346,8.696743965148926,2.866150285985879,0.0,5.108882188796997,-0.47892614950537093,-3.503182888031006,1.7155601122777784,1.791847155378135,19.65437670888454,14.4743475457033,11.556097364058237,6.107464933870709,0.8666337395034743,-2.1486043692015695,2.4777595865043907,2.441579387314432,5.626713275909424,0.9845997323019855,0.008499746210873127,4.978894293308258,0.3593973130687605,-0.6957826614379883,2.0997280190391634,2.0955656298904457,1,0.0038230990701845474,0,0.133608531424537,"{""type"":""MultiPoint"",""coordinates"":[]}"
0000000000000000001f,200,PADEMANGAN,PADEMANGAN TIMUR,3172051001,3.17205100101E12,Tidak Diketahui,Pademangan Timur 06,Posko dan Dapur Umum,,,46,Intensitas / Curah Hujan Tinggi,006,0,2020,1577865600000,,0,0,1.4841354641573792,-8.286903078547727,-13.444829274608203,3.562915947036113,3.1269718589380426,-3.9884808750397798,-8.675754199436337,2.143137830707882,JAKARTA UTARA,1,0.9964711920954705,0,0.154257446837482,1081.8309929570876,967.4009944314739,829.7264954480723,178.73779041812077,99.58771771424317,2.351955867953393,44.93558835502814,63.80197377841953,5,2.5279738226613633,-1,1.8836944127707813,-0.82734446798369,-3.89167616875718,1.238271889964447,1.3274209584573444,1.0,2.8000001907348633,0.3877582427520096,0.0,1.3418474197387695,-1.09355258358071,-1.6717218160629272,0.5965828682086431,0.6057772590914492,54384.1398325,54611.26458374573,4.719644069671631,1.70549652082125,0.0,1.340836763381958,-1.1958779287930248,-3.2923004627227783,0.8349649584216199,0.8610831111688344,20.27303882365907,14.369496137464681,11.784998099608606,6.577125531330999,0.6598215939202074,-1.9043871262829963,2.137390791314495,2.132056603469037,0.7564793229103088,0.21964999436402385,0.008499746210873127,0.2775515019893646,-0.2260580818308284,-0.5860444121062756,0.31857373656819665,0.2887456159184449,1,6.416014371872194E-5,0,0.10975609756097561,"{""type"":""MultiPoint"",""coordinates"":[]}"
00000000000000000020,9,PADEMANGAN,PADEMANGAN TIMUR,3172051001,3.17205100101E12,Tidak Diketahui,Pademangan Timur 07,sudah ada peninggian jalan gang,,,47,Got Macet/Pasang Surut,007,0,2020,1577865600000,,0,0,10.148437739289442,-8.523887195571714,-13.246412624861179,3.2616701231996057,4.57478740947226,-3.4281481427582055,-7.36992122136223,2.054714611200165,JAKARTA UTARA,1,1.0,1,0.0,946.0337596635238,773.4383201222911,540.9154964785438,182.43547792578067,86.97149987887747,-31.548892459122953,52.18045940968517,106.58045368867515,7,4.315559552871643,1,3.9019384264537895,1.0496529215869503,-2.2907639680730076,1.6767769500052832,1.6376257758774382,1.0,3.700000286102295,2.2411410008882258,0.20000004768371582,1.84572434425354,0.2533647117280232,-1.4369441270828247,1.1040215014494137,1.2999821807671348,54324.1468624,54541.15389073032,3.9401485919952393,2.341444079828924,0.0,1.9298985004425049,0.24810451021403376,-2.170323610305786,0.9621523575798487,0.9440931339341952,18.15278258042568,12.75366612116765,11.723231203449165,4.498801868529025,-0.9197489957732902,-2.1007681379593475,1.072091998823484,1.0583340770056926,0.08499808609485626,0.01725246843592444,0.0084998132660985,0.018075712025165558,-0.3669182552972679,-0.6530819302424788,0.20851137088781682,0.019463797747895143,0,0.0,0,0.0,"{""type"":""MultiPoint"",""coordinates"":[]}"
00000000000000000021,499,PADEMANGAN,PADEMANGAN TIMUR,3172051001,3.17205100101E12,Tidak Diketahui,Pademangan Timur 08,,,,48,"Jalan Rendah, Saluran Mampet dan Tersumbat",008,0,2020,1577865600000,,0,0,10.148437739289442,-9.018708514497407,-15.513497756030915,3.619574049360539,4.57478740947226,-3.7599575326124604,-7.964954236715131,2.2252776431593193,JAKARTA UTARA,1,0.8901913125294025,0,0.31325600594324693,913.6415294927517,807.9845560942287,586.705231461481,178.23914193601956,90.92516083507797,-34.66820857550067,48.84091676610408,70.16855396004092,6,2.7858710992629754,0,2.258836944127665,-0.782780736930749,-3.5872291904219544,1.1976281932605075,1.1799351559803357,1.0,3.700000286102295,1.6030657709308491,0.0,1.6342077255249023,-0.309954920611599,-1.549258828163147,0.8720781040618991,1.2414010557558204,89035.9605498,89370.01999710522,3.940147638320923,1.5481044702747129,0.0,1.9143972396850586,-0.5262545842221116,-2.2212653160095215,0.7635238178448585,0.7519027836322784,18.15278258042568,13.910702193045783,11.887049255762376,4.556462213435799,0.48833256448769324,-1.5538015303397579,1.3686555129855174,1.3921769797192505,0.43348968029022217,0.055200481323743805,0.008499781601130962,0.36490022391080856,-0.07689491309368245,-0.5655377022922039,0.18274154737559198,0.11006323661667865,1,0.10102712874392347,0,0.30388203411429154,"{""type"":""MultiPoint"",""coordinates"":[]}"
00000000000000000022,12,PADEMANGAN,PADEMANGAN TIMUR,3172051001,3.17205100101E12,Tidak Diketahui,Pademangan Timur 09,,,,49,Curah hujan tinggi dan air kiriman / genangan,009,0,2020,1577865600000,,0,0,0.8731609564958619,-9.554888567555821,-14.04788646499117,2.7220754355676315,-1.496289027238633,-4.484329982692216,-8.15927693394963,1.5365987287365803,JAKARTA UTARA,1,1.0,1,0.0,1037.1581193100906,940.9669844057047,829.7264954480723,179.9446411730761,115.57124757144919,17.916627585642004,41.21714674174261,47.130842805812094,5,2.94087923193532,1,1.3762827822120451,-0.6384542446736424,-2.307867730900845,0.7403948930584294,0.7775532106048417,1.0,2.8000001907348633,0.40393293454065954,0.0,1.3068417310714722,-0.9740876868173931,-1.4194982051849365,0.4261641923099128,0.40831740032369385,41407.5950682,41595.29807738121,2.945629835128784,1.302600927398685,0.0,0.5432121753692627,-1.0581399961535487,-2.5739223957061768,0.7096547855978198,0.7104069234616865,17.747313162578,14.276750803097508,12.019422156529034,4.162796262750106,0.6661053493760267,-1.6456688371886763,1.7804836869622993,1.7648624560265347,0.6034845113754272,0.11071776188326457,0.008499760180711746,0.36002521216869354,-0.07171320324145282,-0.34721430111676455,0.21974316108412933,0.19855121963995254,0,0.0,0,0.0,"{""type"":""MultiPoint"",""coordinates"":[]}"
00000000000000000023,200,PADEMANGAN,PADEMANGAN TIMUR,3172051001,3.17205100101E12,Tidak Diketahui,Pademangan Timur 12,,,,50,Meluap air laut/kali,012,0,2020,1577865600000,,0,0,-7.459289114802461,-12.10471986773983,-17.998865697505025,2.0102759547773807,-3.9929427971022005,-7.271100631640866,-11.802228340639054,1.8220995691196193,JAKARTA UTARA,1,0.9985599907839411,0,0.14821242649744862,334.4734433447411,191.2649741154757,92.76624232772798,63.98779141133974,-31.754398303989532,-132.81647685867617,44.77957568439761,55.9314845961841,7,2.227924658717816,-4,4.20410490307864,-1.0067106071440561,-7.359179019384312,2.585122935274134,2.6071289909704585,1.0,3.4000000953674316,1.807989166667471,0.0,1.8464082479476929,0.2546011640978715,-1.8034207820892334,0.9640149756548408,0.9827627100725793,60519.9405093,60842.56597801046,7.643996715545654,3.716341093116472,0.0,3.9885001182556152,0.07454783279536938,-3.8732900619506836,1.9389425663637685,1.9622622695542344,19.79401023123002,12.896482217913965,11.180864494634752,5.9880384934598165,-0.9013092673770724,-2.599526658555682,2.3425488717717085,2.348690755881269,8.440141677856445,0.7311699210808977,0.00849994271993637,7.074710011482239,-0.5622252551597355,-1.3841355154290795,2.601566337754514,2.6148056512399886,1,0.0011520073728471863,0,0.10540260134434673,"{""type"":""MultiPoint"",""coordinates"":[]}"
00000000000000000024,300,PADEMANGAN,PADEMANGAN TIMUR,3172051001,3.17205100101E12,Tidak Diketahui,Pademangan Timur 10,,,,51,Hujan deras,010,0,2020,1577865600000,,0,0,-3.8715119411985786,-12.536108351149057,-20.92917053671117,3.0922665713384188,4.563782970807721,-6.863672761578611,-17.172975541568054,3.041518822011991,JAKARTA UTARA,1,0.9765931569405881,0,0.1514039013764985,463.8312116386399,260.03719003284596,0.0,76.41544370836431,-55.76636632932811,-261.5608068158365,77.88197394216844,114.28405920459045,10,3.8093489684925563,-3,6.963511972633929,0.7199263187098629,-6.069555302166529,2.517220099904823,2.5988873452779258,1.0,4.100000381469727,1.540877098758359,0.0,2.541163444519043,-0.06828854227743374,-2.0815279483795166,1.3914144580442398,1.3864676228492632,152061.555904,152639.55297268883,9.502952575683594,3.371361396935448,0.0,5.930323362350464,-0.13760285603107467,-3.7924904823303223,1.820304926617555,1.8795589001468673,19.962906594326736,13.859571066469467,11.061225716877667,6.635031246331021,0.1533736864227993,-2.6989815391620695,2.576698104273615,2.5433381316516144,8.440141677856445,0.9050898082562856,0.008499899879097939,7.022694945335388,-0.10081676050995776,-1.4172431211918592,2.0945772402216813,2.1134157997172336,0,0.0,0,0.0,"{""type"":""MultiPoint"",""coordinates"":[]}"
0000000000000000000d,100,PADEMANGAN,PADEMANGAN BARAT,3172051002,3.172051002E12,Tidak Diketahui,Pademangan Barat 05,,,,24,curah hujan tinggi,005,0,2020,1577865600000,,0,0,-4.739600976553879,-11.717554572549876,-15.461721811748108,2.1123648534459507,2.7989540305261844,-4.156253926833715,-8.101328606116525,2.0472815500596067,JAKARTA UTARA,1,0.997061430104016,0,0.0957785225258207,855.2624952764933,740.4204309419473,556.5974539663679,174.16129077534424,72.705629783239,-53.55240445770039,60.093353536491925,83.24178423154041,7,4.61294836512897,1,3.1892816419611614,0.7087362979358461,-2.8631698973774795,1.4199960085183052,1.4971394764005725,1.0,4.200000286102295,2.5804048918805873,0.5999999046325684,2.2887117862701416,0.6205044274588363,-1.1231471300125122,1.112239825030104,1.2288486256025308,74802.076267,75123.86955041206,5.006729602813721,1.7264383396382164,0.0,2.724794626235962,-0.3974368258045036,-2.4403152465820312,1.0296348219043903,1.0157155948156655,17.05416992652613,13.057146697087976,11.482700114039492,3.596744512545831,-0.22493475962625778,-1.64088372676936,0.9885317412766051,1.0089368735946147,0.03399938717484474,0.011655324940527168,0.008499824441969395,-0.0027038492262363434,-0.025084406273305118,-0.071272362023592,0.008420388233978645,0.00634859345013658,1,0.002938569895983954,0,0.09577852252582038,"{""type"":""MultiPoint"",""coordinates"":[]}"
0000000000000000000e,515,PADEMANGAN,PADEMANGAN BARAT,3172051002,3.172051002E12,Tidak Diketahui,Pademangan Barat 01,,,,25,hujan ekstrem dan saluran dangkal,001,0,2020,1577865600000,,0,0,2.2662221405055476,-10.32045097946109,-18.130789433320352,3.4436093900189513,7.102876503356121,-4.312426955440741,-12.374797980375646,3.5097384134356044,JAKARTA UTARA,1,0.9359609745971617,0,0.2358861394460247,747.9053559872657,431.3678854896844,92.76624232772798,44.30591766349812,-68.6851293255013,-223.38458279962396,58.18354996251728,163.83658498199048,9,5.359895171125352,1,4.91904218928157,0.8220890902232912,-4.307867730900891,1.8684659553827467,1.7324179124368853,1.0,2.3000001907348633,0.9763824056430225,0.0,1.5251997113227844,0.07539102713423737,-1.4778791666030884,1.0098345470688896,0.9118843646697762,134473.738909,134998.10086543675,7.06204080581665,2.340429515584547,0.0,4.609807729721069,-0.08503976444397662,-2.645728826522827,1.3392112383306716,1.3686259232693914,19.693223447291253,13.386721188796145,11.136204963343205,6.166444405774882,-0.18710433426924444,-2.406359002684292,1.9665808331050652,1.9124643196741185,1.096458077430725,0.1361628682618305,0.008499746210873127,0.9297108203172684,-0.005796384687909721,-0.1643437808379531,0.35729290770026284,0.36329424158912793,1,0.045693972339707845,0,0.20288131466788395,"{""type"":""MultiPoint"",""coordinates"":[]}"
0000000000000000000f,50,PADEMANGAN,PADEMANGAN BARAT,3172051002,3.17205100201E12,Tidak Diketahui,Pademangan Barat 13,,,,26,saluran air belum maksimal,013,0,2020,1577865600000,,0,0,6.9749815024483635,-12.08123457681125,-20.12876093126703,3.4935109973155813,6.401991532140801,-6.620485228141645,-16.154886872083964,3.4544742641325223,JAKARTA UTARA,1,0.8568578384958744,0,0.3465950944363784,792.5951218871414,518.5794651120378,185.53248465545596,0.6326916759982169,-65.47162862401382,-179.25384225072287,36.97516062690866,158.74770883189618,11,4.9017651832814835,-2,6.198403648802642,0.2016073943408522,-6.4572405929305186,2.4578346435861356,2.4463019074570314,1.0,3.5999999046325684,1.5577370248756122,0.0,2.0562143325805664,0.0225221047370146,-2.0438995361328125,0.887058454157531,0.8285984545553097,206340.038387,207186.0811727192,9.425020217895508,3.289695707555312,0.0,6.54917311668396,0.2547914481918463,-3.1828134059906006,1.7241021722401149,1.6888159405913388,19.073932851854643,12.951657804991164,11.015467504787154,5.589775353126308,-0.45224021714034357,-2.3910997410261494,1.8789114233754067,1.881510701586759,3.6294312477111816,0.2507915379844284,0.00849988218396902,3.2299581468105316,-0.05470703164818852,-0.41943851206451654,0.8391296105582938,0.8594275272922891,1,0.07329568510753416,0,0.24502163140751587,"{""type"":""MultiPoint"",""coordinates"":[]}"
00000000000000000010,1,PADEMANGAN,PADEMANGAN BARAT,3172051002,3.172051002E12,Tidak Diketahui,Pademangan Barat 02,,,,27,Rembes,002,0,2020,1577865600000,,0,0,-6.6582678012529986,-11.622497755146409,-15.513497756030915,1.398822554676568,2.677797171693271,-4.832347943298002,-8.262812045912728,1.9139890643663615,JAKARTA UTARA,1,0.9503540191586839,0,0.32852548467788656,829.7264954480723,688.569382610576,540.9154964785438,63.35240380752532,-19.269745790230843,-97.3486738534043,37.592055155402164,79.09552421403657,6,2.8812161599333597,-1,1.9680729760546747,-1.0014568236249521,-5.025085518814198,1.6507336778346866,1.6569737868106165,1.0,1.6999998092651367,0.4338691666939515,0.0,0.8737740516662598,-0.6826062296937276,-1.2958950996398926,0.5254511153823873,0.4679654585384068,41867.2253639,42055.10377383055,6.464860916137695,1.9449995443851733,0.0,4.399939775466919,-0.08330819940427996,-2.1441855430603027,1.2387662891920947,1.234406940367034,19.693223447291253,14.025544729688772,11.558169147486714,6.244948408477088,0.5698385920680044,-1.9934664373794728,1.980001944691136,1.9901409806025159,0.3824911117553711,0.10529352302202599,0.008499781601130962,0.31522946804761887,0.04449648976540105,-0.09313806891441345,0.1390027143311572,0.14370634011403327,1,0.04773011245314451,0,0.3099914104555367,"{""type"":""MultiPoint"",""coordinates"":[]}"
00000000000000000011,100,PADEMANGAN,PADEMANGAN BARAT,3172051002,3.172051002E12,Tidak Diketahui,Pademangan Barat 03,"RT.001, 002, 007, 008, 012, 011",,,28,Jalan rendang dan saluran tidak lancar,003,0,2020,1577865600000,,0,0,-4.935308667356148,-11.422048621596488,-15.230994859622289,1.9881109802947179,4.12108426280761,-5.314981625510971,-8.868679507823652,2.1244983080461473,JAKARTA UTARA,1,0.8861319880572429,0,0.33071891388307384,622.2948715860543,384.9794871801054,131.191278030262,-8.798968666588166,-97.50541628716006,-216.39594948882822,41.747153286887894,119.34584707647964,6,2.382425615154947,-1,1.9714937286202394,-1.914056394579223,-5.224629418472141,1.6700092700295257,1.737486963043338,1.0,1.9000000953674316,0.40162149524266516,0.0,1.0681871175765991,-0.6288770822740837,-1.3700114488601685,0.562194454272085,0.5273991903230136,67806.882456,68065.77097052812,6.464860916137695,2.0064975167080505,0.0,4.399939775466919,-0.17798388096658574,-2.5297985076904297,1.328589764236345,1.2727654495438778,19.13360934986097,13.385044260445992,11.75435326724996,5.635729498798039,-0.28759120654246245,-1.921097172018202,1.4928857469376882,1.4874341994026126,0.2974933981895447,0.046895551454215624,0.008499795570969582,0.20705901086330414,-0.08647559264823018,-0.16357820387929678,0.10164047645893964,0.08623083823571398,1,0.08761453721816122,0,0.3075420306099899,"{""type"":""MultiPoint"",""coordinates"":[]}"
00000000000000000012,200,PADEMANGAN,PADEMANGAN BARAT,3172051002,3.172051002E12,Tidak Diketahui,Pademangan Barat 04,,,,29,Hujan deras dan luapan kali yang tidak menampung air hujan,004,0,2020,1577865600000,,0,0,-3.1638695417323257,-10.583125367055318,-14.61251002761915,2.6023343283536198,1.3396795682698652,-4.592368170951035,-7.925541197518611,1.8861974644351285,JAKARTA UTARA,1,0.9746947300771207,0,0.2799416848895061,855.2624952764933,655.8622755064953,473.0168798317619,128.44402246400443,-2.203397943836404,-97.14093650736152,48.818743390333374,98.63781625604587,5,2.311294987146529,-1,1.2736602052450912,-1.5477136541376553,-5.168757126567919,1.4864136704362945,1.4402380755575497,1.0,1.5999999046325684,0.4166532476411072,0.0,0.07639670372009277,-1.0764692898332149,-1.4892816543579102,0.35859880035353403,0.4433752193293182,43431.6683262,43610.54150975852,4.986049175262451,1.9437051045212754,0.0,2.9794507026672363,0.029830072793372204,-1.8867812156677246,0.8762810987232852,0.8912386196906735,17.05416992652613,13.736651623659645,12.014827314668528,3.596744512545831,0.2751921888265829,-1.5756981673779915,1.364060631109088,1.3624933740766116,0.20399567484855652,0.05084869090619118,0.008499795570969582,0.1596067175269127,0.002359636441132911,-0.0853364197537303,0.06182880605426343,0.06017398920499173,1,0.025305269922879167,0,0.27994168488950605,"{""type"":""MultiPoint"",""coordinates"":[]}"
00000000000000000013,210,PADEMANGAN,PADEMANGAN BARAT,3172051002,3.17205100201E12,Tidak Diketahui,Pademangan Barat 06,,,,30,curah hujan tinggi,006,0,2020,1577865600000,,0,0,2.281458642780338,-10.596784188162836,-14.846665090543492,3.0022354177484183,6.719892207018617,-3.477196273166135,-8.22674514033918,2.6101748553613326,JAKARTA UTARA,1,1.0,1,0.0,564.2750229076685,379.5386289559892,185.53248465545596,-5.659440726187313,-87.49301110984247,-179.25384225072355,41.61085248051902,107.44103645531212,8,3.646550502904094,-1,3.749144811858523,-0.8235588199995635,-5.101482326111819,1.7956318911768576,1.8174857462631786,1.0,2.0999999046325684,0.7576143515989859,0.0,0.5735459327697754,-0.6524776993011989,-1.452109456062317,0.7106866585719259,0.7910796146517564,49265.0618085,49478.731863559246,5.4003729820251465,2.32305915837569,0.0,2.9794507026672363,-0.01261236475874806,-2.6296494007110596,1.3802110440008681,1.306367875124224,18.66360925605748,13.393260679186971,11.558179524232072,5.135707029523141,-0.06891625782735039,-1.8686362752927934,1.584301471525964,1.6222718786484793,0.12749774754047394,0.03862257932049843,0.008499824441969395,-0.021930940449237823,-0.07002613240552673,-0.15973064955323935,0.036666441080985906,0.044868731052361555,0,0.0,0,0.0,"{""type"":""MultiPoint"",""coordinates"":[]}"
00000000000000000014,1019,PADEMANGAN,PADEMANGAN BARAT,3172051002,3.17205100201E12,Tidak Diketahui,Pademangan Barat 07,,,,31,"curah hujan tinggi, penyumbatan saluran air dan jalan lingkungan yang rendah",007,0,2020,1577865600000,,0,0,-0.08251001313757564,-11.442368699210938,-15.494330537566373,2.4782112863476105,2.0727555793047987,-4.877244302620583,-8.741725166295701,2.4313257983865397,JAKARTA UTARA,1,0.9528154779093272,0,0.20608041101101565,655.95639015131,475.3485705333535,262.382556060524,21.500920680164995,-50.97431526214873,-137.98981657085403,32.037863319560735,93.22498815071397,16,6.417210511117529,2,11.34093500570116,1.7835042612059253,-2.7844925883695453,2.397485332783079,2.4035981258557526,1.0,2.499999761581421,1.7720416348413546,1.6000001430511475,1.0184718370437622,0.08541153872801392,-0.1964651346206665,0.26949463917752814,0.26425988940139705,60260.4298245,60547.88667820634,11.984338760375977,3.15062014596021,0.0,9.155596494674683,0.4141257337845029,-2.767965793609619,2.3341086682670156,2.384780820183651,18.035005607591753,13.16390146809338,10.751593711371637,4.8253063597038075,0.07448219325803916,-2.315317746084645,1.2520997892850259,1.2939953916279894,0.07649902254343033,0.028524578632283953,0.008499868214130402,-0.018560178577899933,-0.053662602457672647,-0.16092337481677532,0.03735650898950278,0.024114672049527018,1,0.04718452209067283,0,0.20608041101101565,"{""type"":""MultiPoint"",""coordinates"":[]}"
00000000000000000015,847,PADEMANGAN,PADEMANGAN BARAT,3172051002,3.17205100201E12,Tidak Diketahui,Pademangan Barat 08,,,,32,hujan deras,008,0,2020,1577865600000,,0,0,2.281458642780338,-11.873324257658677,-15.494330537566373,2.792765248292411,3.7947319646002384,-3.1768217968418324,-8.22674514033918,2.5790511034676036,JAKARTA UTARA,1,0.9868926708756519,0,0.10975609756097544,655.95639015131,427.67476883975496,207.43162386201809,28.428812014335108,-69.52669951141233,-166.62481495552706,40.7192127072235,114.39238063440153,10,6.121465824869617,3,5.256556442417239,1.696822462347064,-1.6932725199544842,1.3977078195485848,1.4011659120699935,1.0,4.400000095367432,1.8762900195801095,0.0,2.610604405403137,0.2698455158495295,-1.472748041152954,0.8065375677336694,0.8667369124164283,50997.4643295,51155.25389860465,5.4003729820251465,1.921207009735685,0.0,2.876649856567383,-0.5645083464659606,-2.652803897857666,1.182716394446715,1.1653514961778377,17.341855468671223,13.179299659162,11.558179524232072,4.020685801877059,-0.06996198867736708,-1.8686362752927934,1.3033783679998543,1.29766603281946,0.12749774754047394,0.021931513027980062,0.008499839343130589,-0.02050628513097763,-0.06268246183032541,-0.15626121312379837,0.04372264142648719,0.03601590317039494,1,0.013107329124348067,0,0.10975609756097561,"{""type"":""MultiPoint"",""coordinates"":[]}"
00000000000000000016,43,PADEMANGAN,PADEMANGAN BARAT,3172051002,3.17205100201E12,Tidak Diketahui,Pademangan Barat 09,,,,33,ketinggin rumah lebih rendah dari ketinggian jalan,009,0,2020,1577865600000,,0,0,3.2889158740313498,-10.504387571438606,-17.688687812911013,3.2842748318031356,16.875267940530804,-3.734678138913867,-11.552438943247203,4.2725132028140465,JAKARTA UTARA,1,0.9616714213794261,0,0.20184751022351363,334.4734433447411,148.18869382026833,0.0,-48.81638930609233,-179.16827564762406,-301.7490011271705,52.25640590401671,75.94024072219729,10,4.090552106058063,0,5.256556442417239,-0.9189870423952647,-5.490307867730984,1.8708970909279619,1.7685048134476096,1.0,2.499999761581421,0.9803791940122228,0.0,1.0708093643188477,-0.4876277883454124,-2.0100340843200684,0.8332494125142287,0.8329054814476999,103909.513852,104362.8680794887,6.566473484039307,2.3984285360935806,0.0,3.4870688915252686,-0.4388287074054963,-2.986664056777954,1.3014068625588324,1.2958303668681799,18.66360925605748,13.876578847325392,11.263375807032489,5.135707029523141,0.48454986229952207,-2.0369341267657255,1.9893950891271905,1.9737939983171342,1.5979499816894531,0.2095646361144765,0.0084998132660985,1.3755219280719757,0.027476436872129677,-0.20033054891973734,0.48909099867098277,0.4934175550997679,1,0.020573921798959557,0,0.14430489325798443,"{""type"":""MultiPoint"",""coordinates"":[]}"
00000000000000000017,580,PADEMANGAN,PADEMANGAN BARAT,3172051002,3.17205100201E12,Tidak Diketahui,Pademangan Barat 10,,,,34,curah hujan tinggi dan air laut sedang pasang,010,0,2020,1577865600000,,0,0,-6.02884666041037,-12.444654112087143,-15.461721811748108,1.6921818694151,9.467140230985487,-4.099445620953946,-8.191916752122282,2.569420059029171,JAKARTA UTARA,1,0.9766751301803159,0,0.15676267316115666,875.1549798115764,781.1966348417178,649.3636962940959,173.3205375607073,96.38047240104457,-16.898174092059776,52.32867762181876,67.50324993376174,8,3.4568575977966187,1,4.530216647662435,-0.4208882945254286,-3.0786773090080484,1.8847716198639513,1.8504957280842929,1.0,4.200000286102295,3.3271637511714065,1.6000001430511475,2.1472065448760986,1.0546206515324879,-0.5767388343811035,0.6727463308826739,0.6254326565855867,81027.9738534,81332.46429373049,5.9309306144714355,2.3019327036653263,0.0,3.4553751945495605,-0.11980894150881492,-2.408115863800049,1.1865493293599334,1.2001413156908765,18.788776159594576,13.23733687787756,11.312274802941495,5.447562948900643,0.09349457529051015,-2.021282801314868,1.4232382240052506,1.4169457035065587,0.14449799060821533,0.03248332923768544,0.008499868214130402,0.05630083568394184,-0.07928975039503339,-0.3893727473914623,0.12583313911871452,0.035933957158256626,1,0.001377114085295004,0,0.0912838696739514,"{""type"":""MultiPoint"",""coordinates"":[]}"
00000000000000000018,738,PADEMANGAN,PADEMANGAN BARAT,3172051002,3.17205100201E12,Tidak Diketahui,Pademangan Barat 12,,,,36,curah hujan tinggi dan got tersumbat,012,0,2020,1577865600000,,0,0,-4.756252988479832,-12.534636674821085,-20.849998836135725,2.4754399807445684,3.364121331363819,-7.238280310027507,-17.23420949023449,2.5335702640815327,JAKARTA UTARA,1,0.9585698727900457,0,0.2712931993250107,1057.6978978086688,773.2805027902638,463.8312116386399,161.14616656614828,7.055946605092325,-98.76682469079464,55.223274487468736,138.8515688652675,13,4.345297402507122,-2,8.340935005701155,-0.273322016516959,-6.548460661345573,2.2120619600356144,2.2067566698664356,1.0,2.499999761581421,1.279655739096358,0.0,1.05724036693573,-0.20525775513552963,-1.724515438079834,0.6201336497760347,0.6514597016355579,150510.53088,151137.36313006206,10.31457233428955,2.6955391356273632,0.0,7.431323051452637,-0.47638293468143106,-3.424328327178955,1.6517582623839675,1.5934096721060031,19.356766487723796,12.90269709278381,10.751593711371637,6.522230323690351,-0.03857660678465905,-2.315317746084645,1.4892295453304432,1.4187827699777542,0.4079975187778473,0.03833803612881532,0.008499899879097939,0.243765190243721,-0.051290029885506426,-0.2783141741529107,0.11449107409663395,0.08862343484604847,1,0.004703756053479156,0,0.12155245781143217,"{""type"":""MultiPoint"",""coordinates"":[]}"
00000000000000000019,,PADEMANGAN,PADEMANGAN BARAT,3172051002,3.17205100201E12,Tidak Diketahui,Pademangan Barat 14,,,,37,,014,0,2020,1577865600000,,0,0,-2.297568250595827,-10.206361004629725,-15.568600446725663,2.548300099302351,1.0062701406801728,-4.642669048559265,-9.598172219013723,1.9730167397666323,JAKARTA UTARA,1,0.8416100365917409,0,0.35750459958803815,1081.8309929570876,799.9335446705569,593.993774664244,190.82883945492813,7.189978684649049,-91.85324405338702,57.98042566147905,108.37481576871802,8,4.685025899348952,2,3.083238312428647,0.3565709590358076,-3.0627137970354408,1.2241129459941835,1.2343150156404088,1.0,2.8999998569488525,1.636002451670021,0.0,1.431128740310669,0.5576617026070715,-1.0592930316925049,0.7390927970733487,0.8140053708989724,73424.4860256,73735.9743647231,4.644423484802246,1.743170452393807,0.0,1.628352403640747,-0.8485543581745227,-2.967406749725342,1.047433498328089,1.113103652351832,19.693223447291253,13.621336520108537,11.559769485156377,6.166444405774882,0.15355528187600034,-1.7662013526350062,1.4274345669308512,1.4571005496145444,0.3824911117553711,0.04304542605156747,0.008499706164002419,0.31462862342596054,-0.05604133011171939,-0.10881923511624336,0.11775063977990617,0.11003698400837632,1,0.1494083543221024,0,0.3392971595164746,"{""type"":""MultiPoint"",""coordinates"":[]}"
0000000000000000001a,1051,PADEMANGAN,PADEMANGAN BARAT,3172051002,3.17205100202E12,Tidak Diketahui,Pademangan Barat 15,meningkatkan koordinasi dan kerjasama lintas wilayah,,,38,Tidak mencukupi pompa karena debit air dan drainase kurang baik,015,0,2020,1577865600000,,0,0,-3.3308065955168873,-11.484687213955642,-14.616830155063022,1.6600526572841015,1.198942516882192,-5.406087972952859,-8.78397422531933,2.071360465456954,JAKARTA UTARA,1,0.9856284153005465,0,0.1458305202717255,875.1549798115764,688.6169891745428,499.5615034733919,158.41882914811492,29.418290682307436,-78.369303500412,57.194146993277165,93.9206689047669,10,6.3318579234972665,2,5.7274800456099575,1.9753206721871406,-2.1128848346636913,1.5615994195901257,1.6070790937631498,1.0,4.700000286102295,3.706639568870834,1.6000001430511475,2.813569188117981,1.7095446209112797,-0.5576965808868408,1.257560384896916,1.2641338189867104,63897.7889992,64141.68530058853,5.547544956207275,2.161155431690763,0.0,2.8821942806243896,-0.4744327148029712,-2.7206056118011475,1.1706946830949092,1.1676357909064925,15.955564065911915,12.722169662604005,11.37954940239335,2.9923063529766427,-0.2828336724256582,-1.5780136118017651,0.9140072261758306,0.925083854118971,0.059499166905879974,0.012401471118559763,0.00849984958767891,0.030316557735204697,-0.016654474759077435,-0.02914394624531269,0.011586148940433194,0.011451515549605858,1,0.014371584699453547,0,0.1458305202717254,"{""type"":""MultiPoint"",""coordinates"":[]}"
000000000000000000cd,,PADEMANGAN,ANCOL,3172051003,3.172051003E12,Tidak Diketahui,Ancol 01,,,,370,luapan kali rob pompa kurang maksimal,001,0,2020,1577865600000,,0,0,10.638451004148678,-12.820764146081446,-20.340366108967284,3.0023203853207674,9.350927891264483,-5.436173457498055,-17.18568504880222,3.3901352500466255,JAKARTA UTARA,1,0.8573402498858302,0,0.3634169941057774,1328.210458360942,825.7905384111687,92.76624232772798,134.85695476709543,-25.300002325494596,-234.99774402455972,49.69388283442443,275.9798184344497,10,3.5771261958570952,-5,7.792474344355739,0.3888572126577449,-7.04903078677312,2.2395585120754826,2.1842158183416926,0.821432464850013,6.900000095367432,2.2261136820622807,0.0,5.379417896270752,0.2628236949829661,-2.657647132873535,1.5225109165777984,1.6843834850237862,1191406.67241,1196202.2081263615,8.247800827026367,2.6019242796955533,0.0,7.284209430217743,0.261911751559369,-2.8070883750915527,1.5448935961474535,1.4755569108739806,26.634991553494512,13.556541102411185,10.979183188055677,12.545715063767501,-0.2174793818186033,-3.6343337743831796,2.646834641173406,2.676603653124412,369.427978515625,16.924703183831095,0.00849994271993637,328.378173828125,1.8834277616304003,-48.1097098570317,75.4333663609788,80.11563036573108,1,0.08447405707326787,0,0.2801448604328719,"{""type"":""MultiPoint"",""coordinates"":[]}"
000000000000000000ce,172,PADEMANGAN,ANCOL,3172051003,3.172051003E12,Tidak Diketahui,Ancol 04,,,,371,"Luapan kali, rob, pompa air kurang maksimal",004,0,2020,1577865600000,,0,0,3.239988700802411,-12.002485443726988,-19.671214334938156,3.3625072631934896,9.49272190563847,-5.6081638321118294,-15.168399698747237,3.8260443825023094,JAKARTA UTARA,1,0.9522442100006246,0,0.20676133022318066,1369.6771539316378,1114.7776191685534,622.2948715860543,219.82963928404956,52.841901567531075,-92.89435139956674,77.52974390457483,187.63934578219926,12,4.083782452781769,-2,7.223489167616812,-0.7343711007312442,-7.664766248574798,2.4071223214695485,2.508192262476082,1.0,4.5,1.3873261334123461,0.0,2.466362714767456,-0.6297678663132783,-3.0387685298919678,1.2400321714379818,1.3180957711572994,502816.776764,504927.6116252803,9.24073600769043,2.943198330495594,0.0,6.262852430343628,-0.5085532366739544,-4.704341411590576,1.5566822670453475,1.5553725765149455,23.84329623757718,14.312423245736774,10.863695254755388,9.865551403457303,0.673524102586348,-3.1363569425574838,3.284787006703113,3.305687109492845,368.7139892578125,31.858304648676828,0.00849984958767891,329.2220993041992,10.409830746002319,-43.32676541060209,102.44239837069439,107.53682510676775,1,0.005063431619396412,0,0.06788369582692214,"{""type"":""MultiPoint"",""coordinates"":[]}"
000000000000000000cf,,PADEMANGAN,ANCOL,3172051003,3.172051003E12,Tidak Diketahui,Ancol 05,,,,372,"Luapan kali, rob, pompa air kurang maksimal",005,0,2020,1577865600000,,0,0,9.9467763408227,-11.0053288647698,-20.01799465127695,4.039850029263249,9.39359791079496,-5.305774499126056,-16.648960061780382,4.156559590652648,JAKARTA UTARA,1,0.9060878161298295,0,0.29072517389381836,1132.3562962360413,578.6490852107113,0.0,97.69830161864138,-51.90638430014548,-303.01995962497614,76.44256701170934,290.6028650785656,35,6.1987925576359535,-3,27.264538198403507,0.0016722999313338682,-9.278221208666036,4.937743135700269,5.234332684841997,1.0,14.40000057220459,3.0502182768461976,0.0,10.629076957702637,0.27235912262229683,-3.0387685298919678,1.9161724660409127,2.365304752224275,592661.541109,595171.1437825584,23.287277221679688,4.50890547459014,0.0,18.135550022125244,0.5225931075506545,-5.1097893714904785,3.6858067421408545,4.029870792743547,19.481923133907184,13.249732735971985,9.890834998054626,6.538144795554677,0.1441751781362929,-2.9766112415407555,2.0716808953481154,2.1736682769051647,3.110934257507324,0.23384522248209044,0.008499795570969582,2.708718478679657,-0.5366595385409785,-32.91489339992404,4.3564882067866515,0.5792739530407199,1,0.04822119967519094,0,0.20496478675874322,"{""type"":""MultiPoint"",""coordinates"":[]}"
000000000000000000d0,,PADEMANGAN,ANCOL,3172051003,3.17205100301E12,Tidak Diketahui,Ancol 08,,,,373,"Luapan kali, rob, pompa air kurang maksimal",008,0,2020,1577865600000,,0,0,0.806801370343351,-12.434544410814999,-21.15983087830114,3.108026283714582,8.613211544669586,-4.091171065700582,-15.91658017158327,4.1827104800712265,JAKARTA UTARA,1,0.8969682729452738,0,0.3641185526359595,675.3484381614854,312.9379394024444,0.0,96.69090507692607,-57.313367371896824,-289.18179328909616,68.9819184828772,155.52569226377884,9,2.60541246553285,-9,6.985176738882525,-0.07489972127161378,-11.2246294184721,2.249776144303055,2.333938409500066,0.5493752874086191,5.300000190734863,1.1961945069351274,0.0,3.7102434635162354,-0.30655235487070337,-2.5023696422576904,1.200019429825848,1.284477751158126,504807.612726,506849.0217294544,16.269058227539062,2.8916315767213634,0.0,13.562361478805542,0.23388303008655248,-3.192622423171997,1.8996621038207173,1.9129522701837196,26.639377494339765,13.78886331979119,10.763667209368585,12.979061334479645,-0.06539260192173237,-3.32143936337933,3.257596650480318,3.3191489253270103,370.9919738769531,37.73446410021267,0.0084999930113554,342.42222785949707,6.1404486495267205,-54.91754735261202,112.90186522555379,114.9009747561237,1,0.016426749963718793,0,0.13350929786935073,"{""type"":""MultiPoint"",""coordinates"":[]}"
000000000000000000d1,,PADEMANGAN,ANCOL,3172051003,3.17205100301E12,Tidak Diketahui,Ancol 11,,,,374,"Luapan kali, rob, pompa air kurang maksimal",011,0,2020,1577865600000,,0,0,0.4855373965464169,-13.057523218381812,-21.705568744539125,2.9508480180643235,15.391184204837414,-5.491698254728838,-16.240058420734698,3.5694703387721627,JAKARTA UTARA,1,0.6660929639895886,0,0.4765703957445517,1967.8691704539299,1462.3594518472203,1024.6366367176336,206.45943175428215,34.67455490585781,-81.91706367191227,66.3479773205402,208.79113946843958,18,2.563228073989529,-3,13.434435575826605,-0.0996234061796071,-7.685290763968161,2.0696948065218184,2.9551230793896526,0.5765894902538551,7.5,1.6442718846217805,0.0,5.064310073852539,-0.13144324237949326,-2.4035348892211914,1.3593407103351034,1.7262883094852923,1154729.14679,1159782.327128415,18.46068572998047,1.8861455355366905,0.0,15.092900514602661,-0.031198610798472033,-3.3490076065063477,1.8912856106937097,2.2992531214153074,20.114470596708845,14.65049669868523,10.144937697497127,6.1178830767917045,0.24573727896720793,-3.6343337743831796,2.0106228589448225,2.584850251104968,3.9779322147369385,0.14606733867103514,0.008499967865645885,3.646753191947937,-0.021549041854699278,-0.4812932778149843,0.6733645318464281,0.6996023861108572,1,0.17884426085958777,0,0.38400693343060904,"{""type"":""MultiPoint"",""coordinates"":[]}"
000000000000000000f5,118,PADEMANGAN,ANCOL,3172051003,3.172051003E12,Tidak Diketahui,Ancol 02,,,,461,"Luapan kali, rob, pompa air kurang maksimal",002,0,2020,1577865600000,,0,0,3.450888114183843,-11.639413382893107,-19.355843947286782,3.8043217343974054,8.249993077523513,-5.867249740121591,-15.464427503536553,3.839661567892773,JAKARTA UTARA,1,0.9381948140825793,0,0.27014103344396223,1403.8079779207503,1131.052933254882,706.486653451565,196.6590878362581,36.48074333138163,-85.65152174558159,70.36180642137681,177.78957344024613,12,4.7278838111170245,-1,8.264538198403587,0.1958055051632982,-5.988597491448212,2.3789248530288827,2.3474794519273297,1.0,4.199999809265137,2.15808984429997,0.0,1.702736496925354,0.058119235226577116,-2.694640874862671,1.1832907100605687,1.1218604716270895,458845.428696,460651.0222263942,9.195145606994629,3.1379065857215673,0.0,6.262852430343628,0.06714430446180947,-3.295646905899048,1.7360993061716419,1.7325471063378954,22.014680980215083,13.126801179470231,10.868728798993272,8.587115444114637,-0.22426254419691205,-3.1363569425574838,1.8915934286290013,1.8394304488739541,3.6379311084747314,0.11773231052517717,0.008499931544065475,3.198517143726349,-3.210548874307555,-37.886798061430454,9.460990352928597,0.3766552416178367,1,0.046331077484601926,0,0.22924310917998555,"{""type"":""MultiPoint"",""coordinates"":[]}"
0000000000000000033c,Nihil,TAMAN SARI,TANGKI,3173031004,3.173031004E12,Tidak Diketahui,Tangki 01,Nihil,Nihil,Nihil,1650,Nihil,001,0,2020,1577865600000,Nihil,0,0,6.28812714230378,-8.383032491026412,-14.058314926226858,3.527186006028476,12.393323554570188,-2.892395640307214,-9.122435607789626,3.219471228044924,JAKARTA BARAT,1,0.9805112919867018,0,0.12498425196844122,540.9154964785438,300.6224013446596,131.191278030262,-22.02880397462195,-115.12719414406459,-212.4709784299104,38.797509238514536,89.38835319027088,13,5.934770147884903,0,6.833523375142416,-0.18966098484587612,-6.158494868871259,2.304808769010941,2.2668978584688513,1.0,1.0,0.2696358293592145,0.0,0.3708096146583557,-0.4557889018294197,-0.7664766311645508,0.2094261684452019,0.2635016113288829,91264.2539028,91643.82300611962,8.73572826385498,3.0629263259013517,0.0,5.903300523757935,0.2812255752925281,-2.923696756362915,1.8044986420520692,1.822864230075865,20.998947725398803,14.678772443623647,11.082663251712416,7.382799318684228,0.9606330855929904,-2.5568673303801326,2.6419967532603597,2.6256767163143144,2.473374128341675,0.8539408146802293,0.008499663323163986,2.154441475868225,0.49997631228328954,-0.5739015620201826,1.1025316521841093,1.07310220824557,1,0.019488708013298182,0,0.12498425196844144,"{""type"":""MultiPoint"",""coordinates"":[]}"
00000000000000000341,Nihil,TAMAN SARI,TANGKI,3173031004,3.17303100401E12,Tidak Diketahui,Tangki 06,Nihil,Nihil,Nihil,1655,Nihil,006,0,2020,1577865600000,Nihil,0,0,-5.905150578204934,-11.193684232120532,-14.738287496689356,1.9827032282919361,5.03795267940245,-2.843559067239298,-6.107547000009208,2.1980024041504618,JAKARTA BARAT,1,1.0,1,0.0,675.3484381614854,472.90450578884753,293.3526157307405,-3.7922804059099917,-55.97302667601388,-99.11872930977222,26.66025733059584,119.82123830776615,8,4.598628027439451,2,2.5689851767387664,-0.9278395047835717,-3.9954389965793693,1.4767661171495783,1.3962264150943395,1.0,2.799999952316284,2.0527930294083867,1.1000001430511475,1.5174458026885986,0.8541013051878421,-0.34526777267456055,0.41464947066545993,0.3592147591722686,24816.9494541,24870.84891822061,4.644418716430664,2.136685950606206,0.0,1.8753235340118408,-0.5450862877912654,-2.9477574825286865,1.1110897664468151,1.1243065714596931,17.901454648927892,12.991209936127245,11.561851249854765,3.641323493125567,-1.0233836905791014,-2.6163876294171597,1.2837741033891625,1.3061671640817785,0.05949808284640312,0.014683834050227771,0.008499732241034508,-0.5661195013672113,-11.405794435530677,-34.45004628971219,11.769473194618694,0.013715328757336047,0,0.0,0,0.0,"{""type"":""MultiPoint"",""coordinates"":[]}"
0000000000000000034a,Nihil,TAMAN SARI,PINANGSIA,3173031008,3.173031008E12,Tidak Diketahui,Pinangsia 05,Nihil,Nihil,Nihil,1667,Nihil,005,0,2020,1577865600000,Nihil,0,0,8.678417214086076,-8.114712230230328,-16.906698047420743,3.4293310375782697,8.588077168139847,-2.9476700901356865,-11.452263668514242,3.3143566715943327,JAKARTA BARAT,1,0.999860110512695,0,0.09876816579193802,1498.6845104201757,1331.9217161671377,1057.6978978086688,187.88230155252745,73.64474982627365,-37.462419174181605,58.76698459473442,107.6246241572467,12,6.903686087990489,1,4.888255416191429,0.1615340224816735,-5.061573546180278,2.0581258876802555,2.146867884660965,0.5219723402505843,3.9000000953674316,2.376790017247415,0.0,2.4315850734710693,0.6845189285101556,-2.1223490238189697,1.1958369664027149,1.1387532637377404,149607.847301,150233.92883538082,7.467628479003906,2.8381729831404514,0.0,4.392265796661377,-0.4615720151779311,-3.436507225036621,1.5175076220991242,1.5096982822622156,26.631902913650556,13.39192783162781,11.084010605695749,12.561177231577817,-0.396808011970836,-2.892965947200654,3.1797650156947235,3.266632942419224,368.2464904785156,25.15133340548361,0.008499760180711746,327.3044090270996,-12.94513827837943,-41.608954733237624,110.73002882223561,111.90959832015349,1,1.3988948730502907E-4,0,0.09876816579193803,"{""type"":""MultiPoint"",""coordinates"":[]}"
0000000000000000014f,25 KK,PASAR MINGGU,PASAR MINGGU,3174041001,3.17404100101E12,Tidak Diketahui,Pasar Minggu 07,,,,693,masuk air meluapnya kali baru melalui saluran ke jalan badan kali tinggi daripada jalan lingkungan,007,0,2020,1577865600000,,0,0,-4.361356160303133,-13.034806391904375,-16.232426978387785,1.6512703621886442,8.994122390063263,-4.223122669003465,-9.173881166000669,2.7480193655185694,JAKARTA SELATAN,1,0.729534951362182,0,0.43794316956227064,3290.260514037345,2829.1379375364577,2375.975098656976,43.790545742454924,-11.66797748420683,-68.24801085868785,26.26905524065701,200.86921148285532,46,41.69936657725494,35,6.26453819840286,1.324239504489937,-6.245153933866298,2.402997150520045,2.317918115136647,0.7061883481288055,6.299999237060547,3.4319555212137427,0.0,2.8133394718170166,-0.10967533208471482,-4.398289680480957,2.0304947596992933,1.8882906245575122,215831.368102,216743.33449283842,6.670449733734131,2.2625841763343324,0.0,4.267757892608643,-0.17900024034166923,-2.7105660438537598,1.2768220297824748,1.2656207458216402,20.882499230045827,13.373572265276579,11.193511065054434,7.2500196246233095,-0.26601011919468387,-2.517763957248942,1.9448715245157584,1.9270666211280185,1.2405904531478882,0.12447322346182803,0.008497278206050396,1.044330656528473,-0.05207500184015693,-0.21892229188233614,0.3648395111698829,0.3652098645833984,1,0.27046504863781784,0,0.43794316956227064,"{""type"":""MultiPoint"",""coordinates"":[]}"
00000000000000000150,,PASAR MINGGU,PASAR MINGGU,3174041001,3.17404100101E12,Tidak Diketahui,Pasar Minggu 08,,,,694,,008,0,2020,1577865600000,NIHIL,0,0,-5.537348682717327,-13.290041438878607,-20.555542871661043,2.3046918723720897,2.0407896841204973,-5.371598755126193,-13.049420790765463,2.544002338237565,JAKARTA SELATAN,1,0.7693824286009355,0,0.4101210700675224,2821.3751145383426,2478.8136797639727,2230.251726514454,46.4077326969541,-7.122256826507968,-68.24801085868785,26.09657756525195,137.997159139213,47,41.7927971909796,37,5.751425313568163,-0.5241142063035429,-5.553021664767144,2.1206079131637017,1.805351248215928,0.8839882914844127,6.299999237060547,2.618443849632613,0.0,3.5639684200286865,-0.73694942627721,-4.171950340270996,1.8405565121516987,1.7123240123989136,185607.335179,186428.30121175692,5.581035137176514,2.1652902251670376,0.0,3.087681770324707,-0.30377426501930455,-2.7105660438537598,1.1508103858953822,1.1636936955349326,20.580212937215673,14.064603101812551,11.373182037950777,7.020755459419091,0.5112650883625449,-2.283582879255139,1.994931207628766,1.9747380168222055,0.9176917672157288,0.15008903385828495,0.008497227914631367,0.7747997045516968,0.022828550696116837,-0.15424772910773754,0.2763934044312681,0.2780191035151478,1,0.23061757139906494,0,0.4101210700675224,"{""type"":""MultiPoint"",""coordinates"":[]}"
00000000000000000209,224,SAWAH BESAR,GUNUNG SAHARI UTARA,3171021004,3.171021004E12,Tinggi,Gunung Sahari Utara 01,terulang kembali,12 Jam (setengah hari),6 M,1121,"1. Curah hujan tinggi;
2. Dataran rendah",001,4,2020,1577865600000,Relatif paling tinggi sepinggang dan dibawah dengkul kalo digang,100,15,-1.6559401034742862,-10.504033297090302,-17.9134352381338,2.9440020302838015,4.2577305095211155,-5.123943064870993,-13.2429341673336,2.7657860005909143,JAKARTA PUSAT,1,0.9492648805026014,0,0.21841572133518533,1081.8309929570876,822.5720340473104,473.0168798317619,191.40904058333808,77.36566715917084,-44.19324613615788,56.257367501246655,163.24549982034702,14,4.815410522679677,1,8.411630558722798,-0.594638691580279,-5.157354618016075,1.975370919486522,1.8374669787907518,1.0,3.299999952316284,0.9649236520601546,0.0,1.8689851760864258,-0.24921291020896624,-1.1667046546936035,1.0602236047344507,1.2202654424850354,161618.242507,162250.64946637326,13.648222923278809,2.3494649406088763,0.0,10.366310596466064,-0.6710808557195647,-3.498368740081787,1.7003093418251323,1.7288735469977505,20.519882235092037,13.77910700471972,10.463234282794165,7.259263747170788,0.5841767793172891,-2.5966009312827403,2.0153578130047305,2.0339152766670763,0.8754634857177734,0.18641742771285627,0.00849967822432518,0.7429868653416634,0.08689303929650714,-0.127146128565073,0.3125506641041537,0.31905104158325065,1,0.008398281482760851,0,0.09512633176255551,"{""type"":""MultiPoint"",""coordinates"":[]}"
0000000000000000025a,262,SAWAH BESAR,MANGGA DUA SELATAN,3171021005,3.17102100501E12,Tinggi,Mangga Dua Selatan 06,,Sehari semalam,-,1255,saluran air yang tersumbat,006,4,2012,1325404800000,1 M,100,0,3.198399506633569,-11.537871229099432,-17.559203690139654,3.2390014041939903,15.880997082550028,-0.33417807434719077,-12.93637141104829,5.031902640775197,JAKARTA PUSAT,1,0.9798169811690475,0,0.16594252252566136,918.3389462118339,494.85662269317373,185.53248465545596,37.329592297107524,-48.8039468378031,-149.81420931593343,37.11870280913493,189.858224991847,23,6.156624145160978,-2,15.607753705815146,-0.4906800864717763,-9.107183580387826,3.628069433348026,3.7824600308096787,1.0,7.100000381469727,2.411727738731289,0.0,3.8137974739074707,-0.08733890003841568,-2.367844820022583,1.3014816180306663,1.617257890387548,176754.463185,177467.6552601006,19.591156005859375,4.476813329937968,0.0,14.672625541687012,0.43905816621662486,-5.0498270988464355,3.0474469045550125,3.4209316685862112,21.91653654566655,12.988265643167345,10.080876683712916,8.399091330932254,-0.28882293122104846,-2.989989489027563,2.1297421031641535,2.2699831445534566,3.340348720550537,0.37328913551116083,0.008499760180711746,2.844094008207321,-0.6124406274774878,-13.632157575339079,2.294093838280004,1.039732729914208,1,0.016989007113044508,0,0.1539526586383121,"{""type"":""MultiPoint"",""coordinates"":[]}"
0000000000000000013d,819,TEBET,TEBET BARAT,3174011002,3.174011002E12,Tinggi,Tebet Barat 01,,1-2 Jam,± 50.000- 60.000,656,Meluapnya PHB Kalibata dan Saluran Rawa Bilal,001,4,2020,1577865600000,,100,0,-5.573061067263897,-11.944094522971904,-16.103447481386297,1.9050408064007796,9.60960355811288,-2.773668167242263,-10.377283296141627,3.1970645735804846,JAKARTA SELATAN,1,0.9517312159023388,0,0.2065672991391307,3739.5267799363287,3303.132716823678,2886.2081166657636,53.816325059041446,-9.223793592633639,-72.04761770477671,26.718651376162686,181.0480676601141,27,19.533473775185005,12,7.769669327251616,0.7924489931291039,-6.095781071836136,2.4756257305102154,2.67924585325985,1.0,4.80000114440918,2.579388497484013,0.0,2.1713805198669434,0.19790208953220104,-3.4759409427642822,1.4615888948980906,1.4650151539888283,322773.974439,324056.424148618,7.605966567993164,2.53413055324995,0.0,4.450913190841675,-0.2861342119918177,-3.1647567749023438,1.5376041282526745,1.519584282730513,19.48953263916728,13.526043846473451,11.312039369658205,6.094045742507127,-0.09470546326529594,-2.473654576777358,2.3204921075925107,2.2862589291785094,4.852393627166748,0.5166030339909862,0.00849838275462389,4.2230300307273865,-0.051229322655943946,-0.6723278872668743,1.4524809893944939,1.4380823624791272,1,0.0317398584778264,0,0.1699706579607316,"{""type"":""MultiPoint"",""coordinates"":[]}"
00000000000000000132,180,TEBET,KEBON BARU,3174011004,3.174011004E12,Tinggi,Kebon Baru 01,,2 hari,± 20.000,632,"Curah hujan yang ekstrim, banjir kiriman dari bogor (katulampa) dan Petugas pompa yang kurang sigap dan tanggap dalam memeriksa saluran",001,4,2020,1577865600000,,100,0,-3.7036086213561408,-11.840681628178388,-18.41057345155148,2.3708222291802694,6.808314396686955,-4.1973379112290194,-12.785991492531267,3.028407357843821,JAKARTA SELATAN,1,0.9517543859649121,0,0.2703077200940698,4605.729490425012,4456.95189633386,4200.170260476811,191.82408408016,114.2402013145595,-2.974875500123744,46.15522640775525,91.28521101574172,20,15.11082123411978,9,2.2371721778788114,-2.8514981054455983,-9.084378563284247,2.431782928628523,2.403648440422367,1.0,3.6999998092651367,1.3519928528190885,0.0,1.2126564979553223,-1.4655591296341945,-3.1324973106384277,1.4241893656468787,1.2760062746232643,92219.0397013,92642.35964908575,6.670166969299316,2.504788029172694,0.0,3.7868945598602295,-0.31633068010643695,-2.8143420219421387,1.3491257696710899,1.3543058880356456,26.55225130612926,15.175067962030797,11.193690177850407,12.575225826544354,1.1997061342288928,-2.8656740329992374,4.037110220167055,4.0523591174564855,340.2344970703125,62.73816564323423,0.008498415350914001,301.99767684936523,24.66699035211861,-41.911991806700826,135.0710416351333,135.59209292576747,0,0.0,0,0.0,"{""type"":""MultiPoint"",""coordinates"":[]}"
00000000000000000133,416,TEBET,KEBON BARU,3174011004,3.174011004E12,Tinggi,Kebon Baru 02,,1 hari,± 8.000,633,Curah hujan tinggi dan Mesin pompa sudah tua,002,4,2020,1577865600000,,80,60,-3.8221894221287274,-12.500957853251002,-17.218574956787876,2.5607977969601965,-0.3052053207489369,-5.045758347344328,-10.63471847091812,2.2902286083815464,JAKARTA SELATAN,1,0.9464971526950073,0,0.2874797872880346,4712.853798069809,4582.7162728933,4425.6401038404565,178.7700448694286,96.9572696994616,29.11714246534484,42.2187978781327,73.37025534795352,21,16.97152695007284,11,2.5199543899654557,-1.538008814859737,-7.412770809578408,2.4097644190925274,2.3680563781904396,1.0,4.100000381469727,2.680174925266994,0.0,1.6472065448760986,-0.11070404498249688,-3.153477907180786,1.8462037593518006,1.6558580571799348,52622.5528291,52838.65336799956,6.204838275909424,2.795366487334443,0.0,3.539900302886963,0.05845855683021208,-2.7724246978759766,1.4906170600597517,1.477897197217336,26.550925748594167,14.850379901775083,11.266608778714911,12.70586406176809,0.9463265634645114,-2.538685199408736,4.1843589487785655,4.20230957050454,339.9285583496094,66.75392281382693,0.00849838275462389,305.07617568969727,31.335549345968186,-38.35454023629427,136.96904564292717,137.81117137336258,1,0.03006224341146868,0,0.15905777550540118,"{""type"":""MultiPoint"",""coordinates"":[]}"
0000000000000000013b,125,TEBET,KEBON BARU,3174011004,3.17401100401E12,Tinggi,Kebon Baru 12,,3 jam,± 30.000,643,"Hujan lokal, saluran tidak lancar, dan curah hujan hujan yang tinggi dan durasi yang lama",012,4,2020,1577865600000,100-120 cm,120,100,-7.214280579347955,-11.900551492628603,-14.266036490249716,1.3089967090267252,1.2341332824279414,-3.639946985791548,-7.706873134881555,1.9070008129823492,JAKARTA SELATAN,1,1.0,1,0.0,4920.110210960908,4828.738841762717,4657.752288287196,41.23734292766858,-4.42378296726316,-62.56332852102878,26.190594035856854,64.4721972100318,22,19.498104327363055,17,1.3409350057008318,-1.2753494878564897,-3.9281641961235536,1.4335714447972538,1.4536758172373414,1.0,1.8999996185302734,1.0206041240056272,0.0,-0.571038007736206,-1.4358971942747507,-2.57206392288208,0.5418185825380305,0.5738293501631333,26869.2803249,26996.68623162191,5.007545471191406,2.4546925257835412,0.0,2.5465033054351807,-0.12328414145381263,-2.620178461074829,1.0155706146625338,1.005665549927691,16.648518058108827,13.28938668995864,11.722957432493722,3.354102398524633,-0.14143429496419996,-1.8557773113502396,1.4334555978384926,1.419068349425727,0.552385151386261,0.06575166578112997,0.008498254232108593,0.475455179810524,-7.469129235543001,-24.381191136315465,7.783783356479606,0.1739262582034367,0,0.0,0,0.0,"{""type"":""MultiPoint"",""coordinates"":[]}"
00000000000000000181,307,TEBET,MANGGARAI,3174011007,3.174011007E12,Tinggi,Manggarai 01,,4 hari,± 20.000,783,Intensitas Curah Hujan yang tinggi dan meluapnya tanggul Kali Ciliwung,001,4,2020,1577865600000,,120,100,-2.918072200041302,-12.043760356216383,-16.01781156324396,1.9347252177283651,5.292076590923687,-3.8214506110449444,-11.059870026340725,2.428726683140822,JAKARTA SELATAN,1,0.8949691085613415,0,0.3137779989946096,3352.4441657665852,2855.058439117517,2456.1165641394814,34.55178038617032,-15.625400861872327,-64.53228982815381,25.97929883320812,219.45127099101077,19,12.853486319505736,8,6.226909920182154,-0.21136639371271482,-5.380843785633095,1.981827923994866,2.085310626300854,1.0,4.899999618530273,2.743455406917338,0.0,2.519155979156494,0.17015944736304947,-2.679931402206421,1.3535446801575937,1.4003160129480285,213242.016974,214153.47123261075,8.719182014465332,2.3899672686603592,0.0,6.265663385391235,-0.17865521491191533,-2.6959714889526367,1.3129171178746888,1.2984521893477203,26.560961406271982,14.499415078438116,10.922605476837132,12.175797005043984,0.06457107587593848,-3.5726446331407438,3.8179334128178364,3.7916835732614866,343.6084289550781,44.130831223073734,0.008498637937009335,303.0401840209961,0.31402773297642117,-60.49680037051439,123.03454548487545,123.70372431244319,1,0.09674414043346084,0,0.3047037704970223,"{""type"":""MultiPoint"",""coordinates"":[]}"
00000000000000000144,674,SETIA BUDI,MENTENG ATAS,3174021005,3.17402100501E12,Tinggi,Menteng Atas 08,,3-5 jam,± 50.000,678,"Banyak saluran air yang sudah menjadi pondasi rumah sehingga menghambat saluran air, Durasi hujan yang panjang (± 10 jam) dengan curah hujan yang tinggi",008,4,2020,1577865600000,50-80 cm,80,50,4.892199925080652,-10.756350150662556,-14.498197754178355,2.3006707209183688,0.6400395539934977,-4.833610528467953,-8.94022086479178,1.845270568798657,JAKARTA SELATAN,1,0.9892631203777955,0,0.0936549136660031,2559.0707531400412,2298.508831336006,2034.5225285572158,28.951849512283843,-20.474926705622682,-72.89564655554727,25.284682079814463,126.04724096212499,17,13.380067718078946,9,1.8084378563281227,-1.7994570219511425,-5.901938426454073,1.4738575659005964,1.4300183983521577,1.0,3.299999237060547,1.0327139522773765,0.0,1.6840356588363647,-0.8813836976061277,-3.002964496612549,0.8866897690432806,0.8238523031916175,78324.0856016,78663.63901351136,5.247517108917236,2.094480458214503,0.0,2.2219481468200684,-1.057279221755367,-3.372732400894165,1.223911760664662,1.1970597512642376,22.464125667937815,14.230278675173036,11.536424113253547,8.621760318303158,0.6409265611341776,-2.2954578212475134,2.630980757399974,2.7182300479387425,5.719241619110107,1.285219339722643,0.008498522453010082,4.94314569234848,0.5910385436967021,-0.8626084942370653,2.3403855857746825,2.399254749386857,1,0.010736879622204402,0,0.0936549136660032,"{""type"":""MultiPoint"",""coordinates"":[]}"
00000000000000000156,118,PASAR MINGGU,PEJATEN TIMUR,3174041005,3.17404100501E12,Tinggi,Pejaten Timur 08,setiap tahun kena banjir,2 jam,1 hektar,710,kiriman air dan curah hujan,008,4,2020,1577865600000,1 m,100,0,-7.134585255298672,-12.804665291474576,-17.767192351548452,1.8628939915864484,6.0227448433429736,-4.017169033473985,-10.964896023400014,2.670853268760385,JAKARTA SELATAN,1,0.8629057924888608,0,0.36357128044973475,4304.393629270136,3810.085538604562,3089.269083231159,207.28833404246734,28.524065899766647,-68.7678813262005,63.20495353742977,341.681175109724,43,34.6744509866327,16,5.003420752565013,-2.2536970904134357,-16.513112884835202,4.508687310661758,5.5867316464466334,1.0,13.69999885559082,3.5895713317073015,0.0,7.137969493865967,-2.39529588414799,-8.356328010559082,3.6163113671962273,3.7028647733443116,262807.883537,263824.08511810115,15.877336502075195,3.9538834964812652,0.0,11.821261882781982,0.7263304056777976,-3.7147490978240967,2.3694498508198163,2.4945492680753447,23.38735597474235,13.807831483914962,10.42299436521649,9.622307483599414,0.27371282635346966,-3.394472181242751,3.066010773614145,3.114611297963165,329.6716003417969,14.092438765121575,0.00849734153598547,293.84493255615234,2.674877264938898,-43.17160303890705,73.4865773005111,79.42313063437177,1,0.1337126034373011,0,0.3610005574560303,"{""type"":""MultiPoint"",""coordinates"":[]}"
00000000000000000158,40,PASAR MINGGU,PEJATEN TIMUR,3174041005,3.17404100501E12,Tinggi,Pejaten Timur 10,setiap tahun kena banjir,1 hari,5000 m,712,"Jurah hujan tinggi,",010,4,2020,1577865600000,1 m,100,0,-8.437415190571489,-13.738852923821472,-17.767192351548452,1.533029917552058,7.771141772696183,-3.632819835349806,-9.787140714042184,2.928128436863861,JAKARTA SELATAN,1,0.9257551118338618,0,0.28316700498296987,4283.350023716669,3622.8851889471375,3083.6927807006746,207.28833404246734,16.76083662199638,-64.3655356824629,56.94185666277992,336.55533465325226,47,38.16156594065739,17,9.893956670466956,-0.11319118341858374,-16.22348916761743,4.729962153556507,5.928341637685801,1.0,15.999998092651367,5.081672564905658,0.0,9.716305255889893,-0.7157147866228971,-7.680843353271484,4.316993550622556,4.283828686779047,261565.634558,262681.56972659624,17.230485916137695,3.727851916349755,0.0,12.841501712799072,0.5966656939164907,-4.156214714050293,2.5020468350739673,2.664762016955916,23.72268946870575,13.736961765813092,10.487153681920521,9.790293315725023,0.21156229119305006,-3.340932410249005,2.4739267265441183,2.5001492545733965,329.4676513671875,8.974931184576672,0.008497313596308231,292.6284713745117,0.6188701765952236,-41.99634466320276,52.09115253363103,56.04737103137839,1,0.0742448881661379,0,0.28316700498296976,"{""type"":""MultiPoint"",""coordinates"":[]}"
000000000000000001b7,200,PASAR MINGGU,PEJATEN TIMUR,3174041005,3.174041005E12,Tinggi,Pejaten Timur 05,setiap tahun kena banjir,1 hari,1 hektar,914,jurah hujantinggi dan kali meluap,005,4,2020,1577865600000,1m,100,0,-2.6835678964928382,-12.5398806785792,-18.367935482865434,1.9607108217317673,4.878411552663209,-4.361584063861615,-12.58166067619261,2.524700394444418,JAKARTA SELATAN,1,0.8901211412052172,0,0.33938801739328844,4636.456420326374,4071.4537253624508,3344.734433447411,48.18526977277861,-8.879298881982393,-63.6734108606729,26.05220273717046,315.77179251457454,39,31.40630484908971,19,8.434435575826189,-0.10033197047699849,-11.595210946408727,3.9135022124719794,4.310355171072879,0.9561259678291024,13.100000381469727,7.1004723063535,0.0,6.667047023773193,-0.39976493845492395,-8.19794750213623,4.10408175144272,4.065476709113198,405475.414119,407087.3640253837,16.333057403564453,3.2529017399093556,0.0,12.359017610549927,0.025206513231839447,-4.027069568634033,2.4261978889821143,2.526898892274895,23.735422291179322,13.382741470553203,10.922412924941721,10.059464548879173,0.007977665044217935,-2.7970362770911414,2.3612853733150434,2.395699684108405,331.5750732421875,15.488895276331375,0.008497674949467182,297.53304290771484,-3.0575214005662703,-38.56617496628314,67.02125958011416,69.04809216295375,1,0.10364111917954366,0,0.3266403763392791,"{""type"":""MultiPoint"",""coordinates"":[]}"
0000000000000000018f,± 168 KK,PANCORAN,KALIBATA,3174081002,3.17408100201E12,Tinggi,Kalibata 10,,± 1 x 12 Jam,"4 RT Terdampak (RT 001, 002, 008 dan 011)",825,Saluran air dangkal dan sempit,010,4,2020,1577865600000,± 1 meter,100,0,-5.0407082232979725,-11.90035663110833,-15.303087437192836,2.064440322876751,7.907483414534015,-4.362904166786747,-8.334405685543153,2.6468506882056464,JAKARTA SELATAN,1,1.0,1,0.0,4741.072006325661,4517.966421618649,4297.390543770962,43.94094051734555,-12.900739197856339,-66.19120681640288,26.341232317740584,108.0011203275201,34,27.92833423896637,22,5.890535917901509,-0.4248010997852176,-6.03078677309049,2.7493122663603744,2.797924813940277,0.9992268828064589,7.299999237060547,4.574539617791682,1.8999996185302734,2.979930877685547,-0.11257008058699632,-2.582439422607422,1.7171955301702009,1.752034907054364,57730.360466,58014.280118867006,5.624488353729248,2.669263135441862,0.0,2.6288673877716064,-0.07188248371636027,-2.6921372413635254,1.1269651862415728,1.1653742351801268,16.42916205931299,13.240279450188316,11.541792549602313,3.089043579947438,-0.027376780342760743,-1.6962481620038794,1.334955552070161,1.3881001899211105,0.441887229681015,0.056557920829331185,0.008497864939272404,0.3295541927218437,-0.3003388554848448,-6.078222271054983,1.1843003354395771,0.09416316837673776,0,0.0,0,0.0,"{""type"":""MultiPoint"",""coordinates"":[]}"
00000000000000000193,± 250 KK,PANCORAN,RAWA JATI,3174081003,3.17408100301E12,Tinggi,Rawa Jati 07,,± 1 x 24 Jam,"6 RT Terdampak 
  (RT 001, 002, 003, 004, 005 dan 006)",839,Meluapnya Kali Ciliwung,007,4,2020,1577865600000,,100,0,-2.309725445192342,-12.648383423707529,-18.534138641756407,2.522640065495342,9.11863644804567,-5.5782686971707545,-13.129865772430026,3.040692922792071,JAKARTA SELATAN,1,0.6306615382976233,0,0.48999009478921507,5012.811695004283,4445.802485721567,3870.698557220822,56.59962893310967,-3.6412268859698593,-63.30351321343642,26.477324156505908,299.9077690082781,46,27.426180252938003,11,17.850627137969923,0.7757872371134474,-13.441277080958201,4.661261590927643,5.511141788298758,1.0,13.399999618530273,6.482836425663226,0.0,7.4163055419921875,1.1963970658394476,-5.5080952644348145,3.5661371899858807,3.8512737152681895,327372.665843,328635.69898500876,16.994848251342773,4.765053750341891,0.0,13.548146963119507,1.2805871252007324,-3.6934425830841064,2.753291716623164,2.7725143476135927,26.540282987451103,12.97012338606804,10.454119119159172,12.55733973839246,-0.40156577198828114,-3.281788510950271,2.641084429686307,2.7481721481664105,336.3678283691406,20.757236115698433,0.008497943170368671,298.3824043273926,0.5852088622865992,-50.204591046087444,78.88807373609019,83.22133178597034,1,0.3443962623991822,0,0.484844321080019,"{""type"":""MultiPoint"",""coordinates"":[]}"
0000000000000000010f,33,JAGAKARSA,LENTENG AGUNG,3174091004,3.17409100401E12,Tinggi,Lenteng Agung 07,,3 jm,20 m,541,luapan kali dari kali ciliwung,007,4,2019,1546329600000,1 m,100,0,-5.384739165860989,-13.055775447827637,-20.395571137645227,1.9906144539353516,8.923547219128757,-5.240346695494182,-14.97358222472808,2.699712266404639,JAKARTA SELATAN,1,0.8050178924049998,0,0.4183991404730074,1049.530224242096,636.4024868775834,207.43162386201809,167.60248793087567,-40.53211746083925,-188.8860031924619,53.400872898160046,180.6612061862358,63,50.83765524292571,37,9.59749144811785,-0.5355928899275444,-12.937286202965403,5.170046776766849,6.365287615448886,0.9934645777022886,22.299999237060547,10.424238152398477,0.0,13.036144256591797,1.07857829595295,-12.510034561157227,5.503857358766259,5.81798020828727,347888.014904,349286.71256637806,19.00626564025879,3.9217740530333844,0.0,14.491877555847168,-0.08559033288900064,-4.691910266876221,2.486191111967704,2.560909978258305,26.374016360416668,13.372229756140628,10.466435115809245,12.446884949421875,-0.38603126360894896,-3.124802055067036,3.1811506978802324,3.209715543001174,284.6663513183594,24.85805637302783,0.008496712893247604,247.86634063720703,-0.23522171589532814,-43.01980066858232,82.76959382950609,86.83342957371289,1,0.17818229203211608,0,0.3941134909984461,"{""type"":""MultiPoint"",""coordinates"":[]}"
00000000000000000552,588,MATRAMAN,KEBON MANGGIS,3175011005,3.175011005E12,Tinggi,Kebon Manggis 03,,24,16748,2490,Dampak Luapan Kali Ciliwung,003,4,2020,1577865600000,80,80,0,6.031589292396184,-10.457477750589922,-18.511505477796504,3.0210601445354213,18.382626859144196,-3.302789484815079,-13.40594939725629,3.8527632188245797,JAKARTA TIMUR,1,0.9431607888753768,0,0.2368226370187931,3452.3502670087446,2826.1090888602193,2226.3898158654715,37.846152080030606,-10.242805247699796,-58.78344917486629,26.34568149295817,317.8824742734347,22,12.091462662366279,6,7.770809578106915,-0.36301058299683575,-6.724059293044741,2.352886764259978,2.9250755845748597,1.0,6.0,2.4909390840379304,0.0,3.2689852714538574,0.29373103439451786,-2.4197261333465576,1.343835633308882,1.5402528817975658,395594.731973,397259.89554366184,13.120243072509766,2.4052154349127104,0.0,10.523313283920288,-0.06553881254748567,-2.9062955379486084,1.5864300207701418,1.6389218162521269,26.59797872057141,14.404676205430434,10.504051638512342,11.664135364954149,-0.12689752224051723,-3.5201844406984097,3.9795810303308548,4.1790983442285246,355.9224548339844,53.52657370075922,0.008498708717525005,313.8599739074707,2.9170092250762107,-79.41461221408099,129.26319101392937,133.3186967097777,1,0.037690124958141676,0,0.18070684780369523,"{""type"":""MultiPoint"",""coordinates"":[]}"
00000000000000000553,222,MATRAMAN,KEBON MANGGIS,3175011005,3.175011005E12,Tinggi,Kebon Manggis 04,,24,7684,2491,Dampak Luapan Kali Ciliwung,004,4,2020,1577865600000,100,100,0,-2.087920102879226,-11.565929290991525,-16.60806192103893,2.488918940790523,8.931574319237427,-4.281887601254063,-11.543834072651258,3.5105725903561242,JAKARTA TIMUR,1,0.9119628686929181,0,0.2803958023743075,3584.4280636387275,3199.833330079998,2729.913656091607,40.829070873067394,-6.155540856165858,-52.63061656272703,26.06307951684731,216.22217171781648,25,12.796143800635493,5,10.02052451539312,-1.024359116554443,-7.3226909920185115,3.216371457973362,3.8621697443514558,1.0,6.200000762939453,2.1917819987753635,0.0,3.8147099018096924,-0.27180555675480755,-2.6819839477539062,1.655646231121156,1.634991484629642,209831.285177,210628.59492472932,9.643638610839844,3.1885850151794375,0.0,7.027409315109253,0.547195738847408,-2.784990072250366,1.894611950323033,1.8948292926027366,23.77650707839354,14.018862125774739,10.82008943477742,9.537953334113451,-0.027771352312912157,-3.1062272459121445,3.6236149265710615,3.73406741891812,343.51495361328125,44.48187636805172,0.00849865097552538,303.0401840209961,10.025072040929471,-57.08142896462232,115.2432460046484,118.99118331775662,1,0.0583420671757249,0,0.23920535789911948,"{""type"":""MultiPoint"",""coordinates"":[]}"
0000000000000000054e,930,JATINEGARA,KAMPUNG MELAYU,3175031001,3.175031001E12,Tinggi,Kampung Melayu 02,,< 24 JAM,5000,2484,BANJIR KIRIMAN DAN CURAH HUJAN TINGGI,002,4,2020,1577865600000,30 s.d. 125 cm,125,30,6.826617917683587,-10.223487328823312,-18.282979651019875,3.9429951953523594,4.731147117729619,-4.892420672562205,-12.495368657448982,3.356025994534405,JAKARTA TIMUR,1,1.0,1,0.0,4117.400169979267,3990.0031599203494,3858.4512421436248,178.97445951227564,66.89953140084798,-43.228076538588994,66.55357008743168,67.13556604495237,22,13.67332297906959,7,5.14481185860857,-2.3487467486914855,-8.618015963512265,3.152469123763243,3.4243318695527263,1.0,5.09999942779541,2.519428768768773,0.0,2.741504669189453,-0.14949560953609592,-2.9505131244659424,1.7548617694710857,1.655042264168647,47247.2771114,47431.714722525816,6.226642608642578,2.9058589084500537,0.9274099469184875,3.482546806335449,0.2612230197431667,-1.7934872508049011,1.3271200799222846,1.3518478180960194,23.420832498312027,13.594842718280045,11.263094657030429,9.223763079939452,-0.5810940307928133,-2.8284522690033302,3.142138599019106,3.1724739833666304,340.8208923339844,22.733972427502103,0.008498547598719597,296.7229118347168,-19.899739164847215,-48.59726074896753,104.22265843821525,105.38823388677172,0,0.0,0,0.0,"{""type"":""MultiPoint"",""coordinates"":[]}"
00000000000000000514,18,JATINEGARA,BIDARA CINA,3175031002,3.175031002E12,Tinggi,Bidara Cina 05,,48,400,2374,Luapan Kali Ciliwung,005,4,2020,1577865600000,100,100,0,-0.7511599394444821,-11.876760417765203,-19.097495229977028,2.9714546483045874,7.023425941884156,-5.516514150680644,-13.045161295433449,3.318776737723348,JAKARTA TIMUR,1,0.8164334705075443,0,0.37757347416769327,5118.1415062800825,4867.631207358071,4661.445986162131,130.77828737914297,18.020285219470804,-59.57316322628867,34.607810223994065,104.87543638979975,28,21.95423868312757,12,7.335233751424916,1.2051855292934102,-8.584948688711936,3.6213771533915904,3.7527109542533177,1.0,7.100000381469727,4.286351702916443,0.0,4.371835947036743,1.6440031176960834,-3.261915922164917,2.2336262325334277,2.1483587164966877,127179.293627,127702.77702574607,8.71943473815918,3.6658723264286697,0.0,6.0213236808776855,1.0246934945773027,-2.672858476638794,1.9783065892386427,2.000478062003668,22.960207692416745,13.154000007842992,10.944137202624566,9.170456081329812,-0.6190004755732779,-2.919391566513143,2.738137399169667,2.755987662584089,339.4696350097656,20.03760631555039,0.008498246781527996,307.63444900512695,-8.240472905681877,-38.29442300461233,89.20859557662769,90.89650836106259,1,0.14417009602194783,0,0.33384220416830257,"{""type"":""MultiPoint"",""coordinates"":[]}"
00000000000000000515,363,JATINEGARA,BIDARA CINA,3175031002,3.17503100201E12,Tinggi,Bidara Cina 06,,48,400,2375,Luapan Kali Ciliwung,006,4,2020,1577865600000,100,100,0,2.571658964095021,-9.98593140059104,-14.34613070120379,3.263390720312324,6.805036237398772,-3.703953226732498,-9.227677179540894,2.850396637355427,JAKARTA TIMUR,1,0.9269690519076468,0,0.3054766312211495,5249.290756032934,5092.293653862807,4930.593412216127,203.3364171411722,120.93979699253097,25.049251138469117,43.267912674896266,89.93731215992864,26,21.130615141094903,13,4.0136830102618575,-0.26034041227444665,-7.646522234892082,2.810911831995031,3.137405930418034,1.0,5.5,3.1352601066686376,0.0,3.372406005859375,0.8039054005214082,-2.7932727336883545,2.1696530232306332,1.987198486989668,63851.4506332,64132.470702609644,6.567720890045166,2.6181339417916636,0.0,3.8200292587280273,-0.07015038333041432,-3.0846755504608154,1.4267929713907779,1.4390562435205203,15.955370439189114,12.795402985348565,11.219265098311723,2.6821901843294054,-0.8947882434395263,-2.7855183728390625,1.0825367274593851,1.1365409298854205,0.15296834707260132,0.019270738990605604,0.008498218841850758,-0.03106655552983284,-20.53867154215414,-37.0858076736331,12.89438113250717,0.03773618833578636,1,0.0504885104524862,0,0.2763853991962833,"{""type"":""MultiPoint"",""coordinates"":[]}"
0000000000000000051b,120,JATINEGARA,BIDARA CINA,3175031002,3.17503100201E12,Tinggi,Bidara Cina 12,,24,200,2381,Luapan Kali Ciliwung,012,4,2020,1577865600000,100,100,0,-2.8470895057898655,-12.768785408447902,-18.251439545529426,2.3931494715806236,10.320572900879766,-2.8245799415184067,-11.337179932687182,3.7105057239785832,JAKARTA TIMUR,1,0.9199774901519414,0,0.26553476535765014,4995.615034733919,4768.3758300980335,4531.324713308207,143.68253789302435,20.3610816794302,-65.1765500620686,49.8469716830049,119.56567597403978,30,24.552016507221897,20,7.095781071835372,1.8905988872978348,-2.242873432155527,2.1100724333188636,2.259696714322579,1.0,3.3999996185302734,1.0685946032871694,0.0,1.3338651657104492,-0.9469476624157699,-2.288940191268921,0.9723815710129763,0.9263142797321678,93060.9271444,93388.8059113644,7.0631890296936035,2.7203717954542053,0.0,4.246963977813721,-0.009327177331899795,-3.0215189456939697,1.4019193236542502,1.4233106768783585,19.389357512873325,13.154302548548454,11.135851809868353,6.071752502812874,-0.19227885984885942,-2.3065977479358217,1.8306111773853417,1.8143339145800925,0.6033713221549988,0.07325432837366513,0.008498139679431915,0.4926919639110565,-0.13226177981271822,-3.5312936175614595,0.6933054750830554,0.1522567397962046,1,0.0800225098480585,0,0.26553476535765014,"{""type"":""MultiPoint"",""coordinates"":[]}"
00000000000000000457,60,KRAMAT JATI,BALE KAMBANG,3175041005,3.175041005E12,Tinggi,Bale Kambang 03,,7 - 12,190,2037,Luapan Sungai Ciliwung,003,4,2020,1577865600000,80-250,100,30,-5.420296756006198,-12.385712517431026,-16.099482949618608,1.492570780057299,6.523775751648125,-4.600379196736128,-9.11791900641838,2.158834979339048,JAKARTA TIMUR,1,0.9518511886108252,0,0.22482594518270693,3858.4512421436248,3563.2300722506147,3267.9534058899885,65.63092239359412,-2.541175509880206,-53.538329451680056,26.514274653896276,156.1042367742638,42,36.783386309710366,27,8.730900798175057,2.8942064082224745,-5.311288483466932,2.208163210447373,2.3918040274648353,1.0,17.600000381469727,10.13026232878887,0.0,11.029646873474121,3.600615721975952,-8.094070434570312,5.206803877692617,5.586503501185941,311594.038102,312844.9221000471,8.509882926940918,2.5454064426400724,0.0,5.037595987319946,-0.7323851483541016,-3.971743583679199,1.4404253904883595,1.4643857397061981,21.670307785880947,12.84618316406831,11.262838641172378,7.853632865222753,-0.7433964509781857,-2.634698910425204,1.3477649816572048,1.312356130160731,326.75701904296875,0.054589368439482054,0.008497360162436962,284.6035346984863,-25.290154451841687,-48.17052412778139,20.908043827200444,16.077225471235963,1,0.048148811389174935,0,0.22482594518270702,"{""type"":""MultiPoint"",""coordinates"":[]}"
000000000000000004b2,36,KRAMAT JATI,CILILITAN,3175041006,3.17504100602E12,Tinggi,Cililitan 15,,30 jam,600,2205,meluapnya Kali Item & Kali Baru,015,4,2020,1577865600000,100 cm,100,0,-4.437244036915491,-12.587352631751568,-18.575908172901475,2.0468625533943694,5.762189243690904,-5.0864623906753,-12.741165840307072,2.445973170917258,JAKARTA TIMUR,1,0.94979357121793,0,0.20322945168094292,3214.8555853169687,2873.6697753393705,2599.1107973211338,41.89834850400257,-10.518648774654672,-63.35079493223839,25.102727572763047,137.9664762690652,31,26.724085815393693,19,1.827822120866177,-1.9737437989827105,-9.183580387685744,2.380376038183211,2.4322292965436656,1.0,3.9000015258789062,0.6901136597009297,0.0,-0.5663623809814453,-3.281022950879455,-4.316648006439209,0.7812489885208349,0.8515058303820782,94653.9401431,95005.94041909264,8.517396926879883,2.9916147019739374,0.0,5.603570461273193,0.08621411061997042,-2.890056848526001,1.8132643055698132,1.8365510630566964,21.36694608484049,14.744410489758245,10.946278005418602,7.816522465925988,1.2341219791231028,-2.6448850979133613,2.525673100545854,2.543117832593412,2.4388365745544434,0.6663504862051459,0.008497760631144047,1.971032589673996,0.3800724836950584,-2.180060975253582,0.9171398267552823,0.8813258079276854,1,0.05020642878207017,0,0.20322945168094292,"{""type"":""MultiPoint"",""coordinates"":[]}"
0000000000000000045d,90 KK,PASAR REBO,GEDONG,3175051001,3.17505100101E12,Tinggi,Gedong 10,,2 jam,700 m2,2059,"Penyempitan kali di hilir (kramat jati) dan wilayah cekungan di rt. 04, 05, 06, 09 rw. 010 Kel. Gedong",010,4,2020,1577865600000,50 - 100,100,50,-3.8091769681969083,-12.829487675663822,-17.040062015474373,1.7999257845305996,5.751738556834276,-5.131937414252602,-9.562541126881175,1.957997893092209,JAKARTA TIMUR,1,0.9742137728789564,0,0.14608952310255038,3230.8765595471127,2844.294997174331,2577.499651299377,51.93069726275098,-7.9672703917695165,-64.69676954732358,26.054610067359196,141.39651951280814,42,36.79077763171201,30,7.749144811858002,0.6351571812370925,-8.380843785633608,3.348738059078112,2.7714101193411866,1.0,10.399999618530273,3.292692130443024,0.0,7.215735197067261,-0.0022723711179474214,-4.099430084228516,3.3830675951476583,3.2055109342048085,207157.270623,207995.81551583155,8.340004920959473,2.918038401527313,0.0,5.36480975151062,-0.07662137082735569,-3.093196392059326,1.410959172401141,1.4090637214167412,17.323831787591125,13.019792980299064,11.05556422453028,4.191349361665841,-0.16377990478110105,-2.664117965559102,1.6505712333854214,1.5762843608230206,0.6118035316467285,0.08892180639945314,0.008497245609760284,0.44972431659698486,-0.05772011227165264,-0.2660245867446065,0.20497490954621528,0.18128381127186424,1,0.02578622712104359,0,0.1460895231025503,"{""type"":""MultiPoint"",""coordinates"":[]}"
0000000000000000045e,13 KK,PASAR REBO,GEDONG,3175051001,3.17505100101E12,Tinggi,Gedong 11,,2 jam,500 m2,2060,Luapan Sungai Ciliwung Rt. 004/011 Kel. Gedong,011,4,2020,1577865600000,100,100,0,8.72841505403676,-12.425447537109212,-20.82572265520224,4.194157222928402,15.740309127560213,-5.441325390847932,-14.429563416683111,4.350959647629488,JAKARTA TIMUR,1,0.6704646414265006,0,0.469416848372609,3477.1876395195422,3272.9043443019477,3038.713994907392,237.40601961281482,63.75506252357727,-51.68565652105826,67.79508190838396,110.81985368843836,47,38.4407780912449,20,9.672748004560333,-0.3107433377389576,-18.17559863169965,4.717711683629626,5.147327295832849,1.0,15.299999237060547,7.815699746566108,0.0,8.559747695922852,1.3303011012890809,-8.83238410949707,5.028503699402773,4.974423213431654,223873.965387,224837.15086577967,16.340862274169922,3.5544026827013964,0.0,12.45794677734375,0.23116705893098946,-3.9171576499938965,2.7391427220586433,2.947707772012237,26.49963209944448,13.578522058401704,10.27441081632896,12.703494459210111,0.06637394952039335,-3.400589997580454,2.781039150749627,2.8345476417429887,322.60186767578125,18.93180757570382,0.0084971459582448,293.6331729888916,0.29329993202832266,-41.327295335009694,76.69767998363322,80.16004996059824,1,0.3291145159530527,0,0.46818897065254667,"{""type"":""MultiPoint"",""coordinates"":[]}"
000000000000000005ab,49,PASAR REBO,BARU,3175051002,3.175051002E12,Tinggi,Baru 01,,1-2 Jam,50 m,2638,Volume /Intensitas Air yang besar dan penyempitan kali Cijantung,001,4,2020,1577865600000,60-100 cm,100,60,2.407119411840748,-12.690959865092593,-16.806725263950177,2.1973471517076053,11.035313418368393,-3.7228454031117155,-10.101286545656366,2.8499809619910312,JAKARTA TIMUR,1,0.7614383410544895,0,0.4378471148485637,1529.9400624354655,1207.5957987883128,855.2624952764933,31.29591325579463,-28.5027089877866,-82.07861781962924,26.20699426981984,147.23495378018154,54,45.087359364659186,32,7.942987457239859,-1.413159730791222,-13.16647662485822,4.708004105466176,5.029907352418468,1.0,17.0,7.776905675933366,0.0,9.673888206481934,-1.238523937658455,-9.722121238708496,4.1685085042835,4.600157445036987,237095.647874,238038.43059296283,12.021406173706055,3.683795176962648,0.0,7.569483757019043,0.092742593590499,-3.991002082824707,2.0996152180948755,2.325490529135479,23.7099986337852,13.773635274075527,10.594171451007718,10.342554505830531,0.47308799743155455,-2.758581626322636,2.782601218090033,2.776988877442549,20.313636779785156,2.887617323969838,0.008496837690472603,17.788296222686768,0.03544540331971619,-19.125154791399837,7.287144592763035,7.04762502071227,1,0.22573718655783523,0,0.43074098439171926,"{""type"":""MultiPoint"",""coordinates"":[]}"
000000000000000005ac,15,PASAR REBO,BARU,3175051002,3.175051002E12,Tinggi,Baru 02,,1-2 Jam,42 m,2639,Volume /Intensitas Air yang besar dan penyempitan kali Cijantung,002,4,2020,1577865600000,80-100 cm,100,80,-4.264753513041795,-12.565132277092705,-16.57754006837652,2.2434249858052646,4.319290710504411,-4.3200734136654715,-9.692581779927236,2.5067877836508603,JAKARTA TIMUR,1,0.8217799440382706,0,0.4026305545514098,1120.898770843552,891.2704463125511,675.3484381614854,21.89536846722376,-31.96891568166439,-83.52091519663816,26.521583332163928,113.10013134451366,56,46.14328910551494,35,8.18129988597422,-1.877591718973925,-13.39224629418544,6.273755207585388,6.112834660926471,1.0,13.800003051757812,6.214018286216001,0.0,5.092705726623535,-2.5154148189263372,-9.280274391174316,5.181259770577891,5.084168956400402,77303.2803065,77629.4806792924,13.677239418029785,4.546375963624737,0.9274099469184875,10.00891661643982,0.8781875927010985,-2.8891127705574036,2.516434220260989,2.5078552037310087,20.90277539789819,13.419529761129613,10.97871076591535,7.377943548375956,-0.10471419940295967,-2.588494880150419,3.1707187869462774,3.1467928997240238,19.744346618652344,3.445247435271183,0.008496851660311222,17.34871768951416,0.3324932391839008,-11.756180575117469,7.705253430022701,7.994169871499482,1,0.17822005596172938,0,0.4026305545514098,"{""type"":""MultiPoint"",""coordinates"":[]}"
000000000000000005ad,10,PASAR REBO,BARU,3175051002,3.175051002E12,Tinggi,Baru 03,,1-2 Jam,40 m,2640,Volume /Intensitas Air yang besar dan penyempitan kali Cijantung,003,4,2020,1577865600000,80-100 cm,100,80,-3.8398320004524438,-12.233884947692099,-19.856032885861225,2.3217761600388642,1.5188409405271321,-6.345073516126246,-15.145126891329216,2.330538814035212,JAKARTA TIMUR,1,0.546889715389404,0,0.49998827158321735,1037.1581193100906,788.0056105111555,463.8312116386399,12.900533108722584,-38.52896404099388,-103.98540072004516,27.94955108628099,147.04657550353244,55,42.38400881127587,31,8.595210946407434,-3.3484215797200285,-15.173318129989397,6.283134316914998,6.106043376515938,1.0,20.60000228881836,6.410866242633945,0.0,11.145383834838867,-2.147108663539809,-8.905473709106445,5.344684235551409,5.709120343589591,218456.521903,219325.6951534576,11.518553733825684,4.062035318403564,0.0,7.402596950531006,-0.15550668394734735,-4.326516151428223,2.538059487688267,2.5496379117872077,23.62807850496594,14.6243336656308,10.649994155091159,10.00075951259913,0.617243320590613,-3.5146682938955784,4.344122498071856,4.277906344441354,295.6181945800781,64.63697049327736,0.00849690567702055,260.8793754577637,18.693894369855315,-53.013697003014386,132.0570967954957,129.58756531956783,1,0.41995626286973026,0,0.4976959486187657,"{""type"":""MultiPoint"",""coordinates"":[]}"
000000000000000005ae,10,PASAR REBO,BARU,3175051002,3.175051002E12,Tinggi,Baru 04,,1-2 Jam,48 m,2641,Volume /Intensitas Air yang besar dan penyempitan kali Cijantung,004,4,2020,1577865600000,80-100 cm,100,80,5.56541178189756,-12.895055464625537,-19.439701604400852,3.2828518804649254,14.262100997164577,-6.6315425691192695,-14.281998174371177,3.53928394173717,JAKARTA TIMUR,1,0.2612318332036082,0,0.4416429652453101,1622.7464894356312,1118.4263103975577,706.486653451565,30.772073230615206,-27.449181700953712,-85.38302195062204,26.726174307692286,192.9303055076366,54,41.931964629773724,26,10.174458380843014,-2.2117751564587347,-17.11630558722984,7.79441563423968,8.418201810573791,1.0,20.60000228881836,8.150900560866674,0.0,10.962715148925781,-0.7431099209143731,-9.554390907287598,7.196103772443189,7.340542806255825,273340.394655,274428.4467590905,17.702268600463867,4.480264217795042,0.0,13.084765911102295,-0.03589963254332197,-5.261542797088623,3.6220910789214664,3.6746771482047094,26.412909212160113,14.047838248520224,10.18945050771232,12.840150983960065,0.40733008088734574,-3.513067791884753,3.988711163423791,3.962665111588263,296.2044677734375,44.62774572002872,0.008496913127601147,265.26626777648926,11.029480273648412,-44.90121925994754,109.97975324718601,111.31989636715244,1,0.683135343430605,0,0.4723539142868354,"{""type"":""MultiPoint"",""coordinates"":[]}"
000000000000000005af,12,PASAR REBO,BARU,3175051002,3.175051002E12,Tinggi,Baru 05,,2-3 Jam,50 m,2642,Volume /Intensitas Air yang besar dan penyempitan kali Cijantung,005,4,2020,1577865600000,80-100 cm,100,80,-4.673810033448335,-12.014560671653264,-14.8836208803007,2.0542941585427648,5.442455960843787,-3.0913391320375414,-7.342660166690531,2.850499945673739,JAKARTA TIMUR,1,0.6436827027561002,0,0.4891125055402159,706.486653451565,560.1816743878277,414.86324772403617,-9.579974964687267,-61.380074900136286,-119.21428317374745,27.56854750510977,80.51229913028035,57,49.91484737725972,43,8.592930444697153,1.0424825952070749,-6.0604332953257085,4.070697300329623,3.821302080522009,1.0,13.5,8.22630772359355,0.0,4.672861099243164,-0.26057694889299604,-8.796236991882324,3.8905363746086725,3.797330883137161,35356.0276837,35446.18338128659,7.064108848571777,3.1255136048571237,0.9274099469184875,3.178955316543579,-0.8981422308133573,-3.316196024417877,1.4441924819098624,1.4072741724510434,20.90277539789819,13.353441879732427,11.482038408705867,7.377943548375956,-0.3747852867198216,-2.384045796415931,2.569626533269711,2.49491656311721,19.48944091796875,1.7344620921581428,0.008496851660311222,9.689411163330078,-17.93292879385489,-30.422071843408048,10.409429882867576,6.169436333276175,1,0.35631729724390016,0,0.4891125055402159,"{""type"":""MultiPoint"",""coordinates"":[]}"
000000000000000005b2,64,PASAR REBO,CIJANTUNG,3175051003,3.175051003E12,Tinggi,Cijantung 05,,3 Jam,500 M2,2651,Kiriman Hujan Dari Bogor sehingga saluran Kali Cijantung tidak lancar dan tidak dapat nempung depot air yang tinggi,005,4,2020,1577865600000,50 cm s.d 100 cm,100,50,2.4363169559893425,-13.680814576897115,-20.535828049392002,2.248869884719575,2.1024683502066117,-7.169385431709763,-14.494795892595578,2.3949008792576176,JAKARTA TIMUR,1,0.3098002017555746,0,0.4533149242980913,2627.1032952506102,2031.0763018626005,1391.4936349159198,39.72925915055475,-17.83332543122121,-73.150989251704,26.077062853127277,238.17409970550113,52,38.49850188957646,25,11.196123147091676,-1.4027477029189375,-14.359179019384918,5.888755921619178,5.942399831744043,1.0,16.700000762939453,6.375808567076584,0.0,9.976967334747314,-0.9688715838943727,-11.036829948425293,5.205261409552554,5.040487278918138,463130.930457,465034.993598083,14.63025951385498,4.666355418815131,0.0,10.057328224182129,0.0717338463614742,-5.026105880737305,2.5842309954525176,2.6142741658379274,26.416436376846693,14.15533366495371,10.39053849594072,12.464076799575235,0.28064416207697956,-3.6612049425328497,4.064799915507116,4.0308726305106655,297.02020263671875,33.651633539025724,0.00849695224314928,261.8694610595703,2.973495158412699,-49.98938816413283,89.75193107604856,93.58512737869928,1,0.6329855308128943,0,0.47499302169417235,"{""type"":""MultiPoint"",""coordinates"":[]}"
000000000000000005b4,50,PASAR REBO,CIJANTUNG,3175051003,3.17505100301E12,Tinggi,Cijantung 09,,3 Jam,100 M2,2655,Kiriman Hujan Dari Bogor sehingga saluran Kali Gongseng tidak lancar dan tidak dapat nempung depot air yang tinggi,009,4,2020,1577865600000,50 cm s.d 100 cm,100,50,-0.8831235864221048,-11.206572292753751,-16.878142720630912,2.697518488112201,10.19528831164581,-3.8397088153321453,-10.300173408449819,3.1435474051607053,JAKARTA TIMUR,1,0.949104447118113,0,0.225862863402123,2324.715369545493,2068.526292619125,1827.2830589855034,52.473031184998945,-10.946479972815078,-65.07729955660352,26.70186224619112,118.9011490608141,58,47.425756509500346,39,7.378563283921736,-2.294988546887436,-10.190421892817227,3.9375177199461096,4.675851379238105,1.0,9.10000228881836,1.9559701555543954,0.0,5.7795915603637695,-2.3055671959014705,-5.617673873901367,2.354314912986236,2.1804128820267006,153614.769939,154265.1233620976,8.736031532287598,2.9105273192809613,0.0,5.612312316894531,-0.26422344078982674,-3.2504279613494873,1.6271077644680725,1.6291477726212664,21.005023305020117,13.613122503276426,10.920420341215278,7.769449459044109,0.20816076713120954,-2.624548295332982,2.4175956452894685,2.4233092991355947,1.325457215309143,0.32037643498174123,0.008496726863086224,1.1118225157260895,0.058985154693310074,-0.3428384168073535,0.5375078464388658,0.5318686043742915,1,0.047967129009557095,0,0.21590897593671804,"{""type"":""MultiPoint"",""coordinates"":[]}"
000000000000000005b5,42,PASAR REBO,CIJANTUNG,3175051003,3.17505100301E12,Tinggi,Cijantung 11,,3 Jam,100 M2,2657,Kiriman Hujan Dari Bogor sehingga saluran Kali Gongseng tidak lancar dan tidak dapat nempung depot air yang tinggi,011,4,2020,1577865600000,50 cm s.d 100 cm,100,50,-4.9709384445654825,-13.511796687209596,-16.920533910303142,1.6672666089906327,4.704315959050607,-2.852233223393096,-8.550183970985572,2.235576476888574,JAKARTA TIMUR,1,0.9841246959185511,0,0.1841746130332232,2141.6750118583345,1878.6354312109481,1487.155996831178,143.1315519081743,18.64093264150843,-49.74380270952611,43.33198148393671,166.26736829557734,53,44.03068744931977,37,3.451539338653717,-1.6965403829521088,-8.257696693273374,2.7556146834189446,3.448081635891679,1.0,16.0,6.003629594433899,0.0,4.348005294799805,-0.7116400547312858,-5.5988593101501465,2.4368675793049754,4.176373470571503,193541.541383,194322.48006579286,6.686110496520996,2.6098252493547456,0.0,3.6863675117492676,-0.18526259010917964,-2.9886486530303955,1.3180625166414053,1.332266088619503,21.760319017814922,13.822184674019347,11.403268834831175,7.838578083167343,0.06654199636365075,-2.2958134987874956,1.9737702297413264,2.009808187913022,2.8463826179504395,0.20037699826645752,0.008496780879795551,2.4116572737693787,-0.10525538403739218,-0.4301224024966359,0.6385972706527201,0.6677089936694612,1,0.014145418506171728,0,0.16308301363396954,"{""type"":""MultiPoint"",""coordinates"":[]}"
000000000000000005a8,12 KK,PASAR REBO,PEKAYON,3175051005,3.175051005E12,Tinggi,Pekayon 02,,4 jam,1400 m,2629,Curah hujan yang tinggi dan saluran air yang tersumbat/mampet di Rt. 007/02 dan Rt. 001/09,002,4,2012,1325404800000,100 cm,100,0,7.731727746679706,-13.628161259359036,-23.05893414289806,2.525506505755354,10.455889450082587,-5.482896202734027,-16.87280487623007,2.734243220813632,JAKARTA TIMUR,1,0.804171381321264,0,0.3900750337162745,1495.8107119745314,1073.023792736749,586.705231461481,152.55839296400518,52.545278513447315,-59.27069285296204,39.96153493830891,226.25695810113675,65,58.82585516581077,49,6.5974914481178,-0.20263397302525116,-11.217787913341773,4.023190569712132,3.718443665953701,1.0,8.60000228881836,2.4710770076659077,0.0,4.542190074920654,-1.54283950033683,-5.455188274383545,2.2937454076228203,2.358294125856305,320480.437082,321811.0436862475,10.260601997375488,3.077798919309156,0.0,7.110488653182983,0.012977791569601105,-3.2081403732299805,1.8297900923865598,1.778701302822719,20.4877550669703,13.529690228977477,10.756563779102883,6.898158344940468,0.14716266599687916,-2.583758070735618,2.102800979284203,2.1844666491710676,0.9176156520843506,0.19083024782477764,0.00849646981805563,0.4629595875740051,-0.3508587613784019,-1.8586843805387616,0.42730718113774946,0.3080308631766077,1,0.1703259639655323,0,0.3654593916202925,"{""type"":""MultiPoint"",""coordinates"":[]}"
