system:index,Jumlah_KK_,KECAMATAN,KELURAHAN,KODE_KEL,KODE_RW,Kategori_B,Kel_dan_RW,Keterangan,Lama_Genan,Luas_Genan,OBJECTID,Penyebab_B,RW,TINGGI,Tahun,Tahun_Banj,Tinggi_Gen,Tinggi_Max,Tinggi_Min,VH_dry_max,VH_dry_mean,VH_dry_min,VH_dry_stdDev,VV_dry_max,VV_dry_mean,VV_dry_min,VV_dry_stdDev,WILAYAH,builtup_max,builtup_mean,builtup_min,builtup_stdDev,dist_river_max,dist_river_mean,dist_river_min,dist_river_rel_max,dist_river_rel_mean,dist_river_rel_min,dist_river_rel_stdDev,dist_river_stdDev,elevation_max,elevation_mean,elevation_min,elevation_rel_max,elevation_rel_mean,elevation_rel_min,elevation_rel_stdDev,elevation_stdDev,frac_dalam,hand_max,hand_mean,hand_min,hand_rel_max,hand_rel_mean,hand_rel_min,hand_rel_stdDev,hand_stdDev,luas_area,luas_rw,slope_max,slope_mean,slope_min,slope_rel_max,slope_rel_mean,slope_rel_min,slope_rel_stdDev,slope_stdDev,twi_max,twi_mean,twi_min,twi_rel_max,twi_rel_mean,twi_rel_min,twi_rel_stdDev,twi_stdDev,upstream_area_max,upstream_area_mean,upstream_area_min,upstream_area_rel_max,upstream_area_rel_mean,upstream_area_rel_min,upstream_area_rel_stdDev,upstream_area_stdDev,vegetasi_max,vegetasi_mean,vegetasi_min,vegetasi_stdDev,.geo
000000000000000002a0,138,SAWAH BESAR,PASAR BARU,3171021001,3.171021001E12,Rendah,Pasar Baru 05,Dibawah jalan kartini raya,12 Jam (setengah hari),-,1354,"1. Intensitas hujan tinggi;
2. Meluapnya air sungai ciiwung;
3. Kurangnya resapan air disekitar wilayah;
4. Sempitnya saluran air di sekitar wilayah",005,2,2020,1577865600000,sebetis dan dijalan sedengkul dan kartini,30,15,2.4719785167048576,-8.901074487080324,-17.0835470764852,3.2391653028588223,10.097814540642922,-3.187978942596151,-10.53996414691661,3.3608421107043887,JAKARTA PUSAT,1,0.9853577611079054,0,0.12338875467614277,1288.7498256496885,989.749772885954,675.3484381614854,209.97823993617044,-28.331413999998432,-316.4488596911458,148.18698009085136,163.0865885196222,13,7.482568763223696,1,5.952843450479992,0.5122856017415683,-6.288945686900189,2.147729427105555,2.0910052879033447,1.0,2.8000001907348633,2.04432591152182,0.0,1.1421087980270386,0.33343945434171873,-1.7088818550109863,0.5656693616021549,0.5792778199306626,145014.180698,145692.48200547943,9.06704044342041,2.958675270393894,0.0,5.38614296913147,-0.8262809579000719,-3.8880889415740967,1.871721403522419,1.8757239092851405,18.95125010038509,12.903557658165363,10.920773936596321,5.841233240967526,-0.2003975593744441,-2.1828666643964034,1.4179025015967508,1.4174901565400133,1.5298954248428345,0.03631557114818208,0.008499491959810257,-0.6537130642682314,-4.955647018656852,-10.827955886721611,2.0593394945538863,0.12094227168080338,1,0.009617234083477588,0,0.10100988630033723,"{""type"":""MultiPoint"",""coordinates"":[]}"
00000000000000000255,240,SAWAH BESAR,MANGGA DUA SELATAN,3171021005,3.171021005E12,Rendah,Mangga Dua Selatan 01,-,5 Jam,"RT 05, 07 dan 08",1250,Hujan deras dan meluapnya kali ciliwung serta pasangnya air laut,001,2,2020,1577865600000,30 cm,30,0,-0.8174806313814669,-11.187645446712118,-16.924880731390594,2.3828284983012264,10.376125377729846,-5.486175227655062,-10.563133148558578,2.736749278264666,JAKARTA PUSAT,1,0.8594725884802217,0,0.33145951395485673,524.765112121048,290.79034370828964,92.76624232772798,-188.99107354299338,-456.9801009788899,-692.2861041026322,124.1066723036144,110.58774050335128,11,5.804104292653912,-1,5.013035143770648,-0.511086721243334,-7.495974440893854,2.2221595951692885,2.156763054733485,1.0,1.4000000953674316,0.3677679673406003,0.0,-0.046236276626586914,-1.1418371812001058,-1.5660958290100098,0.42957281866434,0.41178539842420486,140732.427615,141294.25095889138,6.566623210906982,2.5494995027000535,0.0,3.2948524951934814,-0.6768579651159629,-3.283153772354126,1.3267530161957302,1.3227158991512196,18.844593028746498,13.27214631039062,11.321650196474993,5.418440700285602,-0.12683403116915962,-2.0959630035737167,1.5068630594598922,1.5069243877392673,2.473374128341675,0.0856672562329403,0.008499663323163986,-1.7651709951460361,-8.090895330379634,-11.01946908980608,2.220645351312821,0.45989852431558365,1,0.1342073956577773,0,0.3254506862391634,"{""type"":""MultiPoint"",""coordinates"":[]}"
00000000000000000258,80,SAWAH BESAR,MANGGA DUA SELATAN,3171021005,3.171021005E12,Rendah,Mangga Dua Selatan 04,Sudah dihubungi,1 - 2 Jam,1 RW (10 % ),1253,Intensitas hujan yang tinggi serta kiriman air dari bogor,004,2,2020,1577865600000,10 - 30 Cm,30,10,-6.511023027111273,-10.875586860660894,-14.824830291644144,1.8647726155791473,5.4712824080684985,-5.524073807910432,-9.358508085487866,2.619552055984148,JAKARTA PUSAT,1,1.0,1,0.0,463.8312116386399,340.44414389964425,207.43162386201809,-358.8769086804686,-467.6821777172035,-601.4549881816124,56.50752644943447,59.77766608137838,7,4.013349514563107,1,0.7810862619814385,-2.159619803874927,-5.153099041532964,1.649654467334669,1.6747829588288967,1.0,2.200000047683716,1.3196429802045413,0.0,0.6233099699020386,-0.28127539697285336,-1.6253674030303955,0.8193799308679715,0.8075966703849604,20103.6154775,20200.09429918101,5.938413619995117,2.6915063212487476,0.9274099469184875,2.6610991954803467,-0.5791432953306608,-2.3427111506462097,1.3576758456918387,1.359806717399888,19.13932731893599,14.08867618779435,12.251308606685814,5.670921931397018,0.6120770443722392,-1.235590255092534,2.273713866622374,2.2747238987127827,3.340348720550537,0.5901635962876849,0.008499732241034508,-7.891072034835815,-11.108073630551687,-12.593612436205149,1.525333449923552,1.4395237639514928,0,0.0,0,0.0,"{""type"":""MultiPoint"",""coordinates"":[]}"
0000000000000000025c,150,SAWAH BESAR,MANGGA DUA SELATAN,3171021005,3.17102100501E12,Rendah,Mangga Dua Selatan 10,-,1 Jam setelah hujan berhenti,45 dan 60 (dijalan),1257,curah hujan intensitas lebat dan ekstrim,010,2,2020,1577865600000,30 cm,30,0,-0.7040673035036269,-11.084211697673737,-18.324356569382907,3.2479826789448656,8.025956842422254,-4.464591521729775,-13.690757376647836,3.5566084434933662,JAKARTA PUSAT,1,0.9321602559441575,0,0.25999966613226416,927.6624232772798,554.4298854846248,185.53248465545596,234.00576083465103,-116.9085858139152,-520.3479742266733,156.51359881192144,152.7284134905313,14,7.135218982525026,0,8.357444089457355,1.5139213324514056,-5.442683706069866,2.826704870352371,2.92414290141561,1.0,2.700000286102295,1.0381444492297098,0.0,1.0894699096679688,-0.45423736017868327,-1.6385176181793213,0.6595818452779089,0.6564947021927926,287865.638713,288992.71917937516,9.240738868713379,3.3375635201456753,0.0,6.038276672363281,0.1549699640649078,-3.267516851425171,1.8616129820305638,1.8586480258369626,17.796251577031857,12.562949912095915,10.863669300412896,4.439019246540612,-0.7755273934564749,-2.4655630887595255,1.3465266834578686,1.33555413521502,0.9179623126983643,0.038214451328629905,0.008499663323163986,0.6647020578384399,-1.0964708344864227,-5.816021975129843,1.6084314879844182,0.16717163933403534,1,0.05144332145713663,0,0.21137108216357317,"{""type"":""MultiPoint"",""coordinates"":[]}"
0000000000000000002d,500,TANJUNG PRIOK,SUNTER AGUNG,3172021006,3.17202100601E12,Rendah,Sunter Agung 10,,,,70,"Hujan deras, air dari hulu",010,2,2020,1577865600000,10  -  30 cm,30,10,8.886804481023557,-9.453572136968639,-17.90418256881152,3.634893501032578,9.425260010529811,-4.2018107726020295,-13.252831331255658,3.4389960774263764,JAKARTA UTARA,1,0.9598442542330172,0,0.20571748877883914,1659.4529908961447,1293.5209406371832,829.7264954480723,497.7727100632562,213.004178677887,-95.65953529903129,128.49558654097925,184.52063366486797,10,5.191365701790756,-3,5.387220447284768,0.32542303733587696,-7.448178913737628,2.1071732189082306,2.106962601467845,1.0,4.800000190734863,1.6854667320271317,0.0,2.7435784339904785,-0.4588191681004876,-2.4250736236572266,1.483090218520617,1.4597346136060099,429067.791109,430815.5657844323,9.597153663635254,2.7572382755704217,0.0,5.719558954238892,-1.005370097307204,-4.05580472946167,1.4905667796431077,1.490078570155877,25.41729566641277,13.755284706573914,10.82512822461659,12.121132584949008,0.4652922427126342,-2.5241060906938593,2.91671998625206,2.9185463206041202,110.68669128417969,6.824682541692376,0.008499663323163986,105.90667581558228,2.140375797048721,-4.828990335576236,31.034589619719416,31.05191134236185,1,0.02960470163630602,0,0.17918539545651638,"{""type"":""MultiPoint"",""coordinates"":[]}"
0000000000000000032a,532,TAMAN SARI,TAMAN SARI,3173031001,3.173031001E12,Rendah,Taman Sari 01,,1 jam,100-250m2,1632,Luapan Kali Tamansari,001,2,2020,1577865600000,30cm,30,0,5.6732140018060875,-9.084623863655136,-18.966046799291128,3.4461480720553985,9.972050709691956,-3.430955225433708,-13.157596220635664,3.2465424803978973,JAKARTA BARAT,1,0.9558333448566728,0,0.2054594257152527,1037.1581193100906,746.9899028013164,371.0649693109119,187.14122688556245,-90.37023240734808,-435.47217553208844,166.32308399465026,174.67326166144974,13,6.268830288867074,1,6.376613418531055,-0.4781794867380951,-5.733418530350711,2.512217700892457,2.5067810987950505,1.0,1.8000001907348633,0.8205594885198776,0.0,0.327961802482605,-0.6591784790217413,-1.5530096292495728,0.5113907440604587,0.5145248039060712,252231.697459,253272.89057782092,10.461448669433594,3.13643472686348,0.0,7.2902672290802,-0.10409010486654079,-3.3503475189208984,1.711225830869902,1.702183484358038,19.35672686707919,13.330216220028209,11.191644365623853,5.925916498226744,-0.12522255609279292,-2.3471412400246425,1.7603394137329462,1.7406441035905282,2.405376672744751,0.10824378483950006,0.008499577641487122,-9.111495733261108,-12.800646837272037,-16.348491236567497,1.5289760120033657,0.3060993340528802,1,0.030062087752533998,0,0.1747873208478873,"{""type"":""MultiPoint"",""coordinates"":[]}"
0000000000000000032b,1408,TAMAN SARI,TAMAN SARI,3173031001,3.173031001E12,Rendah,Taman Sari 02,,1 jam,100-250m2,1633,Luapan Kali Beton,002,2,2020,1577865600000,30cm,30,0,-2.020812112125883,-9.446329786227501,-15.444276612221287,2.4116420773807943,3.1335949306887723,-3.8825471537860463,-10.090997862604716,2.4758566787517364,JAKARTA BARAT,1,1.0,1,0.0,1057.6978978086688,842.2853034255246,593.993774664244,203.90720388635066,-20.280250154182077,-269.76319003085337,108.88821836101359,104.69200962548517,11,6.769743757022215,1,4.4230031948888495,0.17536395335724558,-5.6215974440887475,1.6992100062381421,1.7002178192308939,1.0,1.9000000953674316,1.0349569591493042,0.0,0.363131046295166,-0.4428884703996088,-1.5427987575531006,0.6020817794860988,0.6110685451848784,96258.1008977,96639.65183545164,8.50893497467041,2.1386232968278147,0.0,5.349522352218628,-0.9735968869048114,-3.13946795463562,1.4844417233934852,1.4910755116729169,17.944613946649792,13.353744544671049,11.326260539446135,4.303591682640905,-0.30140486033321545,-2.279935533017543,1.9282102287617608,1.9485981403861474,1.0369393825531006,0.1609034393430509,0.008499602787196636,-14.65446942858398,-16.09642861114316,-17.582561035640538,0.735168088668375,0.38929223046467704,0,0.0,0,0.0,"{""type"":""MultiPoint"",""coordinates"":[]}"
0000000000000000032c,474,TAMAN SARI,TAMAN SARI,3173031001,3.173031001E12,Rendah,Taman Sari 03,,1 jam,100-250m2,1634,Luapan Kali Beton,003,2,2020,1577865600000,30cm,30,0,-2.6580249016534765,-8.005166500104034,-12.642702548556757,2.124064921248529,0.49450073360599206,-3.545755338617058,-6.449454304173405,1.7833129424933787,JAKARTA BARAT,1,1.0,1,0.0,1132.3562962360413,1045.2317328082077,913.6415294927517,280.8763222504597,193.22658774557846,62.15429840641809,63.39163866688552,64.02431166113723,9,5.153035384299502,1,2.0756549520774525,-1.592386374394863,-5.762555910542401,1.6037741599600173,1.592426520195585,1.0,1.6999998092651367,0.7492436742922927,0.0,0.1885749101638794,-0.727887130552196,-1.5187093019485474,0.47455690255763294,0.47423569155340956,50995.5601776,51200.76319440316,6.226043701171875,2.628691619695411,0.0,2.853713035583496,-0.6250323615771902,-3.287931203842163,1.244703987240663,1.256252604443948,20.62834519894233,13.354316947254256,11.403839735501535,6.907600724384675,-0.29098589866471564,-2.208633363362962,2.093808865990238,2.120317153832397,0.9094451069831848,0.1757017307167173,0.008499577641487122,-14.081141021102667,-16.593407552176007,-18.558526560664177,0.9101160651158403,0.34733682995253107,0,0.0,0,0.0,"{""type"":""MultiPoint"",""coordinates"":[]}"
0000000000000000032d,686,TAMAN SARI,TAMAN SARI,3173031001,3.173031001E12,Rendah,Taman Sari 04,,1 jam,100-250m2,1635,Luapan Kali Tamansari,004,2,2020,1577865600000,30cm,30,0,-2.449111306715773,-9.473857502985075,-14.398029427863795,2.4842540115915157,2.9270999578850994,-3.005357801766462,-7.07319189145843,2.307839520470745,JAKARTA BARAT,1,0.9768331887533807,0,0.1988381600204733,1220.1494165879717,1109.5029691867453,1020.4286656050078,350.54498722612107,246.67956234200352,162.58328407326144,56.70010828671352,62.243022765446064,11,7.017145481451244,2,4.02006389776435,0.03565293703341368,-5.014568690095104,1.9865068716135803,1.9892366342585297,1.0,2.1999998092651367,1.4860539040456242,0.6999998092651367,0.6348879337310791,-0.04790186536502503,-0.8165625333786011,0.41659260985997015,0.4073404598230416,68355.4449357,68659.5039064678,6.226046562194824,2.6049063855417844,0.0,2.853713035583496,-0.765626693879633,-3.3875224590301514,1.3311441301000708,1.3343420807495174,17.054138223928632,12.703177715874821,11.263310257356965,3.626540924793069,-0.8054284553378026,-2.2851383929241837,1.0577920030468904,1.0544360786307776,0.042497750371694565,0.014081506554198724,0.008499552495777607,-13.055566355586052,-16.810242281301445,-19.572866324335337,1.557675974150648,0.009791198267745846,1,0.023166811246619387,0,0.1988381600204733,"{""type"":""MultiPoint"",""coordinates"":[]}"
0000000000000000032e,754,TAMAN SARI,TAMAN SARI,3173031001,3.173031001E12,Rendah,Taman Sari 05,,1 jam,100-250m2,1636,Luapan Kali Beton,005,2,2020,1577865600000,30cm,30,0,-5.390853220343544,-9.427753662313165,-13.404033107926498,1.7325157490989558,0.4426710717722073,-2.999911279845321,-6.2513833719211895,1.6857017388054356,JAKARTA BARAT,1,1.0,1,0.0,1187.987549328488,1122.0807191273177,1049.530224242096,320.97972830282663,262.0577223736661,183.14752137947903,37.93820549555565,38.49315288218185,8,5.441838649155723,2,1.0612140575087254,-1.4661484078136815,-5.014568690095104,1.5916531659042281,1.5631495878235149,1.0,1.0999999046325684,0.7236226588289384,0.0,-0.4000128507614136,-0.8349479907164484,-1.6445878744125366,0.4728825973972123,0.4503518680674531,40914.986305,41094.76154981593,5.848976135253906,2.384092121808049,0.0,2.462151050567627,-0.9856678478479508,-3.3826587200164795,1.4530435436162905,1.46282276131321,20.609476411283303,14.006296787940736,11.486819905347769,6.907600724384675,0.3306277046161219,-2.1793709060800985,2.1785025955680584,2.18466404645125,0.8924458622932434,0.20986316138948358,0.008499563671648502,-16.801480814814568,-19.271313153630548,-19.964206277392805,0.6894307829026779,0.34878983023483484,0,0.0,0,0.0,"{""type"":""MultiPoint"",""coordinates"":[]}"
0000000000000000032f,624,TAMAN SARI,TAMAN SARI,3173031001,3.17303100101E12,Rendah,Taman Sari 06,,1 jam,100-250m2,1637,Luapan Kali Tamansari dan beton,006,2,2020,1577865600000,30cm,30,0,-2.217310787587838,-9.316189460727237,-15.367431873503481,2.787171495971135,5.5791637201002775,-2.2823600636430865,-8.48652012692108,2.687813429884793,JAKARTA BARAT,1,1.0,1,0.0,1302.0362575498923,1168.7740423110015,986.1186824432255,408.9951943295264,288.2061737319951,111.15135515546388,85.53787570877728,89.71987804242309,12,6.941176470588233,2,4.843706070288291,-0.13732708310857422,-4.963322683705337,2.2024769451846056,2.223909637986239,1.0,2.6000003814697266,1.537545413664855,0.0,0.9960386753082275,-0.08272181965631348,-1.7071055173873901,0.7363254064115641,0.7350420081883005,60370.7226882,60600.05460501296,7.230140209197998,2.854751122133399,0.0,3.8420183658599854,-0.5448332145308632,-3.418311357498169,1.6813688734437209,1.6786929672256514,20.29931840465661,12.99402641072018,11.112408800932652,6.652404464168015,-0.5553066335548873,-2.4184070773561803,1.7609848100188803,1.7911118374743489,0.7734519243240356,0.05935409806255002,0.008499524556100368,-15.873833023011684,-18.513844559101823,-20.42999799735844,1.3589886172129195,0.20679947834090223,0,0.0,0,0.0,"{""type"":""MultiPoint"",""coordinates"":[]}"
00000000000000000330,824,TAMAN SARI,TAMAN SARI,3173031001,3.17303100101E12,Rendah,Taman Sari 07,,1 jam,100-250m2,1638,Luapan Kali Tamansari dan beton,007,2,2020,1577865600000,30cm,30,0,2.443757885781557,-9.28781000426244,-13.752078373215099,2.849018862260269,3.122271327084733,-2.6251562775409027,-8.48652012692108,2.5502101296235167,JAKARTA BARAT,1,1.0,1,0.0,1394.5824148206966,1178.2187826403613,955.0869205754603,481.2882069234299,279.2657590730626,55.645392991440076,118.60144065534796,124.15524862617274,12,9.17276124382757,5,4.843706070288291,2.0031096883190016,-2.1198722044720846,1.7061944089653143,1.7210683150740098,1.0,2.6000003814697266,1.595155369244286,0.0,0.9823262691497803,-0.08085191595877311,-1.7458786964416504,0.8614986837096897,0.84989149753384,52403.5920103,52638.33361000249,5.931036949157715,2.413504522771585,0.0,2.4554738998413086,-1.0230684948153665,-3.453040361404419,1.315251781384885,1.3165612031556837,20.29931840465661,13.216972375156164,11.312212588405162,6.652404464168015,-0.3252979440520412,-2.2097816994129484,1.9754261853720942,2.0157277056575302,0.6544582843780518,0.11014421837728522,0.008499509654939175,-15.596076586283743,-18.53722190724804,-20.103089094161987,1.2819716819408506,0.24588163251481007,0,0.0,0,0.0,"{""type"":""MultiPoint"",""coordinates"":[]}"
00000000000000000331,790,TAMAN SARI,TAMAN SARI,3173031001,3.17303100101E12,Rendah,Taman Sari 08,,1 jam,100-250m2,1639,Luapan Kali Tamansari dan beton,008,2,2020,1577865600000,30cm,30,0,2.5432456977855167,-8.793920359210988,-14.065137944634152,3.5965906064577235,10.788346733524715,-1.1328117302788965,-7.671494486386153,3.504375708618161,JAKARTA BARAT,1,0.9848763418539825,0,0.10540260134434677,1394.5824148206966,1181.6038650101905,913.6415294927517,474.3781978785621,255.0612231473997,-0.6952220274564525,128.64293200888758,136.7390928822856,12,7.6751082379455555,1,4.775463258786693,0.4167174072999946,-6.282044728433755,2.2337899656650557,2.2321406117542404,1.0,2.6999998092651367,1.5984460723109537,0.0,0.92619788646698,-0.1546224772410491,-1.8399488925933838,0.8110031250405669,0.8092899089005858,58801.5844403,59030.56216387024,8.508989334106445,3.085073484329344,0.9274099469184875,4.950354337692261,-0.42860740814180137,-2.6555857062339783,1.76653085438428,1.7754348631946029,17.41975142574002,12.865661061530485,11.140136792088427,3.893782439191913,-0.6381103508319149,-2.302570956355842,1.5246526097485023,1.5560080590350311,0.6119606494903564,0.08201139953844021,0.008499491959810257,-15.666270830668509,-18.037994325939575,-20.103089094161987,1.1792237456625314,0.20894198763871139,0,0.0,0,0.0,"{""type"":""MultiPoint"",""coordinates"":[]}"
00000000000000000324,27,TAMAN SARI,MAPHAR,3173031003,3.173031003E12,Rendah,Maphar 04,Nihil,2 jam,4.228 m,1626,intensitas hujan yang tinggi air tidak tertampung ke saluran,004,2,2020,1577865600000,5 - 30 cm,30,5,-1.3191829448614383,-8.667468576495214,-15.773581920716232,2.7195587637795424,3.6519277378857313,-3.0923586051752574,-10.912834284961196,2.8829536944394474,JAKARTA BARAT,1,1.0,1,0.0,918.3389462118339,729.645380990507,540.9154964785438,56.56355567966557,-124.08347472110867,-296.1373825108125,87.40235294365218,93.51288481763517,14,6.7998726040882485,4,7.174440894569405,-0.058662180119643206,-2.8978913738012055,2.0626747683306066,2.0492607847511,0.8233368987304246,4.5,3.247929939005161,0.0,2.866977572441101,1.5415134179833043,-1.7558211088180542,1.1701177617088812,1.1725493418446034,60247.0365093,60488.5580291398,8.339978218078613,3.104190163668555,0.0,4.934500217437744,-0.29481112376106533,-3.360326051712036,1.792636636010811,1.7876726487636543,26.619522806713306,13.285602944109709,11.558119364651986,12.954908099375398,-0.3693981679452841,-2.1145925144325943,2.8607016312095452,2.8593470972079778,363.6736755371094,15.246105654860582,0.008499509654939175,344.0791988372803,-4.778595473162519,-20.61593591514975,97.98607022043639,97.88564254959662,0,0.0,0,0.0,"{""type"":""MultiPoint"",""coordinates"":[]}"
00000000000000000326,90,TAMAN SARI,MAPHAR,3173031003,3.17303100301E12,Rendah,Maphar 06,Nihil,2 jam,6.533 m,1628,"intensitas hujan yang tinggi, air tidak tertampung di saluran",006,2,2020,1577865600000,10 - 30 cm,30,10,-1.3753280308935834,-8.730296483921753,-13.433110131345739,2.598419838215566,2.8408071923729112,-3.228300432580645,-8.48652012692108,1.9633840694902978,JAKARTA BARAT,1,1.0,1,0.0,1117.0534807085016,959.7163976203359,798.0053903044136,260.68517683452626,91.49957283865866,-83.31686750930271,77.96690809573315,72.23121226819252,9,6.696433791289099,2,2.0149520766780435,-0.2552601438392832,-4.963322683705337,1.587430271055811,1.6149961783914555,1.0,4.40000057220459,1.2351505660550772,0.0,2.6582242250442505,-0.43570152992255784,-1.7461342811584473,0.989868232266142,1.0135680080077165,47771.2727296,47946.98560051551,5.8489766120910645,2.0550821975409304,0.0,2.4502129554748535,-1.350360906279181,-3.4077513217926025,1.2348152057804906,1.2327354446146928,17.766379211320427,14.103495828799202,11.887000580497682,4.083330095022253,0.458491248216222,-1.7521389657089177,1.9490000333657858,1.9494431983097291,0.8414484262466431,0.22804661475532237,0.008499509654939175,-19.1280277967453,-20.010804071084653,-20.78344499412924,0.47964430948599596,0.344409816697674,0,0.0,0,0.0,"{""type"":""MultiPoint"",""coordinates"":[]}"
00000000000000000327,82,TAMAN SARI,MAPHAR,3173031003,3.17303100301E12,Rendah,Maphar 07,Nihil,2 jam,2.225 m,1629,"intensitas hujan yang tinggi, air tidak tertampung di saluran",007,2,2020,1577865600000,10 - 30 cm,30,10,-1.284099207336404,-8.044549043494484,-11.830733793257576,2.2010930224752245,6.536854584241498,-2.2468856477491324,-7.625299494794618,2.5945404899629865,JAKARTA BARAT,1,1.0,1,0.0,1132.3562962360413,1087.1144657379798,1003.4203300342234,281.3014114861753,235.08391430013663,151.41639628761789,43.259717384543606,43.40771258106738,8,5.635277148155781,4,1.2015335463266066,-1.1300076037409763,-2.8564856230024587,1.0933976321118617,1.0891576139441372,1.0,1.4000000953674316,0.6684524757995228,0.0,-0.15194880962371826,-0.8709022831774338,-1.5595782995224,0.5607048232441533,0.5721965828991591,16928.3903444,17008.082511439967,3.7262096405029297,1.8278786584492346,0.0,0.43892717361450195,-1.4655656596323694,-3.3155953884124756,1.0131577703675638,1.0244930558676186,20.609476411283303,15.22628706385145,11.779194311403359,6.907600724384675,1.5220469520792999,-1.9365794771791158,2.4192025659574963,2.4188468192299686,0.8924458622932434,0.37608783722577077,0.008499563671648502,-16.666084945201874,-18.769960679724317,-19.983435351401567,1.0057693511511645,0.42052397876455605,0,0.0,0,0.0,"{""type"":""MultiPoint"",""coordinates"":[]}"
00000000000000000328,52,TAMAN SARI,MAPHAR,3173031003,3.17303100301E12,Rendah,Maphar 08,Nihil,2 jam,8.709 m,1630,"intensitas hujan yang tinggi, air tidak tertampung di saluran",008,2,2020,1577865600000,20 - 30 cm,30,20,1.9530012024850603,-9.09677718239335,-16.737006199107288,3.060020667247891,6.536854584241498,-4.0038770746850005,-9.975197530121548,2.3667807807594903,JAKARTA BARAT,1,0.9712751577050165,0,0.15014785612263945,1173.410462922962,1067.534315434979,946.0337596635238,320.0561886820449,217.252183407276,108.15764124962845,55.405716272624694,57.8723080785701,21,8.050428056473416,4,14.613162939297748,1.5593280321933145,-2.5235782747596955,2.4359876501911373,2.4035107458310736,0.8110541738703237,4.40000057220459,2.0770201034716353,0.0,2.9127161502838135,0.5831676090612322,-1.5738147497177124,1.5549477305562043,1.5638840361730062,92895.9522018,93289.68872292784,11.202068328857422,2.6716487257486534,0.0,8.196464776992798,-0.40727678212354257,-3.2035703659057617,2.1078804070044908,2.0835972014294755,23.48633315973874,14.162531419262555,10.667046584529851,9.691893483092844,0.39698834169551056,-3.153768696776094,3.4133713620099204,3.4073145387200396,363.8776550292969,28.17089058047862,0.008499577641487122,345.7586135864258,10.163988508286009,-18.365825220942497,109.01668289617947,109.09968692208106,1,0.02872484229498348,0,0.1501478561226395,"{""type"":""MultiPoint"",""coordinates"":[]}"
00000000000000000348,158,TAMAN SARI,PINANGSIA,3173031008,3.173031008E12,Rendah,Pinangsia 03,,1-2 jam,10000 m2,1665,Saluran air yang kecil dan mampet,003,2,2020,1577865600000,20 cm,20,0,-6.178110087928178,-12.47329419836874,-16.33747169907484,1.957786615579065,6.296611304348078,-3.903063791703943,-10.60117639685504,3.458705963505922,JAKARTA BARAT,1,0.9831817220224244,0,0.13360853142453716,1081.8309929570876,1001.3175666387655,880.0578471922215,186.77770927922938,104.3629660739431,-23.03006469369336,55.28428658716302,57.127970959180374,8,5.530251745292995,1,2.0601916932914515,-0.36270050846434365,-4.859936102235689,1.6795241080754661,1.7143053914651887,1.0,3.9000000953674316,2.978654515927352,0.0,2.1874889135360718,1.2412112904749986,-1.6832715272903442,0.9380494882374908,0.9566020810767268,32998.6525256,33142.79889664627,5.848956108093262,2.1668126531716054,0.0,2.6568620204925537,-1.023589469292261,-3.1949291229248047,1.2195295716951717,1.2208208367318867,19.222308344943666,12.966896183523545,11.536722342608009,5.578249278188178,-0.6485943067665251,-2.0518367301071088,1.5960600074466111,1.6011708232193649,3.6633400917053223,0.04850771341071725,0.0084998132660985,-11.70821499824524,-15.039825611463888,-15.573482070118189,0.8375892059624057,0.8238644242323562,0,0.0,0,0.0,"{""type"":""MultiPoint"",""coordinates"":[]}"
000000000000000001a4,± 35 KK,PANCORAN,RAWA JATI,3174081003,3.174081003E12,Rendah,Rawa Jati 04,,± 1 x 12 Jam,"2 RT Terdampak
  (RT 005 dan 006)",874,Jika hujan lebat air meluap menunggu antrian masuk ke terowongan di bawah rel kereta Jl. Kaca Jendela Ciliwung,004,2,2020,1577865600000,,30,0,-3.811323177137016,-12.658956328805793,-15.621657695535692,1.6613938321847326,8.03212835712116,-4.205430656267985,-8.035083002696467,2.520071723468214,JAKARTA SELATAN,1,0.958399268558568,0,0.21794494717703378,4811.340631776362,4497.6366602791995,4297.390543770962,74.70279888420373,-18.080583094205846,-94.70930536059132,35.442478929787995,129.01795096942246,37,29.536976474311633,25,9.817891373804532,2.038302643332639,-2.27015974440614,2.454192814274782,2.3761033956751034,1.0,8.30000114440918,4.335425176176798,2.1999988555908203,3.1599884033203125,-0.8921861281839144,-3.0420455932617188,1.8609184419229579,1.8516916812693056,99105.4059134,99529.57435052209,5.931478977203369,2.356107278770127,0.0,2.8330914974212646,-0.7259023586950899,-3.103269577026367,1.1853161761866833,1.1862277060915185,17.34162852537238,12.929047769692914,11.311949372743397,3.8645168236658005,-0.5241808830530975,-2.1356256767281057,1.0691713093097088,1.0772817267802592,0.15296265482902527,0.01927265022489732,0.008497871458530426,-10.480862883850932,-12.638047420851729,-13.58107786718756,0.857118282991163,0.02636510501082375,1,0.041600731441431935,0,0.21794494717703367,"{""type"":""MultiPoint"",""coordinates"":[]}"
0000000000000000047c,14,MATRAMAN,UTAN KAYU UTARA,3175011002,3.175011002E12,Rendah,Utan Kayu Utara 01,,3 s.d 4,804,2111,Sampah/saluran tidak lancar,001,2,2020,1577865600000,5 s.d 20,20,5,-8.116541238472024,-11.91612767278673,-15.772889091762151,1.6048640847048474,-0.29164063457306855,-4.938600366131554,-10.543691212458448,2.3166378768958453,JAKARTA TIMUR,1,1.0,1,0.0,3696.7085679538654,3579.032536568517,3405.9236727557327,557.6586855361338,450.15342928572505,298.8128011990966,70.68049259881217,80.49642094262542,18,12.011899252991341,8,7.397571884984773,1.1479667927634774,-2.816996805111037,1.8419766637749835,1.8040060614705513,0.9986043757385029,3.90000057220459,2.4793746778904633,1.8000001907348633,2.209367871284485,0.7622417999116142,0.10306715965270996,0.6322220157719578,0.6369681427821575,52756.0026639,52980.536863069756,6.724194526672363,2.51630083276739,0.0,4.2013232707977295,-0.01196951297015576,-2.5425987243652344,1.3500094596332008,1.3473472117119705,18.25803454342707,13.228631314711864,11.185607053049793,4.6493741594376345,-0.4115299720125362,-2.4740427340568534,1.370587044309769,1.3647052116583314,0.08498918265104294,0.03061003861093683,0.008498926647007465,-2.806462414562702,-5.498551948402484,-7.857238292694092,1.1321165314069919,0.027402615630165175,0,0.0,0,0.0,"{""type"":""MultiPoint"",""coordinates"":[]}"
00000000000000000490,141 KK,MATRAMAN,KAYU MANIS,3175011003,3.175011003E12,Rendah,Kayu Manis 01,Program Normalisasi saluran Tahun 2017 hasil usulan tahun 2015,1 Jam,600 M2,2143,"Saluran Air Kecil, Gorong-Gorong yang Kearah Palmeriam Mengecil, volume hujan Tinggi",001,2,2020,1577865600000,10-30 CM,30,10,-0.625503386538897,-9.930275123790624,-15.169639983801865,2.5192869149607784,1.8296341481471958,-4.616997405267221,-9.093739768264461,2.2168656173136068,JAKARTA TIMUR,1,1.0,1,0.0,3734.9214496423538,3594.1001849763425,3403.396085266404,581.4078493207489,453.8860612842775,285.6313218700702,73.76620959711309,80.38353982739399,16,12.499041533546324,9,4.6125239616621645,1.280725719361029,-2.405878594248371,1.3736704306113323,1.3792811404246517,1.0,4.300000190734863,3.0757828472775257,1.3000001907348633,2.605571985244751,1.2787940493026098,-0.5282043218612671,1.0239411533072351,1.0077752606396717,65485.6717574,65802.91069859381,5.4153666496276855,2.0254560734485536,0.0,2.9054131507873535,-0.48485917785106764,-2.5173819065093994,0.919943501674472,0.9175631472139895,15.955448354619351,12.839147341597211,11.403693829526196,2.2932016291949626,-0.8285008302689498,-2.2814592653170713,0.8672768654895611,0.8675844568761071,0.05099344253540039,0.014755428432664489,0.008498894982039928,-6.990821795538068,-9.053056124809443,-11.335150969214737,1.0339014114220975,0.012704307662952153,0,0.0,0,0.0,"{""type"":""MultiPoint"",""coordinates"":[]}"
0000000000000000048d,15 KK,MATRAMAN,PAL MERIAM,3175011004,3.175011004E12,Rendah,Pal Meriam 04,Segera,jika hujan berhenti maka air akan surut,5 rt di RW. 04,2136,Penyebab Saluran Air atau Banyak Lumpur,004,2,2018,1514793600000,20-30,30,20,-3.496833708051449,-9.320049244529915,-15.384248549239008,2.3531427782721597,1.3295659198242744,-4.417798560544375,-10.889217166781533,2.4184723840472313,JAKARTA TIMUR,1,0.9954751131221719,0,0.11321815437767993,3443.6148646598244,3278.397173527445,3159.504364628071,285.96997602418014,166.46403626044395,73.66436291859509,56.87972645309531,84.8914868891406,17,14.15653485474457,11,4.257380191694345,1.6284582427978846,-1.4227476038328017,1.0737321997402052,1.101678444698626,1.0,3.8999996185302734,1.6613349680025324,0.3000001907348633,1.9172519445419312,-0.34456194153816405,-1.6957825422286987,0.9910467843218562,0.9957845759531022,53196.6922602,53421.16372687412,4.16008996963501,1.725826768572115,0.0,1.61604905128479,-0.8181324831516489,-2.5967681407928467,0.9989549359347716,0.9953304796161799,19.356626931931757,13.65417828489226,11.668612944560003,5.512488461149337,-0.1848944932273712,-2.1431594477865676,1.805125322382241,1.8014763638371358,0.32295289635658264,0.06058203453541681,0.00849878415465355,-16.39514669775963,-17.974859146132864,-20.1567119397223,0.936874322169326,0.11194248527755754,1,0.004524886877828054,0,0.11321815437767983,"{""type"":""MultiPoint"",""coordinates"":[]}"
0000000000000000048e,30 KK,MATRAMAN,PAL MERIAM,3175011004,3.17501100401E12,Rendah,Pal Meriam 08,KK AKTIF,jika hujan berhenti maka air akan surut,5 rt di RW. 08,2140,Saluran Got Yang Mampet,008,2,2020,1577865600000,20-30,30,20,1.8247722239018431,-10.242365055144694,-15.909838319933133,2.675713533808236,6.272242679513074,-4.579342080293261,-11.797770125909848,2.696523870419828,JAKARTA TIMUR,1,0.9621441794328333,0,0.18196209517817882,3729.156788929705,3469.221363965275,3246.818481470479,439.5389131721772,252.61937203230778,102.37973950133755,74.12732635976509,106.36788505207076,22,17.320500093901746,13,8.450607028755238,3.92541105524174,-0.10006389776248348,2.0000659359025006,2.0599504650275833,0.7912684422617741,6.0,2.7776915234728525,1.8000001907348633,3.8653290271759033,0.5960852756712096,-0.29233217239379883,1.0296037235584363,1.0231524200948732,129950.604771,130521.59477194099,10.480097770690918,2.2442621520215917,0.0,7.950017213821411,-0.24997150369304938,-2.502451181411743,1.3229791439874563,1.3248285342457262,18.951159544484444,13.327310680900881,10.735184537040999,5.047492943683899,-0.5736740228382813,-3.171227488460058,1.4241780539418634,1.4263130458986204,0.18697212636470795,0.04629073276692748,0.008498708717525005,-19.151520147919655,-20.136425220062826,-21.202352960594,0.4866734410284379,0.05892294675119068,1,0.03785582056716657,0,0.18196209517817896,"{""type"":""MultiPoint"",""coordinates"":[]}"
0000000000000000044f,170,KRAMAT JATI,KAMPUNG TENGAH,3175041002,3.175041002E12,Rendah,Kampung Tengah 05,,1,1500,2024,"Pendangkalan saluran air, Penyempitan saluran, Gorong-gorong terisi kabel dan pipa dan wilayah RW 05 merupakan dataran rendah",005,2,2020,1577865600000,30,30,0,-2.684310098040275,-12.959234298655304,-17.08480920212844,1.8812262926499674,7.219386405871202,-5.376663426515516,-11.125329240606003,2.5826552795853845,JAKARTA TIMUR,1,0.7697116142249305,0,0.3887568584528825,1983.1157560849251,1784.8921938974097,1669.7923618991035,-118.37038124743208,-166.45175708809765,-209.69482266459477,27.016366329408005,72.51939003142435,35,28.620081945684728,24,2.597060702878302,-2.720873375722152,-7.01073482427854,1.790179026251073,1.9597189744762709,1.0,4.100000381469727,1.580438133121921,0.0,1.4378023147583008,-1.1652242222296663,-3.104792356491089,1.2389658329788693,1.1905436812571197,132753.42924,133290.6891081543,5.849115371704102,2.152954771115186,0.0,3.1307566165924072,-0.5220342996479017,-2.704036235809326,1.1012999747055303,1.1060622275588234,18.894599574742575,13.338829638868122,11.325989783834284,5.271632947549975,-0.2858802027223843,-2.299391410431255,2.196988463682289,2.192371150957048,2.9910924434661865,0.2638970057316346,0.008497485890984535,1.2063841819763184,-1.3917763953787652,-2.0243453038856387,0.9739381084656575,1.0173363004165175,1,0.23028838577506963,0,0.3887568584528825,"{""type"":""MultiPoint"",""coordinates"":[]}"
000000000000000005b1,10,PASAR REBO,CIJANTUNG,3175051003,3.175051003E12,Rendah,Cijantung 03,,3 Jam,50 m2,2649,Kiriman Hujan Dari Bogor sehingga saluran Kali Cijantung tidak lancar dan tidak dapat nempung depot air yang tinggi,003,2,2020,1577865600000,30cm,30,0,-2.939160797314581,-13.64823124400713,-17.308296799328698,1.732664491699849,6.466121320096855,-4.387225261327866,-11.070899996025396,2.3916984747673387,JAKARTA TIMUR,1,0.9210593602390017,0,0.2848598452875728,2243.7160679617973,1735.8381481336587,1205.9611502604637,-32.22484038874768,-137.44812593890785,-282.22382478649365,50.00319880670947,258.56798610708654,53,43.0134976920696,30,6.949392971249466,-2.296672353850309,-13.888434504789394,4.420577667522255,5.0949847950799025,1.0,12.799999237060547,6.487067440989699,0.0,5.0298171043396,-0.9913590772120274,-8.075041770935059,3.689555832990644,3.7097249372551286,259237.445816,260304.14700670383,11.059226036071777,3.0140013660223945,0.0,7.576993227005005,-0.547649057315191,-3.5663344860076904,1.827528419001215,1.836919417297943,20.622600093649673,13.108048160189743,10.837800179428356,7.090453990467125,-0.4710283596414642,-2.7013923094469146,2.229763598998153,2.237547963314534,20.8404483795166,1.11326389155286,0.008496877737343311,9.04102611541748,-10.835516060848256,-17.930301785469055,4.893707880293376,5.295932772902515,1,0.07713735886635532,0,0.28066932062240874,"{""type"":""MultiPoint"",""coordinates"":[]}"
000000000000000005b6,60,PASAR REBO,KALISARI,3175051004,3.175051004E12,Rendah,Kalisari 03,,2,600,2660,Luapan Kali Cijantung,003,2,2020,1577865600000,30,30,0,-2.1421464507951082,-13.27394616887255,-17.32976901620128,1.7965539057710507,6.6920668574197295,-4.113042734096126,-9.814629864067701,2.251877766586675,JAKARTA TIMUR,1,0.9365406902789948,0,0.2690449344826068,1529.9400624354655,1107.428394279252,668.9468866894822,351.5126977305101,-39.68260116231868,-385.99206681411715,159.527699290916,206.55077599194138,64,53.42542706654982,37,11.49865814697042,2.0544068008353085,-13.95450479232764,5.476494631606634,5.183796048505022,1.0,22.799999237060547,9.455918674785472,0.0,14.695066452026367,0.8355545350640416,-9.242645263671875,6.165362203577519,5.861742315028103,370027.649109,371579.63520152203,11.988670349121094,3.203994965571479,0.0,8.319801568984985,-0.34204972163337677,-3.6718642711639404,2.0058199503666843,2.0238436313343193,20.881928437523563,13.563053638389903,10.91552728379924,7.3127669006487785,-0.01274464258597703,-2.705135996951073,2.4249883153116274,2.4287583120059706,19.311006546020508,2.0715723240651625,0.00849669799208641,8.110511779785156,-8.103003749717868,-14.725826720707119,5.696164873892714,6.194856878466155,1,0.06345930972100515,0,0.26904493448260686,"{""type"":""MultiPoint"",""coordinates"":[]}"
00000000000000000237,87,SENEN,BUNGUR,3171041006,3.171041006E12,Sangat Rendah,Bungur 04,-,-,-,1195,Kali poncol lumpur sudah sangat penuh perlu pengerukan,004,1,2020,1577865600000,10 cm,10,0,-6.281222558120171,-11.619015244049224,-15.11735215095814,2.178097877178141,6.409972964370018,-3.4581504897255684,-10.281937227365113,2.610889101347233,JAKARTA PUSAT,1,0.9914460028932638,0,0.1072040053173593,2257.100091630674,2013.316409464361,1857.6425549492312,-18.353290543735966,-105.3071059452109,-162.23247427616025,34.78783351368991,112.61634259525461,12,7.402100761054155,3,4.112715654952814,-0.43011287506302737,-5.104153354631848,1.901546998666289,1.8795532419699303,1.0,1.6000003814697266,0.8833198601648159,0.0,0.028920412063598633,-0.6942719445902488,-1.5913227796554565,0.6368797434726192,0.6357011244896846,55457.8280648,55714.350679783834,5.8760786056518555,2.6212047056976644,0.0,2.3866090774536133,-0.800077279425018,-3.4720375537872314,1.3280407655539346,1.3419788723532313,20.783795760029292,13.602341555858372,11.32155919466242,7.40317281090905,0.17503859275762226,-2.1014985154150025,2.5108491442314005,2.5071651299654047,1.0623993873596191,0.27182836898173357,0.008499263785779476,-3.8028125762939453,-8.759127798256975,-12.258225322701037,2.0496594915549347,0.46550661316659603,1,0.008553997106736273,0,0.10720400531735916,"{""type"":""MultiPoint"",""coordinates"":[]}"
0000000000000000033d,114,TAMAN SARI,TANGKI,3173031004,3.173031004E12,Sangat Rendah,Tangki 02,,30 menit,300 m2,1651,Curah hujan tinggi,002,1,2020,1577865600000,15 cm,15,0,6.28812714230378,-9.54891763499031,-16.725920607748357,3.9028002971280458,6.1498588429551235,-3.7174457376890775,-11.510299982693201,3.4574426792481074,JAKARTA BARAT,1,0.9050055763301188,0,0.26884920001572726,655.95639015131,487.8480471051529,293.3526157307405,-211.21300370771417,-378.64926435429135,-549.6913583991677,77.89989993071778,88.64889886478308,14,7.112117037328608,0,7.329201277955969,0.5730561831247845,-6.5633226837053815,2.448461137058355,2.463228655190004,1.0,2.799999952316284,0.519805766861559,0.0,1.209520697593689,-1.0604239645095304,-1.6033354997634888,0.6073479311592721,0.6057550697291249,106370.174275,106832.65559300344,8.73572826385498,3.5522981039700223,0.0,5.518004894256592,0.348469598187883,-3.2165069580078125,1.8591864310421136,1.8639002329772605,20.88999472081531,13.3896340393626,11.082663251712416,7.312794636080573,-0.18426181591624008,-2.4747582310554037,1.980636302021392,1.9758903068544966,1.3089290857315063,0.26583914607349035,0.008499656803905964,-11.646488547325134,-14.227604970400419,-15.6874258518219,0.8678719114460958,0.4801405496856015,1,0.008364495178114544,0,0.08058057520220885,"{""type"":""MultiPoint"",""coordinates"":[]}"
0000000000000000033e,40,TAMAN SARI,TANGKI,3173031004,3.173031004E12,Sangat Rendah,Tangki 03,,30 menit,400 m2,1652,Curah hujan tinggi,003,1,2020,1577865600000,15 cm,15,0,-1.5372189667376233,-10.76498284549631,-16.725920607748357,2.6489349574117065,5.097432731422433,-4.420594909177961,-11.510299982693201,2.9210517185034255,JAKARTA BARAT,1,0.8818236027538355,0,0.3127527356210486,798.0053903044136,667.869824625205,540.9154964785438,-82.96854810609102,-221.36613827604785,-340.5504289514597,71.69734653559279,72.74599732580565,13,6.637393614137802,2,6.365495207668411,0.039618913420003114,-4.566134185302881,2.2389108934386477,2.2662953634855745,1.0,1.9000000953674316,0.5856236470077149,0.0,0.3494952917098999,-1.010874621679565,-1.6146070957183838,0.6168799753500692,0.6085055435197022,64308.5551912,64573.853341885275,7.880088806152344,2.956659686628731,0.0,4.721634864807129,-0.19482682115657998,-3.2165069580078125,1.663345186550816,1.6619318179536424,20.88999472081531,14.337713502069066,11.025336492636173,7.312794636080573,0.7351620454762844,-2.565234488399158,2.5980055666835584,2.5987505598672653,1.181433916091919,0.4024768874506897,0.008499656803905964,-13.814874410629272,-15.28367360026825,-16.135130275040865,0.5827109400258261,0.5194945862471931,1,0.10939448148750476,0,0.28316700498296976,"{""type"":""MultiPoint"",""coordinates"":[]}"
0000000000000000033f,300,TAMAN SARI,TANGKI,3173031004,3.173031004E12,Sangat Rendah,Tangki 04,,30 menit,300 m2,1653,Curah hujan tinggi,004,1,2020,1577865600000,10 cm,10,0,4.090667041158589,-9.348726594648518,-15.361052150273245,3.592063936371484,1.6817315134226511,-3.352744324825728,-6.611272789267199,1.7162551425711565,JAKARTA BARAT,1,1.0,1,0.0,649.3636962940959,401.79788826616425,185.53248465545596,-248.0015833668224,-454.63650346047103,-632.8724672939569,117.70258884055546,146.73961528049637,9,6.368245573695101,4,2.610095846645984,-7.880185442799239E-4,-2.4116293929706414,1.0220564169294304,1.0237240711915003,1.0,2.799999952316284,1.7676247361063218,0.5,1.209520697593689,0.18579029102220174,-1.0791053771972656,0.8866958991421487,0.8941894715642325,30332.0354051,30427.132795499663,4.145422458648682,1.7316243978417254,0.0,0.8969488143920898,-1.48338890518367,-3.2247636318206787,0.9360898275731403,0.9413236368959829,15.955543028490945,13.015698484207848,11.672262974547106,2.465446762005696,-0.5552812267032595,-1.7815488357039726,1.008245133648329,1.0140298142147985,0.02549915947020054,0.01234989842902342,0.008499706164002419,-11.582181362435222,-13.854230905065613,-15.679786114022136,1.1847512080376552,0.006603396207463111,0,0.0,0,0.0,"{""type"":""MultiPoint"",""coordinates"":[]}"
00000000000000000340,100,TAMAN SARI,TANGKI,3173031004,3.173031004E12,Sangat Rendah,Tangki 05,,30 menit,400 m2,1654,Curah hujan tinggi,005,1,2020,1577865600000,15 cm,15,0,-7.262266730104465,-11.352242245382671,-15.361052150273245,1.9152052380352673,1.712010757441269,-3.1105986135713497,-5.985004945479293,1.693389353904346,JAKARTA BARAT,1,1.0,1,0.0,655.95639015131,419.01702964442796,185.53248465545596,-240.43280519691473,-436.41571125615457,-629.3374684537014,109.35903829571944,137.81455638524292,7,5.39541080680977,3,0.67105431309965,-0.9352177135378162,-3.286773162938675,1.100151073135726,1.1263649767911934,1.0,2.799999952316284,2.018268013600505,0.5,1.2074248790740967,0.43422492353409675,-1.0782619714736938,0.5512541521971904,0.5532327841136824,23813.9905663,23934.30326454932,2.9321208000183105,1.683928071623109,0.0,-0.29038572311401367,-1.5376222226727372,-3.232896327972412,0.6933228914439052,0.694849541845806,17.34183848532077,13.243592657887826,12.019415231244277,3.7939635833718324,-0.3271129957736336,-1.5677445031170603,1.0881206653515894,1.0857023653957636,0.033998891711235046,0.016905072388507362,0.008499713614583015,-11.741868386045098,-13.799244484910085,-15.611380962654948,1.1799383135330477,0.011096266522467679,0,0.0,0,0.0,"{""type"":""MultiPoint"",""coordinates"":[]}"
00000000000000000342,63,TAMAN SARI,TANGKI,3173031004,3.17303100401E12,Sangat Rendah,Tangki 07,,30 menit,300 m2,1656,Curah hujan tinggi,007,1,2020,1577865600000,10 cm,10,0,-0.7535737045766272,-11.322301049438643,-16.049792397118836,3.0344501834244966,4.101513261199461,-3.986336460577545,-8.399290524702877,2.441778928934649,JAKARTA BARAT,1,1.0,1,0.0,706.486653451565,501.22643000016063,293.3526157307405,-180.08438703786783,-355.3573907124267,-534.639646108312,93.32069771220509,115.30427262286098,10,5.418410725964684,1,3.735463258786554,-0.8469480041868035,-5.318083067092041,1.7712843164608012,1.7519362041338338,1.0,2.799999952316284,1.7045864467140581,0.0,1.218504786491394,0.10416569190917246,-1.650095820426941,0.9921715296857346,0.9800005380276327,42654.510075,42856.130356250156,4.986055374145508,2.25953212881825,0.0,1.7540960311889648,-0.9766744602449662,-3.1979687213897705,1.0752480277238103,1.069950429983333,19.176785462969946,13.818287185591853,11.486844649452554,5.575917798382081,0.23757530699384646,-2.1086890166479133,2.698427860508106,2.7014379616011848,3.4678449630737305,0.6865033296222703,0.008499732241034508,-9.458505153656006,-13.264528615658072,-15.137117136269808,1.5209103958586847,1.4618988268568778,0,0.0,0,0.0,"{""type"":""MultiPoint"",""coordinates"":[]}"
00000000000000000349,60,TAMAN SARI,PINANGSIA,3173031008,3.173031008E12,Sangat Rendah,Pinangsia 04,,1 jam,10000 m2,1666,Saluran air kurang baik dan Intensitas hujan tinggi,004,1,2020,1577865600000,10 cm,10,0,2.815326316444988,-10.36585006943128,-15.933251883226031,3.227751245024872,6.304881916736979,-4.25785499646992,-10.252703567051789,3.304634973979385,JAKARTA BARAT,1,0.9699186032794621,0,0.14958715986462168,1369.6771539316378,1135.419037685846,918.3389462118339,421.8728150342969,214.84486676126147,43.273259152238666,85.579836350059,101.52037563275721,10,5.3896818843144185,1,4.1165495207675,-0.4739162826474497,-5.037571884983335,1.9246004638533467,1.919509629899331,1.0,4.199999809265137,2.1357162869978312,0.0,2.391526937484741,0.36111960374602553,-1.7974568605422974,1.338296751743146,1.366770358001643,88751.0746497,89110.06349508598,8.775334358215332,2.706453345944225,0.0,5.545141935348511,-0.45885326916148356,-3.1527388095855713,1.5355868696550423,1.5413208786565598,26.631902913650556,14.839700102011342,11.40388013383227,13.02497355533214,1.2398441143874377,-2.210425479329073,4.2143831409892405,4.2222030450721455,368.2804870605469,75.42559581834966,0.008499795570969582,352.30540466308594,59.741357429099864,-16.849416598677635,150.4888145264182,150.87563732608544,1,0.03008139672053792,0,0.14958715986462157,"{""type"":""MultiPoint"",""coordinates"":[]}"
000000000000000005b0,150,PASAR REBO,CIJANTUNG,3175051003,3.175051003E12,Sangat Rendah,Cijantung 02,,3 Jam,150 M2,2648,Kiriman Hujan Dari Bogor sehingga saluran Kali Cijantung tidak lancar dan tidak dapat nempung depot air yang tinggi,002,1,2020,1577865600000,5cm,5,0,-4.466423705752668,-13.186479654073642,-19.92125652937016,2.3226529109178307,6.466121320096855,-4.865642539202132,-11.282509314600997,2.6228309090988184,JAKARTA TIMUR,1,0.7237049268461272,0,0.45064929908807705,1956.9060257061412,1569.622201961818,1261.7573092267978,-95.76301072063802,-185.53260580646514,-282.1366313764522,38.989149740007925,178.6561825771874,53,39.58720863254101,30,8.261214057509747,-5.411704577922364,-14.471565495205162,4.996007914930699,5.124505022134048,1.0,13.10000228881836,3.558197491125306,0.0,4.998889923095703,-4.3372092084590586,-8.111910820007324,3.640757287474718,3.69395614299815,181656.177153,182368.61467126862,10.480965614318848,3.9320521701600377,0.0,6.772735834121704,0.2956089483698706,-3.74820613861084,2.3285417891944125,2.3503502477861127,23.740813002885215,14.042018272623151,10.785640032975218,10.135063843594983,0.4300324671049421,-2.8875828417310494,3.1653397431808274,3.157058647858,20.763975143432617,4.1653526221015005,0.00849690567702055,8.78295612335205,-10.794598457004035,-18.463722540065646,8.539378759501256,8.3924423665686,1,0.2369916669866749,0,0.4312453610479346,"{""type"":""MultiPoint"",""coordinates"":[]}"
0000000000000000013e,819,TEBET,TEBET BARAT,3174011002,3.17401100201E12,Sangat Tinggi,Tebet Barat 07,,1-2 Jam,± 50.000- 60.000,662,Meluapnya PHB Kalibata dan Saluran Rawa Bilal,007,5,2020,1577865600000,,150,0,-4.780861522485333,-11.812848763877666,-14.690963776558712,1.7314958189638843,4.348752879675557,-5.0829124163833255,-7.894677508254483,2.1018667296457827,JAKARTA SELATAN,1,0.8174249473529559,0,0.392676726249301,4100.645674560969,3913.7966402999305,3675.697739681896,-14.481812911069937,-71.58256925813541,-126.99478409950507,26.475087711809326,113.53864662720287,22,15.968509721337973,9,3.2342492012795283,-3.5492339137230022,-10.04958466453511,2.1625926403416145,2.0935924273126045,1.0,2.5,0.6038885996036837,0.0,-0.06328439712524414,-2.035078834113065,-2.737776517868042,0.7593386460210967,0.7323145850037032,71196.5633906,71481.85254592041,6.5676398277282715,2.7445915737496085,0.0,3.626507520675659,-0.34782856506058746,-3.1752874851226807,1.6325877836618994,1.5676689959758363,21.12584191100457,14.208410593323547,11.406372264552447,7.66220538668728,0.7746415130452114,-2.096907496953886,2.347063157475562,2.3652819534931955,1.8356058597564697,0.38070465878433557,0.008498300798237324,-0.8286480754613876,-3.7288816446846926,-6.6496500968933105,1.4672083352750476,0.7058195739255647,1,0.17008668397081153,0,0.3849787225030045,"{""type"":""MultiPoint"",""coordinates"":[]}"
00000000000000000120,16,TEBET,MENTENG DALAM,3174011003,3.174011003E12,Sangat Tinggi,Menteng Dalam 05,,1 jam,± 350,572,"Perumahan penduduk di dataran rendah, debit air yang terlalu banyak, saluran tidak cukup untuk menampung",005,5,2020,1577865600000,± 150 cm,150,0,17.234831077942566,-8.750305197178715,-17.790707652376238,5.740992717520504,23.130534369730036,-3.0281126061191492,-12.180854594427014,5.198126790923272,JAKARTA SELATAN,1,0.9377325989409437,0,0.2266060457112926,2821.3751145383426,2563.9507670894354,2245.632955170002,-54.99257891206253,-112.7067411906211,-176.98369799665852,26.710780238893264,123.4981782554897,39,15.006124662399241,7,22.365367412142234,-1.517034933416464,-9.366134185301824,4.985821499178467,4.9916004056261345,1.0,5.400001525878906,1.8060438806824115,0.0,2.28558611869812,-1.6153991799123044,-3.8570096492767334,1.962301461003649,1.9207924548816104,164046.37761,164760.91483245528,22.04218292236328,4.788382331618136,0.0,18.356454849243164,0.9388451167646444,-4.301494598388672,4.060558956144797,4.006747362188502,22.328669878861895,13.811445669725497,9.951799089981103,8.851104475220078,0.4402172990930248,-3.4697869949966726,2.7411915671497193,2.76126590937099,5.6512532234191895,0.742346495902212,0.008498458191752434,2.3243093490600586,-0.7267727732366333,-5.988732484169304,1.3874543928135412,1.6505887124135508,1,0.02973013206303298,0,0.16251841625400879,"{""type"":""MultiPoint"",""coordinates"":[]}"
00000000000000000123,83,TEBET,MENTENG DALAM,3174011003,3.17401100301E12,Sangat Tinggi,Menteng Dalam 11,,"0,5 jam",± 2.000,575,Meluapnya air kali dan air dari RT 012/11,011,5,2020,1577865600000,,200,100,-1.2632972660638058,-11.768238997207087,-16.26085267574114,2.109564315271369,2.6821860278672345,-5.117153787449987,-10.933030693058504,2.2276125588988647,JAKARTA SELATAN,1,0.7792828685258965,0,0.40674104801722977,3062.6912234195856,2730.962643564445,2450.8553301844463,-45.861249669709196,-105.67154621762732,-164.24776305067599,26.709100898341603,135.1232321324088,30,16.632859040030358,5,12.79667731629539,-0.9086837291015794,-12.58466453673979,4.227596006600529,4.192481146474904,0.557288972952208,9.90000057220459,4.643868355722996,0.0,5.909457445144653,0.8349968993082558,-4.314926624298096,2.7497017573707363,2.5819731451690444,183846.940631,184625.19889377675,16.4595947265625,4.105811098183476,0.0,11.830446720123291,-0.1621904336067288,-4.3644185066223145,2.575715977128817,2.654755210734733,17.419627793100325,12.723568163897395,10.26690729539379,4.324189139555472,-0.4941887496156137,-2.8843996337250157,1.5144100437623784,1.4917235595313516,0.5948880910873413,0.061104516154397236,0.008498415350914001,0.1252266764640808,-0.4482444223824143,-0.532263370230794,0.15771424910769258,0.1458309402844688,1,0.19169038133181562,0,0.3875660644990598,"{""type"":""MultiPoint"",""coordinates"":[]}"
00000000000000000138,617,TEBET,KEBON BARU,3174011004,3.17401100401E12,Sangat Tinggi,Kebon Baru 08,,± 4 hari,± 10.000,639,Banjir kiriman dari bogor dan curah hujan yang dan durasi hujan yang lama,008,5,2020,1577865600000,,200,0,-6.162526027104189,-11.940153553745583,-19.097495229977028,2.5132682368347004,-0.17055395167651566,-6.0357716247311535,-13.045161295433449,2.669072817939343,JAKARTA SELATAN,1,0.9941977001793437,0,0.14355980733669327,5061.501645298686,4935.52417213894,4792.523509066431,579.2976659165688,471.3053569058089,345.1630509602792,57.27328974920067,72.14028398937565,24,17.197752927524004,12,3.780447284346824,-3.195994421161825,-8.526006389774409,2.9777855443028036,2.943907742743295,1.0,5.600000381469727,1.9861910097935318,0.0,2.8573293685913086,-0.7969141303895586,-2.8456358909606934,1.9787527480083402,1.9784868020566573,66013.1176142,66268.59248768444,7.46864652633667,2.7321007139874687,0.9274099469184875,4.660339593887329,-0.08679716085152657,-1.900230586528778,1.6284065661633793,1.629237650524549,23.416846848774586,15.036321498869338,11.482356322780312,9.752826576601063,1.4382799947628095,-2.0698295577317936,3.9578617349031995,3.9923728508451117,339.4696350097656,72.68586453874487,0.008498307317495346,324.8993167877197,58.5570198953109,-14.687457704916596,138.0789536487126,138.3646031102732,0,0.0,0,0.0,"{""type"":""MultiPoint"",""coordinates"":[]}"
00000000000000000139,292,TEBET,KEBON BARU,3174011004,3.17401100401E12,Sangat Tinggi,Kebon Baru 09,,± 4 hari,± 10.000,640,Banjir kiriman,009,5,2020,1577865600000,,200,0,-7.157490747143367,-11.165201801062958,-14.190375884730472,1.5704385316259,10.195696956519775,-3.418858392666246,-9.602668994342238,2.7395372478922275,JAKARTA SELATAN,1,0.9842466176561439,0,0.1117944413459218,5118.1415062800825,4906.461085636343,4724.707758823175,534.0996602906316,365.2117225506641,232.6663744066409,67.0511326665555,83.68495671688521,25,22.1451164514734,18,4.378658146966664,1.370079235676109,-2.7234504792313246,1.6295583091094232,1.6186701127236305,1.0,6.30000114440918,2.873577744904667,0.0,3.4550042152404785,0.045665580405795395,-2.7144665718078613,1.5248080097551742,1.554363695232296,56350.2128771,56562.91062032914,4.644939422607422,1.994732195760127,0.0,1.7906780242919922,-0.8792522257110955,-2.879594326019287,1.0891376750265251,1.0882374435318247,17.405219693194464,12.978026220925221,11.557872633728818,3.8734563371471786,-0.5422704907552715,-1.9837306389537321,1.1566665259888507,1.1556935732268085,0.5863783359527588,0.022932233277549712,0.008498254232108593,-12.311508893966675,-13.13239533500524,-13.482166181318462,0.19414670393136374,0.09066731181750073,1,0.01575338234385618,0,0.11179444134592212,"{""type"":""MultiPoint"",""coordinates"":[]}"
0000000000000000013a,484,TEBET,KEBON BARU,3174011004,3.17401100401E12,Sangat Tinggi,Kebon Baru 10,,± 4 hari,± 10.000,641,Banjir kiriman dari Bogor dan Depok,010,5,2020,1577865600000,,200,0,-5.254436024995565,-11.788031886593973,-16.733764566524528,1.9148676839806917,4.96719591165097,-4.865162631299764,-11.397252046870175,2.6079352359077834,JAKARTA SELATAN,1,0.9243098334474107,0,0.32657680674741113,5249.290756032934,5081.915824558299,4923.607091438574,679.3399818253802,540.7778582368215,420.7883794719555,55.31525537268701,69.04358566921138,26,18.011065480264662,12,5.115143769969897,-2.8594371515253676,-9.090990415333732,3.748099060180534,3.7593768851325926,1.0,6.30000114440918,2.1533997237831937,0.0,3.4550042152404785,-0.756490776956612,-3.0020318031311035,2.306600548367255,2.300030475222512,122364.104649,122872.07648629195,8.387731552124023,2.8547909606945954,0.0,5.578327894210815,0.040400547777140444,-2.812626600265503,1.618526964647892,1.614981718426372,23.765793301470485,14.566204273303235,10.961897539170275,10.205635707337338,0.9913632462670323,-2.642182521970339,3.501321323135676,3.504388838529006,339.37615966796875,49.47563620334018,0.008498254232108593,325.691442489624,35.79915721878463,-14.54026186093688,117.21813379603132,117.2124058548093,1,0.06978667579283597,0,0.305320523612584,"{""type"":""MultiPoint"",""coordinates"":[]}"
0000000000000000017d,± 722 KK,TEBET,BUKIT DURI,3174011005,3.17401100501E12,Sangat Tinggi,Bukit Duri 10,,± 1 x 24 Jam,,779,Meluapnya Kali Ciliwung dan Intensitas Curah Hujan yang tinggi,010,5,2020,1577865600000,,200,100,6.826617917683587,-12.202246555638355,-19.142212314912456,3.476221059752023,1.2752832501749234,-5.458133173101252,-13.736724558288751,3.5489898999229217,JAKARTA SELATAN,1,0.9459170149862371,0,0.2716240662930543,4407.128814786838,4180.260896327951,3946.6558052670644,496.280404736925,398.1750172988639,274.1941580017956,63.4078760190729,113.85099793004,23,15.008385156488933,7,5.139169329075198,-2.7109069326352984,-10.067092651755502,2.977233786164198,3.185702926681055,1.0,5.499999046325684,1.7428327787784108,0.0,3.1433217525482178,-0.6709885676831497,-2.4892396926879883,1.5112166098075455,1.5020388427676576,136873.70891,137407.89485854233,5.938958168029785,2.7791708681756346,0.0,3.3256590366363525,0.14632978086679863,-2.6450743675231934,1.3759102846084192,1.3754574190635207,26.554124153420776,15.844590565540885,11.312043785969683,12.912420472359615,2.1557974923541403,-2.395696917000542,4.902343800803314,4.899293533536995,340.8208923339844,103.85093688857295,0.008498458191752434,325.24126720428467,88.13008029815904,-16.07165593560785,159.00909215950244,158.95908940739642,1,0.006499133448873484,0,0.07293145292505805,"{""type"":""MultiPoint"",""coordinates"":[]}"
0000000000000000017e,± 226 KK,TEBET,BUKIT DURI,3174011005,3.17401100501E12,Sangat Tinggi,Bukit Duri 11,Wilayah RW 011 dan 012 masuk dalam Program CAP dan CIP,± 1 x 24 Jam,6 Ha,780,Meluapnya Kali Cilwung,011,5,2020,1577865600000,,200,100,-6.146741306252671,-12.401636521065099,-17.926188711783748,2.0867413650063518,0.981124475593284,-4.2679587401775105,-11.922267129405608,2.4162079790338193,JAKARTA SELATAN,1,1.0,1,0.0,4109.031461794913,3898.4030080771104,3733.7692295163256,314.2383200993627,188.41168847705245,104.08345907426929,56.14075429474083,93.18665285062725,20,15.118909348441926,11,2.1971884984042553,-2.3938496411390755,-6.55591054312929,1.928502295237179,1.9173991935927284,1.0,5.90000057220459,3.649433465112032,0.8999996185302734,3.687987804412842,1.3727140843192855,-1.4556682109832764,1.409652330517497,1.3782216987243538,49258.2476923,49475.13284893792,6.549145221710205,2.827880048996666,0.9274099469184875,3.9109392166137695,0.17493859981173493,-1.7258018851280212,1.3859600398463023,1.3831535151364915,14.901048625593749,12.926874946671713,11.212166947970967,1.2123427326275493,-0.7858867822895731,-2.4578755841151114,0.8980347759427667,0.890054487504709,0.06798792630434036,0.021921540358401943,0.008498483337461948,-15.801876537501812,-16.04835787470738,-16.53285661060363,0.13252446367425288,0.01556539262537674,0,0.0,0,0.0,"{""type"":""MultiPoint"",""coordinates"":[]}"
0000000000000000017f,± 200 KK,TEBET,BUKIT DURI,3174011005,3.17401100501E12,Sangat Tinggi,Bukit Duri 12,,,,781,Meluapnya Kali Ciliwung dan Pompa Air kurang maksimal,012,5,2020,1577865600000,,200,100,-3.723402292918933,-11.856001966370721,-18.738451419249216,2.7817092013315334,5.4002546327731,-5.428020118526192,-14.34621891645758,3.2794038759292956,JAKARTA SELATAN,1,0.9819011827634705,0,0.17828016475162003,4019.037897083563,3735.813353634881,3463.5491259047867,488.00470929146286,216.20875935867906,59.930044364402875,104.27089595414478,134.4779848717125,18,12.770479330459041,8,1.9124600638994735,-3.713075263838272,-8.367156549519123,2.017096128217987,2.1512288330850593,1.0,4.90000057220459,1.7903787689960102,0.0,2.6632721424102783,-0.5453701101246416,-2.4799489974975586,1.660665954560988,1.6355528958387848,151394.757612,151989.66949678256,7.034503936767578,2.2451792135915434,0.0,4.41926646232605,-0.36514033481165736,-2.6417288780212402,1.2958814312929359,1.289790905109617,26.555271092959725,16.110496717684782,11.365533904152223,12.893141567545829,2.3791332704550756,-2.41811509018339,4.663701356956142,4.678290152318846,341.32232666015625,104.04848423649048,0.008498522453010082,325.16271018981934,87.24788180434963,-18.953423115424812,155.86297404771943,156.40737789549513,1,0.006455629077997836,0,0.09644431260175651,"{""type"":""MultiPoint"",""coordinates"":[]}"
000000000000000001b1,22 KK,TEBET,BUKIT DURI,3174011005,3.174011005E12,Sangat Tinggi,Bukit Duri 01,,≥ 1 hari,"2 RT Terdampak
  (RT 010 dan 011)",903,Meluapnya saluran/sodetan kalibata,001,5,2020,1577865600000,,200,100,-1.9545649053654428,-11.357459866538536,-16.327314559272963,2.187771196275041,15.07013999218223,-2.2201584210289838,-9.547901465942576,3.2114176445177094,JAKARTA SELATAN,1,0.9657816622691292,0,0.2217278451421594,3532.4332672578244,3252.189654898563,2987.3034691983003,110.64519921557485,-13.162915066956504,-126.94199947204879,48.62005892652689,125.3275777105769,20,15.045143469656983,8,4.2826837060718965,-0.7661727779072586,-8.346581469646914,2.2550159730241432,2.163673145713437,1.0,7.200000762939453,3.710834606970834,0.0,5.059962511062622,1.5674569841503778,-2.2206900119781494,1.9424080712000147,1.9378223611509366,84638.8016032,84944.19814132432,7.034503936767578,2.4718507364254667,0.0,4.41926646232605,-0.14797444654368153,-2.659118890762329,1.2126249188538927,1.2102937584231785,23.771762287302757,14.373740099109126,11.557929631777714,9.913234522062739,0.4292899108019007,-2.270073129614481,3.5860206720444436,3.580336949058156,341.5347900390625,45.986875595283124,0.008498565293848515,323.1284980773926,26.608511346280775,-20.692495606839657,123.54524469069275,123.73613760447243,1,0.02976583113456464,0,0.20608041101101565,"{""type"":""MultiPoint"",""coordinates"":[]}"
0000000000000000013f,275,TEBET,MANGGARAI SELATAN,3174011006,3.174011006E12,Sangat Tinggi,Manggarai Selatan 02,,5-6 jam,± 5.000,665,"Curah hujan yang tinggi, Saluran air yang mengecil (akibat pembangunan hunian), Pendangkalan Kali Sodetan Kalibata, Sampah dari Rumah Tangga, Kurangnya daerah resapan air",002,5,2020,1577865600000,,150,0,-4.802715559295747,-12.520848088814693,-15.993253793380738,1.857340862528719,11.596021767452648,-2.562996388100381,-8.671056511325864,3.0642677490703045,JAKARTA SELATAN,1,0.9895807796028439,0,0.08804240366863003,3246.818481470479,3067.8680729342377,2881.732216143706,-33.51394763926692,-92.96681168733149,-153.66109034951796,27.48573121323429,81.11812564589701,23,15.78074691509357,10,6.531884984027265,-0.6438639479422154,-6.199744408943854,2.97030378920986,3.0375156731848727,1.0,4.500000953674316,1.5057980731157652,0.0,1.7485249042510986,-1.005439428690067,-2.4472460746765137,1.1538460300217415,1.2507957838120916,85426.2690852,85775.34876763214,5.547544956207275,2.9113068041959655,0.0,2.458155870437622,-0.04446936467606292,-3.0015342235565186,1.2750984373733376,1.2818241480723638,22.114470038197446,13.987628889453397,11.379382734584862,8.315745683331407,0.2682487823366892,-2.28490970247565,2.398200051212072,2.428333314746229,4.062180042266846,0.6225507285854924,0.008498472161591053,-5.880893426947296,-11.131231262588178,-14.79793515522033,2.0494483632889127,1.2077737367767913,1,0.010419220397156165,0,0.08804240366863003,"{""type"":""MultiPoint"",""coordinates"":[]}"
00000000000000000140,155,TEBET,MANGGARAI SELATAN,3174011006,3.17401100601E12,Sangat Tinggi,Manggarai Selatan 06,,"1,5 jam",± 4.000,669,Kali Jane terlalu dangkal dan curah hujan yang tinggi,006,5,2020,1577865600000,,200,0,-6.837849991777989,-11.13501829551982,-15.144018534810137,1.8717367837700192,-0.6150887579544604,-4.269162692459763,-8.671056511325864,1.872015028912508,JAKARTA SELATAN,1,1.0,1,0.0,3087.875951668441,2966.7320689075405,2832.030467164061,-56.67341257647058,-104.7273348151145,-156.52529772263006,25.402293916227844,68.90594354809701,18,14.452434017595309,11,2.0600638977653087,-1.432376460886694,-5.119488817889639,1.635808093986184,1.5986105077709025,1.0,2.6999998092651367,0.7252084126850027,0.0,0.18831920623779297,-1.71201856596379,-2.373955249786377,0.5275674119843277,0.570635689561888,29759.0559001,29887.68856500967,4.16019868850708,2.332841594352051,0.0,1.3616721630096436,-0.48930991876160307,-2.9258551597595215,0.9602467160548367,0.960181816346126,19.34698625499146,14.479665285345325,11.6685543916486,5.532943071167752,0.6760167862029682,-2.1373265691855803,2.747526614088394,2.7628900082678363,4.08767557144165,1.243200306532866,0.008498522453010082,-10.913135051727295,-13.707253238039087,-16.716946246102452,1.5512681356416198,1.8817821658639144,0,0.0,0,0.0,"{""type"":""MultiPoint"",""coordinates"":[]}"
00000000000000000180,400,TEBET,MANGGARAI,3174011007,3.174011007E12,Sangat Tinggi,Manggarai 04,,1 hari,± 20.000,782,Intensitas Curah Hujan yang tinggi dan meluapnya tanggul Kali Ciliwung (kiriman Katulampa),004,5,2020,1577865600000,,150,0,-3.386141085674794,-10.165320844110312,-16.01781156324396,2.2382731550041073,2.8775826791794508,-4.08759658058299,-8.841131155237145,2.5717957643753797,JAKARTA SELATAN,1,0.9114416404767092,0,0.2786560953350945,2729.913656091607,2384.5949985159846,2141.6750118583345,-64.6515303602655,-113.17470449179119,-164.56868942031178,26.20036835513867,136.44001284493578,16,11.89694122040016,8,2.0732268370621423,-1.8361150430138176,-5.642044728433133,1.6446281359644692,1.7282187733496928,1.0,4.09999942779541,1.7397889063881107,0.0,1.8901591300964355,-0.4862200357630793,-2.362837076187134,1.2120625901885482,1.2103704823460326,112125.723878,112587.41706718074,4.7452592849731445,2.0921823115949287,0.0,1.9987056255340576,-0.6129243370050155,-2.768951177597046,0.9065117212924245,0.8995358385520164,23.77851248754303,14.511098333352804,11.668588078328256,9.960972561902382,0.6451098467535219,-2.2225085441627765,3.656221128566086,3.6541406658753557,348.4949951171875,34.072492727756526,0.00849867332726717,327.54241943359375,12.67232246956903,-22.14237494021654,109.55662057037264,109.6723740646838,1,0.014127018701185545,0,0.133608531424537,"{""type"":""MultiPoint"",""coordinates"":[]}"
00000000000000000182,115,TEBET,MANGGARAI,3174011007,3.17401100701E12,Sangat Tinggi,Manggarai 10,,4 hari,± 50.000,790,Intensitas Curah Hujan yang tinggi dan meluapnya tanggul Kali Ciliwung,010,5,2020,1577865600000,,200,0,-4.26980141165363,-11.349623179253713,-16.660117723092537,2.0258707575001393,6.095471824166129,-4.3925370480456225,-10.537821350561426,2.75350390278656,JAKARTA SELATAN,1,0.9417124964874956,0,0.2503061168843049,3376.7421908074275,3103.125590763148,2758.138671748824,117.84226951024266,-22.45115499332244,-121.63071742518287,54.23898085090368,135.8957626016024,19,13.179318373409338,9,3.7432587859441195,-1.837622123896858,-6.1877316293913545,2.3267337605248377,2.389272080307261,1.0,6.200000762939453,2.9209145744305047,0.0,4.076371431350708,0.7858762964567403,-2.190709352493286,1.5373544555716967,1.527971365514747,87026.8376769,87364.90221049599,6.549088001251221,2.584616740121926,0.0,4.030476808547974,0.041875304947421595,-2.5773563385009766,1.3323905092581867,1.3283548839884547,26.5567899929664,14.192062740678573,11.48669690659411,12.638504263124132,0.2128150916348815,-2.4788321336740395,4.064557740581348,4.054456400685671,342.8945617675781,47.78593845487197,0.00849859043955803,321.7394828796387,27.131006283931924,-21.387259535491467,126.4647906495039,126.68993213064778,1,0.05828750351250451,0,0.2503061168843048,"{""type"":""MultiPoint"",""coordinates"":[]}"
00000000000000000154,341,PASAR MINGGU,PEJATEN TIMUR,3174041005,3.174041005E12,Sangat Tinggi,Pejaten Timur 03,setiap tahun kena banjir,2 jam,1 hektar,706,luapan kali ciliwung dan air hujan,003,5,2020,1577865600000,3 m,300,0,-6.1408637874999545,-12.619075396188077,-20.355526203726196,2.2273951832714154,4.628628564935216,-5.621026764711481,-14.346666935205004,2.8675441592433177,JAKARTA SELATAN,1,0.6325051307803154,0,0.48722374967618387,4005.0958957172274,3743.061893304668,3403.396085266404,610.1168304843559,439.531829289981,183.74215718651385,100.3261216672485,129.23806790827342,42,28.395426691701985,18,3.560383386585137,-8.398801776723477,-18.869137380188562,5.029717719067954,5.452104528251656,1.0,11.899999618530273,3.7761884852878365,0.0,5.879360675811768,-1.9122581265179974,-6.069060802459717,3.7911932218909996,3.835148207729628,239510.796775,240480.99851820443,16.9153995513916,4.858468698492779,0.0,13.732641458511353,1.634043440853246,-3.276916742324829,3.016336704972661,3.009621531054374,23.72749822493483,14.340415177636197,10.237848664618918,10.210666882096362,0.816718041653264,-3.2883931581928163,4.021198520169365,4.022948427706518,326.56158447265625,54.015932853103806,0.008497288450598717,311.2673616409302,39.02613002055566,-15.569271439686418,126.2769233456021,126.36978559467967,1,0.3443663304368077,0,0.48,"{""type"":""MultiPoint"",""coordinates"":[]}"
00000000000000000155,300,PASAR MINGGU,PEJATEN TIMUR,3174041005,3.17404100501E12,Sangat Tinggi,Pejaten Timur 06,,1 hari,1 hektar,708,"pendangkalan saluran air, luapan kali ciliwung",006,5,2020,1577865600000,2 m,200,0,-2.003449823109865,-11.873083854835423,-17.38602077422278,2.488824238481397,8.771682332157102,-3.9350228677855186,-11.3267494982231,3.0459115923455133,JAKARTA SELATAN,1,0.8419451557131291,0,0.40210707932040574,4468.213922834007,4144.1241793813215,3767.0405300494886,383.8313068665407,85.54577422064935,-82.6506194530989,104.16139806062664,183.97716274940817,39,29.302825378066665,18,7.190926517574564,-3.282884170215755,-15.462364217249991,5.5738002729541085,5.524198663192388,0.9917632683019163,15.69999885559082,6.624936820292294,0.0,9.53998613357544,0.4041682644223071,-6.355552673339844,4.7833643409651945,4.7798975222984454,318646.510623,319942.2213087265,15.699620246887207,4.091158584987431,0.0,12.528200626373291,1.0159335045792803,-3.1688358783721924,2.7635310494995178,2.7736453936520515,26.524605388183062,14.076385428871035,10.437589063026946,13.099089802057176,0.6528328142474834,-3.0060023248651735,3.85901228277045,3.8562670191900046,331.0906982421875,45.54179563030701,0.008497570641338825,316.9631977081299,31.61207735860985,-15.425052508711815,124.39290315940639,124.77109777406856,1,0.1543453045324229,0,0.3967805536575211,"{""type"":""MultiPoint"",""coordinates"":[]}"
00000000000000000157,200,PASAR MINGGU,PEJATEN TIMUR,3174041005,3.17404100501E12,Sangat Tinggi,Pejaten Timur 09,,setengah hari,2000 m,711,kali meluap dari kali,009,5,2020,1577865600000,500 cm,500,0,-3.586902007830618,-13.150457703996437,-17.369388761750685,1.598742793230999,3.053543631005647,-3.9698679345359675,-11.872771111175535,2.3582114351835615,JAKARTA SELATAN,1,0.8461445535703497,0,0.38805121695508055,4206.312360166264,3934.953439668746,3608.356420548421,610.1168304843559,437.573502684192,221.6190232887093,94.53682598670686,134.03790162523407,44,36.10717694101158,21,7.147476038342113,-0.14593144137593042,-14.22466453673782,6.106436113121546,6.384089172749577,1.0,16.399999618530273,9.119503598451729,0.0,10.576088905334473,3.368598521122272,-5.769853115081787,5.124498498963001,5.164795591113999,288701.386668,289875.7723551033,17.230485916137695,3.886842349725821,0.0,13.988441705703735,0.6484237099503467,-3.245943784713745,3.3106594937736307,3.3062673209788653,23.727862478829987,13.384221405343567,10.437536459917665,10.210586572958903,-0.10517297610857124,-3.044270866064739,3.1719270807588553,3.1789697335439735,326.8504943847656,27.32668279159452,0.008497360162436962,311.4602880477905,12.008532686753354,-16.59948138613254,101.05654580420466,101.4731423782901,1,0.15036422281013298,0,0.38370321746249053,"{""type"":""MultiPoint"",""coordinates"":[]}"
000000000000000001a5,40 KK,PANCORAN,RAWA JATI,3174081003,3.17408100301E12,Sangat Tinggi,Rawa Jati 06,,± 1 x 24 Jam,± 1.000 m²,876,Banjir kiriman yang diakibatkan karena Kali Ciliwung meluap,006,5,2020,1577865600000,,150,100,-5.041725327740048,-12.531280631118294,-18.78294906879165,1.7629416574560355,8.80407297223697,-4.4461554807164525,-12.501013349829257,2.7316563311921307,JAKARTA SELATAN,1,0.7618320848452758,0,0.4397599604670306,4361.000152658897,4074.2648965103303,3679.207876792152,-3.268841592420358,-61.3587528092436,-117.95495949728411,26.44748364954412,160.6368355903244,36,28.77268692280139,18,7.218530351441011,-0.1697958691766503,-10.52575079871876,3.8881764156959577,3.9507009567848224,1.0,10.899999618530273,5.703010339715107,0.0,5.412191390991211,0.12353399388748662,-5.408689975738525,2.4431583669174906,2.6056466339952835,223882.736435,224787.91340335074,8.517386436462402,3.113186538928645,0.0,5.441805362701416,0.01404035491573981,-3.118772029876709,1.7418627978025323,1.7373832628947103,23.745270218771896,13.434264329825966,11.055676653297189,10.232738026489795,-0.030190442301175405,-2.4903339156757855,2.72521390127705,2.7369329014162616,332.917724609375,20.922690362685078,0.00849779974669218,318.3714952468872,6.571052678228463,-14.955025078728795,84.11945690590147,84.16143170661506,1,0.21594430860755948,0,0.42581669449743625,"{""type"":""MultiPoint"",""coordinates"":[]}"
00000000000000000190,"± 400 KK 
  RT 008, RT 011",PANCORAN,PENGADEGAN,3174081005,3.174081005E12,Sangat Tinggi,Pengadegan 01,Warga pernah dilakukan pendataan normalisasi Kali Ciliwung dan menanyakan kapan proses normalisasi dilaksanakan,± 1 x 24 Jam,kurang megetahui detai luasannya,826,meluapnya Air Sungai Ciliwung,001,5,2020,1577865600000,,160,0,-2.023497440027967,-12.028113279359184,-18.23637659271321,2.496755068847357,7.967129305870413,-5.568189094695171,-13.905819285013319,2.8561122681303917,JAKARTA SELATAN,1,0.7779955303421006,0,0.43711632139386136,4751.950197313952,4429.455682751006,4027.5936021300267,179.99386249516283,31.958494163106025,-106.9706415270739,61.1395288104175,171.51016817606555,30,22.06405363589477,15,5.943897763580061,-2.127317958103844,-9.162300319487048,3.289008312673496,3.441493093294701,1.0,8.399999618530273,3.6707298899508403,0.0,4.576472520828247,-0.07788773403148044,-3.990849733352661,2.6603324166203843,2.6926359550891137,202818.512744,203660.41195354183,9.195145606994629,3.4114593609616732,0.0,6.0402867794036865,0.3144160865753689,-3.164938449859619,1.9019310450055789,1.9113219837635664,26.542708236401694,14.256239740300217,10.922483250808195,13.026390261356973,0.7644699846980884,-2.530460817260508,3.950839864297198,3.9606040278742025,336.89471435546875,51.65305025016553,0.008498021401464939,322.6447448730469,37.00287194008666,-15.100476451218128,127.61895183885312,127.59979197897805,1,0.21139762764311487,0,0.4287473633940007,"{""type"":""MultiPoint"",""coordinates"":[]}"
00000000000000000192,95 KK,PANCORAN,CIKOKO,3174081006,3.174081006E12,Sangat Tinggi,Cikoko 01,Banjir sudah rutin per 5 tahun,± 1 x 24 Jam,Berdasarkan informasi Ketua RW bahwa hampir seluruh warga di wilayah RT.02/01 terdampak banjir,834,Meluapnya Air Sungai Ciliwung dan kali di daerah tsb kurang tinggi,001,5,2020,1577865600000,,300,200,0.5253164066154536,-13.022201181330466,-18.118891986428196,2.8933830670264133,6.899580480265554,-5.55252256075032,-12.698906591558362,3.280707742716187,JAKARTA SELATAN,1,0.8622287658999299,0,0.3659934611732063,5222.99483232306,5012.147033168477,4760.092526326834,546.2174443852446,367.0951082253383,174.5740941989552,82.34477021548238,104.38573559819241,53,21.567377084791573,11,30.195143769969643,-1.3773132386924545,-12.065431309902614,6.537022975271687,6.43773180352064,1.0,13.100000381469727,4.205684312262146,0.0,9.846748113632202,0.8303517163301922,-3.4935333728790283,3.240471349445215,3.2058939056958504,144684.68446,145239.70417415223,26.216163635253906,5.66243023125832,0.0,23.162890195846558,2.6428941141781888,-3.033583164215088,5.429986410559591,5.4402507059988245,23.76358659826042,13.956991341348347,9.756045788507924,10.281873700047834,0.46957550325702313,-3.7431034747811243,3.6254756021063126,3.621001654604915,338.5433349609375,39.46635063252596,0.008498139679431915,324.4788808822632,25.58754569297989,-14.152012031525373,110.25188655013103,110.33044739908709,1,0.08853274118413747,0,0.31948553318915673,"{""type"":""MultiPoint"",""coordinates"":[]}"
0000000000000000010d,10,JAGAKARSA,LENTENG AGUNG,3174091004,3.174091004E12,Sangat Tinggi,Lenteng Agung 04,,1 jam,200 m,538,luapan kali dari kali ciliwung,004,5,2020,1577865600000,500 m,500,0,-6.127598874664809,-13.317518283856009,-17.02395657345688,1.7882787801204678,1.549380177534801,-5.36111009587289,-12.415185757102808,2.2813441217388313,JAKARTA SELATAN,1,0.9148442071386776,0,0.3191176974288566,932.2891972324262,480.5627934041166,92.76624232772798,118.62428839537165,-393.0655238778311,-863.7346721581953,271.3068210766292,233.3141628615954,61,47.32562902282038,33,8.131246006395784,-4.58518440243462,-17.344281150155147,5.330285405111004,5.804201905789007,0.9932563349939879,13.200000762939453,5.002675477421861,0.0,4.626364707946777,-3.3543853170868925,-8.690926551818848,3.9843274593660434,3.96852291657042,190747.908426,191556.89840595095,14.729968070983887,4.007395924287513,0.0,10.864298820495605,0.2720070296964967,-3.79516863822937,2.471520097419241,2.4847026179535465,23.59035736624123,13.789365290044215,10.466435115809245,10.024826833865085,0.25734709140178874,-3.0782769924653888,3.4815647792100055,3.477843829761796,284.6748352050781,6.731185678575533,0.008496780879795551,269.19037342071533,-7.843295765730285,-16.467230688780546,43.083476497164646,43.24444821517406,1,0.08358323581041546,0,0.30929478706587094,"{""type"":""MultiPoint"",""coordinates"":[]}"
0000000000000000054f,994,JATINEGARA,KAMPUNG MELAYU,3175031001,3.175031001E12,Sangat Tinggi,Kampung Melayu 03,,< 24 JAM,6000,2485,BANJIR KIRIMAN DAN CURAH HUJAN TINGGI,003,5,2020,1577865600000,30 s.d. 150 cm,150,30,-2.5615130676975033,-11.440631361791226,-18.738451419249216,3.7680029746572385,5.4002546327731,-5.325704411364248,-14.34621891645758,4.1715196328500355,JAKARTA TIMUR,1,0.9551529169879208,0,0.22329687826943623,4049.966334915201,3940.0198866052456,3777.3065187347443,514.0092499436446,358.00515898097365,150.80395140303744,107.58903333352188,73.02994641942853,20,12.533603186841422,7,3.4840894568706844,-4.175998811049951,-10.067092651755502,2.258964994338219,2.206110878391255,1.0,4.59999942779541,1.8178873084192566,0.0,2.134567975997925,-0.6117964478851557,-2.4799489974975586,1.46368634185835,1.4469782592431568,54360.194133,54567.08627664517,8.516953468322754,2.6496358837054395,0.0,5.894403696060181,0.022739694330509,-2.6398746967315674,1.5767498586149316,1.573211677363757,26.555271092959725,14.391436303147707,11.639565030163812,12.893141567545829,0.7267663671975111,-2.0507438256030497,3.609745627590955,3.6099535942563796,341.0418701171875,38.04155224989809,0.008498522453010082,325.16271018981934,22.340725821728082,-16.371426856145263,113.11865665323074,113.25488777645455,0,0.0,0,0.0,"{""type"":""MultiPoint"",""coordinates"":[]}"
00000000000000000550,252,JATINEGARA,KAMPUNG MELAYU,3175031001,3.175031001E12,Sangat Tinggi,Kampung Melayu 05,,< 24 JAM,5000,2486,BANJIR KIRIMAN DAN CURAH HUJAN TINGGI,005,5,2020,1577865600000,30 s.d. 300 cm,300,30,0.5961496471873997,-9.127059547676787,-14.931209203742736,2.8507638162973317,2.8327818819683452,-3.5453579423410333,-9.060767957398168,2.3642802562387795,JAKARTA TIMUR,1,0.9944569008470353,0,0.10425091187368303,3759.0364889192397,3573.804189755425,3403.396085266404,338.7780063082532,194.97654963220342,71.81312409139309,72.80174214018002,95.00973690868538,19,16.30051071250623,10,3.6934185303530587,0.8010489803277162,-5.777763578273023,2.3178668621080973,2.2018643778209044,1.0,4.59999942779541,3.5596290187094426,0.0,2.333775758743286,1.2691813941968868,-2.2729456424713135,1.3299053316758322,1.3531341735146478,55971.8570924,56246.55807161458,6.204805374145508,2.3324325493929936,0.0,3.6711409091949463,-0.20356072267906322,-2.556320905685425,1.3770946860132194,1.379579664092063,23.42230584493582,13.104881500017205,11.48669302887532,9.587109141870044,-0.755259386225428,-2.377882471141975,2.876537271297165,2.8753261840199413,341.32232666015625,14.20954722396908,0.008498601615428925,321.989107131958,-5.710321964563917,-20.995348502881825,90.97771626000662,90.94226005446954,1,0.005543099152964624,0,0.10425091187368284,"{""type"":""MultiPoint"",""coordinates"":[]}"
00000000000000000551,1424,JATINEGARA,KAMPUNG MELAYU,3175031001,3.17503100101E12,Sangat Tinggi,Kampung Melayu 07,,< 24 JAM,6000,2487,"PENYEMPITAN SUNGAI, BANJIR KIRIMAN DAN CURAH HUJAN TINGGI",007,5,2020,1577865600000,30 s.d. 200 cm,200,30,-10.229935671945999,-13.203132340658684,-15.85285702570387,1.282577347323243,3.922028299204859,-3.7731329457162817,-8.939576657775174,2.29602737340257,JAKARTA TIMUR,1,0.9802458758011979,0,0.19230769230769215,3466.0328473612344,3337.6848554794788,3198.7543709788697,165.4629222171584,66.66685158360168,-13.053543011929378,41.297727875986084,67.7050095924681,16,12.11495219081644,9,0.8028115015990505,-3.1420825487651425,-6.1877316293913545,1.7680881423971455,1.8504557250938336,1.0,3.0,1.270516019490282,0.0,0.8482427597045898,-0.9109835969408462,-2.218606948852539,1.2732179956992324,1.2809295323822525,33175.3546128,33336.0404677326,4.745297431945801,2.1994764243177323,0.0,2.2158474922180176,-0.33785396936474155,-2.5291738510131836,1.1313583930119533,1.1323121871367212,26.5567899929664,16.50691847338436,11.536443929204722,12.638504263124132,2.5812867445929473,-2.341967838683537,4.966885239479967,4.984927519846279,341.5602722167969,90.98783977253883,0.008498601615428925,320.73444747924805,70.02584961470468,-21.2622824087739,154.54215918105837,154.59070204532617,1,0.019754124198802146,0,0.19230769230769232,"{""type"":""MultiPoint"",""coordinates"":[]}"
000000000000000005d7,897,JATINEGARA,KAMPUNG MELAYU,3175031001,3.17503100101E12,Sangat Tinggi,Kampung Melayu 08,,< 24 JAM,7000,2706,"PENYEMPITAN SUNGAI, BANJIR KIRIMAN DAN CURAH HUJAN TINGGI",008,5,2020,1577865600000,30 s.d. 250 cm,250,30,-1.9545649053654428,-12.63211646797026,-16.327314559272963,2.313756027661519,4.415162819008419,-2.4485577420195392,-9.650170218193097,2.7621012936179334,JAKARTA TIMUR,1,0.9434100930916218,0,0.24384589675773363,3496.9305243137433,3366.039495893435,3257.4030848734587,121.51663006553144,53.027435284120074,-12.320302132336565,36.868612298939865,72.2088337389364,16,12.130491589090315,10,0.4437060702892328,-3.564439553580131,-6.154121405749098,1.5291993521355305,1.4238015607358177,1.0,3.0,1.1964315222541277,0.0,0.8483321666717529,-0.9659869530885102,-2.2247540950775146,1.2939648700395139,1.294485103155781,42785.0286645,42922.103629905374,4.719669342041016,1.9247768359374673,0.0,2.1609930992126465,-0.6546450568758233,-2.5813753604888916,1.0660809629692325,1.0661045360191932,26.556541129037882,18.510127348934752,11.561718222039593,12.563660637607395,4.577120292715752,-2.3569037277205442,5.282090890383225,5.283789523460811,341.47528076171875,184.26144326047705,0.00849859043955803,322.3458824157715,163.9680132839535,-20.92687851935625,169.13891570849685,168.94567898833435,1,0.05658990690837826,0,0.24384589675773358,"{""type"":""MultiPoint"",""coordinates"":[]}"
000000000000000005d8,986,JATINEGARA,KAMPUNG MELAYU,3175031001,3.175031001E12,Sangat Tinggi,Kampung Melayu 04,,< 24 JAM,5000,2709,BANJIR KIRIMAN DAN CURAH HUJAN TINGGI,004,5,2020,1577865600000,30 s.d. 300 cm,300,30,-3.6795370698708862,-9.928949551583653,-18.738451419249216,3.097313716971693,1.9551594996509043,-3.9306762081526188,-12.795230824322559,3.062534118575136,JAKARTA TIMUR,1,0.9863295173397073,0,0.15612494995995987,3990.0269515220684,3735.057745799942,3520.231388768886,490.14142640264936,281.5468815160531,121.93326068223314,92.87602089169138,112.9507032876827,20,14.980081351952025,10,4.047284345049656,-0.9130594654858644,-6.143386581467979,2.1906682165817197,2.149353908090105,1.0,4.59999942779541,2.9964732762657187,0.0,2.2971622943878174,0.6174649701666549,-2.390159845352173,1.3916252712897959,1.3979110947946745,83125.9077067,83457.7586258516,6.670129299163818,3.0565876553917124,0.0,4.069934368133545,0.4779236411735407,-2.589001417160034,1.5165752721090946,1.5186947942762001,23.765564519804272,13.653585085911034,11.312061079782705,10.019084668074942,-0.12000365093648964,-2.4328359722981165,3.425658283599638,3.4245798282100455,341.2628173828125,24.39467181546723,0.00849859043955803,324.58167266845703,6.545611237625454,-19.73390633612871,112.75495727231674,112.84328171508676,1,0.01069316895206944,0,0.09090593428863095,"{""type"":""MultiPoint"",""coordinates"":[]}"
000000000000000005e2,166,JATINEGARA,KAMPUNG MELAYU,3175031001,3.17503100101E12,Sangat Tinggi,Kampung Melayu 06,,< 24 JAM,2000,2725,BANJIR KIRIMAN DAN CURAH HUJAN TINGGI,006,5,2020,1577865600000,30 s.d. 175 cm,175,30,-3.315473289445706,-10.047253760274062,-15.151893390008835,2.272617045054325,6.095471824166129,-4.053743235657346,-10.181486113118128,2.964771750039174,JAKARTA TIMUR,1,0.9889051094890511,0,0.14986672195868136,3712.968124883651,3517.1794740978917,3352.4441657665852,340.21587028898693,189.7049265448123,73.26377668471332,58.436512332245194,85.18578262133116,19,15.331503649635035,10,3.6934185303530587,0.32429078053373006,-4.693290734822792,1.9366094393663158,2.0837276677930405,1.0,4.500000953674316,1.4136995836244013,0.0,2.263451337814331,-0.8439988091183407,-2.3194632530212402,1.137105314951146,1.1394732270259913,59768.4815363,59990.10098731746,6.685102939605713,2.2664080880053725,0.0,4.174810409545898,-0.24767194018050703,-2.5232739448547363,1.2494263854096281,1.2497492213779553,17.81883290073414,14.034212544905401,11.536443929204722,3.905542977817918,0.12492569443393708,-2.341967838683537,2.090105677954516,2.1002636370382457,1.2747806310653687,0.342076457850635,0.008498619310557842,-19.33161403797567,-20.47017401695387,-21.3158655539155,0.5638164376851258,0.5427117296677315,1,0.011094890510948906,0,0.1498667219586816,"{""type"":""MultiPoint"",""coordinates"":[]}"
00000000000000000510,103,JATINEGARA,BIDARA CINA,3175031002,3.175031002E12,Sangat Tinggi,Bidara Cina 01,,48,200,2370,Luapan Kali Ciliwung,001,5,2020,1577865600000,200,200,0,-4.610104215067432,-11.877242793956619,-18.41057345155148,2.6271149788744355,7.41385862496689,-5.341801209857738,-12.785991492531267,3.362184279115274,JAKARTA TIMUR,1,0.9206250353847025,0,0.30149231157300527,4503.703138716528,4323.823091006169,4142.404854298993,489.1108734509926,352.2032988629767,178.5888848075556,78.10080036536559,91.65149747333932,25,18.82726603634717,10,6.611501597446001,0.3195275841523872,-8.45750798721858,3.558333386649648,3.5411267043228896,1.0,5.699999809265137,3.2028135662945973,0.0,3.117149829864502,0.6724609950319973,-2.5372397899627686,2.0322418074193256,2.051390501275624,61651.6224002,61857.59539838926,7.645296096801758,3.6450853336642313,0.0,4.98844313621521,0.992459692373515,-2.671785593032837,1.7053679200928313,1.7061502751174749,26.55225130612926,13.81933634073193,11.061034706775999,12.84748493510416,0.10860448063863881,-2.643292277215563,4.018480884005807,4.0145480397305615,340.3619689941406,50.50295602546185,0.00849843304604292,324.4546957015991,34.808935842816716,-16.092127040028572,130.55437664193892,130.65240901652996,1,0.037819170016418505,0,0.18047616184504506,"{""type"":""MultiPoint"",""coordinates"":[]}"
00000000000000000511,250,JATINEGARA,BIDARA CINA,3175031002,3.175031002E12,Sangat Tinggi,Bidara Cina 02,,48,1000,2371,Luapan Kali Ciliwung,002,5,2020,1577865600000,150,150,0,0.5064281361742862,-11.104271290922032,-16.15521485405918,2.7064832461590784,3.974447666412925,-3.888480870122002,-9.885053544021439,2.638715341844607,JAKARTA TIMUR,1,0.8954138051449188,0,0.33906619950530814,4583.25324652654,4397.372757950451,4195.0449745402975,402.5376801303555,291.59587766722524,162.0662489961569,64.85885553966631,88.76349643480903,20,16.145501105808396,9,1.1003194888199097,-2.819847049979362,-9.827220447282428,2.23595502623708,2.2696697521574243,1.0,5.699999809265137,2.301961022058308,0.0,3.1068878173828125,-0.2692397638883071,-2.553380250930786,1.484679476218403,1.5077464082436418,59909.4632616,60161.04339966097,4.9861650466918945,2.420523510255659,0.0,2.3205361366271973,-0.24250384203256223,-2.667428493499756,1.2099999982577412,1.21046724512293,23.76774523946289,15.433610002624718,12.251048935566322,10.020390983679283,1.7126858133077054,-1.4576015281521446,3.5558019727580032,3.5681658749171703,339.988037109375,60.99951168633317,0.008498397655785084,324.18139362335205,45.30417749826283,-16.262234449386597,133.83154145054212,134.08835119455617,1,7.566057502037014E-4,0,0.10910102576069176,"{""type"":""MultiPoint"",""coordinates"":[]}"
00000000000000000512,340,JATINEGARA,BIDARA CINA,3175031002,3.175031002E12,Sangat Tinggi,Bidara Cina 03,,48,1000,2372,"Luapan Kali Ciliwung , Pompa besar tidak berfungsi",003,5,2020,1577865600000,150,150,0,-5.63180291234735,-12.390657874232089,-17.02118287668742,2.105565610966719,5.3823311918158705,-3.7470738908711945,-10.63471847091812,2.6692519265694585,JAKARTA TIMUR,1,0.9532092669958219,0,0.23368863038546517,4768.22095132273,4559.524907673426,4361.000152658897,485.70723646456827,341.6220911241278,176.41190818310133,78.19849455910769,100.43118732806677,24,17.27459172047094,14,4.404984025560964,-2.1079680098606115,-5.135974440892607,2.1575874363112986,2.2289647762930374,1.0,5.199999809265137,2.833839585216969,0.0,2.567884683609009,0.20261239603450432,-2.6485495567321777,1.8648734461315262,1.886279636884681,46137.5043874,46307.32221487623,6.549186706542969,2.5819962205698492,0.0,3.8702924251556396,-0.09685181808073257,-2.667428493499756,1.4979069578874122,1.5016411785356083,23.76112285406509,14.617600584403334,11.212148722632405,10.123729248695316,0.9275198824001839,-2.498446757624899,3.685886554563445,3.6759995109440022,339.69061279296875,51.82559737089476,0.008498361334204674,324.81011962890625,36.7333345539495,-15.779506094753742,119.51455364915826,119.53620197085029,0,0.0,0,0.0,"{""type"":""MultiPoint"",""coordinates"":[]}"
00000000000000000516,1518,JATINEGARA,BIDARA CINA,3175031002,3.17503100201E12,Sangat Tinggi,Bidara Cina 07,,48,2200,2376,Luapan Kali Ciliwung,007,5,2020,1577865600000,500,500,0,-6.601778789623355,-12.05184350617931,-15.270064275002465,1.5808247151519335,0.8117395866018502,-3.595093030397694,-9.177006653942975,1.9788489301944288,JAKARTA TIMUR,1,0.8863269831670193,0,0.35067325122623083,5352.379055826938,5205.3274368179,4961.910128403266,752.6711545889821,629.1443579789819,464.08463790316546,72.17638987104897,103.35427940143691,24,18.423420018143332,14,2.6743769968067426,-2.934235518099248,-7.659808306707468,2.3132268570851626,2.346488696855531,1.0,6.100000381469727,1.3308336273122603,0.0,3.098453998565674,-1.6921140734087903,-3.0645878314971924,1.332763697283993,1.3432288459653905,138400.394183,139000.70166294888,7.958510398864746,2.125437837008831,0.0,5.077605724334717,-0.7092073856402448,-2.874760627746582,1.396572592102999,1.4031440292159714,26.54869585032876,15.559838879155736,11.541832969172352,13.038353064639406,1.9902716256285728,-2.0443944895810677,4.289680580528139,4.2573273308727515,338.9512634277344,84.4610068809858,0.008498204872012138,325.61254692077637,70.92815588085762,-14.11834805086255,143.9658180193081,143.83536903924062,1,0.08985989315593185,0,0.3285254846778865,"{""type"":""MultiPoint"",""coordinates"":[]}"
0000000000000000051a,427,JATINEGARA,BIDARA CINA,3175031002,3.17503100201E12,Sangat Tinggi,Bidara Cina 11,,24,400,2380,Luapan Kali Ciliwung,011,5,2020,1577865600000,150,150,0,-4.9842244929686075,-12.791625085330413,-18.151912294520514,2.0907476652461066,11.931783380602077,-3.372821968685177,-12.121482545664419,3.6724922313256623,JAKARTA TIMUR,1,0.8458196965188931,0,0.38375973197681446,5313.65165615001,5033.620850313744,4690.890864729903,685.9470749011743,445.8553597778695,193.5006256961915,107.81840677511154,136.2820582438207,36,22.02719428741446,14,13.721405750800209,0.11037329462745991,-7.659808306707468,3.6222593608397147,3.774501131504741,1.0,8.600000381469727,3.306829755972813,0.0,5.474914312362671,0.20741868046059964,-3.181009531021118,2.3576244669293627,2.3790449701123397,175819.809303,176543.0107331362,17.855907440185547,3.998313142111717,0.0,14.907833576202393,1.1249383181259645,-2.911363124847412,2.769495780145513,2.7861620222751093,26.54869585032876,13.591675463124925,10.443214101681859,13.038353064639406,0.028879224941596313,-3.053789133273252,3.3803580293471405,3.36516753182034,338.8067932128906,32.25686454231739,0.008498162031173706,325.53848457336426,18.65751419197707,-14.09905340988189,109.87016183211237,109.88136603267276,1,0.10984825944659322,0,0.3390103898337393,"{""type"":""MultiPoint"",""coordinates"":[]}"
0000000000000000051c,100,JATINEGARA,BIDARA CINA,3175031002,3.17503100201E12,Sangat Tinggi,Bidara Cina 13,,48,200,2382,Luapan Kali Ciliwung,013,5,2020,1577865600000,150,150,0,-6.575653275981676,-10.95055204632345,-17.718583903850686,2.802309629305824,0.9054558327979055,-5.260599267071367,-12.241218078734157,3.0285514190093865,JAKARTA TIMUR,1,0.7254740313272876,0,0.4714045207910316,4425.6401038404565,4329.935587702622,4195.0449745402975,380.06329526991703,297.7603715239834,179.46610265366417,58.06711730652279,73.68190389942285,21,15.887056883759278,12,2.3027476038358294,-2.8357400788562037,-6.74888178913546,2.890226623379332,2.884000748519378,1.0,5.699999809265137,2.4210633311700147,0.0,3.1110668182373047,-0.13772101551662852,-2.5386838912963867,1.7383790212658932,1.758916231228472,8463.28600724,8507.012878956535,5.400617599487305,3.0582759944938567,1.3153373003005981,2.7291998863220215,0.3913447834790882,-1.356575608253479,1.0557620401694783,1.0542421995826523,13.920208925725452,12.911776744807012,11.40638301210173,0.2104802611323553,-0.8042353841952288,-2.304244340681734,0.49644911071767533,0.4953311500595287,0.025495335459709167,0.021466803512407772,0.00849843304604292,-15.325886485166848,-15.884651232885098,-16.23980922996998,0.2704770070799133,0.0056366536106284984,1,0.1393239901071723,0,0.3499271061118826,"{""type"":""MultiPoint"",""coordinates"":[]}"
0000000000000000051d,230,JATINEGARA,BIDARA CINA,3175031002,3.17503100201E12,Sangat Tinggi,Bidara Cina 14,,48,5000,2383,Luapan Kali Ciliwung,014,5,2020,1577865600000,300,300,0,-7.056158764151472,-11.441839813162002,-16.23394228909646,1.8936630221943327,-1.4689810728681505,-4.701051135368087,-10.21799918071722,2.118435260041761,JAKARTA TIMUR,1,0.8329816588216199,0,0.36080121229410994,4824.736501687555,4751.066723148138,4621.58402781297,497.9372719275989,438.27983787887644,317.6326754899492,44.36965356653783,51.36848761958074,21,17.795974679435155,14,1.3216613418549557,-1.9541940465436076,-5.588242811499775,1.8766477096361787,1.8946618668626838,1.0,4.600000381469727,1.6176922427739169,0.0,1.8796935081481934,-1.0799865012160375,-2.7206902503967285,1.3721766832691944,1.3711217564285625,21499.9586683,21576.03163112408,5.624479293823242,2.43643427921607,0.0,2.889920711517334,-0.2884393442549735,-2.711237907409668,1.1998295771599499,1.2019025803980343,23.76659454138057,16.150113989461968,11.66851621807924,10.17539078490322,2.529353118102775,-2.00544182985505,4.820658739014409,4.791865957119999,339.5631408691406,115.19280487139007,0.008498361334204674,325.4069995880127,100.5774421441485,-14.912595579400659,156.8356756530315,156.71047779080152,0,0.0,0,0.0,"{""type"":""MultiPoint"",""coordinates"":[]}"
0000000000000000051e,200,JATINEGARA,BIDARA CINA,3175031002,3.17503100202E12,Sangat Tinggi,Bidara Cina 15,,48,200,2384,Luapan Kali Ciliwung,015,5,2020,1577865600000,200,200,0,-8.081730549773084,-11.16864930989012,-15.555162938475302,1.7971441077994548,0.5892796061679033,-3.7034075902529673,-9.573714115307952,2.131927375405724,JAKARTA TIMUR,1,0.9793506493506493,0,0.14903269373413633,4768.22095132273,4591.930842405173,4418.829177362677,486.73758865917716,327.7076906285046,186.68632297726344,78.28042556838578,92.84603553111361,24,19.267402597402594,14,4.404984025560964,-0.3832945852850373,-5.588242811499775,2.017377817553384,2.042927732204023,1.0,6.499999046325684,4.154597555507313,0.0,3.7798967361450195,1.4573560327678527,-2.670032024383545,1.4858918297858459,1.5018081652713198,26822.6720948,26943.41414855437,5.9390153884887695,2.4866703630964473,0.0,3.243885040283203,-0.21546499284056864,-2.713517904281616,1.304167518953426,1.3038253215330728,22.960835377078272,13.033560511124065,11.310724280250346,9.382980014855518,-0.6238669437942512,-2.343588016498021,2.801258444712914,2.7834712954310836,339.588623046875,10.463962705176106,0.008498361334204674,325.0813903808594,-4.325071489150913,-14.966002273373306,85.64241693750778,85.58797155084166,0,0.0,0,0.0,"{""type"":""MultiPoint"",""coordinates"":[]}"
0000000000000000051f,68,JATINEGARA,BIDARA CINA,3175031002,3.17503100202E12,Sangat Tinggi,Bidara Cina 16,,48,200,2385,Luapan Kali Ciliwung,016,5,2020,1577865600000,200,200,0,-10.383869669761165,-13.278539056388066,-17.542108130508474,1.6813352505120216,2.284368132616318,-3.8938286338494783,-11.232095635999238,3.2159290964876264,JAKARTA TIMUR,1,0.6782255953938758,0,0.46351240544347894,5030.804923627973,4856.6610087259005,4690.890864729903,501.69522050505293,348.9144581878882,193.5006256961915,86.7890209649444,97.48861197231986,28,21.816016749542005,18,5.868626198084552,-0.00945860817778622,-3.536613418528802,2.0632240848576267,2.176958728491558,1.0,3.3999996185302734,2.603560218072256,0.9000015258789062,0.27155232429504395,-0.5350931112256485,-2.216726779937744,0.6217634235061831,0.6255792502116417,26654.2642891,26778.08328935867,11.142607688903809,2.5663474039456133,0.0,8.286159992218018,-0.26564909157032934,-2.8386335372924805,2.055278244147601,2.0615898201402345,17.341655704300468,13.185520000939803,10.672336545139055,3.6917252068741657,-0.47851871041208416,-2.962328257173608,1.3317293862674389,1.3348601903542803,0.09348005801439285,0.022726670716779765,0.008498162031173706,-13.259874433279037,-13.570949520606689,-13.870335565879941,0.16576096710405538,0.021734806140248978,1,0.3217744046061241,0,0.46351240544347894,"{""type"":""MultiPoint"",""coordinates"":[]}"
00000000000000000521,53,JATINEGARA,BALI MESTER,3175031003,3.17503100301E12,Sangat Tinggi,Bali Mester 06,Tahun 2020 air meluap ke Jl. Raya Jatinegara Barat,5 Jam,350 m2,2391,Luapan Kali Ciliwung,006,5,2020,1577865600000,"1,6 m",160,0,2.0628353209647905,-11.109117376793485,-19.459606351081685,3.0323756742744634,8.674913863423235,-3.797144145742881,-14.455680385549329,3.5479454619145394,JAKARTA TIMUR,1,0.9583947838236435,0,0.20588221630999573,4019.037897083563,3848.5326396104824,3584.4280636387275,516.9667445858554,421.4748903604447,243.47643581415014,75.90251917563134,101.75708269463263,28,17.715322518047053,12,12.265942492014508,2.072728513368113,-4.380063897761914,2.990463021386574,3.0689272158171694,1.0,4.800000190734863,1.5826262185766604,0.0,2.2969329357147217,-0.9142291491042569,-2.5498530864715576,1.4819605215246587,1.4767189319818435,179657.821808,180388.90495753323,9.214407920837402,3.104701824841929,0.0,6.628217697143555,0.530497919974847,-2.600755453109741,1.7735434393945375,1.777987674006043,18.03095847461791,12.93044393332542,11.061055701003166,4.273268832489894,-0.7856002454851281,-2.63669092910558,1.824965500080322,1.819598021457746,1.1642980575561523,0.14533171605618503,0.00849859043955803,-12.18054324388504,-16.204123203104793,-20.66586308926344,2.2054566797389246,0.37754722734294327,1,0.03170845300007763,0,0.1870115907307295,"{""type"":""MultiPoint"",""coordinates"":[]}"
00000000000000000455,311,KRAMAT JATI,BALE KAMBANG,3175041005,3.175041005E12,Sangat Tinggi,Bale Kambang 01,,7 - 12,850,2035,Luapan Sungai Ciliwung,001,5,2020,1577865600000,80-250,250,80,-4.01800887070109,-13.254632519124693,-18.367935482865434,1.6559683663812195,6.570441442672736,-4.977176952071552,-12.58166067619261,2.774449009785908,JAKARTA TIMUR,1,0.7652222884781021,0,0.438835758128824,3937.924255178528,3494.33909696669,3194.7163878362667,3.810006478196101,-77.0048612282431,-142.15206329565763,30.80127444650239,174.7267066902615,36,28.080688619448306,14,4.952971246009362,-2.621679599966917,-16.128945686898057,5.021748857449131,4.827584863276743,1.0,12.600000381469727,6.959713620551255,0.0,7.481329441070557,1.4761138285593072,-6.238134384155273,4.3933888993258154,4.223305605218427,315997.47081,317257.5850927129,18.23781394958496,4.0518853137843776,0.0,15.265976905822754,1.0776272263058606,-3.0587990283966064,2.898364726060878,2.8985279338987384,26.52778622098349,14.088904627676056,10.513308425223416,13.004424502463074,0.5981925482648295,-2.983171186939863,3.798021384754928,3.794044171779251,331.7960205078125,46.57846309733085,0.008497660048305988,317.4912281036377,32.43286813695592,-15.529352333396673,121.76220407431022,121.85692447447754,1,0.22027871640274735,0,0.429635466204854,"{""type"":""MultiPoint"",""coordinates"":[]}"
00000000000000000456,67,KRAMAT JATI,BALE KAMBANG,3175041005,3.175041005E12,Sangat Tinggi,Bale Kambang 02,,7 - 12,300,2036,Luapan Sungai Ciliwung,002,5,2020,1577865600000,80-250,250,80,-6.350317022557912,-13.494643887945118,-18.0239473280433,1.4529644930300236,5.162037108502821,-4.13533368213503,-10.790621417796324,2.4785882953496112,JAKARTA TIMUR,1,0.8912744812924317,0,0.3329155802415108,4283.350023716669,3664.1752391396662,3339.584723798207,248.33040290755343,41.21986694084784,-96.22515926696678,75.55843343838133,237.87311434817505,41,34.425325163710056,18,8.590159744411245,1.2436224769262336,-15.257252396163707,4.252767501452523,4.263182069246979,1.0,15.80000114440918,6.455650893690229,0.0,10.060895919799805,0.8037597686298882,-6.333878517150879,4.276305538590929,4.273846377684575,347729.590627,349164.9005844385,12.896014213562012,2.9048432474643526,0.0,9.740104675292969,-0.24881813280583825,-3.2114222049713135,2.103566568028147,2.098528630939198,26.523757159919768,13.269454390580883,10.603102473849447,13.126868651689747,-0.20093170788720868,-2.8171499240171904,2.3578217704114945,2.345821118263532,330.4618835449219,13.711383293294054,0.008497517555952072,316.4299421310425,-2.1154219725285004,-16.24827929213643,66.74672674965252,66.476779711553,1,0.10469419067579903,0,0.32527380252930294,"{""type"":""MultiPoint"",""coordinates"":[]}"
00000000000000000458,492,KRAMAT JATI,BALE KAMBANG,3175041005,3.175041005E12,Sangat Tinggi,Bale Kambang 05,,12 - 24,1000,2039,Luapan Sungai Ciliwung,005,5,2020,1577865600000,100-250,250,100,-3.381119173110452,-13.676713894315661,-18.148838888930094,1.7190490153397453,5.162037108502821,-6.557586316762099,-12.716736195029213,2.5195542598799125,JAKARTA TIMUR,1,0.5445736273739094,0,0.4983946961145444,4206.312360166264,3881.4934229123023,3442.3651404797974,599.9438046493701,322.7987069133719,10.934929867107257,130.0179241023894,178.24136141756964,41,29.187281228019362,17,6.071948881791947,-5.759160844090417,-18.869137380188562,5.338099351231842,5.041472204609305,1.0,16.399999618530273,6.138128536126039,0.0,10.689980506896973,0.48442578103645045,-6.097354412078857,5.058770760258844,5.036590721198656,421450.969844,423193.40427078016,16.297557830810547,5.235873936845757,0.0,13.085430145263672,2.0137554484808775,-3.231168270111084,2.7561006078251027,2.7527922191170133,23.737287176858604,14.51801094578688,10.40832122201483,10.317182383505507,1.0281303665493546,-3.0781885279358203,4.444810924575332,4.444717927531001,329.7310791015625,76.18683905230083,0.008497367613017559,314.8513240814209,60.5415765670478,-16.949359697289765,143.1202284652445,143.09040513475495,1,0.4485828954445782,0,0.4972929221875356,"{""type"":""MultiPoint"",""coordinates"":[]}"
000000000000000004af,329,KRAMAT JATI,CILILITAN,3175041006,3.175041006E12,Sangat Tinggi,Cililitan 05,,48 Jam,5000,2196,Luapan kali Ciliwung dan Kali Item,005,5,2020,1577865600000,100 - 300 Cm,300,100,-4.08868298262307,-12.877050288678971,-16.032935544767327,1.6610538836023654,5.067408594436141,-4.159401398490852,-9.63668310202657,2.341612746338483,JAKARTA TIMUR,1,0.9780049698260561,0,0.14517078291797464,3321.497865031356,3078.458687491202,2675.787546757929,-30.05779923722548,-86.0422864827947,-150.2600874855275,26.977594307322967,134.5004728971256,35,29.256187433439848,19,6.584281150162678,0.9095997595639884,-8.438338658144257,3.1011732547650928,3.463943096407327,1.0,12.600000381469727,6.523861150826216,0.0,7.7735724449157715,1.8134764651216257,-4.455309867858887,3.8292532248663456,4.052066509527882,245560.266995,246586.5728786126,8.536334037780762,2.8641723164058055,0.0,5.627098321914673,-0.09407853680127563,-2.9984922409057617,1.6624725328255372,1.6562492788430287,17.90122383468737,13.094274258094298,10.946278005418602,4.4454441972807235,-0.4301571436661367,-2.6236976906633043,1.4245773490978362,1.4221744391822344,2.243385076522827,0.05195526017401769,0.008497760631144047,-10.537247989326715,-12.724928058845197,-13.803585444577038,0.8012503804627651,0.25106918400651723,1,0.02199503017394392,0,0.14517078291797475,"{""type"":""MultiPoint"",""coordinates"":[]}"
000000000000000004b0,529,KRAMAT JATI,CILILITAN,3175041006,3.17504100601E12,Sangat Tinggi,Cililitan 06,,50 jam,8400,2197,luapan kali ciliwung krn air kiriman dari bogor,006,5,2020,1577865600000,250 cm,250,0,-4.745975653731223,-13.514680583931913,-18.61694731516192,1.5609477196385702,2.595502700412654,-4.827103962849495,-12.080441893929144,2.5426387727288198,JAKARTA TIMUR,1,0.7417460294096003,0,0.4521661132064003,4091.1911183486804,3521.999240338099,3151.3226391168187,-19.373066717284473,-79.9107237895974,-142.39935929093826,27.041254360780886,230.14384709702009,33,23.70600703593035,15,4.155910543134169,-4.454072889646869,-13.194760383383297,3.055220076726039,3.1552138445937334,1.0,11.80000114440918,3.6668099672440575,0.0,6.72801399230957,-1.3839761227334655,-5.289942264556885,2.9032747089642488,2.9575702871481497,236935.268854,237910.0712017401,11.51754379272461,3.264682258843468,0.0,8.446691751480103,0.24499915759139554,-3.0764458179473877,1.8297370118031795,1.8378118080887889,23.74695620987108,14.119524502100393,11.139912576976364,10.260586991418274,0.6083630840491256,-2.3444777020402903,3.199446790795685,3.1970357369932647,332.95172119140625,30.22951672555196,0.00849779974669218,318.69428157806396,16.09644360257612,-14.77986028790474,95.77781078664692,95.8848828182333,1,0.24160619397382885,0,0.4414629935316682,"{""type"":""MultiPoint"",""coordinates"":[]}"
000000000000000004b1,901,KRAMAT JATI,CILILITAN,3175041006,3.17504100601E12,Sangat Tinggi,Cililitan 07,,34 jam,3 ha,2198,meluapnya kali ciliwung,007,5,2020,1577865600000,500 cm,500,0,-6.2593101611741755,-12.762119633472379,-18.1129886702212,2.0372145997315996,7.640719804761,-4.933335923262013,-11.412027763842783,2.794015134127375,JAKARTA TIMUR,1,0.8888273550878987,0,0.3392675929394975,3870.698557220822,3538.6959608869984,3083.6927807006746,-20.028837721503805,-79.06131556846039,-144.5331487530375,27.01776924518226,157.06304771089853,30,22.88940955951265,14,3.453929712461928,-3.90083750875234,-12.249329073480236,3.232356914915644,3.2095441423331574,1.0,7.5,2.393781629783768,0.0,3.1825814247131348,-2.267882639721709,-5.147220134735107,2.2675440618948732,2.210519282187306,245531.438668,246518.01572725267,9.131183624267578,3.3704342175711934,0.0,6.145429611206055,0.37236675492273796,-3.018662452697754,1.8680827781325973,1.8695739314535056,26.539447959181874,14.436868515553519,11.079367398330849,13.029666419510407,0.9189225505051912,-2.479359900991863,3.6789466755828357,3.6704916342445615,335.7984619140625,37.123105796751595,0.00849785003811121,321.2693347930908,22.93191738345127,-14.788502283394337,111.2381522507859,111.377602571961,1,0.10755161739229215,0,0.33589550272624175,"{""type"":""MultiPoint"",""coordinates"":[]}"
000000000000000004b3,516,KRAMAT JATI,CILILITAN,3175041006,3.17504100602E12,Sangat Tinggi,Cililitan 16,,,4.6 ha,2206,Saluran air tdk menampung dan luapan kali ciliwung krn air kiriman dari Bogor,016,5,2020,1577865600000,250 Cm,250,0,-9.477243610620063,-13.555524045992248,-17.10645940252087,1.1299538761866499,4.589280803753526,-4.505651215327012,-12.080441893929144,2.8066972474345264,JAKARTA TIMUR,1,0.6787264833574527,0,0.46787632899722714,3993.260798022001,3591.235715698197,3216.1937146508,-21.505223030515936,-81.48678096961673,-139.8237862646124,26.628289555997462,201.52757706138087,33,25.41180254060137,18,4.155910543134169,-3.661559463277835,-11.35936102236112,3.303819924106603,3.3558018913324075,1.0,11.80000114440918,5.107600544009041,0.0,6.72801399230957,-0.12910252895920005,-5.408689975738525,3.5888259611065485,3.5744188298305897,151823.974201,152464.40812869396,7.943521976470947,2.8424808827274166,0.0,4.939382314682007,-0.20342537699189783,-3.0792200565338135,1.5794943034146134,1.5823253236002959,26.52870777293326,14.586715373059567,11.060953425387398,12.996328264959311,1.0680217022447398,-2.4903339156757855,3.8314047202056036,3.8391624223035965,332.3738708496094,52.98418943676588,0.008497778326272964,318.04088306427,38.43110218877414,-14.958349591121078,121.44045225041867,121.52491374029546,1,0.3072611582018238,0,0.45804642767665926,"{""type"":""MultiPoint"",""coordinates"":[]}"
00000000000000000577,151,KRAMAT JATI,CAWANG,3175041007,3.175041007E12,Sangat Tinggi,Cawang 01,RW 001,20 Jam s.d 36 Jam,± 500 M,2534,Luapan Sungai Ciliwung,001,5,2020,1577865600000,270 cm,270,0,-2.130595178506348,-12.996337677804998,-18.249409271304273,2.9389550269324225,8.560432404660636,-5.588114964941726,-13.698364512550382,3.6873820352065945,JAKARTA TIMUR,1,0.7437155119558556,0,0.4389966322998829,5028.238404496413,4748.821766918604,4439.230607744934,404.5514183977002,222.14417317957623,59.05171035140302,73.10267150878333,130.08969727762636,29,19.490950791379984,13,6.764600638979047,-2.985289518012816,-9.57993610223508,4.171692950789524,4.035772522133488,1.0,7.0,2.174743951589196,0.0,3.813124656677246,-1.024114106324442,-3.3564343452453613,2.3002875038996926,2.2935313337570085,153653.893305,154257.88312220626,12.325596809387207,4.137899145208194,0.0,9.471298217773438,1.2141729745100516,-2.875791072845459,2.3810920374566877,2.362765248164802,23.76358659826042,13.79706756771357,10.568559381994694,10.281873700047834,0.24164831242344123,-3.057599469425069,2.9917886194619356,2.9793324577313305,338.5433349609375,15.912448468540052,0.008498118259012699,324.4375419616699,2.0202540352799128,-14.156881405971944,71.81493770835804,71.86557691353944,1,0.18720621295728596,0,0.40281572248105735,"{""type"":""MultiPoint"",""coordinates"":[]}"
00000000000000000578,119,KRAMAT JATI,CAWANG,3175041007,3.175041007E12,Sangat Tinggi,Cawang 02,RW 002,24 Jam s.d 48 Jam,± 900 M,2535,Luapan Sungai Ciliwung,002,5,2020,1577865600000,400 cm,400,0,-5.955858344187908,-12.657427086483743,-16.73885889605713,1.7093830111212585,0.9964845009772344,-5.175121023968387,-10.498597597034845,2.2115125245771736,JAKARTA TIMUR,1,0.605355533418718,0,0.48737477273829644,4916.610843369583,4582.668224194056,4234.8577061483975,313.64449752811197,120.02762355260047,-48.086680612756936,76.68942037215545,155.1677292853704,32,21.423153550590577,11,8.952843450480742,-1.521794711497037,-12.065431309902614,4.9755169055204815,4.9638052747026045,1.0,7.899999618530273,2.804508746662738,0.0,4.58821702003479,-0.5072204805767447,-3.5512843132019043,2.5573373075483645,2.5252252388943104,146894.345195,147547.28461279688,9.597299575805664,3.3170802802176826,0.0,6.670983552932739,0.32950356941816666,-3.054619550704956,1.9522044392145363,1.9420274780487319,26.5430362981752,14.692737507920361,11.214967978632298,13.07824678354245,1.157296569709545,-2.3684613689222864,3.9716418781141494,3.9420739425051408,338.4923400878906,57.02372409711064,0.008498072624206543,324.40010166168213,43.03127568987238,-14.361609557643533,122.03708455711616,122.1310838250284,1,0.36397704093733674,0,0.4797727806060519,"{""type"":""MultiPoint"",""coordinates"":[]}"
00000000000000000579,195,KRAMAT JATI,CAWANG,3175041007,3.175041007E12,Sangat Tinggi,Cawang 03,RW 003,24 Jam s.d 48 Jam,± 800 M,2536,Luapan Sungai Ciliwung,003,5,2020,1577865600000,470 cm,470,0,-1.2795931193464436,-11.015546512392472,-15.92877419856923,2.898667737449784,13.044103486974322,-2.146236406224635,-8.610746698692985,4.317364984729745,JAKARTA TIMUR,1,0.9215686274509804,0,0.2910731121943447,4145.519835203624,3965.458477279951,3753.3088663802037,4.381385238220901,-54.50644356802338,-111.16217353236334,26.101588316115855,86.17903061223605,29,24.630502200880354,17,4.073354632589567,-0.6682688027269018,-8.555654952074654,3.4219685072027213,3.2564696049112345,1.0,9.5,6.193427172790961,0.0,5.629763603210449,2.0406495063316354,-4.366427898406982,3.5336609708156,3.427862999083833,69739.5280761,70018.33072710376,6.567941188812256,2.771446400756191,0.0,3.5421009063720703,-0.2703500240295828,-3.0589447021484375,1.5184418573318812,1.516438312102995,22.950107687058907,13.372230605386951,11.219196660632567,9.412054693179485,-0.16838453350410837,-2.3230972031472064,3.5103172558423266,3.5088696519941456,336.49530029296875,30.483273608926876,0.008497943170368671,321.9903202056885,15.955196926727337,-14.857438321225345,116.55966321137636,116.66089127503054,1,0.0784313725490196,0,0.2910731121943446,"{""type"":""MultiPoint"",""coordinates"":[]}"
0000000000000000057a,161,KRAMAT JATI,CAWANG,3175041007,3.175041007E12,Sangat Tinggi,Cawang 05,RW 005,24 Jam s.d 48 Jam,± 400 M,2539,Luapan Sungai Ciliwung,005,5,2020,1577865600000,410 cm,410,0,-4.644090599003173,-12.266999220426626,-18.23637659271321,2.244852201758226,14.205153170846932,-2.907224169010383,-13.905819285013319,3.4426211663691335,JAKARTA TIMUR,1,0.9153301145087593,0,0.2646098363117119,4174.480904747759,3900.150514492758,3551.8690852957257,4.381385238220901,-66.51252251673479,-128.8718734767226,27.101910318946583,127.68673441823783,32,25.492184175962418,14,7.319872204474482,0.6099950230046712,-12.140319488815752,3.81511847478727,3.421691779323577,1.0,9.5,6.067707739256179,0.0,5.877980947494507,2.146090176309397,-4.583258628845215,2.8351397909847305,2.702030066812377,123281.147828,189392.52703269187,7.436324119567871,2.6196322179326663,0.0,4.425382137298584,-0.398159491958943,-3.065690517425537,1.5209476496023142,1.5105900794023654,23.062373789508392,13.761889527261435,11.11211383765157,9.529952263124345,0.18187190128793848,-2.477821899263592,2.819327675883711,2.810207157759947,336.5632629394531,26.432953583493404,0.008497925475239754,322.02117443084717,12.255627838734652,-14.853699932806194,94.60302165447752,94.76840688761905,1,0.06580091385019514,0,0.23860629921247914,"{""type"":""MultiPoint"",""coordinates"":[]}"
0000000000000000057b,37,KRAMAT JATI,CAWANG,3175041007,3.17504100701E12,Sangat Tinggi,Cawang 12,RW 012,20 Jam s.d 30 Jam,± 200 M,2545,Luapan Sungai Ciliwung,012,5,2020,1577865600000,230 cm,230,0,5.685254276303004,-11.875175810992447,-16.054180492278476,2.4539872645620155,14.205153170846932,-3.9280203681510946,-10.247790531501531,3.157809733426794,JAKARTA TIMUR,1,0.7911040900451706,0,0.4110888989503812,4534.172513765277,4276.664032222506,4013.6813201368936,106.83628991758633,-12.962917168469206,-108.60223191172963,46.157997475894724,131.7907489579371,30,22.77866363883197,14,6.852523961662861,-0.9030528456553607,-10.07731629392799,3.6541781077439803,3.4766280791578725,1.0,7.899999618530273,4.949506989252302,0.0,4.567910194396973,1.4482176585577966,-3.704498291015625,2.783978980293642,2.7355655924164313,141436.644407,141979.1300221955,8.51725959777832,2.8772601702393765,0.0,5.492585182189941,-0.14465599071181212,-3.0307891368865967,1.636265042890599,1.6390657742558667,26.542708236401694,14.200935133597755,11.083805469553548,13.026390261356973,0.6361317143713521,-2.4546515066385517,4.004902327396629,3.983422451052718,336.80120849609375,56.15165743540323,0.008498021401464939,322.4402961730957,41.81346004108452,-14.66962829604745,130.52352399794245,130.63410617382434,1,0.1966035593513192,0,0.4037952755903493,"{""type"":""MultiPoint"",""coordinates"":[]}"
000000000000000005e8,657,KRAMAT JATI,CAWANG,3175041007,3.17504100701E12,Sangat Tinggi,Cawang 08,RW 008,24 Jam s.d 48 Jam,± 1500 M,2733,Luapan Sungai Ciliwung,008,5,2020,1577865600000,490 cm,490,0,-1.5857424913867826,-13.144865038611266,-18.016060683168174,1.801238406327055,1.304013159316395,-4.374935617645133,-12.173264691333728,2.4187917219274273,JAKARTA TIMUR,1,0.7840779545084413,0,0.45875184373714667,4537.966801051652,4321.411577626683,4075.384783197904,73.68678629678197,-17.82107051923824,-91.31436029336601,33.61477343503617,104.37227275467194,24,19.258075023071495,11,-1.0488178913720603,-5.6516491162571825,-14.190670926515693,2.4513241644610044,2.400331147522898,1.0,6.69999885559082,1.5277396879200826,0.0,2.7440500259399414,-2.523425158043067,-4.232664585113525,1.573999792428151,1.554950312097166,128465.565706,129003.75451024827,9.504671096801758,3.2256579649826307,0.0,6.382513523101807,0.07381456228875347,-3.1820757389068604,2.0491108822813504,2.0394134900449243,23.75162406207997,14.811958904629805,10.834797101886753,10.253747031835708,1.336002196929126,-2.6536001237957,3.601237072162721,3.6096549109387595,336.49530029296875,54.97155140242216,0.008497979491949081,321.9903202056885,40.10488052575358,-15.20086208358407,123.07863828976546,123.02048703735927,1,0.19502198577710225,0,0.4482158732221166,"{""type"":""MultiPoint"",""coordinates"":[]}"
0000000000000000045a,25 KK,PASAR REBO,GEDONG,3175051001,3.175051001E12,Sangat Tinggi,Gedong 01,,3 jam,800 m2,2050,Luapan Sungai Ciliwung Rt. 010/001 Kel. Gedong,001,5,2020,1577865600000,100 - 200,200,100,5.688535885038992,-11.935347771495158,-20.61642382967833,3.729227671372175,10.343574504462964,-5.225444183356111,-14.031249566183199,3.4834651910646985,JAKARTA TIMUR,1,0.8391717647058822,0,0.3905164832608977,3613.123075758068,3438.7553550775565,3111.4743579302713,542.6811443634247,415.2147945931325,139.47187153793857,93.63498161501937,116.16010361891794,45,38.773684705882346,24,6.778146964859452,0.8671759395633332,-15.464153354627967,4.353487604262174,4.042555799584354,1.0,15.299999237060547,8.94176077615177,0.0,9.693212985992432,3.155738623450784,-6.392690181732178,4.470142731749627,4.452006892012119,185225.178124,185950.93304571355,10.515218734741211,2.808370153242,0.0,7.133915901184082,-0.4464885402690665,-3.2886953353881836,1.7739525507108556,1.7964665681408667,23.017510239563595,13.293754896805435,11.02044649326855,9.498772783015276,-0.28723636196416624,-2.539325710338833,2.408559643555536,2.39606551801172,323.0182189941406,16.742315904365032,0.008497227914631367,306.46295166015625,1.3015905163429957,-16.621553357690573,74.6436827872158,74.93471694712416,1,0.13682823529411764,0,0.373285334373018,"{""type"":""MultiPoint"",""coordinates"":[]}"
0000000000000000045b,41 KK,PASAR REBO,GEDONG,3175051001,3.175051001E12,Sangat Tinggi,Gedong 03,,3 jam,1500 m2,2052,"Luapan Sungai Ciliwung Rt. 001/03, Rt. 012/03, Rt. 013/03 Kel. Gedong",003,5,2020,1577865600000,100 - 200,200,100,-3.1889432331960004,-13.090170639748871,-20.460365760713596,2.5307398654096267,5.846204113329804,-6.677019419882169,-15.464268859602859,2.8750034932240314,JAKARTA TIMUR,1,0.5910445465556691,0,0.49219508327491446,3756.7464877996586,3368.9392096740667,2987.3034691983003,537.6989472660825,249.66067758710977,-8.080134248411923,134.85193197967115,211.76583879735279,44,34.078134312575706,19,8.446900958468945,-2.4342907993786356,-17.264792332265216,6.371732419467403,5.432488932340313,1.0,16.100000381469727,4.710814215230114,0.0,10.708088874816895,-0.7184028029774163,-6.153073787689209,4.709586376402001,4.5463803905498175,362983.671871,364425.86317289993,15.540666580200195,4.04961525402867,0.0,12.344273805618286,0.8470262774497415,-3.2337517738342285,2.559856586075388,2.578358973675585,26.50760780654192,13.720813388293294,10.441098165048516,12.990621126881408,0.192223494940258,-3.109772489369158,3.103758119687308,3.1047561978711067,325.1679992675781,34.17459758784715,0.008497260510921478,310.3799057006836,19.781334464867502,-17.802940364927053,97.96843423634911,98.32305920029576,1,0.3784630765385577,0,0.48488761584515644,"{""type"":""MultiPoint"",""coordinates"":[]}"
0000000000000000045c,20 KK,PASAR REBO,GEDONG,3175051001,3.17505100101E12,Sangat Tinggi,Gedong 09,,3 jam,700 m2,2058,Luapan Kali Baru di Rt. 001/009,009,5,2020,1577865600000,100 - 200,200,100,-6.255842666446912,-12.998290764509566,-17.369878108277014,1.689991800714172,2.8664154985030064,-4.771945776008009,-10.311090204836606,2.338539085981044,JAKARTA TIMUR,1,0.9668708093553665,0,0.23648262545110654,3151.3226391168187,2864.5147155592795,2623.82556060524,397.4292479152373,189.0261758847505,41.12792446329058,81.62694564780308,131.58322908839088,48,39.478828995301214,30,10.44396166134402,2.161714373524234,-6.525495207665799,3.702333667205216,4.022892853426922,1.0,11.100000381469727,3.5576286003246125,0.0,6.976447582244873,-0.7718972153298855,-4.776511192321777,3.335246553458504,3.2613646845347946,132085.623756,132597.37555529948,7.479633808135986,3.1119870091339314,0.0,4.476094007492065,0.17513274920225266,-2.837374687194824,1.430723959456409,1.4406322533452305,18.910734815424444,13.642781365489423,11.077837177929789,5.409839471209951,0.08914474442952944,-2.520329547237809,2.426756621051383,2.419641367551604,2.6424989700317383,0.5822199671155299,0.00849720649421215,-0.0044002532958984375,-5.633434437849274,-9.394132574088871,1.9600142999013088,1.0482393285682985,1,0.033129190644633336,0,0.23648262545110657,"{""type"":""MultiPoint"",""coordinates"":[]}"
0000000000000000028f,70,GAMBIR,KEBON KELAPA,3171011005,3.171011005E12,Sedang,Kebon Kelapa 03,Batu tulis raya,4 -5 jam,4 m,1323,Curah hujan tinggi,003,3,2020,1577865600000,"± 40 Cm
(Sedengkul Orang dewasa)",40,0,-1.774955893966896,-10.474092147978485,-17.3656911430418,2.8098852080820724,10.119149040155893,-2.384649313099237,-11.930138534822445,3.833522575010217,JAKARTA PUSAT,1,0.9899098545380044,0,0.1045352924222345,1328.210458360942,1080.4737881229428,840.0340520953622,129.17683183936424,-48.038546421511334,-207.67291960347075,76.73645066655617,106.8642354615432,53,6.638368162261833,-1,45.48881789137446,-0.7810930562721781,-8.447284345047255,7.3585797839350295,7.3745296746039415,0.5852910635585579,5.300000190734863,1.6105306061216371,0.0,3.1124091148376465,-0.5555466325818895,-2.241495370864868,1.3510324027473497,1.3678590389853256,136325.504674,136806.49055752502,38.78722381591797,6.357122355047442,0.0,34.37842512130737,2.1537106486159106,-4.2027788162231445,6.4753689546095785,6.538732763773369,22.791161968735132,12.726205548240271,9.26633692942165,9.475220982866562,-0.6384972128592029,-4.080735122119682,2.748419560243242,2.7483668045809493,363.1382141113281,10.154100688246112,0.00849937740713358,343.17375564575195,-9.361011812676344,-20.231464154087007,82.78763609943994,82.9408255097078,0,0.0,0,0.0,"{""type"":""MultiPoint"",""coordinates"":[]}"
0000000000000000029a,-,SAWAH BESAR,PASAR BARU,3171021001,3.17102100101E12,Sedang,Pasar Baru 07,Sudah dihubungi,5 Jam,200 m,1348,"1. Intensitas hujan tinggi;
2. Meluapnya air sungai ciiwung;
3. Kurangnya resapan air disekitar wilayah;
4. Sempitnya saluran air di sekitar wilayah",007,3,2020,1577865600000,50 cm (Jl. Lause dan jl krekot bunder 4) perbatasan kelurahan),50,0,2.9586749350648236,-8.803687459979624,-17.2069420799559,3.170743677095465,10.609217699795458,-2.7448330785386235,-11.728401750388233,3.5895946535466434,JAKARTA PUSAT,1,1.0,1,0.0,1577.0261195713756,1469.0104538969442,1302.0362575498923,540.4474719222247,416.30448348865394,242.32676918119932,65.75792164930819,69.59023333374901,24,9.942187752464047,4,16.365239616614137,2.3887687038280276,-3.6688817891367025,3.603390375850205,3.5853556843766,1.0,3.6000003814697266,2.744611556434848,1.0999999046325684,1.7759108543395996,0.8549609867585345,-0.8986071348190308,0.7122955319747364,0.684763286378633,107900.807588,108375.05123399913,15.068674087524414,4.505119709166134,0.0,11.150882244110107,0.6689420255190877,-3.989082098007202,3.3609531875339647,3.3903718335899327,16.648659309536438,12.164299179931904,10.359933051654611,3.399174484322426,-1.151743605019433,-2.911939604345262,1.079943304384453,1.0816159156546095,0.05949627608060837,0.012572739952457395,0.008499441668391228,-13.562851559370756,-15.614031998774571,-17.612914688885212,1.1940704251370229,0.009986677574537584,0,0.0,0,0.0,"{""type"":""MultiPoint"",""coordinates"":[]}"
0000000000000000029c,37,SAWAH BESAR,PASAR BARU,3171021001,3.171021001E12,Sedang,Pasar Baru 01,Sudah dihubungi,dari malam hingga pagi,200,1350,"1. Intensitas hujan tinggi;
2. Meluapnya air sungai ciiwung;
3. Kurangnya resapan air disekitar wilayah;
4. Sempitnya saluran air di sekitar wilayah",001,3,2020,1577865600000,Sepaha orang dewasa,75,0,-0.4786524465706638,-9.720625408158881,-17.094303508323932,3.4763224006512305,17.500209281432248,-1.41078411374193,-10.088162774705223,4.0714541132802475,JAKARTA PUSAT,1,0.966871514149969,0,0.17622734816346616,1878.3732438998293,1609.4544431929617,1379.069335874412,422.790109556611,263.05009087787226,67.12873159363426,93.61899343751703,129.31077916265122,16,8.379260483371207,2,8.336741214058199,0.632386137974193,-5.819424920127105,2.8078128116536822,2.7662207912159467,1.0,3.40000057220459,2.0986806711451718,0.0,1.5356171131134033,0.11740243642371044,-2.1092398166656494,1.118647586730819,1.094485942818641,135129.838878,135642.22376780657,10.479788780212402,3.364571539805561,0.0,6.333168029785156,-1.0163240394693738,-4.560185432434082,2.219280737298556,2.150627469567994,18.034947096168366,12.996814910350121,10.789455117164067,4.808780218925296,-0.19748712465874013,-2.4194294702979757,1.362866785957269,1.3559856158421169,0.34847524762153625,0.03998698152932519,0.008499356918036938,-12.154472053050995,-16.013382081384314,-19.119888094253838,2.001796109797058,0.05259651898556634,1,0.03312848585003098,0,0.1762273481634661,"{""type"":""MultiPoint"",""coordinates"":[]}"
0000000000000000029d,72,SAWAH BESAR,PASAR BARU,3171021001,3.171021001E12,Sedang,Pasar Baru 02,Sudah dihubungi,setengah pagi hingga sore,3 m2,1351,"1. Intensitas hujan tinggi;
2. Meluapnya air sungai ciiwung;
3. Kurangnya resapan air disekitar wilayah;
4. Sempitnya saluran air di sekitar wilayah",002,3,2020,1577865600000,30-40 Cm,40,30,-1.8253485014967765,-10.348796300883665,-18.195175491399386,3.103935195286784,5.891875295157638,-3.770378031988182,-14.673315512108374,3.335884997261439,JAKARTA PUSAT,1,0.9688093518444213,0,0.19542481274908904,1692.8250687230054,1519.7092070671063,1318.4560267800225,453.5219184550899,327.1637844597655,126.48525955199352,75.69637524038126,92.17834189195978,18,9.415803975068885,5,10.515399361023094,1.7507456012499685,-2.8182747603826925,2.9644936245943057,2.903264540077156,1.0,3.6000003814697266,2.5925475422772175,1.0,1.6891632080078125,0.6522457550658949,-1.0537381172180176,0.7208920826103438,0.6716659363702604,130512.74089,130965.52111923954,10.479788780212402,3.3571488408532404,0.9274099469184875,6.333168029785156,-0.7846130774115097,-3.4444456100463867,2.2320048583360554,2.1935091707828422,15.368478687807032,12.435070196411091,10.763500558676649,2.1449347675375616,-0.8234861351369386,-2.438522272599183,0.8976256284541683,0.8969322086265172,0.09349377453327179,0.017647760136289287,0.008499406278133392,-11.403188391588628,-15.970902884936685,-18.472367954440415,1.7853019758712538,0.02123541461933824,1,0.017548083353395933,0,0.1661385399683346,"{""type"":""MultiPoint"",""coordinates"":[]}"
0000000000000000029f,243,SAWAH BESAR,PASAR BARU,3171021001,3.171021001E12,Sedang,Pasar Baru 04,-,6 Pagi hingga 3 Sore,-,1353,"1. Intensitas hujan tinggi;
2. Meluapnya air sungai ciiwung;
3. Kurangnya resapan air disekitar wilayah;
4. Sempitnya saluran air di sekitar wilayah",004,3,2020,1577865600000,"50 - 60 cm
bervariasi",60,50,1.2062649653558624,-7.73429708670424,-15.79402918986078,3.497615306008533,13.399857331883908,-3.1538066339294297,-10.233837771671993,3.184784645623799,JAKARTA PUSAT,1,0.9650597301543757,0,0.24505752379442983,1466.7630786537025,1187.496798665883,875.1549798115764,169.82027761564586,-65.54817568346704,-299.148932345556,111.55307194176034,143.48748211482857,12,7.546125645310125,2,4.508242811502311,0.06236277028278224,-5.619424920127093,2.1221146149295684,2.122152609852853,1.0,3.0,1.8242163658142097,0.0,1.1977506875991821,0.05264400619460027,-1.848766803741455,0.8735675900731273,0.8838645363685961,139858.573327,140450.59893415635,7.8801188468933105,2.7551518229813072,0.0,3.681809425354004,-1.3654051865339665,-4.0660200119018555,1.3503775142336527,1.3702824884683427,17.65805086866086,13.236712887255225,11.406532369312783,4.539749869926407,0.10784376966232358,-1.7371881323510099,1.531230436449075,1.533059640815508,1.096421480178833,0.10445398591784155,0.008499406278133392,-3.8073160648345947,-9.724953474356019,-12.971340872347355,2.0337882277846244,0.2953150176077445,1,0.011247724268648528,0,0.10286301637257403,"{""type"":""MultiPoint"",""coordinates"":[]}"
000000000000000002a1,80,SAWAH BESAR,PASAR BARU,3171021001,3.17102100101E12,Sedang,Pasar Baru 06,-,hingga saat ini RT 07 dicekungan,Sepanjang gang,1355,"1. Intensitas hujan tinggi;
2. Meluapnya air sungai ciiwung;
3. Kurangnya resapan air disekitar wilayah;
4. Sempitnya saluran air di sekitar wilayah",006,3,2020,1577865600000,"70 cm, 40 cm",70,40,2.7813334204968747,-8.724483684168092,-15.164045870525458,2.85773679889047,3.379059470428795,-3.376629933994562,-10.498823903974683,2.5199463627604706,JAKARTA PUSAT,1,1.0,1,0.0,1495.8107119745314,1330.8169373651322,1173.410462922962,397.8724411060807,279.0821449348281,100.94573849482163,74.55220633107857,81.22850344484173,18,7.976566698914328,2,10.515399361023094,0.5597374168016093,-5.1651118210855,2.8907238408166833,2.9130744247558567,1.0,3.5,2.457067852979782,1.700000286102295,1.6773929595947266,0.6711607613730634,-0.03961634635925293,0.3581137534441318,0.3964195628506613,64953.1369053,65188.147181214896,12.190571784973145,4.089987145147567,0.0,8.326403617858887,0.291305095441083,-3.9315052032470703,2.5906177101225114,2.583008508854737,15.955513115145958,12.788732450198548,10.763500558676649,2.751635874069253,-0.4563480441520033,-2.449341317912708,1.0306629292905314,1.0314331810514057,0.12749247252941132,0.02978656446254081,0.008499459363520145,-8.481592610478401,-12.412214383381274,-14.536485061049461,1.5368509826995933,0.029949796971757706,0,0.0,0,0.0,"{""type"":""MultiPoint"",""coordinates"":[]}"
0000000000000000020a,229,SAWAH BESAR,GUNUNG SAHARI UTARA,3171021004,3.171021004E12,Sedang,Gunung Sahari Utara 03,biasanya tidak pernah banjir,cukup lama,Cukup luas,1122,"1. Curah hujan tinggi;
2. Dataran rendah",003,3,2020,1577865600000,40 Cm,40,0,5.492290551233959,-10.056695382725,-17.424186224575326,4.13433914630906,9.096068179905348,-4.745470941177275,-12.232677411335395,3.617501748457234,JAKARTA PUSAT,1,0.9052742907067642,0,0.27722670540030714,1057.6978978086688,870.9385244314893,524.765112121048,412.4412899071093,166.33298973851848,-250.91801885977327,145.50536397463006,117.07748440427919,23,5.927208350577093,-2,17.758338658147476,0.4802365454254648,-7.398210862619291,3.3161224054267686,3.287571750129828,1.0,3.1999998092651367,1.0565273243368567,0.0,1.848996639251709,-0.32941606767396,-1.463463306427002,0.9787337740258709,0.9843441005805934,227522.144051,228472.59756722915,16.29625701904297,4.026855767111258,0.0,12.8635995388031,0.5148501093071752,-3.5818941593170166,2.874803499100518,2.834502813562441,20.17503793310794,13.073836229487593,10.277588682621488,6.950048115138996,-0.15893576568172518,-3.0046119064318564,1.8886629694836041,1.893782985205733,0.6544702649116516,0.12512998864928543,0.008499613963067532,0.4022410809993744,-0.11123946619641867,-0.25449370313435793,0.2174480636921695,0.21780422516305403,1,0.049202188807651634,0,0.20425742004742553,"{""type"":""MultiPoint"",""coordinates"":[]}"
0000000000000000025e,40,SAWAH BESAR,MANGGA DUA SELATAN,3171021005,3.17102100501E12,Sedang,Mangga Dua Selatan 11,-,3 Jam,300,1259,curah hujan intensitas lebat dan ekstrim,011,3,2020,1577865600000,RT 02 (30 CM) dan titik terdalam 50 CM,50,30,2.7632951971315034,-10.788196770288128,-19.190371092052807,3.2205087707018483,12.089458538277846,-2.702119968695919,-14.190133834630931,3.987364701242615,JAKARTA PUSAT,1,0.9940237829047668,0,0.14400547006751196,473.0168798317619,306.09557568734357,92.76624232772798,-263.90205431946634,-434.44342983185345,-667.5442595382833,103.76053221079982,92.17429477293017,14,8.009940034556351,0,8.510159744409485,2.6299193812722104,-5.3524600638973014,2.7197883655905986,2.7666960716921762,1.0,5.199999809265137,3.20624446333854,0.0,3.4458783864974976,1.4681941468876318,-1.6385176181793213,1.12463380390824,1.1276366988643935,171617.131953,172308.14539489042,10.49409008026123,3.5808504864008563,0.0,7.332247495651245,0.4272148371506105,-3.1431078910827637,1.7419531590375013,1.7437424810177486,15.95555902573679,12.201634223526332,10.733950200469359,2.600496497417863,-1.175853238782767,-2.6524269452139517,0.8921379077631851,0.8830024395460905,0.9179623126983643,0.01397758651316917,0.008499781601130962,0.6647020578384399,-5.237491253139122,-8.34014158230275,2.358854442651428,0.06051894033853156,1,0.005325744486228272,0,0.12908090009938827,"{""type"":""MultiPoint"",""coordinates"":[]}"
0000000000000000025f,Perkantoran dan ruko2,SAWAH BESAR,MANGGA DUA SELATAN,3171021005,3.17102100501E12,Sedang,Mangga Dua Selatan 12,-,jam 4 pagi sampai 3 Sore,400,1260,"curah hujan intensitas lebat dan ekstrim
2. Jalan raya akses ruko dibangun jembatan (dibawah bibir kali)",012,3,2020,1577865600000,"Mangga dua dalam sekitar 60 cm , mangga dua raya 40 cm",40,30,7.343347108554536,-10.29861422382477,-16.86241502168532,4.257804523171919,10.513721373238752,-2.6434411311897184,-9.95772453909062,4.050176922325722,JAKARTA PUSAT,1,0.938792896887729,0,0.27569005414087633,855.2624952764933,609.5531646346504,371.0649693109119,29.125879483790413,-177.4724933406116,-413.11694922553426,101.94054281088732,116.63406625184308,29,10.799233247251136,1,23.316805111821743,5.198246611072377,-4.273354632587391,4.9939655031577574,5.054261292951043,1.0,9.300000190734863,5.347570616674447,2.200000047683716,7.560651898384094,3.6018637313537063,0.5121022462844849,1.6195499353110419,1.6246037694910394,131048.39101,131563.4525074943,19.9021053314209,6.0640747981414105,0.0,16.66487741470337,2.835657970719512,-3.239328622817993,4.119479347756197,4.122402343513536,15.95555902573679,11.960012731609867,10.063812765470697,2.5355506633863243,-1.480228013833206,-3.392974153004479,1.224846961492037,1.2185562046562062,0.1104981079697609,0.01602028480535988,0.008499824441969395,-6.954842798411846,-9.82928789867898,-12.117401657626033,1.2405917006434057,0.016892729576551798,1,0.05441814648172305,0,0.26714292604942724,"{""type"":""MultiPoint"",""coordinates"":[]}"
000000000000000002a7,46,MENTENG,PEGANGSAAN,3171061002,3.171061002E12,Sedang,Pegangsaan 01,Belum kirim data,-,-,1374,"1. Curah hujan tinggi;
2. Hulu Kali Ciliwung meluap;
3. Rembesan dari mikrobiologi UI saluran airnya jebol (kerumah warga)",001,3,2020,1577865600000,20 - 60 cm,60,20,11.614392409507783,-9.608634548530565,-16.928421605106394,3.7757430856768996,13.84157293084132,-3.6226865770860806,-11.590953417663119,4.036609393161971,JAKARTA PUSAT,1,0.9292281879194632,0,0.27084393610189494,2163.661985914175,1805.6916436324807,1521.4794995326806,-88.78369005092327,-160.37271791563128,-233.4285962421875,29.407734858798747,155.4166386535339,30,12.512046979865763,3,18.128562300320397,0.6696670604893599,-8.599488817890549,3.489484629761349,3.5297424269348734,1.0,3.299999237060547,1.3451558256629326,0.0,1.3520126342773438,-0.5969584628179571,-1.9406133890151978,0.9738693913408968,0.9872852293039642,207817.484003,208695.91734979232,19.0362606048584,3.957498072067762,0.0,15.972104787826538,0.9247553839879541,-3.135265350341797,2.912110670411081,2.91768274685773,23.816822052939578,13.718928982529924,10.11179672125586,10.231015791056343,0.17305773302024602,-3.394942385888104,3.464360985924088,3.476833557680984,357.290771484375,40.37408503684321,0.0084988409653306,339.6431293487549,21.78735145815167,-20.27087999600917,115.42876452076234,115.85239112573923,1,0.053305369127516766,0,0.2194348395612568,"{""type"":""MultiPoint"",""coordinates"":[]}"
00000000000000000031,700-800,TANJUNG PRIOK,PAPANGGO,3172021003,3.17202100301E12,Sedang,Papanggo 06,,,,77,"saluran dangkal tidak berfungsi , waduk penuh lumpur sampah dan enceng gondok",006,3,2016,1451635200000,51 - 60 cm,60,50,-1.3558236523690814,-12.823458847322007,-16.254180863092294,2.5116198087551473,2.3685627726033305,-4.601314726066439,-9.41980429086,2.389432877138717,JAKARTA UTARA,1,0.9823104250888152,0,0.18467177069477,1416.0152335820305,1128.4039689862252,747.9053559872657,454.0866243193748,182.27508291461635,-147.13148734495655,151.06263399555314,170.94752806482083,8,1.97336763444812,-15,3.810607028754201,-2.015252310843719,-18.76127795527143,3.785828223429363,3.8664444802802858,1.0,4.900000095367432,1.4545461572225693,0.0,2.45762300491333,-1.0697793988332758,-2.574849843978882,1.3192694657115782,1.3399046519150757,142341.615727,142949.0513998608,16.816743850708008,3.637930765024049,0.0,13.827401399612427,0.7684237035425157,-2.8868587017059326,3.1146590208719367,3.143580274012843,21.3074332964077,13.925993622519481,10.946678813487447,7.854776268733847,0.45875495586783666,-2.5562611457731883,2.262402747150507,2.2633387154975684,2.2694931030273438,0.46072478799922256,0.00849994271993637,1.5821467190980911,-0.1366570984025359,-1.6573845269158483,0.7538308033262285,0.7934127381220438,1,0.01768957491118461,0,0.18467177069476992,"{""type"":""MultiPoint"",""coordinates"":[]}"
00000000000000000321,224,TAMAN SARI,MAPHAR,3173031003,3.173031003E12,Sedang,Maphar 01,Nihil,2 jam,5.345 m,1623,"Intensitas hujan yang tinggi, air tidak tertampung ke saluran dan adanya limpahan dari wilayah Kel. Kebon Pala Jak Pus dan masih adanya pendangkalan dan penyempitan Kali beton yang dikarenakan bangunan di bantaran Kali Beton yang memakan badan kali",001,3,2020,1577865600000,5 - 75 cm,75,5,-5.9908121983272,-10.260394758331609,-16.312174345488,2.5686464176541435,3.883950622712075,-2.782119045746808,-8.33650390726239,2.523865618646389,JAKARTA BARAT,1,1.0,1,0.0,1147.455046826599,917.9118593102709,706.486653451565,173.7009543497294,-20.600293609209626,-203.60677044215151,87.72401042324464,111.5055878938942,11,6.201769911504426,2,3.9128434504799507,-1.0199819160019186,-5.421469648561606,2.058173977160823,2.0065815203767845,1.0,4.600000381469727,1.6199313556879142,0.0,2.8024284839630127,-0.2657701591134512,-2.001840353012085,1.1086673572321353,1.0738886847365694,61060.3017028,61396.84172190527,6.7241621017456055,2.7782993612580738,0.9274099469184875,3.1440422534942627,-0.7767524526352685,-2.778374135494232,1.3916903134510088,1.3992023340467579,16.864828659808378,13.226770704796175,11.185673392734452,3.3843466193612066,-0.3231145237140312,-2.3309679085176818,1.5607356101013612,1.538553160263458,0.5949616432189941,0.0733850364735743,0.008499459363520145,-17.71447390317917,-19.443437173103796,-20.67278255149722,0.9429854910285848,0.19110051723302485,0,0.0,0,0.0,"{""type"":""MultiPoint"",""coordinates"":[]}"
00000000000000000322,127,TAMAN SARI,MAPHAR,3173031003,3.173031003E12,Sedang,Maphar 02,Nihil,2 jam,4.226 m,1624,"Intensitas hujan yang tinggi, air tidak tertampung ke saluran",002,3,2020,1577865600000,20 - 40 cm,40,20,0.39237166917442,-8.576959989432327,-15.299629220339117,2.899830200688388,10.788346733524715,-2.057724152038772,-8.917744539507233,3.0881141214650487,JAKARTA BARAT,1,1.0,1,0.0,955.0869205754603,726.816103017102,463.8312116386399,62.97690009082021,-153.89485757902335,-398.86356622536397,125.3696738091635,139.9947749041097,11,7.23539595666257,2,3.9861980830678014,0.23940872622416717,-4.934824281149458,2.0573706037913757,2.1010032310140683,0.8388213751509289,4.800000190734863,2.887775176412684,0.0,2.973329186439514,1.107097811257122,-1.8223004341125488,1.7181125813988605,1.7188096599208418,62533.3509655,62738.416979437985,8.339978218078613,2.5214070477199915,0.0,4.934500217437744,-0.9391207965934502,-3.4545371532440186,1.4236104961569909,1.4249734845742164,23.83500958840857,14.276975802725193,11.310936308408547,10.215151649866506,0.6368529336920775,-2.311677489713732,3.584360111430196,3.5755982612339334,363.5801696777344,43.603883578662206,0.008499491959810257,343.95417404174805,23.21053545906432,-20.78344499412924,121.5357535761279,121.29920875392838,0,0.0,0,0.0,"{""type"":""MultiPoint"",""coordinates"":[]}"
00000000000000000323,366,TAMAN SARI,MAPHAR,3173031003,3.173031003E12,Sedang,Maphar 03,Nihil,2 jam,6.727 m,1625,Intensitas hujan yang tinggi air tidak tertampung ke saluran dan adanya limpahan dari wilayah Kelurahan Kebon Kelapa Jakarta Pusat dan masih adanya pendangkalan dan penyempitan Kali Beton yang dikarenakan bangunan di bantara Kali Beton yang memakan badan,003,3,2020,1577865600000,20 - 50 cm,50,20,-0.001012960331182795,-10.153353826552884,-15.51207224475596,2.832254438094596,9.161854441589831,-2.3575972489661776,-7.374514986297715,3.039262718576752,JAKARTA BARAT,1,1.0,1,0.0,1394.5824148206966,1204.01612444992,968.5080035813519,392.5265496342604,212.29436561692182,26.071269517795827,86.83153169106932,108.03116830709017,11,7.198155902381254,3,3.6748881789144674,-0.22906103691706073,-4.38632587859354,1.8873025256446117,1.8928493028221982,1.0,2.6999998092651367,1.6482425585508256,0.0,0.92619788646698,-0.2636380135365127,-2.020958423614502,0.9954740451545507,0.9836077603753768,82495.3559843,82807.33860470194,7.034380912780762,2.223128744920881,0.0,3.44775128364563,-1.4551233430706003,-3.82169771194458,1.2649502908808454,1.2557767022868302,19.998562520215145,13.850719558998538,11.140136792088427,6.549360463853695,0.3881929200781529,-2.302570956355842,1.7249075220173613,1.735656929255783,0.5949616432189941,0.12037493176996997,0.008499441668391228,-16.609368931502104,-17.83915645916876,-18.977208614349365,0.36561672215633706,0.21235858990070855,0,0.0,0,0.0,"{""type"":""MultiPoint"",""coordinates"":[]}"
00000000000000000325,532,TAMAN SARI,MAPHAR,3173031003,3.173031003E12,Sedang,Maphar 05,Nihil,2 jam,8.709 m,1627,"intensitas hujan yang tinggi, air tidak tertampung di saluran",005,3,2020,1577865600000,15 - 50 cm,50,15,4.042319175177454,-9.581836991460465,-15.498466239334856,3.019026438263816,3.2470178390083886,-3.758184120911147,-10.912834284961196,2.4815026549626515,JAKARTA BARAT,1,1.0,1,0.0,1081.8309929570876,899.8849917276034,622.2948715860543,233.839068580917,58.34517368168355,-209.26483892755994,100.1087666332244,104.09933880785036,13,8.276646086731487,4,6.373801916933621,1.5949461449509996,-2.740191693290039,1.9948404592067943,1.9620458863518906,0.8131666975997365,4.5,2.2549447496169424,0.0,2.893789052963257,0.6545988847827809,-1.69038987159729,1.5556940524528806,1.5502873883223136,94362.8435387,94743.32598099815,7.436302185058594,3.0310815854907114,0.0,4.181612491607666,-0.2563517929718866,-3.368898391723633,1.5119188028769002,1.4911808166599358,26.619522806713306,14.323318305057901,11.083986220407464,12.954908099375398,0.6186717478468885,-2.6472254877060575,4.157628971339648,4.154447388513239,363.8521728515625,67.74048642911552,0.008499545976519585,345.7586135864258,48.36092823693077,-20.085311075672507,146.4240750411404,146.32443480182638,0,0.0,0,0.0,"{""type"":""MultiPoint"",""coordinates"":[]}"
00000000000000000329,44,TAMAN SARI,MAPHAR,3173031003,3.17303100301E12,Sedang,Maphar 09,Nihil,2 jam,8.543 m,1631,"intensitas hujan yang tinggi, air tidak tertampung di saluran",009,3,2020,1577865600000,10 - 40 cm,40,10,0.5895676178295647,-9.18012442640228,-15.974443065770668,3.086458239732622,9.366278787739596,-3.9139682283726147,-10.090997862604716,3.35779710880131,JAKARTA BARAT,1,0.9920305028596431,0,0.08032023946008404,1288.7498256496885,1091.3776844553713,798.0053903044136,411.0841075572712,217.80143818239654,-86.58217227426314,111.45237237010232,108.66843150016842,22,8.415632715567082,2,15.616741214058134,2.007287420416758,-4.3757188498396316,3.3971698981784546,3.3931973358312146,0.6903367417873729,4.40000057220459,2.4805388823410057,0.0,2.9216235876083374,0.9887240328900379,-1.5384920835494995,1.6389838817823865,1.6324656743900086,111615.45457,112071.13694623916,14.630192756652832,4.484839703469148,0.0,11.651775360107422,1.4898075644148883,-3.033681869506836,2.9034867986893524,2.89932652093329,23.830263809211093,14.169800928618423,10.390845071210187,10.017523243542625,0.3811733302894769,-3.4323540051902466,4.117227789131093,4.116590642606454,364.013671875,65.5548600716647,0.008499596267938614,346.24503326416016,47.874326355821594,-18.26407006010413,140.19938426190984,140.3248209062457,1,0.007969497140356909,0,0.0803202394600843,"{""type"":""MultiPoint"",""coordinates"":[]}"
00000000000000000343,50,TAMAN SARI,MANGGA BESAR,3173031005,3.173031005E12,Sedang,Mangga Besar 01,,1-2 jam,700 m2,1657,Intensitas Hujan yang tinggiMeluapnya kali anak ciliwung,001,3,2020,1577865600000,60 cm,60,0,0.09205588985347618,-10.838927750270443,-15.433462353888386,3.3343270148153583,5.628060414080914,-2.6243176356146747,-7.910951809297334,2.8160128481004807,JAKARTA BARAT,1,1.0,1,0.0,1147.455046826599,944.4363906721011,764.9700312177328,194.04116123914457,24.62573339181105,-126.30122099637879,91.04001481997533,117.17975645752384,10,5.82260101010101,1,3.9329073482435035,-0.2500435565714289,-5.037571884983335,2.066179729523713,2.0719062795333962,1.0,2.8999998569488525,0.9407038927605055,0.0,1.2267091274261475,-0.7302658757232506,-1.6985048055648804,1.138079172656451,1.1406248090566926,44284.6538219,44461.37672881121,7.605895042419434,2.350318020458963,0.0,4.440505504608154,-0.8309848492522958,-3.1933400630950928,1.451886478622577,1.4486112326822942,23.83154239839048,16.761793056592207,11.536712759154948,10.180226857235356,3.13207780256951,-2.085174754266257,4.100466192962679,4.104108234040173,368.0934753417969,69.8852065478776,0.008499767631292343,352.22408866882324,54.243024233617156,-16.356894810684025,149.78478644703617,150.13612202676453,0,0.0,0,0.0,"{""type"":""MultiPoint"",""coordinates"":[]}"
00000000000000000344,312,TAMAN SARI,MANGGA BESAR,3173031005,3.173031005E12,Sedang,Mangga Besar 02,,1 jam,700 m2,1658,Meluapnya kali anak ciliwung,002,3,2020,1577865600000,40 cm,40,0,-0.31704752611878734,-10.573719409930334,-19.304314016815464,3.5303220011792913,9.023758112352308,-3.216605628072779,-11.964930674196577,3.4094853178392968,JAKARTA BARAT,1,0.9193001491930015,0,0.24726647766958781,1085.8010282911528,892.7932492442789,675.3484381614854,126.58745949428453,-37.10855605267809,-227.31157477823285,90.3393018178691,111.26409613025797,10,4.7860210678602115,1,3.8780830670932707,-1.4146695271735568,-5.318083067092041,2.1118049170284485,2.0962098068172645,1.0,2.8999998569488525,1.6082959735612872,0.0,1.2267091274261475,-0.05293673758987728,-1.6673355102539062,0.9811614016252531,0.9857123907892243,77150.1334106,77488.54802502363,12.72712230682373,2.8050357093565923,0.0,9.598327875137329,-0.3584117074977252,-3.180351972579956,1.7471281841588093,1.7425656053564893,23.83154239839048,13.92689884826796,11.31098546968419,10.180226857235356,0.29618695003579615,-2.3046185367918675,3.737824393993708,3.74550191552552,364.41314697265625,32.55966546101795,0.008499746210873127,348.22238540649414,16.73631516473185,-16.40007912646979,118.66074656974155,118.87927978797667,0,0.0,0,0.0,"{""type"":""MultiPoint"",""coordinates"":[]}"
00000000000000000345,153,TAMAN SARI,MANGGA BESAR,3173031005,3.173031005E12,Sedang,Mangga Besar 03,,1-2 jam,500 m2,1659,Meluapnya kali beton dan anak kali ciliwung,003,3,2020,1577865600000,50 cm,50,0,2.7805720852648026,-9.413342515939602,-15.05485875455321,2.835587697152959,9.023758112352308,-2.316391523483875,-8.485926510842972,3.4349538941608966,JAKARTA BARAT,1,0.9864238939466541,0,0.10368904363227674,1037.1581193100906,810.0160690753819,649.3636962940959,73.505682791705,-119.51711560695622,-259.88790234444184,87.73571682916264,105.48485167694749,9,5.131288931480595,1,2.595399361022954,-1.2124355192363478,-5.335335463258172,1.6592637818017149,1.6669816967548534,1.0,2.500000238418579,1.9399829835789681,0.0,0.8555656671524048,0.28807638544234865,-1.648690104484558,0.821078705812092,0.8234476186521155,65550.4590614,65812.51870274715,5.938421249389648,2.1499042989429196,0.0,2.7663657665252686,-0.9897513202075376,-3.1031620502471924,1.1935444110050453,1.1948743465005762,23.836994724942592,13.688365960804914,11.31098546968419,10.182717210690653,0.05733330888754919,-2.3046185367918675,3.559691260410918,3.57290349547351,364.3536376953125,30.54173120438308,0.008499713614583015,347.95482635498047,14.526407763889004,-16.49212146177888,122.50680248973308,122.68894393859901,1,0.013576106053346113,0,0.1036890436322767,"{""type"":""MultiPoint"",""coordinates"":[]}"
00000000000000000346,360,TAMAN SARI,MANGGA BESAR,3173031005,3.173031005E12,Sedang,Mangga Besar 04,,2 jam,800 m2,1660,Meluapnya kali beton dan anak kali ciliwung,004,3,2020,1577865600000,60 cm,60,0,5.451893382269193,-10.069181194725253,-16.282534820941812,3.7010387748950655,18.48851404566569,-1.6217107116859377,-10.165057635899894,4.959819545388259,JAKARTA BARAT,1,0.9521747316889475,0,0.2219221752030527,946.0337596635238,811.0297629663473,649.3636962940959,17.593245937781262,-114.32497838309635,-259.88790234444184,84.55735635886603,96.2945285080725,10,6.546789681792506,4,3.5623003194894185,0.05543796918025578,-2.533290734823691,1.3231165424588633,1.315476079179282,1.0,2.799999952316284,1.2062386157545137,0.0,1.1477699279785156,-0.4418792558585768,-1.6544153690338135,1.1753866130686763,1.1791364145188328,55539.1451464,55760.01364033082,5.579408168792725,2.2064258891191066,0.0,2.4989140033721924,-0.9193540648283396,-3.140970230102539,1.4187892565800624,1.4019829515434115,23.836878110510735,15.006799013988056,11.486837333149227,10.17526481147914,1.378517922225569,-2.1149984706450713,4.309055670425613,4.325568798063487,364.3026428222656,78.95028893071577,0.0084996921941638,347.8504695892334,62.6542662111905,-16.703723360784352,159.486903910913,159.71380155336846,1,0.047825268311052535,0,0.22192217520305274,"{""type"":""MultiPoint"",""coordinates"":[]}"
00000000000000000347,178,TAMAN SARI,MANGGA BESAR,3173031005,3.173031005E12,Sedang,Mangga Besar 05,,2 jam,700 m2,1661,Meluapnya kali beton dan anak kali ciliwung,005,3,2020,1577865600000,60 cm,60,0,5.1345229454962436,-9.858962691665702,-14.006878653640012,2.8676547892607855,9.907601839438037,-3.0258014722347384,-8.695804049386691,2.800511709697057,JAKARTA BARAT,1,1.0,1,0.0,1081.8309929570876,873.2582090935681,675.3484381614854,190.2223732477903,-32.35223574311879,-230.98368003162898,88.74571698043829,88.30401687066137,10,6.039370078740157,2,3.4368051118216947,-0.5263107432804034,-4.566134185302881,1.565156681298747,1.5534590810612998,1.0,4.0,1.4621723389988155,0.0,2.4954121112823486,-0.13640109709121565,-1.6449840068817139,1.1573739526697706,1.1500671448117457,64659.06705,64944.47282990077,6.204643249511719,2.3935310473984446,0.0,3.0356462001800537,-0.6958133820775849,-3.0701656341552734,1.241544320860112,1.2429375997231453,23.027377676514195,12.940026140825172,11.486837333149227,9.364427525168958,-0.7218405330001556,-2.1619484000531344,1.9993010963319116,1.988890117776868,364.2006530761719,6.008253109428407,0.008499649353325367,347.4390811920166,-10.714812812456671,-17.719363662414253,53.37616322212147,53.38455526630056,0,0.0,0,0.0,"{""type"":""MultiPoint"",""coordinates"":[]}"
00000000000000000134,-,TEBET,KEBON BARU,3174011004,3.174011004E12,Sedang,Kebon Baru 03,,"0,5- 1 Jam",± 5.000,634,"Gorong2 tersumbat kabel, daerah cekungan, dan limpahan dari Kali Ciliwung",003,3,2020,1577865600000,± 30-40 cm,40,30,-4.385434121305217,-10.398443968775224,-14.947114507830706,1.9926122438338394,5.021678018584554,-3.745787103760836,-9.655192323572336,2.4140807970069846,JAKARTA SELATAN,1,0.956594817236475,0,0.19786448397617676,4529.425184944165,4253.523032409173,3990.0269515220684,354.29756642793654,196.0442959195711,41.06014377907604,66.082966181896,123.37207101732432,26,19.16069152767773,14,6.660063897765244,0.4549716044379525,-4.281150159742705,2.050893636343259,2.213870928892633,1.0,5.200000762939453,2.952557546836452,0.0,2.653189182281494,0.5419876278399038,-2.384549617767334,1.1013501296361443,1.1373495866237346,188877.993871,189599.5015220167,6.226744651794434,2.6056411031325557,0.0,3.590074300765991,-0.03657141709820461,-2.6745312213897705,1.2977302417370435,1.2994468792420075,17.747149890121307,12.787881148346033,11.263058413616866,4.05086260400908,-0.9193038478962281,-2.430277608176352,1.2488695213295808,1.251492962453992,1.1642662286758423,0.01896708319943289,0.00849838275462389,-14.924888968467712,-16.29526404346715,-16.658032190054655,0.23454137626213534,0.10485642578477301,1,0.043405182763524855,0,0.1978644839761767,"{""type"":""MultiPoint"",""coordinates"":[]}"
00000000000000000135,100,TEBET,KEBON BARU,3174011004,3.174011004E12,Sedang,Kebon Baru 04,Tertinggi tahun 2017,2 jam,± 9.000,635,Banjir Kiriman,004,3,2020,1577865600000,,75,0,-3.8221894221287274,-10.538464569598753,-18.298605264406326,2.2050892791863776,3.1853124737140526,-3.9519688520928673,-11.833600122535934,2.4158090374154955,JAKARTA SELATAN,1,0.9886456725914919,0,0.14055181498333377,4941.054371809356,4660.3435910976195,4288.369772332095,530.6655868580747,326.1094812832155,94.33093723565162,110.18389847323779,158.6471587116726,26,20.4973995542093,14,6.660063897765244,0.688979104467715,-6.137763578272878,3.0639218519610294,2.9682431861056564,1.0,6.600000381469727,3.047872988095916,0.0,3.9441537857055664,0.3934122881598924,-2.7397828102111816,1.7542691926521499,1.7557097921073972,183021.344122,183802.9336194379,7.605971813201904,2.685692226218382,0.0,4.852692365646362,-0.08560480755978953,-2.7981581687927246,1.4103749599716804,1.4030301408401507,26.550925748594167,13.502978473649778,11.310723956782688,12.96918412261211,-0.08310786022926944,-2.2996786574545833,3.3077124258076727,3.3166063835161492,339.5631408691406,29.002644481918765,0.008498329669237137,325.4069995880127,14.520619362686906,-16.10580902080983,105.7249121235264,105.74692797454053,0,0.0,0,0.0,"{""type"":""MultiPoint"",""coordinates"":[]}"
00000000000000000136,234,TEBET,KEBON BARU,3174011004,3.174011004E12,Sedang,Kebon Baru 05,,1-2 jam,± 23.000,636,"Saluran di bawah Stasiun Tebet kecil, terlalu jauh pembuangan sementara lebih dekat ke Kali Ciliwung",005,3,2020,1577865600000,,70,20,-5.70175702828014,-11.347089960746999,-14.947114507830706,1.7815561986415602,1.7113516909920639,-4.105652864055951,-9.451562559358095,2.2803818900592177,JAKARTA SELATAN,1,1.0,1,0.0,4599.185265779298,4275.606840419386,3936.8314497585184,233.06754378675305,121.36270859237949,41.06014377907604,41.93274077279294,177.78803534787605,23,18.685889431263476,14,3.6353993610240067,-0.4665339797322845,-4.2716932907332215,1.66360070953925,1.7650996867670319,1.0,2.0,1.2302132679149718,0.0,-0.42003870010375977,-1.2009595430780988,-2.388383388519287,0.4768254480574357,0.4843557021065118,61359.0002408,61637.51264483963,7.446422100067139,3.006445182321804,0.0,4.705836772918701,0.26229915582425933,-2.850773572921753,1.5783370770197858,1.569955599207211,17.054000590862113,13.01859804906708,11.082469382574434,3.4300785117913026,-0.6680076732511686,-2.5957685680740195,1.3405024138677797,1.343476301865214,1.1642662286758423,0.0557012038001128,0.008498329669237137,-13.716679275035858,-15.215535155954955,-16.5803039399907,1.04509430664921,0.1947756579251825,0,0.0,0,0.0,"{""type"":""MultiPoint"",""coordinates"":[]}"
00000000000000000137,1147,TEBET,KEBON BARU,3174011004,3.17401100401E12,Sedang,Kebon Baru 06,,1-2 jam,± 23.000,637,Saluran air RW lebih rendah daripada saluran air di got besar dan luapan dari saluran got sebelah timur (Jl. Raya Asem Baris),006,3,2020,1577865600000,,70,20,-3.5200126693225084,-10.517723490002938,-13.64119848830854,1.9686852162450388,-0.4499747328283654,-4.3168165375763845,-9.602668994342238,1.6839303456348234,JAKARTA SELATAN,1,1.0,1,0.0,4788.930912227905,4657.295772972797,4462.432319477128,297.67606275251546,213.1677627999844,94.97113013923718,46.09396574585336,88.91133406341224,21,18.632469715411812,16,1.0715654952093203,-1.6003701055630553,-3.868881789135809,1.06308478488021,1.00081092052791,1.0,2.0,0.6691992637047468,0.0,-0.5284984111785889,-1.912319815111169,-2.6856229305267334,0.6854132332577726,0.6765771656770773,60075.1198508,60336.19471480901,4.160283088684082,1.6276557662932964,0.0,1.2706592082977295,-1.268254675461245,-2.9249963760375977,0.9208156651744052,0.9147037279713289,20.18947576370822,14.8657152762907,11.722957432493722,6.6528401899937215,1.2891140160519494,-1.8014246018246443,2.417985691879919,2.4177379691990515,0.8073346614837646,0.2511860285031393,0.008498290553689003,-11.801143884658813,-12.74251306623791,-14.017826896160841,0.5834917774398795,0.28355598199944304,0,0.0,0,0.0,"{""type"":""MultiPoint"",""coordinates"":[]}"
0000000000000000013c,150,TEBET,KEBON BARU,3174011004,3.17401100401E12,Sedang,Kebon Baru 13,,1 jam,± 20.000,644,Got/saluran pembuangan air yang tidak layak/terlalu rendah dan gorong-gorong di sisi rel kereta api,013,3,2020,1577865600000,± 50 cm,50,0,0.9520328429425768,-11.182383293072315,-14.207640976532574,2.2173988676975256,4.916466952153435,-4.440025110987462,-7.760521181865741,1.9588105831336642,JAKARTA SELATAN,1,1.0,1,0.0,5123.183183588168,4989.863472369582,4792.523509066431,484.19867086492286,376.78298735252343,219.6193448098711,63.57826721154206,84.21058896750297,23,20.216195063214936,16,1.8094568690114379,-1.0711900333319708,-5.700958466451908,1.8023548682189892,1.7907441006115326,1.0,2.8999996185302734,1.8146238003201982,0.0,0.14359068870544434,-0.9346646819324254,-2.645277976989746,0.8368142441412785,0.8712795202918696,57866.9192146,58088.52656875958,5.400654315948486,2.504441902886523,0.0,2.46992564201355,-0.4381488109158867,-2.926217555999756,1.2453819083071624,1.247081151019388,16.932310628323854,13.699019618667547,11.557861644118717,3.383124029984854,0.17376121220998902,-1.9551691380970517,1.5470539994732695,1.5490222490470178,0.36542320251464844,0.09526327397082225,0.008498218841850758,-12.1021146774292,-12.759655727627411,-13.119680349715054,0.2583590907329827,0.11163021599530902,0,0.0,0,0.0,"{""type"":""MultiPoint"",""coordinates"":[]}"
00000000000000000178,46 KK,TEBET,BUKIT DURI,3174011005,3.174011005E12,Sedang,Bukit Duri 03,berdasarkan informasi Pak RW bahwa Pemda dan Kem PUPR akan membangun Rumah Pompa dan tanggul di sekitar Sodetan Kalibata,1 - 2 Jam,700 m²,773,Meluapnya saluran/sodetan kalibata,003,3,2020,1577865600000,,70,0,-7.908984840957682,-12.955030441447379,-15.216039623038672,1.3809508658525556,7.355536235653513,-1.4786637468197417,-7.258643577884474,2.7241017388990802,JAKARTA SELATAN,1,0.9857769600905746,0,0.15245533898649627,3568.788598263841,3239.5924228178324,2946.697455974605,73.54806895210004,-52.01872879757099,-140.0071992067833,51.54770065637925,168.4680550292091,22,17.387489385791113,12,5.856102236423439,1.1421731117577139,-3.9087539936085527,1.704158244977843,1.7077836348058437,1.0,5.09999942779541,2.743292257936285,0.0,2.902376413345337,0.5016434891784696,-2.338977575302124,1.983800047468044,1.9613133991553215,49325.9788704,49562.6845701967,4.745345592498779,2.4995436872659567,0.0,2.0579848289489746,-0.1947395839039611,-2.695680856704712,1.1294991872323799,1.1317473334300552,18.997452705962075,12.957960223085,11.536422336687892,5.126871524492376,-0.884819062444388,-2.3100014550058106,1.9998426594484466,2.0034771751872262,4.08767557144165,0.4112969610293494,0.008498522453010082,-11.340266704559326,-15.9128816830921,-18.613148315809667,1.456701728103281,1.3196977822705505,1,0.014223039909425417,0,0.1524553389864964,"{""type"":""MultiPoint"",""coordinates"":[]}"
00000000000000000179,165 KK,TEBET,BUKIT DURI,3174011005,3.174011005E12,Sedang,Bukit Duri 04,Telfn tidak Diangkat,,,774,Meluapnya saluran/sodetan kalibata,004,3,2020,1577865600000,,70,0,-9.625418031749883,-12.910512240156043,-15.563151148189666,1.2891731334804617,5.421411574849626,-1.0315756914269778,-7.855006943351837,2.7392009650720586,JAKARTA SELATAN,1,0.9799387741809418,0,0.15157763207911915,3568.788598263841,3309.4482770890468,3038.713994907392,59.32392012441005,-48.06138750011497,-135.5905060923178,45.40677830429236,143.193437930237,20,15.878069432684168,11,3.8019169329090836,-0.5871111555954711,-5.169712460062097,1.853349631731488,1.9724749528058294,1.0,5.000000953674316,0.5896242535914815,0.0,2.7790040969848633,-1.6641858112755357,-2.3394761085510254,1.1345266052814063,1.1251367493361624,53591.346961,53770.181609862026,4.745355129241943,2.163885969234539,0.0,2.031109094619751,-0.5504886474328609,-2.733987808227539,1.1158867458627704,1.1178660501183297,19.334823757837267,14.33321293720405,11.53641812603958,5.532943071167752,0.4947389916368156,-2.327706156729887,2.6684695714352697,2.6664760328414645,4.079177379608154,0.7850370922768334,0.008498522453010082,-10.901249408721924,-15.464715732459661,-16.82493653614074,1.7311085224376832,1.3437499229027232,1,0.020061225819058164,0,0.15157763207911912,"{""type"":""MultiPoint"",""coordinates"":[]}"
0000000000000000017a,± 1.000 KK,TEBET,BUKIT DURI,3174011005,3.17401100501E12,Sedang,Bukit Duri 06,,1 - 2 Jam,hampir seluruh wilayah RW 06,775,Meluapnya saluran/sodetan kalibata,006,3,2020,1577865600000,,60,40,-4.33154808005838,-11.769888859694515,-16.540697544803994,1.8481515080158735,4.352786246263727,-4.486472427961083,-9.23090893122508,2.439264137225786,JAKARTA SELATAN,1,0.9753901316057532,0,0.15872372965105136,3936.8314497585184,3707.1934233927286,3473.473355775263,117.0243072132971,25.716541652165656,-74.59997821349498,47.03572898754855,108.30111445329335,22,16.32954406551766,14,3.9585942492028963,-1.231535815276706,-3.9833865814680927,1.4414196393051497,1.451658611020122,1.0,1.3000011444091797,0.4641691513381707,0.0,-0.9482417106628418,-1.8634291361301416,-2.395578384399414,0.4300457967285333,0.41237097232067516,85769.6088279,86068.45884977418,6.670167922973633,2.0829008817065584,0.0,3.9694182872772217,-0.6464827073692365,-2.741137981414795,1.261502812001898,1.2578535348910038,21.024282555979145,14.238671709139387,11.321374017726955,7.2589313285858985,0.47016245476742313,-2.4505425552151436,2.4905959740359718,2.4953885948776957,1.3767273426055908,0.37475770406929837,0.008498458191752434,-14.168071389198303,-15.130106977194647,-16.211823197081685,0.6022412372359586,0.5817861190326755,1,0.020739110948131845,0,0.13016955922880602,"{""type"":""MultiPoint"",""coordinates"":[]}"
0000000000000000017b,± 600 KK,TEBET,BUKIT DURI,3174011005,3.17401100501E12,Sedang,Bukit Duri 07,Telfn tidak Diangkat,,,776,Meluapnya saluran/sodetan kalibata,007,3,2020,1577865600000,,60,40,-1.006550036739478,-11.523313251503913,-15.563151148189666,1.8966137351213048,2.8823408181649706,-4.441741941167617,-8.260015714854568,2.264679780647877,JAKARTA SELATAN,1,1.0,1,0.0,3786.408475349806,3570.1625842002068,3325.381902060976,114.04573063269345,16.960720015397452,-79.5482349848321,46.53943934862028,102.25601342320087,20,16.330674401740392,12,3.0426837060720295,-0.7407780613978076,-4.883706070285793,1.8182727754419612,1.8357898521109117,1.0,1.5,0.38852025754095193,0.0,-0.6925368309020996,-1.852615160358766,-2.308000087738037,0.5702024361755987,0.5497669403893437,62414.5146645,62702.90770844588,4.986158847808838,2.5240563454820566,0.0,2.2698311805725098,-0.19302262319685676,-2.7148561477661133,1.0681672594456946,1.0684243969620322,21.164867219805338,14.496921242385083,11.555797508697573,7.324408924008042,0.6831683949808236,-2.2039767865107613,2.1940056940680708,2.207847057852737,1.5636942386627197,0.4514990375145692,0.008498483337461948,-14.411519289016724,-15.765590953571646,-16.691395428963006,0.6779369024225387,0.6558718955022934,0,0.0,0,0.0,"{""type"":""MultiPoint"",""coordinates"":[]}"
0000000000000000017c,146 KK,TEBET,BUKIT DURI,3174011005,3.17401100501E12,Sedang,Bukit Duri 08,,1 - 2 Jam,8 RT Terdampak,777,Meluapnya saluran/sodetan kalibata,008,3,2020,1577865600000,,40,20,-2.1593091169134677,-11.628803823016288,-14.442482825742381,1.7113685467966917,5.979888003167467,-3.7131268565999815,-7.5820928489379495,2.1335585821379044,JAKARTA SELATAN,1,0.9869512406732605,0,0.11702985796078294,3820.3476823018414,3561.514185039964,3155.4161536882916,156.4716205184709,69.20219616865515,-72.04950587821486,56.371329625664785,162.86390188514991,21,16.82974145410376,11,3.6923961661359073,0.12041529222337634,-5.460191693289104,1.6207848426418228,1.8920393457331863,1.0,5.90000057220459,4.314079842144639,0.7000007629394531,3.710083484649658,2.112982285992876,-1.4962165355682373,1.431289071838007,1.4330909955235214,100476.853581,100909.71451832967,7.034503936767578,1.8864574663096698,0.0,4.41926646232605,-0.7739139892358698,-2.6771161556243896,1.2120368457561979,1.2093163577275727,17.901315828625354,13.154004819930522,11.555797508697573,4.028917842030708,-0.647842744761772,-2.259544890551224,1.1805126214727992,1.1907488811091458,0.05948982387781143,0.015409156211973295,0.008498497307300568,-16.06749790161848,-17.060363810870914,-19.943476292304695,1.012836020645805,0.013236292091190663,1,0.007947249696338714,0,0.0830434773826486,"{""type"":""MultiPoint"",""coordinates"":[]}"
000000000000000001b2,± 174 KK,TEBET,BUKIT DURI,3174011005,3.174011005E12,Sedang,Bukit Duri 05,,1 - 2 Jam,"7 RT Terdampak
  (RT 001, 003, 004, 005, 008, 010, 011)",904,Meluapnya Sodetan Kalibata dan Pendangkalan saluran wilayah RW karena terhambat dengan saluran penghubung di Kelurahan Manggrai,005,3,2020,1577865600000,,70,50,-5.065081193265648,-12.672214237750621,-16.151314648293987,1.5496059687331776,6.867725879177847,-2.317897745657779,-7.639990205731946,2.5253717296745894,JAKARTA SELATAN,1,0.9961458642158315,0,0.11042310999998986,3580.8250189382416,3340.5077809232794,3087.875951668441,0.6093805455229813,-67.11778100560092,-134.51959551154414,30.147322014302013,119.59433292844342,19,15.669997035280167,10,1.7723961661359091,-1.0828908159024044,-6.199744408943854,1.5270251592626556,1.629208699846131,1.0,2.40000057220459,0.9529944970351172,0.0,0.10858845710754395,-1.392750876719613,-2.429060697555542,0.791911861011796,0.8013879110585805,117617.716504,118125.01003385137,5.580226898193359,2.2346233150476937,0.0,2.728259563446045,-0.5267778011393979,-2.8338232040405273,1.179992722765951,1.1930858942601315,22.114470038197446,13.899496577602987,11.373471685294325,8.315745683331407,0.09691050049537178,-2.425151821245084,2.418906939918165,2.426318835773646,4.062180042266846,0.45541478879965136,0.008498458191752434,-9.834412336349487,-14.652786408381502,-16.274890303611755,1.4261452325645356,1.141038467938419,1,0.003854135784168395,0,0.11042310999998961,"{""type"":""MultiPoint"",""coordinates"":[]}"
00000000000000000141,112,TEBET,MANGGARAI SELATAN,3174011006,3.17401100601E12,Sedang,Manggarai Selatan 09,,"0,5- 1 Jam",± 10.000,672,Pendangkalan saluran air RW 09 dan Kali Sodetan kalibata,009,3,2020,1577865600000,,60,0,-9.565422579818275,-12.368097485689479,-14.610525793107508,1.0528189521023466,2.654878795483386,-2.309834504871939,-6.425773228254632,2.076318955096656,JAKARTA SELATAN,1,1.0,1,0.0,2532.025653133678,2392.8954112657098,2212.8200519202283,-62.450374158384875,-110.23721177843267,-157.20411589474725,24.437632364030563,86.99625130083851,18,13.821203509205489,11,3.301980830672388,-1.1014560842017664,-4.084600638976136,1.9107657738805803,1.827457249841974,1.0,1.4000005722045898,0.4448044464759917,0.0,-1.4659674167633057,-2.3682243109309127,-2.8059935569763184,0.4268612039444437,0.4373054549493513,28263.047864,28404.168623775247,5.93892765045166,2.756643105353059,0.9274099469184875,2.642160177230835,-0.5428506545653441,-2.463027834892273,1.3881686853095114,1.37966049647271,19.40749044997247,14.554718718208576,11.36553554793659,5.6048883425368246,0.791126193877422,-2.390215606238865,2.753672772072002,2.7774887701828623,4.3936238288879395,1.4247866295412486,0.00849859043955803,-9.702910423278809,-12.436161052702618,-15.366251546889544,1.6225279065248688,2.0842909797565694,0,0.0,0,0.0,"{""type"":""MultiPoint"",""coordinates"":[]}"
00000000000000000143,62,SETIA BUDI,MENTENG ATAS,3174021005,3.17402100501E12,Sedang,Menteng Atas 07,Mudah mudahan segera di TL,8 jam,± 20.000,677,"Pendangkalan Kali PHB Menteng Pulo, Saluran Got Rusak/Tidak berfungsi dan Pintu Air Jl. Minangkabau tidak berfungsi",007,3,2020,1577865600000,,60,0,-0.9567726532611438,-11.078337743339958,-14.23361949606487,2.4529221626621847,10.12545339728026,-4.115249665014962,-8.396279280736415,2.6075947762879914,JAKARTA SELATAN,1,1.0,1,0.0,2245.632955170002,1989.7559551338286,1801.1946160211965,-92.83799639861127,-151.30122441239533,-204.60344524752782,26.7503998528787,97.10184891147496,17,12.840434502256834,10,1.9860702875414589,-2.1712348628667724,-4.6208306709250415,1.431733879640102,1.486446705914413,1.0,3.3999996185302734,0.8943106174161529,0.0,0.33359694480895996,-2.425717638773635,-3.385188579559326,0.8791090015976536,0.8914101095873231,70130.5799441,70450.96248940458,7.645186901092529,2.221318008398751,0.0,4.007267713546753,-1.7065375097408977,-4.107328414916992,1.4527500543043657,1.4101233140685572,22.48769205829646,15.510343617253751,11.055845003664924,9.040508619805667,2.0464870673360296,-2.565509177582916,3.3234568964258138,3.3467035158452183,5.8807148933410645,2.624122809170582,0.008498565293848515,-0.19512557983398438,-4.005359879752622,-9.859766121953726,2.599511640083825,2.8415208462734864,0,0.0,0,0.0,"{""type"":""MultiPoint"",""coordinates"":[]}"
00000000000000000145,501,SETIA BUDI,MENTENG ATAS,3174021005,3.17402100501E12,Sedang,Menteng Atas 09,,1 jam,± 40.000,679,"Hujan yang cukup lama, kapasitas saluran dan Luapan dari bangunan Kokas dan Apartemen",009,3,2020,1577865600000,± 60 cm,60,0,-5.5452413822553215,-11.304436923729364,-14.319790579440806,1.6008238233931564,4.05747109452742,-2.5358240161971177,-7.217435112604589,2.121375918433345,JAKARTA SELATAN,1,0.9917592479550724,0,0.14986672195868136,2492.6342825749775,2202.329175762442,1972.237364886451,-77.62734689757144,-138.70637440842611,-196.48548159763845,27.873663004480868,120.60132143768188,18,13.49505554877304,9,1.9042811501614985,-2.5871075126075738,-6.9000638977618785,2.4974402525420714,2.5483564812863384,1.0,3.299999237060547,1.163801596723856,0.0,-0.2808570861816406,-2.585392293789174,-3.923450469970703,1.241933416858535,1.1893613125023135,56942.0705692,57137.644203087184,6.226653099060059,2.8293537266335047,0.0,1.8317904472351074,-1.3693383568999042,-3.80068302154541,1.213191473100227,1.2473667109841398,17.054015860008025,13.249343355995995,11.482406704405776,3.6443816048606656,-0.033283538700365635,-1.8036099750223453,1.5094263333250573,1.4965106998185884,0.6373876929283142,0.07370168592458146,0.008498511277139187,-0.31808793544769287,-0.5915581777614184,-2.1992033990100026,0.30531186769853524,0.11222655154698524,1,0.00824075204492736,0,0.1498667219586816,"{""type"":""MultiPoint"",""coordinates"":[]}"
00000000000000000147,21,SETIA BUDI,MENTENG ATAS,3174021005,3.17402100501E12,Sedang,Menteng Atas 14,,2-3 jam,± 10.000,684,"Rumah rendah, curh hujan tinggi dengan durasi yang lama",014,3,2020,1577865600000,30-50 cm,50,30,-8.127752136617143,-12.61433206474466,-14.717446246581499,1.387966036490522,5.516859797248884,-2.6852341583873565,-7.049979272372461,2.4635648395212146,JAKARTA SELATAN,1,1.0,1,0.0,2034.5225285572158,1882.8809589034065,1781.981323992732,-93.65105882272837,-155.53097014903486,-209.8992294244024,27.42637130800189,55.24452364608811,17,13.668253779311991,11,2.0532907348257847,-1.4989115018621133,-4.235654952075134,1.5767549543656265,1.6457330179137044,1.0,2.6999998092651367,1.3215686819437305,0.0,-0.7462878227233887,-2.2390917809346425,-3.33624267578125,0.5408278085508282,0.5385593939849075,29348.1612142,29464.502412882535,5.415506839752197,2.357100267762756,0.9274099469184875,1.3073382377624512,-1.8598655682492156,-3.3717525601387024,1.1886082114303924,1.170208224268257,19.710688101453066,13.782769017082323,11.406406594880007,6.256407038838994,0.4464804633111739,-1.935423471037673,2.026929326956788,2.0379146637693184,5.8807148933410645,0.3826835127653808,0.008498565293848515,-1.3507884740829468,-3.5978921336845673,-7.243562747724354,1.4808763133137584,1.5449059750847003,0,0.0,0,0.0,"{""type"":""MultiPoint"",""coordinates"":[]}"
00000000000000000148,-,SETIA BUDI,MENTENG ATAS,3174021005,3.17402100502E12,Sedang,Menteng Atas 15,,2-3 jam,± 10.000,685,Saluran air kecil dan kiriman dari RW 09,015,3,2020,1577865600000,,50,30,-5.163148002347745,-11.337763969189423,-15.423416490902662,1.9304733078690215,0.2513061534326414,-3.4811588715423114,-7.768423724553637,1.9009767630057712,JAKARTA SELATAN,1,1.0,1,0.0,2245.632955170002,2079.53692383546,1903.4041547370969,-97.86472954254941,-146.81367899643928,-203.17745194484837,25.62007914619937,99.64875756569445,18,13.06860968885388,11,2.9864536741229113,-2.433127892416605,-4.778785942490343,1.3528734204676942,1.299038105676658,1.0,3.3999996185302734,0.7186371974937551,0.0,0.3490474224090576,-2.8170001842413135,-3.888038396835327,0.7896100371869579,0.8179085607459246,44483.2801718,44624.000797053865,5.931299686431885,1.988116808851293,0.0,2.321169137954712,-2.067214639616932,-4.389435291290283,1.3660241377512954,1.3247926057042718,19.688772213731962,14.904776541653336,11.312056420588515,6.128851277195427,1.5134765882456263,-2.3283130453008454,2.6894977557127535,2.7639407022301454,5.753235816955566,1.4742328504776094,0.008498547598719597,0.2007923126220703,-2.1572406357505645,-9.566718670539558,1.9497592527488221,2.4702245502139126,0,0.0,0,0.0,"{""type"":""MultiPoint"",""coordinates"":[]}"
000000000000000001a2,± 17 KK,PANCORAN,RAWA JATI,3174081003,3.174081003E12,Sedang,Rawa Jati 01,,± 1 x 12 Jam,1 RT terdampak,870,Meluapnya Kali Ciliwung,001,3,2020,1577865600000,,40,0,-5.910426917381184,-12.165939163600973,-18.1129886702212,1.8565393774033696,1.9761604867615103,-4.095919507843401,-11.212380856174459,2.307727837018711,JAKARTA SELATAN,1,0.9638963360142985,0,0.21012603181315218,4206.312360166264,3974.5268228863692,3744.1264456109648,-14.620103528325672,-75.25433708522661,-130.49663973939187,27.004446684955962,108.00527344933123,34,27.43833780160857,14,7.71667731629633,0.8848765528351713,-12.249329073480236,5.23699024207264,5.323486279952222,1.0,13.399999618530273,8.41446798212087,0.0,8.570964813232422,3.5848512527876615,-4.815514087677002,4.55315490955223,4.639792840471812,78077.419033,78381.73729214689,8.277466773986816,3.182146319856164,0.9274099469184875,5.313719034194946,0.19945853603962177,-2.0761799216270447,1.7911386222030394,1.7901531901382965,23.062373789508392,14.068954011309694,11.180396497233348,9.529952263124345,0.5610824606899184,-2.328021660260065,3.75385396145138,3.7593176144832037,335.7984619140625,51.12524250304896,0.008497900329530239,321.03975105285645,36.438824161950095,-14.922777424566448,130.36865976266566,130.4156701412556,1,0.03610366398570151,0,0.21012603181315215,"{""type"":""MultiPoint"",""coordinates"":[]}"
000000000000000001a3,± 350 KK,PANCORAN,RAWA JATI,3174081003,3.174081003E12,Sedang,Rawa Jati 03,,± 1 x 12 Jam,"4 RT Terdampak 
  (001, 003, 004 dan 010)",872,Meluapnya Kali Ciliwung,003,3,2020,1577865600000,,50,0,0.02998842807153826,-12.103359845585414,-17.66273758342399,2.585794133823514,5.825330555841548,-4.841864330234218,-11.412027763842783,2.7091529945944846,JAKARTA SELATAN,1,0.7622520283262206,0,0.4384235813529999,4119.4896906263175,3831.8524832795556,3563.962647985464,-29.558790130462512,-84.6353612265629,-139.50763027150515,25.745063973292506,126.92725859597287,34,24.42475261454767,15,6.792460063900691,-3.042810434783876,-12.956166134182208,5.143351590759839,4.981212391184966,1.0,11.69999885559082,4.951085136569935,0.0,6.728394985198975,-0.08628762064086087,-5.154376983642578,4.134288200044686,4.117871903462253,148642.472286,149222.37017979316,9.597321510314941,3.828746893462604,0.0,6.529457330703735,0.7840041246142705,-3.0632739067077637,2.0440890762462227,2.0493721242960836,26.539447959181874,14.424136325195535,10.82489956590984,13.029666419510407,0.9326064534064914,-2.6613205691144124,4.003384421886935,4.006160828310726,335.68798828125,48.72886071980971,0.00849785003811121,321.15921211242676,34.25237195362051,-14.727938001044095,129.2295175852415,129.24504153578522,1,0.21863715237067965,0,0.4117529545275057,"{""type"":""MultiPoint"",""coordinates"":[]}"
00000000000000000191,± 275 KK,PANCORAN,PENGADEGAN,3174081005,3.174081005E12,Sedang,Pengadegan 02,,± 1 x 24 Jam,"4 RT Terdampak banjir yaitu : RT 006, 007, 008, 009",827,meluapnya Air Sungai Ciliwung,002,3,2020,1577865600000,,60,0,-8.558041748823026,-12.955136892496135,-15.997993607313825,1.3217209076116878,6.113995626785304,-4.883098554035733,-10.745920375396448,2.4211760236323667,JAKARTA SELATAN,1,0.793454492443753,0,0.4037952755903493,4972.305202915262,4749.274881417805,4554.057254208852,326.7496119093594,172.9083756021388,48.48593774033725,59.10575113079775,93.3172068151185,33,22.53663929248262,14,8.99258785942665,-1.3161568937081387,-9.346453674119907,3.2610720984013266,3.4728362639169075,1.0,8.700000762939453,5.647944356535639,0.0,4.9897754192352295,1.9281626583460645,-4.010683536529541,2.1812983404073156,2.2177796390635893,143458.858017,144016.92853647892,10.408730506896973,3.055817465037157,0.0,7.308656215667725,-0.024154690469780925,-3.1395602226257324,1.9340985807511721,1.930494874868593,22.66016797061065,12.60829370428406,10.742090277492538,9.191601335389535,-0.851727363364351,-2.7029592059721725,1.480787062633816,1.4849202323179211,336.89471435546875,1.220813950054339,0.008498039096593857,322.6852226257324,-12.971239056874744,-14.989132068119943,33.94051304370896,33.94143038164486,1,0.1808153943340298,0,0.3837597319768145,"{""type"":""MultiPoint"",""coordinates"":[]}"
000000000000000001c2,13,JAGAKARSA,SRENGSENG SAWAH,3174091002,3.174091002E12,Sedang,Srengseng Sawah 01,,1 jm,6000 m,945,intensitas hujan yang sangat lebat dan terjadi merata selama satu hari,001,3,2020,1577865600000,60 cm,60,0,-3.751848179499917,-13.450838993920021,-22.476082069342365,1.9619464667729696,5.255200173890284,-5.026361332977172,-17.33948321661976,2.720241440899419,JAKARTA SELATAN,1,0.7819611802686293,0,0.44426370796468717,1128.550045815337,620.9004300659416,334.4734433447411,144.62604218300226,-220.4130348614247,-403.2000879260265,135.87144895564273,203.5604836828048,69,58.50897423974706,41,4.277316293932827,-4.643467511615793,-21.91808306708947,6.111669933183726,6.3572663653600525,0.9237725919124522,20.700000762939453,11.188949370789336,0.0,12.935131549835205,3.373744812142978,-8.23672866821289,6.783049930781731,6.708086979157892,262141.962447,263189.55490162584,24.5480899810791,4.229916846002585,0.0,20.75945019721985,0.3337417033458864,-3.988309860229492,3.6174250015332445,3.590435569708438,23.204066633280448,14.169335886134396,9.831040027535686,9.830158175943343,0.7905498137310896,-3.59792746513671,3.559916010089837,3.572897958482179,274.7852478027344,44.79376812574162,0.008496361784636974,262.77467346191406,33.30835003190537,-12.406677089631557,105.06117523059561,105.36918538270115,1,0.20565689309295734,0,0.4313012418781967,"{""type"":""MultiPoint"",""coordinates"":[]}"
00000000000000000110,12,JAGAKARSA,LENTENG AGUNG,3174091004,3.17409100401E12,Sedang,Lenteng Agung 08,setiap tahun kena banjir,1 hari,5000 m,542,"Got kecil dan gorong penuh kabel,dan luapan kali ciliwung",008,3,2020,1577865600000,40 cm,40,0,2.836199688786186,-13.25512841749388,-17.316508400809496,2.0524380240589015,11.592739996201889,-4.182331110027582,-11.114274492420602,2.9920359013042406,JAKARTA SELATAN,1,0.7403932452918417,0,0.45403846103567264,1403.8079779207503,1067.7669355067262,764.9700312177328,478.52207862420664,195.50125601545724,-141.05271609993383,126.53614309141555,148.18099522187615,64,57.00838681941936,34,8.974440894575224,1.1419193102430025,-21.814185303507784,5.859942910968196,5.94954655787175,1.0,24.0,14.626817116307494,0.0,16.361034870147705,6.8350785128502345,-8.227961540222168,6.2150443192000875,6.160466726132774,462127.530099,464170.52474136825,15.62314510345459,3.576197334441899,0.0,11.809600830078125,-0.17662898291585868,-3.7908222675323486,2.9087205683386794,2.933561286383952,22.782045952490623,13.079181484662072,10.600753956646274,9.19381983639377,-0.47841212686055695,-3.003974295259834,2.260936185310694,2.2641925494786825,284.1820373535156,11.023544085265504,0.008496562950313091,270.83998012542725,-1.8356117204872484,-14.376933623105288,63.433479227574814,63.58601453215593,1,0.2546365083076273,0,0.4483262433581153,"{""type"":""MultiPoint"",""coordinates"":[]}"
0000000000000000048a,323 KK,MATRAMAN,PAL MERIAM,3175011004,3.175011004E12,Sedang,Pal Meriam 01,Dibantu Bersama PPSU,jika hujan berhenti maka air akan surut,1 RW,2133,Hujan Besar ( 2 Kali Banjir ),001,3,2020,1577865600000,20-70,70,20,2.9830654776190846,-8.625467049215215,-17.10229596964892,3.7710151064910145,9.893993928891046,-3.0544035810620507,-11.587124692450882,4.339443541600315,JAKARTA TIMUR,1,0.9993179812244242,0,0.1235455616318547,3403.396085266404,3108.2888760918463,2857.742352646719,301.27128023698424,99.34991958029713,-47.975961614459266,88.30653364308353,150.59944918454207,25,13.033178207494172,7,13.028242811502551,1.3319249079520685,-4.925750798721083,3.356013802863423,3.403056629474753,1.0,2.8999996185302734,1.0998759452980817,0.0,0.9660826921463013,-0.7842374900069723,-1.8726518154144287,0.9360384117264642,0.9556060857554896,86977.4679907,87314.0562763016,13.936491966247559,3.7697529964167513,0.0,11.283177375793457,1.1282682359017722,-2.682281255722046,3.2450264402525915,3.2584597330588343,17.90135133389271,12.956817610103666,10.441404572030228,4.144773743703983,-0.7741545080930731,-3.324428865021744,1.9519239277225222,1.9469256487742284,0.5609215497970581,0.056216098783238945,0.0084988409653306,-12.603328824043274,-17.47519018799094,-19.3037436529994,1.6922574613136814,0.15143222333124118,1,6.820187755757037E-4,0,0.12354556163185447,"{""type"":""MultiPoint"",""coordinates"":[]}"
0000000000000000048b,350 KK,MATRAMAN,PAL MERIAM,3175011004,3.175011004E12,Sedang,Pal Meriam 02,KK AKTIF,jika hujan berhenti maka air akan surut,1 RW,2134,Curah Hujan Tinggi. Kali Baru tidak dapat menampung air di karenakan penghubung di Anderpas Pramuka agak agak Tersendak atau Kurang Lancar.,002,3,2020,1577865600000,20-60,60,20,-1.7301358125923314,-7.546399839308668,-15.004119780576179,3.123855141774064,8.53508296387298,-1.2332245650897895,-11.32122577925394,4.369221757454233,JAKARTA TIMUR,1,1.0,1,0.0,3311.118158822334,3127.577733741242,2929.12256289489,219.09495827363344,99.3454878741472,-18.692738178557192,51.52038433950273,85.3121944580637,17,11.259379954201163,8,4.994376996806087,-0.6295077666106962,-4.154888178912726,1.543446893861324,1.5508943992096949,1.0,2.8999996185302734,1.7070638341804572,0.19999980926513672,0.9660826921463013,-0.19116476520972073,-1.680038571357727,0.7210683154130274,0.7357350803515436,39641.9542198,39797.93656440494,13.936491966247559,2.1925415683899288,0.0,11.283177375793457,-0.41391984576361673,-2.625523567199707,2.6878659684035133,2.702566341951532,17.34173460668073,13.333337246810332,10.441404572030228,3.531581013040542,-0.463799249930136,-3.324428865021744,1.506762113280209,1.5123460635501293,0.05949193611741066,0.017011912156950294,0.008498823270201683,-16.930746357887983,-17.848104900686963,-18.735956514254212,0.4978300786824798,0.011128611644953186,0,0.0,0,0.0,"{""type"":""MultiPoint"",""coordinates"":[]}"
0000000000000000048c,20 KK,MATRAMAN,PAL MERIAM,3175011004,3.175011004E12,Sedang,Pal Meriam 03,Segera,jika hujan berhenti maka air akan surut,10 Rt di RW.04,2135,Tidak adanya pembuangan langsung ke kali,003,3,2020,1577865600000,30-46,46,30,-2.3871965063031335,-9.610574485059514,-16.124133019820697,2.7020463085385975,5.941320200064837,-3.9217164648445104,-10.532906671220427,3.217886943147873,JAKARTA TIMUR,1,0.9826095086718716,0,0.16507964236126804,3402.131587327433,3242.003779295226,3004.5380552876145,281.06163104120196,161.26850153424357,11.42286890726109,72.61605797476457,111.15384227209567,20,14.313870319293166,10,7.764856230032992,2.198552136600191,-1.9375079872195382,1.6622281157888474,1.681515938421649,1.0,4.300000190734863,1.9138282935307611,0.19999980926513672,2.361853241920471,-0.017262235122934975,-1.7308244705200195,1.3879551299373758,1.4072526773099736,74624.04157,74937.80974205986,6.530695915222168,2.5284161007753756,0.0,3.9243342876434326,-0.03247926514789933,-2.5967681407928467,1.4287928824517708,1.432076107769783,16.808760968325334,13.237238721236713,11.215052630021905,2.994533990227648,-0.5861551178606523,-2.6245082006325067,1.692039858302043,1.6861333375568277,0.39094364643096924,0.08014022759986286,0.008498815819621086,-15.311577677726746,-17.23173629520996,-18.735956514254212,0.9249317876990647,0.14910921752883124,1,0.017390491328128657,0,0.16507964236126815,"{""type"":""MultiPoint"",""coordinates"":[]}"
0000000000000000048f,260 KK,MATRAMAN,PAL MERIAM,3175011004,3.17501100401E12,Sedang,Pal Meriam 10,-,jika hujan berhenti maka air akan surut,1 RW,2142,Hujan Besar 2 Kali Banjir,010,3,2020,1577865600000,20-50,50,20,0.2855326877726081,-7.190587818692197,-11.035223350566827,2.303422489358524,7.7492780843230085,-0.9747052056591254,-6.976228735775679,3.6447306234752803,JAKARTA TIMUR,1,1.0,1,0.0,3421.049981105973,3312.907268179689,3220.204766362868,299.95060234124685,214.42023779565244,137.8774432953719,44.62082269023745,59.656333506439914,16,13.89889732206788,11,4.337252396167033,2.1977891904538436,-0.6771884984016427,1.1681097185901532,1.1763446978129175,1.0,2.3000001907348633,0.5198051714033347,0.0,0.4224027395248413,-1.347346593055687,-1.8695846796035767,0.5770667137758666,0.581693595068259,24403.2670767,24470.998555858365,4.637139797210693,1.9689130865365,0.0,2.086494207382202,-0.5977716411780136,-2.5935816764831543,1.021249324049868,1.0216005590818258,17.06299747775601,13.468411226906387,11.74905954160215,3.268355501608644,-0.31439386141027453,-1.9981869266336982,1.8087063891263793,1.8081765708854478,0.4419368505477905,0.10500014213356733,0.00849885493516922,-14.410719513893127,-16.29720568836904,-17.207840245217085,0.7960459768680044,0.1934070631864063,0,0.0,0,0.0,"{""type"":""MultiPoint"",""coordinates"":[]}"
000000000000000005d9,317,JATINEGARA,KAMPUNG MELAYU,3175031001,3.175031001E12,Sedang,Kampung Melayu 01,,< 24 JAM,1000,2710,"KEBOCORAN TANGGUL / PINTU AIR, DAYA HISAP POMPA PENYEDOT KURANG BESAR",001,3,2020,1577865600000,30 s.d. 75 cm,75,30,2.0253320513824344,-11.27128934731116,-18.75981992706923,3.862158878944605,4.97890801941335,-6.325348073914512,-13.736724558288751,3.715326683791039,JAKARTA TIMUR,1,0.9183504471679365,0,0.3194855331891567,4407.128814786838,4172.833235661586,4024.3873442763816,501.38477314427473,421.818449587746,239.72548517775795,64.30790704741104,85.03994238845203,23,17.184564425306394,11,5.173929712461732,-0.4311485321381964,-6.592587859423261,2.7835905954142857,2.824145388062123,1.0,6.59999942779541,2.878396702792005,0.0,4.127066373825073,0.4032437105690575,-2.486952066421509,1.8791637184157528,1.893493767920971,69775.4223253,105802.03652690123,7.062941551208496,3.233337200118359,0.0,4.431735515594482,0.5968209341686669,-2.6430437564849854,1.3397439141173533,1.3393796766066126,26.553924535739934,14.9106577457962,11.135928301573486,12.889683087966915,1.2314936731553854,-2.581637034867086,4.208277276153044,4.215560826238307,340.58294677734375,74.98917767232798,0.008498458191752434,325.2533369064331,59.51478580178829,-16.01879951544106,140.47913840946754,140.55458185408258,1,0.008578999668764492,0,0.11249954342810413,"{""type"":""MultiPoint"",""coordinates"":[]}"
00000000000000000513,20,JATINEGARA,BIDARA CINA,3175031002,3.175031002E12,Sedang,Bidara Cina 04,,24,400,2373,Luapan Kali Ciliwung,004,3,2020,1577865600000,50,50,0,1.9378059179298681,-9.90310388208773,-17.3176612905591,3.4777190334374675,14.684158756759482,-1.61183362043602,-10.23546876217836,4.923806049629058,JAKARTA TIMUR,1,0.9855748215066297,0,0.16007269816574257,4824.736501687555,4657.36893822902,4477.833339614565,483.3968537008359,324.6162489749577,200.35330971080748,64.19250065660943,83.24453906790608,26,22.149060177764824,15,6.078977635784664,2.2056571353840635,-5.047284345046069,2.7984486481528297,2.8278149508271997,1.0,7.699999809265137,4.553868939156403,0.0,4.954453468322754,1.8201345585185655,-2.7208051681518555,2.2356325319239865,2.24605039000661,47802.3978867,47990.57576436558,8.71943473815918,2.7255985561585123,0.0,5.9377970695495605,-0.01707632276245168,-2.7283127307891846,1.6429826570044996,1.648982430439993,23.766469420855273,13.04726744200019,11.135891116396587,10.138688148032115,-0.611514127620921,-2.5241820370186776,2.8426522255633895,2.8376046496865026,339.5376281738281,14.557506217938394,0.008498343639075756,324.94071674346924,-0.12581382537892527,-14.908477613702416,91.55189736843145,91.54696486761306,0,0.0,0,0.0,"{""type"":""MultiPoint"",""coordinates"":[]}"
00000000000000000517,70,JATINEGARA,BIDARA CINA,3175031002,3.17503100201E12,Sedang,Bidara Cina 08,,2,400,2377,Luapan Kali Baru,008,3,2020,1577865600000,50,50,0,0.18677720264787806,-10.951997266778214,-15.986430804445394,2.4072736365643856,6.490089134357465,-4.2871021081646825,-9.627937815976637,2.5529967300838243,JAKARTA TIMUR,1,0.9571825418024467,0,0.19436903249445142,5048.734026429516,4767.551378103891,4460.503453028908,577.9470643500117,342.53405304598147,142.28633241068746,109.06301569246935,146.38384959258877,28,23.71758640953044,19,7.624025559107444,2.9640205685345307,-1.6962300319469819,1.8787000591323597,1.7641165089612925,1.0,7.100000381469727,2.294622762252,0.2999992370605469,4.325930118560791,-0.6281118257425685,-2.8383522033691406,2.2074494765840718,2.128865916129606,130496.850277,131068.6271260974,7.223128318786621,2.519043736945898,0.0,4.39435338973999,-0.29122737962801354,-2.8393068313598633,1.4788817573865762,1.4852444147050528,18.951104838786183,12.93215083799446,11.113241737163989,5.23503615256238,-0.7711826022329556,-2.592170427899756,1.5426102248862097,1.546322498349428,0.22095462679862976,0.031060066973961988,0.008498204872012138,-13.074443131685257,-14.044946357453712,-14.582915984094143,0.350223887159538,0.060243469952739215,1,0.04281745819755331,0,0.19436903249445162,"{""type"":""MultiPoint"",""coordinates"":[]}"
00000000000000000518,101,JATINEGARA,BIDARA CINA,3175031002,3.17503100201E12,Sedang,Bidara Cina 09,,2,400,2378,Luapan Kali Ciliwung,009,3,2020,1577865600000,50,50,0,-5.138799220038278,-10.993682818721135,-15.341370664044515,1.9445929912024353,3.4971677026463293,-3.605200708337654,-8.593077762373108,2.1169406129213955,JAKARTA TIMUR,1,1.0,1,0.0,4661.445986162131,4420.567416044195,4145.519835203624,300.83642209957634,175.95216712502713,44.125930759905714,53.45595235805931,117.68656102426317,26,21.718291853665157,14,6.140830670928427,1.9436490028865165,-5.36638977635592,2.4728170384322943,2.687087794681549,1.0,7.699999809265137,3.235571643684602,0.0,4.954453468322754,0.48023005369713745,-2.8156039714813232,2.5724242091590024,2.5584943661656183,128188.91798,128707.63016197894,4.719674587249756,2.3274470963154497,0.0,2.0167460441589355,-0.3894636523135094,-2.730024576187134,1.0793376714408118,1.074116458083418,19.133437237598933,12.805886808810618,11.555769212681515,5.434684912490548,-0.8955430627797384,-2.1545974545440583,1.2443563467049672,1.244976590684525,0.2039605677127838,0.017805064538655622,0.008498329669237137,-13.287075847387314,-14.209504810451582,-14.816297361627221,0.29722534233382036,0.03678598159417051,0,0.0,0,0.0,"{""type"":""MultiPoint"",""coordinates"":[]}"
00000000000000000519,67,JATINEGARA,BIDARA CINA,3175031002,3.17503100201E12,Sedang,Bidara Cina 10,,2,400,2379,Luapan Kali Ciliwung,010,3,2020,1577865600000,50,50,0,2.5227623845305205,-11.411805993278126,-15.583537599868798,2.3176107344778267,8.899385840286222,-3.3943337167133274,-8.206482893379583,2.596559086978492,JAKARTA TIMUR,1,1.0,1,0.0,4361.000152658897,4164.509153102445,3897.2863813230247,222.12022930388048,121.39329131199449,7.906671148769874,51.862095936501596,101.65873710530427,24,20.45383914060332,14,5.148626198085051,1.4634549852851477,-5.29150159744211,2.1480920330649917,2.103821487705095,1.0,6.199999809265137,2.7624052121219904,0.0,3.5792713165283203,0.09471833404890012,-2.765393018722534,2.057793747737739,2.019659290281109,88045.5874465,88391.24539881127,5.624477863311768,2.0755601995892077,0.0,2.9563190937042236,-0.5842593794662518,-2.6647722721099854,1.0812288983004934,1.0817544723478523,16.648538770388793,13.054340443167183,11.365516515853495,2.9427720585331514,-0.6527030586365143,-2.34472013007006,1.295069138115038,1.2950166945308867,0.2974432408809662,0.02700975152082469,0.008498397655785084,-12.438740879297256,-14.127852362847957,-15.336016413755715,0.5982059903585595,0.05998463996765626,0,0.0,0,0.0,"{""type"":""MultiPoint"",""coordinates"":[]}"
00000000000000000520,52,JATINEGARA,BALI MESTER,3175031003,3.175031003E12,Sedang,Bali Mester 03,"RT 04,05,06,07,08",2 Jam,330 m2,2388,Saluran Primer lebih tinggi dari saluran sekunder,003,3,2020,1577865600000,50 cm,50,0,3.987729160163548,-10.553844529001147,-16.083174692991566,3.0043421717513525,7.881498239615709,-3.5754815841143763,-9.582865906932717,3.1814495063695882,JAKARTA TIMUR,1,0.9447985776852693,0,0.21059035204970727,4200.170260476811,3962.191956588772,3693.215064037931,421.10844401455324,253.35498553207648,119.53159956205218,75.65991926909905,113.24999845273574,26,20.94215341919257,16,8.078466453675869,3.3147261915317685,-2.2309265175700084,1.9878175857672251,1.9407669947350372,1.0,6.199999809265137,4.419704068994735,0.7999992370605469,3.7060060501098633,1.9239294975847396,-1.629227638244629,1.6620786984112208,1.6775816581188205,160978.644743,161543.77286277997,6.724222660064697,2.798052535273249,0.0,4.089216470718384,0.16809677488138788,-2.6430437564849854,1.381623527682677,1.3833348344108325,17.341696580894094,12.50739278483868,11.185547709788421,3.6733073484121483,-1.1766172251636984,-2.5229082908961367,0.8621273938594153,0.8555460740708366,0.05948929861187935,0.012837692173718423,0.008498458191752434,-14.214414488524199,-15.075185534186977,-15.768815398216248,0.3357245961870522,0.008229412662319559,1,0.055201422314730485,0,0.21059035204970736,"{""type"":""MultiPoint"",""coordinates"":[]}"
0000000000000000044c,210,KRAMAT JATI,KAMPUNG TENGAH,3175041002,3.175041002E12,Sedang,Kampung Tengah 01,,2,300,2021,"Saluran terlalu kecil, sehingga air tidak lancar dan tidak bisa menampung apabila hujan, selain itu dipengaruhi juga oleh genangan di Perumahan Bulak Rantai dan Paspampres",001,3,2020,1577865600000,60,60,0,1.7744166084169843,-12.417259945897948,-15.708158877760138,2.1805691705614474,5.581276451225789,-5.373360456148719,-10.17595598247313,2.1491904741528103,JAKARTA TIMUR,1,0.9471517485835501,0,0.2392855715896167,2212.8200519202283,1882.7884408864527,1601.393631575576,-58.072927397921376,-138.35559799259707,-207.43111567896858,33.4224726582852,129.78862695105235,40,32.686580702782685,28,6.1188498402585765,-0.5279895674106396,-5.870031948878939,2.278709203252831,2.474377922531204,1.0,6.100000381469727,3.221809029549221,0.0,3.1515913009643555,0.2306337426537837,-2.874441146850586,1.384287319815755,1.3915453264862947,249582.898024,250598.81134479254,7.3788604736328125,2.2665886415658423,0.0,4.655923366546631,-0.4402636427374804,-2.7673397064208984,1.2429186279325577,1.2443120426251795,21.898073877074033,13.02273293033864,11.091572679264349,8.290788314450579,-0.5363858423175837,-2.4539130566771714,1.5215148932516689,1.5252339360843241,3.288506269454956,0.09666459314931307,0.008497367613017559,1.792407751083374,-1.3447303799659818,-1.6062347618862987,0.5597889295077623,0.5846918341433207,1,0.052848251416450394,0,0.23928557158961689,"{""type"":""MultiPoint"",""coordinates"":[]}"
0000000000000000044d,598,KRAMAT JATI,KAMPUNG TENGAH,3175041002,3.175041002E12,Sedang,Kampung Tengah 02,,2,400,2022,Curah hujan yang tinggi dan saluran air/got dibeberapa tempat tidak lancar,002,3,2020,1577865600000,60,60,0,1.7744166084169843,-12.444547008167334,-17.233723798965556,1.838349294967688,5.26478377911761,-4.449319338889773,-9.02609630023236,2.1406721692380657,JAKARTA TIMUR,1,0.959221387212024,0,0.19722323674765432,2532.025653133678,2112.4965747288397,1855.3248465545596,-74.34672577248284,-140.6947770969678,-199.91328351147035,28.576654659866453,163.37879999820456,38,31.559987269516633,26,5.589648562303047,-0.9531526386631128,-6.446389776355076,2.4950115862584896,2.5724940882229657,1.0,6.500001907348633,2.253526239628948,0.0,2.8677334785461426,-0.8350018806772984,-3.689674139022827,1.4750310255503216,1.533753554696443,339602.234396,341031.1945092481,7.95896053314209,2.709696934559101,0.0,5.309111833572388,0.0404304232809227,-2.7284460067749023,1.5038841876329336,1.5002406634114778,21.691843050787988,13.499112839141267,11.01499678788815,8.142873720642012,-0.015171636941758122,-2.4650927744357833,2.469626999873784,2.4812080953040967,2.6681840419769287,0.46669449210563924,0.008497428148984909,1.3596469163894653,-1.188051296127072,-5.625074138864875,1.3614804688965254,0.9541968624608236,1,0.03554268818529011,0,0.18637982761781263,"{""type"":""MultiPoint"",""coordinates"":[]}"
0000000000000000044e,778,KRAMAT JATI,KAMPUNG TENGAH,3175041002,3.175041002E12,Sedang,Kampung Tengah 04,,3,1200,2023,Pendangkalan Kali Induk,004,3,2020,1577865600000,70,70,0,1.6661846093631487,-10.513823541806694,-16.30516880555087,2.5950989098516133,10.77536850045393,-4.017927821767586,-9.728479758024704,2.814821577948623,JAKARTA TIMUR,1,0.9548930856875293,0,0.2006275022909803,2821.3751145383426,2489.8328817751435,2157.6877582595803,28.41904040698364,-87.65733971582533,-179.44195570935744,42.11290538022034,163.24121444380748,42,32.95639534883722,28,7.29814696485866,-1.4964244952703165,-6.926517571882705,3.1047701522637623,3.134107377168279,1.0,8.499998092651367,2.289346009720799,0.0,4.809365272521973,-1.3485192383193405,-3.9119105339050293,2.1844677489859357,2.2338630709306013,178579.558645,179301.8749882755,7.64622688293457,2.648517972654665,0.0,4.78224515914917,-0.18011357079983797,-3.037055253982544,1.436826090501614,1.4457991138040218,21.148226601055725,13.93295329098981,11.05556422453028,7.662774254168355,0.40025405072169656,-2.543767115568313,2.5717321270225404,2.5508263591964533,2.1073498725891113,0.44544390690670954,0.00849734153598547,0.6357795000076294,-5.331967583904647,-11.896280159242451,3.7734030518247144,0.7647500093519844,1,0.04013188699859529,0,0.1907488985347255,"{""type"":""MultiPoint"",""coordinates"":[]}"
00000000000000000450,562,KRAMAT JATI,KAMPUNG TENGAH,3175041002,3.17504100201E12,Sedang,Kampung Tengah 06,,2,750,2025,Penyumbatan saluran air,006,3,2020,1577865600000,40,40,0,-4.711478806657216,-10.755958767941447,-14.47849682562989,2.120843840243282,5.264688200640668,-4.783940503009587,-9.184007555613851,2.159975333364677,JAKARTA TIMUR,1,1.0,1,0.0,2291.157171937385,2104.361899570188,1912.425078044332,-74.43809226015674,-142.3292433513638,-199.91328351147035,27.481894701969313,81.50486182642688,36,31.038504589209765,28,1.9520766773191554,-2.8621031619136867,-5.927539936099393,1.681663608163388,1.781751995223825,1.0,3.999998092651367,2.285038040499306,0.0,1.074068307876587,-0.8400292561202073,-3.412306785583496,1.2755675782703562,1.2137691737440839,93430.0649432,93870.73082229329,7.3788604736328125,2.1764660622502294,0.0,4.6579506397247314,-0.544126743861485,-2.749049425125122,1.2333340950727707,1.2335711215377188,21.51595010418805,13.692849052378307,11.091572679264349,8.044889531216606,0.1807560071437419,-2.4539130566771714,2.5577385679248157,2.542799376780337,2.2093188762664795,0.31059155924066134,0.008497381582856178,0.6791075468063354,-1.1166878264855296,-1.6474493173882365,0.7251961671162258,0.8337535397076837,0,0.0,0,0.0,"{""type"":""MultiPoint"",""coordinates"":[]}"
00000000000000000451,200,KRAMAT JATI,KAMPUNG TENGAH,3175041002,3.17504100201E12,Sedang,Kampung Tengah 07,,2,700,2026,"Curah hujan tinggi, saluran/got kecil dan merupakan dataran rendah",007,3,2020,1577865600000,50,50,0,-2.564699565549096,-12.53651979420386,-18.256577827674697,2.3820871282497484,5.249359447119604,-4.786591479813151,-12.974234041152702,2.7418718655557917,JAKARTA TIMUR,1,0.9232131608497585,0,0.29610400790667285,2767.4830418432575,2401.584058108068,1912.425078044332,156.987268070583,-14.538296410070643,-155.8357671773124,64.81370053504723,195.91323468671615,43,33.41582296393,24,6.465814696487229,-2.197251557898656,-11.106837060700727,3.3761865312754846,3.6742131202664785,1.0,9.69999885559082,2.5419782223793725,0.0,6.007155179977417,-1.1407188967574842,-4.11118221282959,2.504796503164681,2.5564398245697033,382283.488146,383751.0073505571,8.720192909240723,2.778983724188344,0.0,5.818856716156006,-0.01704312832220962,-2.837374687194824,1.566891910693739,1.5824283655169444,21.79293433759354,13.535869627271497,10.922327728651771,8.241836296176983,0.010364365511935314,-2.661006585518244,2.1877450861324785,2.176748104530544,2.9144132137298584,0.3210378538183266,0.008497260510921478,1.4677411317825317,-2.2083329716599986,-8.586579229682684,2.243138629540105,0.8900877656189152,1,0.07678683915024147,0,0.29610400790667274,"{""type"":""MultiPoint"",""coordinates"":[]}"
00000000000000000452,21,KRAMAT JATI,KAMPUNG TENGAH,3175041002,3.17504100201E12,Sedang,Kampung Tengah 08,,2,400,2027,Meluapnya kali induk,008,3,2020,1577865600000,40,40,0,0.7721257196422552,-12.104766650333858,-16.785678563638385,3.0961682939464534,8.62270050507101,-4.081107888395062,-8.45950935945549,3.1046452220339678,JAKARTA TIMUR,1,0.9656713542670006,0,0.18885257457751045,1822.5674819397511,1624.8545983489544,1484.2598772436477,-118.37038124743208,-172.68711715536492,-221.02551408994555,26.340226510819686,77.54925512029428,36,30.37091119244847,24,5.482172523964344,-0.5684862089248797,-6.906709265173092,2.4236146195129136,2.3710184299287373,1.0,5.30000114440918,2.219884711941458,0.0,2.6293556690216064,-0.4835543172663978,-2.9987988471984863,1.9564127256069705,1.9358984047053251,90637.9155937,91042.54095671992,6.227239608764648,2.589652779090384,0.9274099469184875,3.5197339057922363,-0.10423670804149218,-1.7841688990592957,1.0887974423435118,1.097785325027196,19.087220275495998,14.42034534206205,11.40342072023005,5.409577333863675,0.7648740822719584,-2.256930170343777,2.7445355056493144,2.7460925712051427,3.2375214099884033,1.139647939155911,0.008497503586113453,1.591810941696167,-0.7972514592006338,-2.165382420644164,1.4594552513023347,1.498587047068511,1,0.034328645732999416,0,0.18885257457751053,"{""type"":""MultiPoint"",""coordinates"":[]}"
00000000000000000453,188,KRAMAT JATI,KAMPUNG TENGAH,3175041002,3.17504100201E12,Sedang,Kampung Tengah 09,,3,700,2028,"Saluran air kurang berfungsi, kecil dan dangkal, pendangkalan kali induk saluran di Jl. Al Bariyah lebih tinggi dibanding Jl. Pelita, Jl. Pendidikan dan Jl. Kober",009,3,2020,1577865600000,50,50,0,-1.9936284214878555,-11.408311949823657,-16.177610039530563,2.5769856943169676,9.60219314000311,-3.8961743530477935,-9.245729555392513,2.6316607807638075,JAKARTA TIMUR,1,0.9283833000679025,0,0.25420840580171017,3071.1090804960018,2748.4489171995947,2377.7853656614247,109.5203224175034,-59.99504604450797,-157.27412854974864,48.67826956931146,162.7808623866638,41,33.59361303730528,26,6.717316293932697,-0.18129069038130294,-7.336613418527399,3.0364943683614807,3.1035753918053985,1.0,8.400001525878906,2.519985457806358,0.0,4.060934543609619,-1.3891356029629007,-4.1017889976501465,1.997911174254999,2.2037112627349362,338866.462865,340288.3809384364,6.568332195281982,2.181842222786181,0.0,3.72392201423645,-0.7574786419170514,-3.044527292251587,1.3441080283158482,1.3568077884499747,21.073263451974945,13.967994026679849,11.209094616418321,7.5316404619071715,0.4180997369150784,-2.339974353463525,2.195081301960537,2.1981614969428227,1.4700486660003662,0.1809500694549149,0.008497360162436962,-3.013720750808716,-9.245947407413924,-13.290316385217011,2.7242239681904943,0.3429187798068621,1,0.06636967838844417,0,0.24619881111682093,"{""type"":""MultiPoint"",""coordinates"":[]}"
00000000000000000454,300,KRAMAT JATI,KAMPUNG TENGAH,3175041002,3.17504100201E12,Sedang,Kampung Tengah 10,,3,1000,2029,Jembatan terlalu rendah dan pendangkalan kali induk,010,3,2020,1577865600000,40,40,0,-1.080214009203352,-10.215399802203237,-15.271007120336307,2.3093434561669937,6.723098664780466,-3.8373096650515044,-8.137853814374855,2.4803520209305563,JAKARTA TIMUR,1,0.9875752186517894,0,0.10075324463788939,2587.496455406664,2325.4954167010073,2115.3957956173376,-63.832646291083165,-122.57682615443778,-176.78470369317847,26.829889372056876,103.0198760341573,35,31.203474066314225,27,1.8044728434533255,-2.209404672938492,-6.0760383386553585,1.9665846783395506,2.010321819971955,1.0,3.3999996185302734,1.8385286315145493,0.0,0.10321998596191406,-1.4588757143283864,-3.592562437057495,1.166604290006056,1.1891773183793615,143298.640671,143871.38677538178,5.400792121887207,2.309262315496608,0.0,2.6710281372070312,-0.41038030062731995,-2.7586092948913574,1.301263185757409,1.3027625738523818,21.54998023188078,13.869118574352344,11.406233553272873,8.044889531216606,0.350714414766391,-2.1000204944990184,2.7278405226407685,2.720299725483195,2.2857961654663086,0.4359261588971874,0.00849741417914629,0.5147627592086792,-3.087723290604837,-5.763962530530989,1.8609740662578274,0.9077822902604291,1,0.012424781348210588,0,0.10075324463788975,"{""type"":""MultiPoint"",""coordinates"":[]}"
0000000000000000045f,60 KK,PASAR REBO,GEDONG,3175051001,3.17505100101E12,Sedang,Gedong 12,,3 jam,200 m2,2061,Luapan waduk surilang di Rt. 009/012 Kel. Gedong,012,3,2020,1577865600000,50,50,0,-4.824740064774885,-11.93618492347874,-21.98261884692471,2.3023637308012206,6.855463892343517,-5.2920340400025365,-16.254380447846692,2.63504264175754,JAKARTA TIMUR,1,0.8731298203222678,0,0.32260113544524655,3651.0322901167087,3237.3202609297405,2779.8933419494465,526.5479316839628,239.00446765891414,-47.46359164676869,137.18371519502867,226.29975764085108,45,37.56027422277789,31,9.776230031951393,1.508336397405828,-5.500958466451003,3.296941327756403,3.2169112013484136,1.0,16.999998092651367,3.461989240594246,0.0,11.37148666381836,-1.4541141258123351,-5.483425140380859,3.108875457509863,3.2271882649856245,248208.64324,249233.1768656919,8.777689933776855,3.3957036707024892,0.0,5.645640850067139,0.2589696789918925,-3.144655466079712,1.6633636387089332,1.6584589788936968,20.21793537753442,12.771377047395799,10.91565462511544,6.5766978396012075,-0.8026105809001324,-2.726277702661463,1.6081231177432256,1.6096510208576877,0.628798246383667,0.054973978950238124,0.008497278206050396,-10.62233579158783,-13.131145945646798,-15.058013865724206,0.9066573200407244,0.15315352226471235,1,0.09462933565598527,0,0.2882414985322975,"{""type"":""MultiPoint"",""coordinates"":[]}"
000000000000000005b3,40,PASAR REBO,CIJANTUNG,3175051003,3.17505100301E12,Sedang,Cijantung 06,,3 Jam,50 M2,2652,Kiriman Hujan Dari Bogor sehingga saluran Kali Gongseng tidak lancar dan tidak dapat nempung depot air yang tinggi,006,3,2020,1577865600000,30 cm s.d 50 cm,50,30,-2.939160797314581,-14.310515229521194,-19.061565369248633,2.0016730011733106,5.049586056418454,-6.312170319945523,-12.182329982291947,2.6959839022007936,JAKARTA TIMUR,1,0.5239109875460047,0,0.49891014722053256,2758.138671748824,2438.656017843454,2092.901822648123,186.95329950247378,22.414023969373403,-114.37631819836497,75.43285149887461,177.53884163502903,54,40.31758258035846,28,9.636677316297515,-3.5847812917841297,-16.443067092648576,5.9971224918016315,5.883581583327842,0.9995499027917225,13.299999237060547,4.255097493702333,0.0,7.696599960327148,-1.605819915593144,-6.834070205688477,4.027707021508223,3.9707461835351685,305963.934959,307241.16888944403,9.104012489318848,3.1249990538405306,0.0,5.921432733535767,-0.17896840823114624,-3.3938450813293457,1.5708506591020548,1.5701864532872216,21.884775890594195,13.967357939032143,10.878504124366195,8.35183172429702,0.42543230162414525,-2.6097311168684154,2.7061579424311475,2.6998708051409857,3.5686190128326416,0.7184646618550222,0.00849690567702055,-0.3444863557815552,-6.892268726389811,-10.926914472132921,2.539821368189825,1.2997636025756352,1,0.4119617606508437,0,0.4915805336484804,"{""type"":""MultiPoint"",""coordinates"":[]}"
000000000000000001ee,57,GAMBIR,GAMBIR,3171011001,3.171011001E12,Tidak Diketahui,Gambir 01,Sudah Telepon RW,-,-,1069,Debit air melebihi turap kali ciliwung,001,0,2020,1577865600000,-,0,0,14.206740465314331,-8.690925936748515,-17.08305393330648,5.604826457297421,28.596571381766594,-2.547823869709635,-12.445729949625218,5.8737660171241615,JAKARTA PUSAT,1,0.8842787935614939,0,0.33577878475307144,2857.742352646719,2444.3808194035782,1866.8846147581628,676.0128454021128,423.34450989367843,134.66338821807358,118.76827299637908,243.15832156734405,39,9.028702401416888,-5,30.39808306709351,0.5631441447611797,-13.318338658146185,4.801520318353425,4.828128466579562,1.0,6.90000057220459,2.2387501371833944,0.0,4.591859817504883,0.003538758661252523,-2.344613552093506,1.8199107234351963,1.8757986693068507,401724.063428,403398.5475030602,28.617029190063477,5.97117855650451,0.0,23.641623497009277,0.7436415119204759,-5.656069278717041,4.032869112287228,4.032112947684864,23.82542621516703,13.60680105106847,9.653588583514155,10.707584050328949,0.475600986116045,-3.487076712671316,4.219465764851284,4.229613919392902,360.146484375,58.983637477510555,0.008499130606651306,342.53749084472656,40.77503748686295,-20.28267663344741,144.04127279004706,143.88943795708536,1,0.06355159660363598,0,0.25594784049128877,"{""type"":""MultiPoint"",""coordinates"":[]}"
0000000000000000028d,50,GAMBIR,KEBON KELAPA,3171011005,3.171011005E12,Tidak Diketahui,Kebon Kelapa 01,Tidak diangkat,-,-,1321,Curah hujan tinggi,001,0,2020,1577865600000,-,0,0,16.99377906194043,-8.285891526068564,-16.119924770973032,4.2944939747295905,22.93179116166356,-2.2342050445675876,-9.368114392423685,3.979589620956872,JAKARTA PUSAT,1,0.9950429610046265,0,0.06441510347391806,1209.523820209072,696.0164122691824,382.4850156088664,177.84696483902394,-238.84350680527908,-502.0635496693986,151.21310355715667,186.43232782239963,18,8.508009019867034,2,11.008434504793016,1.3712786719825107,-4.999872204472203,3.090191292301334,3.0299431604496396,0.7322116474508512,5.300000190734863,2.7578885136150815,0.0,3.37738037109375,0.8149930060565631,-2.0366008281707764,1.587689153966277,1.5634255766851934,179458.670031,180173.15190861563,14.28170394897461,3.4093438773973057,0.0,10.809017896652222,-0.19973284197184557,-3.756192684173584,2.1726633568646188,2.1422806875921356,23.834775798456235,12.864683233039784,10.962168002090033,10.250221155345491,-0.6857012265540554,-2.5962517995299166,2.886338589662567,2.8843434860723858,363.52069091796875,18.305018352717997,0.008499431423842907,344.229585647583,-1.2807722658646605,-20.585397373884916,100.42755415621902,100.45427596257888,0,0.0,0,0.0,"{""type"":""MultiPoint"",""coordinates"":[]}"
00000000000000000290,50,GAMBIR,KEBON KELAPA,3171011005,3.171011005E12,Tidak Diketahui,Kebon Kelapa 04,Tidak diangkat,-,-,1324,"1. Curah hujan tinggi;
2. Kiriman anak sungai ciliwung",004,0,2020,1577865600000,-,0,0,2.087496587345746,-11.45639034769149,-17.753116584486392,2.920048321705319,12.511366575553414,-1.8971373180647682,-9.80137661673735,3.8021886818488233,JAKARTA PUSAT,1,0.9116965130113793,0,0.29102793983826,1791.6137256454913,1430.0086477145496,1205.9611502604637,379.84759590801673,189.82296332932944,17.395673868990116,88.88830439601574,143.99695737486172,53,8.601208090545777,2,45.48881789137446,0.9406808184978995,-5.68281150159678,6.255435538826865,6.225410675437299,0.8999740031167505,5.300000190734863,1.5647045911902235,0.0,3.1248819828033447,-0.5579194437974166,-2.20633864402771,1.1601938773373062,1.1544108634363406,228577.194735,229593.2939285605,33.69878387451172,5.6405335411412585,0.0,29.34571886062622,1.244824845263024,-4.711310863494873,5.273249626778196,5.255467585693311,23.83255202152646,12.814071627427412,9.452885462983993,10.588586860153939,-0.49692914947629957,-3.911070450892499,2.8003806677310967,2.789851366084636,363.0447082519531,14.947593198205213,0.008499356918036938,343.45176124572754,-4.132545410734912,-20.181503063999116,82.81320623731445,82.98813240278884,1,0.06760425882424724,0,0.2416701742592972,"{""type"":""MultiPoint"",""coordinates"":[]}"
0000000000000000029b,12,SAWAH BESAR,PASAR BARU,3171021001,3.17102100101E12,Tidak Diketahui,Pasar Baru 08,Tidak diangkat,-,-,1349,"1. Intensitas hujan tinggi;
2. Meluapnya air sungai ciiwung;
3. Kurangnya resapan air disekitar wilayah;
4. Sempitnya saluran air di sekitar wilayah",008,0,2020,1577865600000,-,0,0,20.391049012899202,-11.289220766261392,-19.882249974109463,4.51035723150253,17.055113449208513,-5.678580693667024,-14.398939630892048,4.193573745120963,JAKARTA PUSAT,1,0.7485916371014362,0,0.4296403214992015,2435.003422595757,1808.6746743818237,1037.1581193100906,404.4305213786897,123.1864930681249,-254.65622566946763,162.7697525210189,292.6252503215596,48,8.852188960550729,-3,40.37022364217323,1.1165783165155798,-10.772140575079195,5.7661038941695395,5.779372841621994,1.0,8.800000190734863,2.2683243800836665,0.0,6.775233268737793,0.3502512322725784,-2.279846668243408,1.6392053753638878,1.667516796654721,923038.337782,926794.8951409508,36.77738571166992,5.662272857660724,0.0,32.52454948425293,1.1780445061768214,-5.008768081665039,4.802077966380566,4.782782886828989,23.482642361165567,12.874278463580158,9.40115302175617,10.386129583661882,-0.2990224561099581,-3.7844716969175813,2.593462131657185,2.589530739445028,362.58575439453125,12.37976344587329,0.008499238640069962,344.0190181732178,-2.524580958406316,-19.85936339572072,74.1696172792876,74.95379793892535,1,0.18758902629321916,0,0.38609231059437304,"{""type"":""MultiPoint"",""coordinates"":[]}"
0000000000000000029e,167,SAWAH BESAR,PASAR BARU,3171021001,3.171021001E12,Tidak Diketahui,Pasar Baru 03,Tidak diangkat,-,-,1352,"1. Intensitas hujan tinggi;
2. Meluapnya air sungai ciiwung;
3. Kurangnya resapan air disekitar wilayah;
4. Sempitnya saluran air di sekitar wilayah",003,0,2020,1577865600000,-,0,0,-0.37337645945895137,-9.236472413431219,-17.62215449080893,3.505361887751435,7.064201249295026,-4.133632341776149,-10.43941673086648,3.060476293039183,JAKARTA PUSAT,1,0.8991023717391877,0,0.28529933709058547,1391.4936349159198,1062.1999223122255,724.5275140752155,230.59302921457697,-62.86370039162765,-329.2638965489041,146.0651810608233,169.98798543541085,22,8.400879201874224,0,14.558977635783478,1.1544048945738008,-7.315271565494436,3.7011651078588677,3.7649901179563177,1.0,3.5,2.055292436274434,0.0,1.7091118097305298,0.3009853532488835,-1.7132141590118408,0.8521620534734096,0.8800040587212694,132455.106927,133060.7699622268,14.382662773132324,4.0792369679180975,0.0,10.514208316802979,0.11447355087082906,-3.8880889415740967,2.8063814540838856,2.7778628802914764,17.97506570303043,13.40878222037763,10.557282452947,4.9005564737054925,0.3012090652642134,-2.574718972805064,1.8972971520232773,1.8773566909714672,1.5298954248428345,0.22615817237325994,0.008499431423842907,-1.4335132837295532,-6.859115500344061,-12.581289948895574,2.5501058234300307,0.45931406534041636,1,0.09552765274158308,0,0.27708596128798313,"{""type"":""MultiPoint"",""coordinates"":[]}"
0000000000000000024c,100,SAWAH BESAR,KARTINI,3171021003,3.171021003E12,Tidak Diketahui,Kartini 01,-,-,-,1241,Curah Hujan Tinggi,001,0,2020,1577865600000,-,0,0,3.4451520874439785,-9.162145352844673,-14.816613449661652,3.6304715041955453,9.678661021703178,-2.1722722621619193,-8.449151737213352,3.221761997208327,JAKARTA PUSAT,1,0.9995639534883721,0,0.16216216216216237,875.1549798115764,671.573528976824,463.8312116386399,96.26949842841964,-69.63473849293065,-267.29383852551,86.23645820341105,96.5392685446625,13,7.883357558139535,2,6.857124600639682,1.7109873226101233,-4.4499680511174615,2.186619916087221,2.112434922126391,1.0,1.9000000953674316,0.9574636267714721,0.0,0.5577380657196045,-0.3933452458402444,-1.4308497905731201,0.6895600768654259,0.6839227006231354,48023.0847525,48233.37475980434,7.467730522155762,3.0945654046050337,0.0,4.340393304824829,-0.042600904422444026,-3.148879051208496,1.7233192570766187,1.7212508822203045,20.11440858032839,12.995661621677076,11.079732571106065,6.72407345116339,-0.38645580870186663,-2.3280399233412634,1.947026538565069,1.943333832198431,0.5609714388847351,0.09547873924961477,0.008499649353325367,-0.41210764925926924,-2.619401882805246,-5.874041046015918,1.5434578805415844,0.20942253345012438,1,4.360465116279069E-4,0,0.16216216216216217,"{""type"":""MultiPoint"",""coordinates"":[]}"
0000000000000000024d,987,SAWAH BESAR,KARTINI,3171021003,3.171021003E12,Tidak Diketahui,Kartini 02,-,-,-,1242,Curah hujan yang tinggi dan Air Cliliwung meluap,002,0,2020,1577865600000,-,0,0,2.26113101163547,-10.621553895300009,-15.67507677267428,3.121626654102215,8.025956842422254,-3.766027412267837,-12.431050020475848,3.275568776954137,JAKARTA PUSAT,1,0.9842196763696341,0,0.16145661892879587,1037.1581193100906,864.7141718661122,655.95639015131,302.02270961024817,135.36025944507,-62.65159649494285,92.01444451521797,92.95805097547898,11,7.014576739624661,1,5.012396166134868,1.0814989270862299,-4.753482428114363,1.9747746468906642,2.012080860143325,1.0,2.0,0.9527748408938457,0.0,0.7412140369415283,-0.32219509621318637,-1.3346070051193237,0.599109752736413,0.5947018748561489,78341.5413547,78653.71621112207,7.605902194976807,2.544998428035409,0.0,4.382592439651489,-0.7297828681054577,-3.2138476371765137,1.5218038512940337,1.530796232585826,16.524273521135466,12.93428249228258,11.668792644027354,3.185227312859052,-0.3879603001984124,-1.6844432453881186,1.091700187914455,1.0827131717346232,0.5439721345901489,0.028422064471587828,0.008499624207615852,0.19050566852092743,-0.24648445828127005,-1.026531457901001,0.19093373331431174,0.09735641618286295,1,0.015156243034814781,0,0.13243211584099399,"{""type"":""MultiPoint"",""coordinates"":[]}"
0000000000000000024e,40,SAWAH BESAR,KARTINI,3171021003,3.171021003E12,Tidak Diketahui,Kartini 03,-,-,-,1243,Saluran air tersumbat serta rendahnya jalan,003,0,2020,1577865600000,-,0,0,-2.7564441310148915,-8.555518358571312,-15.365010495131997,2.5181967944934307,6.215218260166376,-3.0802117617183087,-9.310003904948253,2.8839239168000814,JAKARTA PUSAT,1,0.9985332568076015,0,0.10975609756097544,1128.550045815337,1019.6136765340616,913.6415294927517,322.19134514967413,242.62362049744755,140.4081048391689,46.16855340715789,54.09496303613511,13,7.370320770359031,3,7.018274760384072,1.201080186376323,-3.412268370606286,2.128328988367965,2.022663089255187,1.0,2.0999999046325684,0.6414641444837094,0.0,0.7908369302749634,-0.6825252531225693,-1.3938146829605103,0.7635598562091157,0.7645825832533067,54729.5311695,54948.11510880524,5.655066013336182,2.802394420826482,0.9274099469184875,2.372692346572876,-0.5786116419607229,-2.5108770728111267,1.204202975876366,1.202678600195675,16.485454422576716,13.153608807551592,11.360196607640496,3.216188941539164,-0.10935169303548721,-1.9123412738218413,1.412182788075322,1.4034082917613788,0.467475563287735,0.08190995545913021,0.008499596267938614,0.2555693984031677,-0.14081512712193778,-0.3694007359445095,0.1450685550761188,0.15463468015193296,0,0.0,0,0.0,"{""type"":""MultiPoint"",""coordinates"":[]}"
0000000000000000024f,20,SAWAH BESAR,KARTINI,3171021003,3.171021003E12,Tidak Diketahui,Kartini 04,-,-,-,1244,Curah Hujan yang tinggi,004,0,2020,1577865600000,-,0,0,2.1742391384578332,-8.392373430894352,-16.607323601514437,3.0603123689128657,6.215218260166376,-3.2590127941406104,-10.038586466628491,2.58213084238128,JAKARTA PUSAT,1,0.9937363759278167,0,0.16706255004308782,1128.550045815337,946.951501294421,742.1299386218238,322.19134514967413,108.8033292286606,-149.63629846836113,125.30317049593,114.9442046198975,13,7.40034767252559,1,6.383130990416112,1.0656434361633338,-5.17277955271491,2.0300463660610557,2.05056472602073,1.0,2.0,0.7944510710337759,0.0,0.6566517353057861,-0.6389297642707426,-1.4556677341461182,0.5518619765419321,0.5455779285694891,126400.938873,126941.71762513259,9.29229736328125,2.889192579073217,0.0,5.756387233734131,-0.6272792430041897,-3.6297924518585205,1.6979982836113514,1.7233931347048468,18.899962411547513,12.987019825301266,11.08264843873465,5.729635994280024,-0.1979674811091918,-2.0888268217599535,1.3305161272597807,1.3336385409949674,0.34848251938819885,0.04140911191620269,0.008499552495777607,0.1340639889240265,-0.19905381075232392,-2.004290889017284,0.2931669651598011,0.0749577393132799,0,0.0,0,0.0,"{""type"":""MultiPoint"",""coordinates"":[]}"
00000000000000000250,375,SAWAH BESAR,KARTINI,3171021003,3.171021003E12,Tidak Diketahui,Kartini 05,-,-,-,1245,Saluran air tidak bisa menampung air hujan,005,0,2020,1577865600000,-,0,0,-3.9969648517544627,-9.295385738061162,-16.492707782808864,2.6068043543720147,3.2328767218411305,-3.974205130888372,-11.592451883740084,2.5192082271222174,JAKARTA PUSAT,1,1.0,1,0.0,1057.6978978086688,871.9039627397096,655.95639015131,126.20972850332828,-52.896860095336834,-275.81065181569454,105.91043862275855,108.49339222580271,12,7.036595417330625,3,5.209073482428888,0.469764953908457,-3.280127795526427,1.8389036582530418,1.884012680615058,1.0,2.8000001907348633,0.8853947188384036,0.40000009536743164,1.1421087980270386,-0.7035350209638649,-1.1659808158874512,0.52782262615168,0.5330212308394568,63509.0834375,63776.971691849496,11.119087219238281,2.8113729029024315,0.0,7.466161012649536,-0.8333420806110832,-3.726557493209839,1.7585853446025577,1.7575112595106581,17.341819091077497,13.356490267978426,10.67466735882586,4.278923746017114,0.2510543301305373,-2.421202622956862,1.2802361668841558,1.268498566136251,0.09349489957094193,0.033558213940742106,0.008499509654939175,-0.06888838857412338,-1.6262881329793946,-4.524793737567961,1.2970964177653674,0.025598001729666604,0,0.0,0,0.0,"{""type"":""MultiPoint"",""coordinates"":[]}"
00000000000000000251,849,SAWAH BESAR,KARTINI,3171021003,3.17102100301E12,Tidak Diketahui,Kartini 06,-,-,-,1246,hujan deras,006,0,2020,1577865600000,-,0,0,-4.954769900174631,-9.743461893693029,-13.722563727284122,2.1295295426532026,3.2328767218411305,-3.444601856246012,-7.7467244388635805,1.99619619059989,JAKARTA PUSAT,1,1.0,1,0.0,1205.9611502604637,1094.986858175318,1020.4286656050078,329.4481258598231,177.41122942697098,88.61534647528094,55.93561344773054,44.7411339147912,13,8.00141489804411,5,6.383130990416112,1.2461729760065432,-1.7993610223634295,1.6643180207356394,1.6371536607305786,1.0,2.6999998092651367,1.0934332374528302,0.40000009536743164,1.0370477437973022,-0.4337166216191876,-1.0972012281417847,0.5233069722967193,0.5748223888773296,41918.3932514,42049.77139534996,6.566720008850098,2.643922103086313,0.0,3.0895581245422363,-0.8782467366703541,-3.519209623336792,1.6723217823150152,1.652606546212257,15.95552538739574,12.609019498067372,11.321621266022772,2.783921774764618,-0.5669604307158033,-1.834930745266801,0.9368081352843671,0.9368255052391772,0.03399822488427162,0.01052061886942503,0.008499509654939175,-0.39270761515945196,-3.260178443313782,-5.4687696266919374,1.282006732070411,0.004470509203968459,0,0.0,0,0.0,"{""type"":""MultiPoint"",""coordinates"":[]}"
00000000000000000252,448,SAWAH BESAR,KARTINI,3171021003,3.17102100301E12,Tidak Diketahui,Kartini 07,-,-,-,1247,Hujan deras,007,0,2020,1577865600000,-,0,0,-3.1119569492188073,-10.075040102632997,-13.722563727284122,2.3544727295363015,5.454583070775618,-3.741843127764162,-7.7467244388635805,2.2010814592382704,JAKARTA PUSAT,1,1.0,1,0.0,1261.7573092267978,1188.3513961818044,1113.1949079327358,345.8968077883927,273.096783012468,182.38684792341815,52.76793867390634,43.99880533528565,9,6.168494290251833,2,2.3888817891381686,-0.7056844171453551,-5.1651118210855,1.7118632043485593,1.64946688273209,1.0,2.200000286102295,1.149534960859781,0.40000009536743164,0.6232845783233643,-0.3643167146637157,-1.0786324739456177,0.6105047721817074,0.6938292592858465,46135.245153,46350.785802695435,5.247210502624512,2.29860284923831,0.0,1.6216535568237305,-1.2141770998739054,-3.5136330127716064,1.1571908816217016,1.1749498013789237,15.95552538739574,12.750993155721057,11.435492932267074,2.78339150676039,-0.4826784664985314,-1.7553416175198162,1.076114103263047,1.0790393160081038,0.050997085869312286,0.014426015586138178,0.008499509654939175,-0.2118746042251587,-5.578708860799284,-11.445447616279125,2.9429053366847184,0.011984721761541393,0,0.0,0,0.0,"{""type"":""MultiPoint"",""coordinates"":[]}"
00000000000000000253,40,SAWAH BESAR,KARTINI,3171021003,3.17102100301E12,Tidak Diketahui,Kartini 08,-,-,-,1248,Curah Hujan Tinggi,008,0,2020,1577865600000,-,0,0,-4.238369194081893,-10.128349694479828,-12.976700637764523,1.6855651480086444,3.4454817645121882,-4.0117093652088425,-7.820597858009599,2.0736050023820294,JAKARTA PUSAT,1,1.0,1,0.0,1162.3576847727466,1053.2445079944416,798.0053903044136,332.33202852816214,236.70208728812548,24.538219995692543,82.33333445539505,105.29250282593692,10,6.435802848652527,2,3.385175718850637,-0.08673254179647642,-4.443322683705321,1.8776414907657326,1.937896304104246,1.0,0.7999997138977051,0.3738907154300977,0.0,-0.6101599931716919,-0.9896361661722015,-1.3595272302627563,0.2655720828458429,0.28372493478568694,34094.3853105,34226.90056388808,4.145432949066162,2.1338895546606986,0.0,0.9127442836761475,-1.1886976841275647,-3.45932674407959,1.1135073126118957,1.0852076396107835,20.08265954976022,13.732202275855151,11.67224871092317,6.772638209179949,0.4905290736094806,-1.6071947541355307,2.0902849913143977,2.1138852052161874,0.5439721345901489,0.13075422670149006,0.008499563671648502,0.17020493745803833,-0.739039179195913,-3.4346218556165695,0.8664524466230437,0.21234772498041105,0,0.0,0,0.0,"{""type"":""MultiPoint"",""coordinates"":[]}"
00000000000000000254,30,SAWAH BESAR,KARTINI,3171021003,3.17102100301E12,Tidak Diketahui,Kartini 09,-,-,-,1249,Curah Hujan Tinggi,009,0,2020,1577865600000,-,0,0,2.26113101163547,-9.498548571099025,-13.1968685007608,2.651220164052067,6.845273738869803,-5.1027798882207955,-8.360740564721768,2.32634040207885,JAKARTA PUSAT,1,1.0,1,0.0,1049.530224242096,961.2284076888818,855.2624952764933,302.02270961024817,201.0582269940043,86.69701538938887,61.840698771000156,54.747135550637914,10,6.974733517568102,3,4.004856230032649,0.8339795676838695,-3.2302875399353788,1.945284848451916,1.8616122045152164,1.0,2.0,0.631530393125321,0.0,0.7342875003814697,-0.6621272906549259,-1.3372141122817993,0.7799858333560468,0.7741731257546695,26467.3591073,26589.224133450953,5.655063152313232,3.186551736536614,0.0,2.4035258293151855,-0.12005986204459831,-3.2138476371765137,1.3531792368873208,1.3245353626541747,16.485454422576716,12.533872496794572,11.365659302909352,3.2120487341065793,-0.757715752515048,-1.9123412738218413,1.175976562090534,1.165578131442016,0.467475563287735,0.0253735168930523,0.008499613963067532,0.19050566852092743,-0.21450153954576137,-0.6212604725733399,0.127463555908581,0.09729997979586567,0,0.0,0,0.0,"{""type"":""MultiPoint"",""coordinates"":[]}"
00000000000000000208,113,SAWAH BESAR,GUNUNG SAHARI UTARA,3171021004,3.171021004E12,Tidak Diketahui,Gunung Sahari Utara 02,Tidak diangkat,-,-,1120,"1. Curah hujan tinggi;
2. Dataran rendah",002,0,2020,1577865600000,-,0,0,0.18439708608128727,-11.820530530998235,-19.139256167661742,2.958354498290492,15.884890409206122,-4.539153220082235,-13.880633441062752,4.046558296695028,JAKARTA PUSAT,1,0.9357471171679704,0,0.2599996661322643,1147.455046826599,1037.8723150721232,798.0053903044136,546.1627621306395,427.9410720665576,111.87200377209444,87.8902560653265,83.73893406550374,15,4.541166034997179,-2,10.722555910543331,0.020209793449398935,-6.508115015974147,2.545373241962085,2.5371634933170917,1.0,4.400000095367432,1.6826384967492967,0.0,2.924728512763977,0.18089730292979242,-1.6058019399642944,0.871121033933276,0.844898634218669,216293.837121,217172.48590712016,11.918478012084961,3.6477260805572125,0.0,8.04511570930481,0.019167531961279998,-3.787294387817383,2.0681115604670843,2.107279961128888,17.654168899647196,12.989846631038105,10.710619992449343,4.463675899915508,-0.25133577056270273,-2.490181673960258,1.539313169746201,1.538452938952761,0.7564793229103088,0.06719647300371889,0.00849967822432518,0.45673680305480957,-0.2271533080028293,-0.3194192601367831,0.16909969124955704,0.17583609384900833,1,0.05160874123054592,0,0.23567668367574052,"{""type"":""MultiPoint"",""coordinates"":[]}"
0000000000000000020b,269,SAWAH BESAR,GUNUNG SAHARI UTARA,3171021004,3.171021004E12,Tidak Diketahui,Gunung Sahari Utara 04,Tidak diangkat,-,-,1123,"1. Curah hujan tinggi;
2. Dataran rendah",004,0,2020,1577865600000,-,0,0,-1.0255216532700113,-9.485764265049786,-17.393014208819675,3.2612543544213546,5.385751124460513,-4.372000572216044,-12.380219901229719,3.0078840137637384,JAKARTA PUSAT,1,0.9653630095045396,0,0.18146272071217381,880.0578471922215,591.8969259408107,293.3526157307405,90.25702472008413,-240.30185117309532,-588.4105795869204,137.00339953235547,121.98215418037249,14,6.470275019301935,1,7.904153354633315,0.6552197528661662,-4.932396166133499,2.307139182871067,2.40618794864717,1.0,1.8000001907348633,0.7502782773465028,0.0,0.18466472625732422,-0.7919459748498543,-1.669073462486267,0.5975524144846158,0.6199504626349452,131068.810605,131592.34959196192,9.29229736328125,2.7439205288150714,0.0,5.756387233734131,-0.99607167436509,-3.685591220855713,1.5528039792837915,1.5256593459211303,18.899962411547513,12.967397836021128,11.312221506225,5.729635994280024,-0.17278221221119033,-1.8485411924125703,1.2578574477107651,1.2704080675847895,1.750883936882019,0.038807797491275116,0.008499563671648502,1.568167805671692,-0.15723654426356012,-0.20977490488439798,0.14662785105298143,0.14624914527015398,0,0.0,0,0.0,"{""type"":""MultiPoint"",""coordinates"":[]}"
0000000000000000020c,214,SAWAH BESAR,GUNUNG SAHARI UTARA,3171021004,3.171021004E12,Tidak Diketahui,Gunung Sahari Utara 05,Tidak aktif,-,-,1124,"1. Curah hujan tinggi;
2. Dataran rendah",005,0,2020,1577865600000,-,0,0,5.6815518454740905,-10.125854475888215,-17.62215449080893,3.618587267418247,8.52934869242953,-4.797179580833791,-11.821435539459237,3.6190367854502252,JAKARTA PUSAT,1,0.9200756680066209,0,0.261891400439462,798.0053903044136,521.188146080243,278.29872698318394,-149.63629846836113,-433.0899013032853,-667.1590224110719,121.80433518813336,126.78258317989845,19,7.8111094391538956,0,12.613929712460795,1.578304124867209,-6.172523961660639,3.8875399395769956,3.956941492357058,1.0,3.1999998092651367,1.0580903086105387,0.0,1.4892138242721558,-0.6256892768352509,-1.7243834733963013,1.0253982679417588,1.0321623886329108,162316.531025,162924.48729642792,12.801006317138672,4.203360897221522,0.0,8.92099404335022,0.3287095202081767,-3.9627275466918945,2.6348544635619207,2.6121320567277206,18.422965296627915,13.806879446535648,10.529631586330208,5.4077431653005235,0.7712230118880049,-2.499873191123653,2.387566505392101,2.3943433854273457,1.750883936882019,0.5257078634765641,0.008499491959810257,1.568167805671692,0.10244019088872301,-3.5538970343768597,0.8949049619926887,0.7147812193641014,1,0.04604570175627162,0,0.19982631347136331,"{""type"":""MultiPoint"",""coordinates"":[]}"
00000000000000000256,-,SAWAH BESAR,MANGGA DUA SELATAN,3171021005,3.171021005E12,Tidak Diketahui,Mangga Dua Selatan 02,Tidak aktif,-,-,1251,"curah hujan tinggi, saluran air tidak berfungsi",002,0,2020,1577865600000,-,0,0,-6.765844722705701,-11.673341637010857,-13.96727099696707,1.546137663336457,0.5279878881258198,-4.185703729589369,-7.822907820835108,1.8202646666546818,JAKARTA PUSAT,1,1.0,1,0.0,131.191278030262,68.55815633847885,0.0,-614.3856173002167,-690.5988391075733,-778.296830966719,48.60738494613823,48.12195437229576,7,5.388984353803022,2,0.9454313099047358,-0.7393135483536842,-4.007028753993048,1.3649857157610525,1.3819554831542165,1.0,2.000000238418579,0.4949082596625257,0.0,0.4053676128387451,-1.0785787443986605,-1.6458146572113037,0.6307647792217932,0.6368859241802657,38597.2408924,38778.38143716153,4.636961460113525,1.7873254602572315,0.0,1.3791859149932861,-1.4644618167727985,-3.268723487854004,1.0142204851270398,1.0125772765130505,21.84993288378409,15.024916370667283,11.559774321539711,8.407457755211961,1.5784897320743216,-1.8876414653790103,2.840644947782092,2.8402416260397616,3.127855062484741,1.0898933291348991,0.008499706164002419,-5.8936097621917725,-8.759863305530661,-10.555949604138732,1.6368287307794824,1.390715835978453,0,0.0,0,0.0,"{""type"":""MultiPoint"",""coordinates"":[]}"
00000000000000000257,62,SAWAH BESAR,MANGGA DUA SELATAN,3171021005,3.171021005E12,Tidak Diketahui,Mangga Dua Selatan 03,Tidak diangkat,-,-,1252,curah hujan tinggi,003,0,2020,1577865600000,-,0,0,-6.945403600420972,-10.89523352931227,-14.484596739000386,1.9256518597890582,2.0719489981560075,-2.70468725213631,-7.032899634255453,2.2122384541039093,JAKARTA PUSAT,1,1.0,1,0.0,293.3526157307405,134.7529996739931,0.0,-521.938991190148,-656.2223924076471,-778.296830966719,52.827437814320696,61.386248711747264,8,4.756932275023194,1,1.8424281150165776,-1.5040288524644325,-5.25150159744347,1.4494061505528983,1.4406400615636954,1.0,2.200000047683716,1.0573137049551613,0.0,0.6354377269744873,-0.5115978910976826,-1.5745047330856323,0.9983861749926829,1.001367447000273,33845.6409893,33967.23559663175,5.24714469909668,2.5867693343183182,0.9274099469184875,1.9941942691802979,-0.6664452818162344,-2.3432886004447937,1.1012057496895125,1.10138017950717,18.844593028746498,13.206591975126349,11.435529539757743,5.41378232569871,-0.24851974201581564,-2.009445704028682,2.268279869359491,2.2588963474644563,2.5243723392486572,0.42037873351139105,0.008499706164002419,-8.003470182418823,-10.703270075137695,-12.00921781361103,1.1774572879366085,0.9768988118008526,0,0.0,0,0.0,"{""type"":""MultiPoint"",""coordinates"":[]}"
00000000000000000259,-,SAWAH BESAR,MANGGA DUA SELATAN,3171021005,3.171021005E12,Tidak Diketahui,Mangga Dua Selatan 05,sudah cukup baik,-,-,1254,curah hujan intensitas lebat dan ekstrim,005,0,2020,1577865600000,tidak ada genangan,0,0,-4.201049454294923,-11.560030121624544,-14.18870277949015,1.9948621783310785,0.13220036448633163,-3.967533237137737,-7.898804308839935,2.0470715826800334,JAKARTA PUSAT,1,1.0,1,0.0,262.382556060524,144.88795714596435,92.76624232772798,-531.2712846907043,-619.8413123788505,-675.1429249568585,41.18619152952909,49.37987988365038,8,6.062954602457988,2,1.9647284345053642,-0.0022350594698593886,-4.007028753993048,1.4335625185048295,1.4670868242881878,1.0,2.200000047683716,1.2332582364322726,0.0,0.6316806077957153,-0.3759888256585834,-1.6458146572113037,0.9836437390633153,0.9656604805850623,13891.0648444,13947.356346511684,5.654966354370117,2.100794313304969,0.0,2.398898124694824,-1.1606238687250703,-3.268723487854004,1.404974399467587,1.402969073928421,19.07935725251942,14.851083483852618,11.559774321539711,5.630458191558832,1.3952377739655903,-1.8876414653790103,2.4754754989020538,2.469437105688435,3.2468514442443848,0.9474025373149719,0.008499732241034508,-5.9454710483551025,-9.189519684733494,-11.478206047788262,1.9085164521799336,1.454483128502669,0,0.0,0,0.0,"{""type"":""MultiPoint"",""coordinates"":[]}"
0000000000000000025b,70,SAWAH BESAR,MANGGA DUA SELATAN,3171021005,3.17102100501E12,Tidak Diketahui,Mangga Dua Selatan 08,Tidak diangkat,-,-,1256,curah hujan sangat tinggi,008,0,2020,1577865600000,-,0,0,4.874911432729144,-8.825014542030297,-14.758924484171445,3.4946983192882195,8.795608593956706,-2.8425280745824097,-8.900528638658217,3.5135607384642307,JAKARTA PUSAT,1,0.9983868927125507,0,0.10814004072483467,463.8312116386399,145.57774412532277,0.0,-204.6410583021971,-576.8082510438046,-763.6115698460503,135.59119427418136,114.96112840202947,11,5.342263410931174,1,5.035782747604387,-0.6633761447265665,-4.90875399360968,1.9931396325262043,1.9930378453371944,1.0,1.8999998569488525,0.3611273302768285,0.0,0.28503501415252686,-1.2043103758916864,-1.6536229848861694,0.5157348169770544,0.5192637488762962,110353.156345,110787.6298542598,7.4362993240356445,2.2974207778894886,0.0,4.261046648025513,-0.9043926076722224,-3.242568254470825,1.5124202509809146,1.49906447575448,21.84993288378409,14.663762362314417,11.08400808557436,8.407457755211961,1.2595512644084426,-2.29513320250164,2.547177989616404,2.565269910287697,3.127855062484741,0.6719488132153405,0.008499713614583015,-1.6739962194114923,-6.54477726591159,-9.741658464074135,1.7141077388980566,1.171010730508908,1,9.48886639676113E-5,0,0.07669515619417586,"{""type"":""MultiPoint"",""coordinates"":[]}"
0000000000000000025d,3,SAWAH BESAR,MANGGA DUA SELATAN,3171021005,3.17102100501E12,Tidak Diketahui,Mangga Dua Selatan 09,Tidak diangkat,-,-,1258,curah hujan intensitas lebat dan ekstrim,009,0,2020,1577865600000,-,0,0,-1.894866266930513,-9.991977868877582,-13.978457755892396,2.5952359027563876,5.661519588069293,-3.2632470561611835,-8.153030545772019,2.422423113166519,JAKARTA PUSAT,1,0.9732580961727184,0,0.3027019790651292,499.5615034733919,400.4500479457589,293.3526157307405,-176.07097405323032,-286.3213699172179,-414.6320616686939,76.12105544255284,64.40743862875081,9,6.66658488714426,3,3.17495207667786,0.7954454188318936,-3.041405750798118,1.613453205750845,1.5978431943725224,1.0,1.5,0.4824092955537821,0.0,-0.03807032108306885,-1.0269063384042758,-1.5187220573425293,0.4245238988306907,0.43518710387711534,28401.5572991,28544.470334115813,4.719645023345947,2.581454419199162,0.0,1.5270986557006836,-0.567606582235951,-3.1561498641967773,1.1054850518933006,1.1090000358637142,15.955543028490945,12.96981830855487,11.559766777316788,2.62136762462333,-0.3884435554983606,-1.7956322693232032,0.9960650276250493,1.0019855626471594,0.11049593240022659,0.03000751370838291,0.008499706164002419,-0.701559929177165,-2.839775062396929,-5.714160554111004,1.4721022507610189,0.037031802050346244,1,0.026741903827281654,0,0.3027019790651291,"{""type"":""MultiPoint"",""coordinates"":[]}"
000000000000000002b5,120,SAWAH BESAR,MANGGA DUA SELATAN,3171021005,3.17102100501E12,Tidak Diketahui,Mangga Dua Selatan 07,-,-,-,1424,-,007,0,2012,1325404800000,-,0,0,-1.9407809908754377,-11.424606385448044,-18.120439623270073,3.018006598938499,10.68524001552208,-1.266312788937399,-9.532222059068703,3.681172773281818,JAKARTA PUSAT,1,0.9540633543886113,0,0.2188895466135808,586.705231461481,284.28426367478045,92.76624232772798,-185.01240606202487,-451.3095368684331,-648.0678115447317,99.56632109612447,104.3439120214743,14,5.450056566418403,-1,8.430798722045253,-0.31096042127769735,-6.852907348242253,2.9975152834495193,2.932868395817696,1.0,6.0,1.6106462841592724,0.0,4.269737958908081,-0.04489281856733852,-1.6856358051300049,1.2635752007864953,1.2827847059987016,147961.899949,148612.8577364378,6.756767272949219,3.0039308106496354,0.0,3.5730013847351074,-0.1964780431579013,-3.110182046890259,1.5239040490129585,1.5141372735256962,19.116695506811126,13.261079390974144,11.180829035395373,5.667833795440863,-0.170883034127454,-2.24953402186814,1.7734770390725132,1.7784837329620966,3.2468514442443848,0.18757908669159196,0.008499746210873127,-4.260135491378605,-7.765666907410636,-10.596121173352003,1.649547173031519,0.8185670375524992,1,0.032549259922692565,0,0.18801744524696512,"{""type"":""MultiPoint"",""coordinates"":[]}"
00000000000000000292,750,KEMAYORAN,KEMAYORAN,3171031001,3.17103100101E12,Tidak Diketahui,Kemayoran 07,-,-,-,1338,Terendam bankir dan saluran kurang lancar,007,0,2020,1577865600000,-,0,0,-3.287228551465791,-10.558912498257342,-14.793598926544824,2.191269490486172,1.7819638578508492,-5.722132712678174,-9.996035393684725,1.736373915652379,JAKARTA PUSAT,1,0.9923537803138373,0,0.14430489325798446,1244.5897431721087,1054.8644467474155,798.0053903044136,-222.3692269302519,-303.8968281174221,-428.042114488386,44.2384873587083,116.78952040448029,11,6.984422253922973,4,5.124217252396771,0.7443207540125127,-2.6171246006382622,1.2690484223467045,1.2274217107962508,1.0,3.9000000953674316,2.867138443346882,0.3000001907348633,2.3013291358947754,1.2607603621040706,-1.3197314739227295,1.124931745672499,1.1219571717935903,61123.3915948,61370.22382850704,5.247225761413574,1.9782583303492354,0.0,1.4351575374603271,-1.7662747758465394,-3.8418288230895996,1.2024969462411257,1.19523062690847,17.054122518352518,13.111603982302166,11.435484090970238,3.828898684487081,-0.11345490563794793,-1.773377850797555,1.0486224184318114,1.0521008431388554,0.05099664628505707,0.015395971109370542,0.008499406278133392,-0.24936772882938385,-0.28585861732080564,-0.30769362952560186,0.014410308778060849,0.00978579234602898,1,0.007646219686162628,0,0.14430489325798443,"{""type"":""MultiPoint"",""coordinates"":[]}"
00000000000000000293,450,KEMAYORAN,KEMAYORAN,3171031001,3.171031001E12,Tidak Diketahui,Kemayoran 01,-,-,-,1339,"Lokasi rendah dan cekung, luapan anak kali ciliwung",001,0,2020,1577865600000,-,0,0,-2.981403125583622,-9.61046749065134,-14.492304091673681,2.423570119766341,3.705589358679733,-4.470135945143685,-8.847690669399654,2.306877734263116,JAKARTA PUSAT,1,0.9995980101502437,0,0.09534224628819535,1487.155996831178,1148.5179520737784,840.0340520953622,-155.4728437096271,-270.21477558893895,-389.56269101698,57.318840785776025,185.03520339760968,14,8.199738706597662,3,6.900319488818613,1.0715359881259787,-4.277827476037563,2.3881278360041405,2.3693182317051984,1.0,4.400000095367432,2.177136908559415,0.5,2.803028702735901,0.5751950355649779,-1.0612269639968872,1.1595074112006831,1.1784488809567915,69440.5759472,69725.24067197843,6.757055282592773,2.5962347068455247,0.0,2.719557285308838,-1.403518239680046,-4.1004133224487305,1.4297844861294053,1.42678198295167,17.054113752342314,12.476528711464026,11.180740211853628,3.712214704578555,-0.739306931328328,-2.032086129744032,0.9748939554679782,0.9732138048428637,0.042496804147958755,0.009782356601750367,0.008499367162585258,-0.9543349891901016,-6.271559453611752,-9.67340786382556,2.3890407792408483,0.0069165782227759345,1,4.019898497562937E-4,0,0.09534224628819508,"{""type"":""MultiPoint"",""coordinates"":[]}"
00000000000000000294,350,KEMAYORAN,KEMAYORAN,3171031001,3.171031001E12,Tidak Diketahui,Kemayoran 02,-,-,-,1341,"Lokasi rendah dan cekung, Hujan deras",002,0,2020,1577865600000,-,0,0,-0.751873764398936,-10.465531885660292,-14.939898775441725,2.02258446426199,1.611027502369068,-4.520640185816172,-9.827997957126485,2.280847243937128,JAKARTA PUSAT,1,0.9885506465517241,0,0.09128386967395155,1495.8107119745314,1135.4819934014824,834.8961809495518,-162.57094164692307,-284.4469300305707,-399.7221629258768,63.62114887409242,203.1422023140006,12,7.128367456896553,3,5.278466453674823,0.09759593271528957,-4.277827476037563,1.7763635477410837,1.7417068722653253,1.0,4.400000095367432,2.594665954788697,0.0,2.8005495071411133,0.9837851934402585,-1.5627477169036865,1.5403906580332627,1.5681483544250365,77717.3488107,78028.85615259984,6.54877233505249,2.586556952377118,0.0,2.49493408203125,-1.3723048425343785,-4.071573734283447,1.4115928536909657,1.4074387940310686,17.564939434548627,12.870968177140686,11.26328214025846,4.233350800736179,-0.30287059064525623,-1.934407304324779,1.1159633730170262,1.1325257102313468,0.220982626080513,0.019522421897891457,0.008499367162585258,-0.11964622139930725,-3.28051473004598,-8.969772215932608,2.875293140563499,0.03790759274336256,1,0.011449353448275862,0,0.0912838696739514,"{""type"":""MultiPoint"",""coordinates"":[]}"
00000000000000000295,500,KEMAYORAN,KEMAYORAN,3171031001,3.171031001E12,Tidak Diketahui,Kemayoran 03,-,-,-,1342,"Lokasi rendah dan cekung, Hujan deras",003,0,2020,1577865600000,-,0,0,-0.751873764398936,-9.944526821632651,-13.291748557737545,1.8832372543736373,4.178976352342714,-4.03787196775842,-7.302360003080506,1.9254319809822824,JAKARTA PUSAT,1,0.9877167630057804,0,0.09758549581819431,1529.9400624354655,1340.1188001458597,1117.0534807085016,-161.502034338803,-229.69569391673696,-311.09113829460716,36.46399812360915,115.63777472198375,9,6.486030828516374,3,1.881533546326657,-0.6451244036508657,-4.109137380190894,1.3439547580922928,1.3570983664905667,1.0,4.0,0.5879769139896234,0.0,2.3841021060943604,-1.0012096472385987,-1.5828882455825806,0.4555386003845108,0.4641592432106484,72401.4609272,72714.35228122093,5.624460697174072,2.0717812805707503,0.0,1.9095268249511719,-1.7374602350454786,-3.815077304840088,1.1663752605351385,1.1582304752423072,19.762163300860692,13.972004984259085,11.365629497881345,6.53954892108673,0.7670350458329499,-1.8437819904168027,1.711592023442489,1.7237682323356498,0.3909703195095062,0.08792539397214207,0.008499367162585258,-0.22322668880224228,-2.0535527830256624,-7.179778024554253,1.8794094816968352,0.12066765767557625,1,0.012283236994219647,0,0.09758549581819442,"{""type"":""MultiPoint"",""coordinates"":[]}"
00000000000000000296,200,KEMAYORAN,KEMAYORAN,3171031001,3.171031001E12,Tidak Diketahui,Kemayoran 04,-,-,-,1343,"Lokasi rendah dan cekung, Hujan deras",004,0,2020,1577865600000,-,0,0,-1.0418411631484215,-9.283372973946035,-13.722348683086448,2.1865941074852815,3.302715379243395,-4.332023601555248,-9.965276347680138,2.252850344219168,JAKARTA PUSAT,1,1.0,1,0.0,1147.455046826599,986.4579231272479,764.9700312177328,-255.34654463892934,-332.01761606241627,-440.3080596280098,41.006222483942686,104.4122269356142,11,6.55081195845527,3,4.635399361023053,-0.17714166497473177,-3.5865814696478715,1.7953218947636551,1.7666551932670636,1.0,4.300000190734863,3.093751136835385,0.8000001907348633,2.6871694326400757,1.4609701352856306,-0.8323066234588623,1.2214913552702547,1.2235475420536244,60782.747703,61062.93583753359,6.54877233505249,2.6126098712401644,0.0,2.49493408203125,-1.3591626603153122,-3.971982002258301,1.3226255405078018,1.341065006682994,17.0541197424576,12.976161865481723,11.486800724127074,3.945987692560127,-0.15888122819102002,-1.6584386099892932,1.1616359486810472,1.1548129590433254,0.15298984944820404,0.027948565023157686,0.008499406278133392,-0.11964622139930725,-0.27430093828216773,-1.0659413114190102,0.144136541320674,0.04281648837756411,0,0.0,0,0.0,"{""type"":""MultiPoint"",""coordinates"":[]}"
00000000000000000297,234,KEMAYORAN,KEMAYORAN,3171031001,3.171031001E12,Tidak Diketahui,Kemayoran 05,-,-,-,1344,"Curah hujan, saluran kurang lancar",005,0,2020,1577865600000,-,0,0,-3.7362384120755694,-10.18643887668282,-13.66102789073157,1.9851910284752665,-0.36789135835232656,-5.549609222789223,-9.53904142787853,1.859459011167725,JAKARTA PUSAT,1,1.0,1,0.0,1120.898770843552,949.0033800152894,764.9700312177328,-261.80974864608106,-342.52785682732923,-440.3080596280098,41.31528988799731,88.65173806708299,12,8.246008279124778,4,5.7786581469655145,1.8507890275887493,-2.0313099041527343,1.6093961298075912,1.6232207717395404,1.0,4.300000190734863,3.645449811944324,1.0999999046325684,2.697150230407715,2.0308279538171834,-0.5390417575836182,0.9015078016303089,0.8966740703797391,53081.1832962,53311.50647654142,6.22611665725708,2.3690907133221666,0.0,2.2975494861602783,-1.5398648062433158,-3.8418288230895996,1.2588317835428604,1.288971956411821,15.955509827910623,12.582246204457176,11.541981227575075,2.749569487471371,-0.5922930977039185,-1.6059662699343225,0.8194995411677842,0.8273172168168597,0.15298984944820404,0.01276786455043638,0.008499420247972012,-0.13201649487018585,-0.27543337643317867,-0.2914907457306981,0.019725497234624217,0.020114432282650054,0,0.0,0,0.0,"{""type"":""MultiPoint"",""coordinates"":[]}"
00000000000000000298,520,KEMAYORAN,KEMAYORAN,3171031001,3.17103100101E12,Tidak Diketahui,Kemayoran 08,-,-,-,1346,Terendam bankir dan saluran kurang lancar,008,0,2020,1577865600000,-,0,0,-1.109719579755601,-10.313074977055397,-15.21609852761523,1.9564074050546167,6.577316496735257,-4.694224761318649,-10.896879451609017,2.5492132750766165,JAKARTA PUSAT,1,1.0,1,0.0,1187.987549328488,1041.6805340911656,855.2624952764933,-219.07111642824975,-299.83636608111425,-401.13724435637084,41.00220020370569,91.10955867330892,11,6.003571235322766,2,5.191948881789738,0.20396964813071322,-3.5836421725233807,1.8404018842970484,1.920173422434084,1.0,3.5999999046325684,2.721725101872418,1.9000000953674316,1.99631929397583,1.085955057642908,0.2464536428451538,0.544629295797406,0.5338773143855791,64524.9913798,64778.795013101146,7.4777069091796875,2.594445905568802,0.0,3.7202508449554443,-1.0575358418957517,-3.741245746612549,1.2946291305025792,1.3266989143224122,17.341807366691512,13.044564385600536,11.078358272578635,4.102260281051269,-0.22547307892205548,-2.156408014251582,1.138628262183217,1.1457531452585197,0.09349386394023895,0.024365127239432547,0.008499431423842907,-0.27836211398243904,-0.4428747842909453,-0.9150742730125785,0.1953321433089241,0.022453906752533854,0,0.0,0,0.0,"{""type"":""MultiPoint"",""coordinates"":[]}"
00000000000000000299,296,KEMAYORAN,KEMAYORAN,3171031001,3.17103100101E12,Tidak Diketahui,Kemayoran 09,-,-,-,1347,"Curah hujan yang tinggi, saluran kurang lancar",009,0,2020,1577865600000,-,0,0,-0.2157332801422856,-10.917250532169684,-14.757836470775331,2.199437487300026,3.429082434705028,-4.598992139520062,-8.840811583121265,2.155505556513229,JAKARTA PUSAT,1,1.0,1,0.0,1585.1902437742829,1410.9101011404537,1261.7573092267978,-150.18560500571425,-214.33503983905646,-277.41099830126836,31.032999969119114,93.07288462098187,13,7.314980882864094,3,6.213162939297882,0.337544322550131,-4.139169329072668,2.3318760951445725,2.266150037525947,1.0,1.9000000953674316,0.8817658067702586,0.0,0.31509268283843994,-0.7003005689326615,-1.582901120185852,0.465631774975553,0.46749644598286777,50171.4584062,50334.9529217441,6.684700965881348,3.146614648419865,0.0,3.0099291801452637,-0.5153990392847363,-3.815077304840088,1.5698767867922974,1.570422798909865,19.784142205885544,12.599391018211588,11.266752195759345,6.558558449468949,-0.6067564337295945,-1.9371634720422186,1.7029460006553017,1.7033705347858221,0.39946967363357544,0.047992289024296746,0.008499367162585258,0.10077232122421265,-0.34544804225558273,-1.958784967660904,0.3658441908080004,0.12307709187768705,0,0.0,0,0.0,"{""type"":""MultiPoint"",""coordinates"":[]}"
00000000000000000291,720,KEMAYORAN,KEBON KOSONG,3171031002,3.171031002E12,Tidak Diketahui,Kebon Kosong 01,-,-,-,1325,Curah yang tinggi,001,0,2020,1577865600000,-,0,0,-3.90331431347301,-10.43374936618279,-13.502224469330887,1.8335427406647782,-0.8251373242783648,-5.417597651959983,-7.982842676206865,1.6791324689065645,JAKARTA PUSAT,1,0.9674512688488416,0,0.1766846959694085,1596.0107806088272,1430.1694663554679,1261.7573092267978,-142.70561276939634,-209.0490812919915,-264.35069086056774,27.90942123223593,82.62351287369934,9,5.76783744023538,3,2.8182747603840514,-0.6774678484259957,-3.654313099040772,1.4511316574828648,1.377781927048529,1.0,1.5999999046325684,0.5135897058211252,0.0,-0.037610411643981934,-1.1229911322495476,-1.6323707103729248,0.5316289022769285,0.5403802911044405,38001.2369804,38109.75479405527,5.006972312927246,1.9487135949304495,0.0,1.5938127040863037,-1.3994499824478064,-3.3825535774230957,1.1217865436395973,1.120280224516362,18.52045568740474,14.288966013987647,11.482595399414514,5.2295541561712575,0.9944566186994307,-1.7835014817035635,2.2559447682142535,2.2539318320551334,1.946332335472107,0.42963613776201337,0.008499392308294773,1.669527679681778,0.1367150059708165,-0.48378983698785305,0.7631916139209655,0.7521324393539474,0,0.0,0,0.0,"{""type"":""MultiPoint"",""coordinates"":[]}"
000000000000000002b6,665,KEMAYORAN,KEBON KOSONG,3171031002,3.17103100201E12,Tidak Diketahui,Kebon Kosong 06,"1. Air kali item masuk;
2. Pompa Kapasitas rendah",-,-,1425,"1. Sheet pile turap berongga, saluran rusak parah;
2. wilayah lebih rendah dari saluran utama;
3. Saluran rusak parah, saluran utama penuh",006,0,2020,1577865600000,-,0,0,7.002237411910325,-11.136721754532013,-17.830718040509012,3.520257300564542,13.327654757180854,-4.4583064936404755,-13.262763767838395,3.730717133883762,JAKARTA PUSAT,1,0.9192016604121682,0,0.27352183275488523,1620.0927730411177,1318.2926564311158,968.5080035813519,83.0527042061276,-122.8558351002177,-310.6394849254268,90.88123156326061,164.0828063385775,19,4.1573617895553365,-4,14.227348242811885,-0.8655384192683835,-9.120894568689652,3.4679738225862815,3.4210239587277176,1.0,4.599999904632568,1.1812786224885627,0.0,2.809367299079895,-0.614761932588138,-1.8580576181411743,1.0750654629234846,1.067125878889039,166358.421122,167168.07927301055,17.7784423828125,4.031989614879412,0.0,13.822447061538696,0.28435159284875217,-3.8328123092651367,2.9271181836528473,2.9642609320553306,22.741064530261717,13.192565544735285,10.305211743816912,9.295140090020565,-0.21827060400446327,-3.0380122542591046,2.538970898195004,2.5590657790908016,7.8702287673950195,0.9582678785069598,0.008499491959810257,4.488707542419434,-2.17541980396863,-3.679276304319501,2.579924298270241,2.675286638500285,1,0.07048365793832158,0,0.24358857617547097,"{""type"":""MultiPoint"",""coordinates"":[]}"
00000000000000000239,700,KEMAYORAN,HARAPAN MULIA,3171031003,3.17103100301E12,Tidak Diketahui,Harapan Mulia 07,-,-,-,1208,"1. Saluran kecil;
2. Kurang dalam; dan
3. Banyak lumpur mengendap",007,0,2020,1577865600000,-,0,0,-10.830919367530168,-13.550613978050375,-16.431947220992523,1.0676590355305953,1.7638129296498866,-2.8362283501413,-6.725839321111494,1.972175869884176,JAKARTA PUSAT,1,1.0,1,0.0,2506.4058475021416,2331.1924246164413,2189.361932982521,211.87103511548366,111.62463474871657,29.400173864526096,45.752787930317226,72.28096261548387,9,5.99934719761261,3,2.4829392971254407,-0.5187581559322312,-3.3918210862611673,1.3932432955718714,1.3960176462355243,1.0,2.1999998092651367,1.6420593718411618,1.200000286102295,0.7111818790435791,0.183042046461912,-0.2461339235305786,0.26356661906557854,0.24663195024225373,37484.3972885,37594.52941142127,4.64456033706665,2.3975225688805724,0.0,2.246037721633911,-0.0592205731779585,-2.5174691677093506,1.2291646895304011,1.228902885411667,18.89993417586519,13.847657986534227,11.558080080589091,5.260274137260723,0.18181715033322476,-2.1522807683292573,1.535951871520645,1.5229141416150007,0.2974761724472046,0.06300580163273423,0.008499338291585445,-0.3764439970254898,-1.5717677351042691,-2.5859978264197707,0.6224989418386249,0.07763941992648968,0,0.0,0,0.0,"{""type"":""MultiPoint"",""coordinates"":[]}"
0000000000000000023a,250,KEMAYORAN,HARAPAN MULIA,3171031003,3.17103100301E12,Tidak Diketahui,Harapan Mulia 08,-,-,-,1209,Kebanjiran,008,0,2020,1577865600000,-,0,0,-2.041538785878371,-11.71866193247311,-15.559651695843089,2.387154375518641,5.626568227250081,-3.882674166400531,-7.411238295617981,2.101782076113547,JAKARTA PUSAT,1,1.0,1,0.0,2623.82556060524,2415.147388084951,2165.6497327605125,199.32425993600373,79.57632767435796,-55.80147519213915,59.94593355408355,103.08689324821019,11,6.864376341987114,3,4.23450479233314,0.01754241193876153,-3.91182108626112,1.469428509222242,1.4881381491261128,1.0,3.500000476837158,2.450283246372631,1.3000001907348633,2.239821434020996,1.1260611684858017,-0.09376347064971924,0.4875043375418003,0.4562949246807302,89395.8080636,89708.70185707884,6.50221586227417,2.3942899969832716,0.0,4.129453897476196,0.012259480044777997,-2.4308996200561523,1.292802009309865,1.2960393847534406,18.845866549611102,13.701671312852968,11.312182252190219,5.242053398393436,0.07323774787234325,-2.2982008073789366,1.665602225681014,1.6638299459550214,0.15298746526241302,0.05038829049029703,0.008499305695295334,-0.28582440316677094,-0.3984364492497666,-0.9347479799762368,0.09710044945740941,0.04847960681092309,0,0.0,0,0.0,"{""type"":""MultiPoint"",""coordinates"":[]}"
0000000000000000023b,149,KEMAYORAN,HARAPAN MULIA,3171031003,3.17103100301E12,Tidak Diketahui,Harapan Mulia 09,,-,-,1210,"1. Drainase kurang lancar;
2. Ada penyumbatan di daerah kelurahan cempaka baru yang menyebabkan dampak di wilayah RW 09",009,0,2020,1577865600000,-,0,0,-2.5900539982311006,-12.223357384543183,-15.101626691276971,2.0414797863766903,1.8703679293936215,-3.694607065704096,-7.171884121828017,1.8493857724593032,JAKARTA PUSAT,1,1.0,1,0.0,2365.0843991588094,2141.8998928147134,1972.237364886451,135.8092727832818,1.6526024911650266,-102.81099213762627,54.8528029146674,98.7999346662033,10,7.3606620035928625,3,3.6598083067100573,0.8824053772505113,-3.668753993609367,1.6486032807845747,1.6680250874335467,1.0,2.6999998092651367,2.0885640598786006,1.0,1.2922552824020386,0.6077226082064738,-0.5805495977401733,0.4097850576807989,0.3749279675419671,91394.9558609,91774.2729431239,6.226160526275635,2.2131961878343978,0.0,3.6958200931549072,-0.3430872964407013,-2.5634520053863525,1.4119005772134359,1.401683723279732,15.95550226722834,12.989275989361495,11.373678702567965,2.3743412495059957,-0.6419311843392375,-2.2120703407425886,1.0988863379077802,1.0891506871421603,0.15298746526241302,0.02302649560129684,0.008499338291585445,-0.30231519043445587,-1.22052925639214,-2.396534703671932,0.6600301692185335,0.039331903703664454,0,0.0,0,0.0,"{""type"":""MultiPoint"",""coordinates"":[]}"
00000000000000000245,1058,KEMAYORAN,SERDANG,3171031004,3.171031004E12,Tidak Diketahui,Serdang 01,-,-,-,1221,"1. Curah hujan sangat tinggi;
2. Kali hitam tidak mampu menampung debit air; dan
3. berkurangnya tanah resapan",001,0,2020,1577865600000,-,0,0,0.07806947090141843,-11.357090301097053,-15.741304485337356,2.2385155921270847,0.4494024295253344,-4.8054957505957505,-10.291160277114072,1.8863578351588712,JAKARTA PUSAT,1,1.0,1,0.0,2092.901822648123,1928.9267216665091,1672.3672167237055,480.8330665929486,296.7352948316589,136.0544789515311,76.65816836286095,91.36924755954244,11,5.349657415301065,2,5.942492012779935,0.38298217607320556,-3.0042172523957786,1.4336206446408961,1.4559219198970221,1.0,4.900000095367432,2.972167070421376,0.0,3.1388626098632812,1.2176090908970463,-1.7640894651412964,1.5548920845306853,1.5498172685992453,110460.91677,110913.49217934825,6.724159240722656,2.229089806201517,0.0,3.372020721435547,-1.196992525918201,-3.5351197719573975,1.2188750093947487,1.1959306303055859,22.18885613785648,13.864503756634646,11.406544238178222,8.671193246470672,0.31454083821012807,-2.202431994625604,2.3559024861082243,2.3410633727442454,99.41658020019531,3.0581654142362535,0.008499491959810257,95.01111888885498,-1.121528410732901,-4.368958066217601,17.529128567415157,17.57414621072417,0,0.0,0,0.0,"{""type"":""MultiPoint"",""coordinates"":[]}"
00000000000000000246,1256,KEMAYORAN,SERDANG,3171031004,3.171031004E12,Tidak Diketahui,Serdang 02,-,-,-,1222,"1. Selokan / got;
2. Kali sentiong tidak dapat menampung air",002,0,2020,1577865600000,-,0,0,-5.0848292460135465,-11.859452986249666,-14.978682732777497,1.948389084976794,3.259430164103813,-4.918255195325081,-9.591274859746456,2.1519604853158945,JAKARTA PUSAT,1,1.0,1,0.0,1937.0160071627038,1722.6881527601706,1498.6845104201757,274.3831911576501,73.51449298096955,-120.33216152021214,82.13166475895281,99.96421619358401,10,5.502826589434409,1,4.769073482428519,0.3307146775083541,-4.033226837060293,1.8435960390314006,1.881398347021926,1.0,2.3000001907348633,1.2250162075660684,0.0,0.4925624132156372,-0.5931191584125708,-1.8580576181411743,0.6178080681131353,0.6162663887225855,125339.098957,125787.72223122984,8.735748291015625,2.793355386374824,0.0,5.283945322036743,-0.6325403360410353,-3.3587899208068848,1.4431346356826504,1.486952428586187,19.65800827556572,13.609745848124824,11.26329307481124,6.171032809163542,0.09651131133844763,-2.261211525652026,2.1622265162181638,2.144681624255255,7.912726402282715,0.7601124716900028,0.008499459363520145,4.433319330215454,-2.886828060788659,-4.115792827680707,2.631455847082563,2.6087394100746737,0,0.0,0,0.0,"{""type"":""MultiPoint"",""coordinates"":[]}"
00000000000000000247,1446,KEMAYORAN,SERDANG,3171031004,3.171031004E12,Tidak Diketahui,Serdang 03,-,-,-,1223,Saluran air (got) tertutup / sempit,003,0,2020,1577865600000,-,0,0,-5.658602844557047,-12.020638545249383,-15.478970831330045,1.6314662347205233,4.348272224254311,-4.163450885014753,-8.115598853219796,2.1156163438525337,JAKARTA PUSAT,1,1.0,1,0.0,2230.251726514454,2005.4940007737919,1705.4866143934057,385.0492104417576,178.10382089014092,-40.77393987955179,88.6179830049239,116.2542584960697,9,6.382479338842975,4,3.4516293929716912,0.948013712815748,-1.6545686900953323,1.150432952079752,1.1192539690197165,1.0,5.0,1.949319485249508,0.40000009536743164,3.2305047512054443,0.16233854678947165,-1.3581852912902832,1.2607436078103795,1.2585321539781817,116118.92681,116550.77249681421,4.145447731018066,1.4649586556962697,0.0,1.1500227451324463,-1.621787838538189,-3.2375295162200928,0.8654124938494235,0.8507046248415346,18.034954656825793,13.25464285809398,11.672228696628803,4.469414322111543,-0.3762248901385683,-2.007903230427761,1.1353660055007047,1.1222105788397918,0.0849946066737175,0.013792516487649875,0.008499441668391228,-3.2097181752324104,-3.73386063136958,-4.181835435330868,0.2256307467578671,0.015543884715181332,0,0.0,0,0.0,"{""type"":""MultiPoint"",""coordinates"":[]}"
00000000000000000248,1757,KEMAYORAN,SERDANG,3171031004,3.171031004E12,Tidak Diketahui,Serdang 04,"Mengapa pompa air kali sunter/ serdang tidak berfungsi (mati) dan baru dihidupkan pada pukul± 18.00 WIB, sehingga air tidak kunjung surut",-,-,1224,Pompa air dipintu air kali sunter / Serdang tidak berfungsi dengan baik (petugasnya tidak cekatan dalam berkoordinasi dengan pihak terkait,004,0,2020,1577865600000,-,0,0,-1.2965734100691426,-11.49228078423502,-18.997905911563734,2.3125195178086195,1.5745870021952915,-4.742769584737495,-13.455374561653372,2.2460917702074825,JAKARTA PUSAT,1,1.0,1,0.0,2533.7244293416434,2316.7002486418105,2084.662019700414,488.10967535391046,370.48050287949394,157.60032927716952,74.2561529402554,101.30170414108403,10,4.707883002040662,2,4.551437699680903,-0.9695489012350652,-3.7922044728429656,1.28483417483478,1.2370773186284902,1.0,1.4000000953674316,0.28417362999946705,0.0,-0.37156546115875244,-1.5055840219754708,-1.8423643112182617,0.3824729261411628,0.37011104125186756,138385.072279,138993.36435678418,4.744836807250977,1.6386087732265444,0.0,1.7395431995391846,-1.2074453789679136,-2.9987528324127197,0.978140909488538,0.9824873741208762,20.966138505134627,14.462230353725177,11.536639851346873,7.235504230970141,0.7524260827249627,-2.14226480640893,1.99185794047812,2.0012930978013443,1.2749062776565552,0.2185587230553848,0.008499420247972012,-2.6413768529891968,-3.799274624825945,-4.442766532301903,0.46925588205203295,0.41304312365361934,0,0.0,0,0.0,"{""type"":""MultiPoint"",""coordinates"":[]}"
00000000000000000249,850,KEMAYORAN,SERDANG,3171031004,3.171031004E12,Tidak Diketahui,Serdang 05,Banjir besar,-,-,1225,-,005,0,2020,1577865600000,-,0,0,-2.50118563745159,-11.52557341196491,-15.047244429421664,1.8521692420290632,7.99387576706473,-4.598164983165833,-8.842785369889976,2.3849601055040233,JAKARTA PUSAT,1,0.9856765713643768,0,0.109977090492306,2296.7842549240313,2036.3536736710532,1772.2965711743798,464.0095181699314,273.1241060480621,64.24852796555024,98.59570786827474,143.78094811486565,10,4.420266247261697,0,4.4283706070291196,-1.0009145985789878,-5.4828115015969825,1.7177520742312482,1.7181394972309507,1.0,4.400000095367432,1.7893950473269213,0.0,2.6479488611221313,-0.02087193395035765,-1.8621726036071777,1.7901535015103391,1.7770410563549668,186294.791843,187083.55991008616,5.938532829284668,2.1421704938117574,0.0,2.8990628719329834,-0.8876115849864518,-3.1260321140289307,1.1571963762894535,1.1350063216324942,25.319587942351436,14.664725773610442,11.310936631902111,11.752920896132288,1.0339626622074738,-2.3269394136549284,3.4164475107605967,3.4086054030867827,99.18708801269531,15.348412396569167,0.00849947426468134,94.58036661148071,10.824986299404532,-4.684853666462004,36.03412446225717,36.09118705651265,1,0.014323428635623206,0,0.10997709049230595,"{""type"":""MultiPoint"",""coordinates"":[]}"
0000000000000000024a,2000,KEMAYORAN,SERDANG,3171031004,3.17103100401E12,Tidak Diketahui,Serdang 06,-,-,-,1226,"1. Curah hujan tinggi, saluran air tidak berfungsi dengan baik
2. Stasiun pompa air tidak bekerja dengan maksimal",006,0,2020,1577865600000,-,0,0,-5.72251294084715,-11.788710011046506,-16.150897819566598,1.6936179060329555,1.311464962951197,-5.253925041144538,-9.990783363171637,1.9131790726463558,JAKARTA PUSAT,1,1.0,1,0.0,2205.0284078255804,2073.6562294372056,1878.3732438998293,491.610908731207,396.78799105549257,219.56365788777316,59.40040568926069,74.92292346528204,9,5.138324275077755,1,3.790798722045105,0.015421492681934433,-4.205623003194489,1.6711343967313248,1.6862181536168832,1.0,4.900000095367432,3.250350364337395,0.0,3.1442939043045044,1.4957371148442626,-1.7992076873779297,1.6141159950174748,1.6082469202181449,111046.38202,111517.41093455319,6.226082801818848,2.208074514829398,0.0,2.944746494293213,-1.0865157889936325,-3.4308385848999023,1.0538733888451919,1.0279709416680471,22.538157673941267,14.494233348721922,11.55974038491282,9.062533479087213,0.9327716379505763,-1.970278872222842,3.59176275969838,3.558987794362366,99.41658020019531,15.845646305532977,0.008499491959810257,95.01111888885498,11.470650868914461,-4.601979332044721,38.5808580049898,38.64874272603028,0,0.0,0,0.0,"{""type"":""MultiPoint"",""coordinates"":[]}"
0000000000000000024b,444,KEMAYORAN,SERDANG,3171031004,3.17103100401E12,Tidak Diketahui,Serdang 07,-,-,-,1227,"1. Curah hujan sangat tinggi secara berkala;
2. Kondisi rumah lebih rendah daripada jalan",007,0,2020,1577865600000,-,0,0,-8.64319246381027,-13.50045996448198,-16.244521034486755,1.4415686369425875,-1.6499100239966185,-6.998243041471431,-10.401425545963784,1.8045163385133,JAKARTA PUSAT,1,0.9974483596597814,0,0.1428261375083549,2042.9645670126718,1984.114719562867,1855.3248465545596,547.4267986889579,452.3443940171328,327.765679446989,50.726287566204604,55.86950180360598,7,2.9823815309842043,0,2.204345047923689,-1.8949576357047262,-4.814568690095449,1.703864765420684,1.6873713942763824,1.0,3.8000001907348633,1.6701579194746796,0.0,2.0623388290405273,-0.05651782317990083,-1.7665687799453735,1.6083081548440339,1.6101875336352638,28707.2365165,28832.711916902917,5.415041923522949,2.4302714269476993,0.0,1.8065388202667236,-1.0883624249356338,-3.5958967208862305,1.2910945265479785,1.3136921524997538,22.53832866900401,17.351473588135505,11.536664633699676,9.020337028786976,3.8454397693812274,-1.9556635990758675,4.132867961059299,4.1301177745614535,99.55257415771484,47.33711095748136,0.008499563671648502,95.17081594467163,42.880744767387974,-4.546636149287224,49.52795748613633,49.53381346607156,1,0.002551640340218712,0,0.1428261375083551,"{""type"":""MultiPoint"",""coordinates"":[]}"
0000000000000000026c,500,KEMAYORAN,GUNUNG SAHARI SELATAN,3171031005,3.171031005E12,Tidak Diketahui,Gunung Sahari Selatan 01,-,-,-,1282,Meluapnya kali ciliwung,001,0,2020,1577865600000,-,0,0,12.370066093474389,-9.524429118129213,-17.62215449080893,4.059906398470374,23.639632275738045,-3.7605772155172827,-10.886063215379512,4.681077267288783,JAKARTA PUSAT,1,0.9612853271389856,0,0.2043556149658968,1037.1581193100906,783.85171756344,499.5615034733919,-199.01283151816688,-363.30621830601683,-566.0033034049288,79.15060901083027,130.41361905118268,14,7.83183568677792,1,7.18223642172596,1.0790849666316886,-5.7263897763570935,2.7487068018025256,2.733756989964824,1.0,3.9000000953674316,1.6552804536238628,0.0,2.2600127458572388,-0.01937619914542559,-1.7158211469650269,0.9490873415629143,0.936847057221012,171092.396086,171897.2146690305,12.801006317138672,3.3325251394972635,0.0,8.92099404335022,-0.718440520776028,-4.087747573852539,2.0234509995777037,2.004391077282486,18.025267677009747,12.945955528419002,10.529631586330208,4.917274332537557,-0.13132251900481137,-2.499873191123653,1.7929438614152866,1.8009580394439526,1.5298954248428345,0.17993514653773718,0.008499431423842907,-0.07959862798452377,-2.945510384215364,-7.5983693124726415,1.9527144309907514,0.4598979041071179,1,0.020783666483281373,0,0.13100436681222707,"{""type"":""MultiPoint"",""coordinates"":[]}"
0000000000000000026d,405,KEMAYORAN,GUNUNG SAHARI SELATAN,3171031005,3.171031005E12,Tidak Diketahui,Gunung Sahari Selatan 02,-,-,-,1283,Saluran air tidak lancar,002,0,2020,1577865600000,-,0,0,-1.8908524861373839,-10.641739852997363,-16.498401107890317,2.6769480138027832,8.3128690271947,-4.830529803088817,-11.721171563288632,3.2935211950442445,JAKARTA PUSAT,1,0.9994110087813236,0,0.10205641805086993,668.9468866894822,471.62583487511296,278.29872698318394,-402.2694725249903,-572.5408486535721,-734.220483771229,73.7864686049275,86.7709371353621,11,6.1226708074534155,1,5.062492012780229,-0.05572416666995509,-5.114632587858733,2.1759691582872036,2.1025245345257093,1.0,3.1999998092651367,0.6684299701795661,0.0,1.4892138242721558,-1.0381910536549135,-1.7243834733963013,0.708870737231429,0.7066474202975425,65138.0840171,65428.74614074402,9.949081420898438,2.932580145817545,0.0,5.847886085510254,-1.0919646373025402,-4.0213470458984375,1.796508306861614,1.8055675336268333,16.64866413080014,13.432817205978665,11.185677842820445,3.5964084182996476,0.39788921543297673,-1.8250048695163859,1.1902817268188908,1.1971000246073746,0.18698875606060028,0.05243094478768546,0.008499491959810257,-0.034468382596969604,-0.23030034464450438,-1.3947172276675701,0.27257912891746,0.05509486775268146,1,5.889912186763761E-4,0,0.10205641805087008,"{""type"":""MultiPoint"",""coordinates"":[]}"
0000000000000000026e,250,KEMAYORAN,GUNUNG SAHARI SELATAN,3171031005,3.171031005E12,Tidak Diketahui,Gunung Sahari Selatan 03,-,-,-,1284,Banjir karena hujan,003,0,2020,1577865600000,-,0,0,-0.5647507282236457,-9.304683045104762,-16.206689320734377,3.206807160922601,6.5123812044607625,-4.339404581143632,-10.146614913090374,3.0019029072994945,JAKARTA PUSAT,1,0.9588753897430384,0,0.17399263633843817,524.765112121048,393.56238486378953,262.382556060524,-539.8341874170818,-646.9580289201357,-745.8336166068541,51.84661331858128,71.15571944673496,19,7.049564562950222,1,13.244984025559749,1.468250780688938,-4.473099041532949,2.5562256490343094,2.6244832494014676,1.0,4.700000286102295,2.0435597541806207,0.0,3.027207851409912,0.3543815252960606,-1.7129329442977905,1.6730022757437453,1.6654003710545333,64946.3144123,65159.72282271573,19.806137084960938,3.6921790046578336,0.0,15.705641269683838,-0.37058320833129177,-4.052310466766357,2.754546192010361,2.7686215825538913,15.955519032142334,12.524398751193694,10.86868212189328,2.823106137391484,-0.5780376816733656,-2.2322976711118496,1.0683217067847564,1.066972130397905,0.23798587918281555,0.037727772350643424,0.008499491959810257,-0.02421632409095764,-0.23979553903288128,-0.30137813929468393,0.08217045998858764,0.07357192352447404,1,0.04112461025696162,0,0.17399263633843817,"{""type"":""MultiPoint"",""coordinates"":[]}"
0000000000000000026f,280,KEMAYORAN,GUNUNG SAHARI SELATAN,3171031005,3.171031005E12,Tidak Diketahui,Gunung Sahari Selatan 05,-,-,-,1286,Tingginya curah hujan,005,0,2020,1577865600000,-,0,0,-0.9663640494473863,-9.440663749507504,-13.009888609541958,2.1781669883502746,0.5981383836644649,-4.582692025589414,-8.549166144856828,1.7407089396312574,JAKARTA PUSAT,1,1.0,1,0.0,855.2624952764933,591.6621748507895,414.86324772403617,-357.42576836730166,-523.0572874351268,-648.8271263716304,61.37866064285641,97.09195367819451,11,7.018251414623319,4,5.603833865815275,1.1397309105171796,-1.9615335463252492,1.442569624386847,1.3595524330013136,1.0,4.599999904632568,3.2038001508383687,0.8999996185302734,2.938006281852722,1.5460277401711873,-0.7787991762161255,0.748412634565927,0.746636260917468,62913.4651989,63144.74819752684,5.006920337677002,1.957411392420467,0.0,1.0153942108154297,-2.0426062215621785,-4.024501323699951,1.1426212717585917,1.138497496942202,16.055832296935733,13.134053125055338,11.482617557557802,2.907446741659369,0.011384810473305888,-1.6579085219653482,1.213461151606745,1.2187233167655083,0.1614893227815628,0.026057584752271545,0.00849947426468134,-0.125559464097023,-0.2588573618398616,-0.30334910098463297,0.04931377379892372,0.04742436509049306,0,0.0,0,0.0,"{""type"":""MultiPoint"",""coordinates"":[]}"
00000000000000000270,158,KEMAYORAN,GUNUNG SAHARI SELATAN,3171031005,3.17103100501E12,Tidak Diketahui,Gunung Sahari Selatan 07,-,-,-,1288,Curah hujan yang tinggi,007,0,2020,1577865600000,-,0,0,7.278488403409714,-9.585204007763203,-18.6401066041471,3.8364581967212197,14.09470744299755,-3.39042120246913,-13.220187864593246,3.703637137432072,JAKARTA PUSAT,1,0.9588357668451669,0,0.255077649667683,1601.393631575576,1273.1205990732578,946.0337596635238,-79.54287678680953,-209.4896655428075,-347.66390995783536,57.55332053459373,184.80130453734074,15,6.71531764071349,-1,7.46990415335539,-0.6870084746934003,-8.301341853034419,2.68776205198435,2.710431901246931,1.0,2.8000001907348633,1.6247506428422553,0.0,1.2025305032730103,-0.012086940132267793,-1.716115117073059,0.5490191465892159,0.5440288680753583,181066.959235,181802.42446133564,10.096575736999512,3.512547051983051,0.0,6.10708212852478,-0.504743356195534,-4.1004133224487305,1.933094113238015,1.9333232118795673,17.152856444786593,12.795999157944648,10.77334757943893,4.023642978669937,-0.4387638900924891,-2.5297411162697347,1.5195527484887092,1.4971307565033278,1.0199264287948608,0.05174950823361771,0.008499338291585445,-4.530465793795884,-9.4922990321171,-11.951452977955341,1.5943189657504975,0.15422703935853693,1,0.03625226335863159,0,0.24800854606287018,"{""type"":""MultiPoint"",""coordinates"":[]}"
00000000000000000271,350,KEMAYORAN,GUNUNG SAHARI SELATAN,3171031005,3.17103100501E12,Tidak Diketahui,Gunung Sahari Selatan 08,Sekarang kami memohon perbaikan saluran Got air kotor / Normalisasi saluran,-,-,1289,Hujan deras dan kiriman dari Bogor,008,0,2020,1577865600000,-,0,0,-3.7392256040577756,-10.15145679176775,-15.205620021068775,2.175979026296014,6.509718776688711,-3.804760125076178,-9.470483934064237,2.76539565957371,JAKARTA PUSAT,1,0.8886393910561368,0,0.32273860680187716,1864.5783944648524,1713.977695973859,1487.155996831178,-28.44417110600739,-108.78332064032432,-194.4377477968842,38.14487399412163,103.46102004790643,13,5.98241674595623,2,5.473865814697256,-1.6069235214895172,-5.6548242811494225,2.4407541268598054,2.435401376028133,1.0,2.8000001907348633,1.1911475011533377,0.0,1.1864665746688843,-0.40730046696032246,-1.5829521417617798,0.7563051853129775,0.7737501678014392,91692.2879444,92050.09208565776,10.096575736999512,3.366271166481594,0.0,6.10708212852478,-0.489576754835421,-3.90531063079834,1.9368078743081354,1.9645854978133281,17.747257499527322,12.697189447567421,10.77334757943893,4.401782242866801,-0.6348298839799562,-2.5297411162697347,1.4326411691663645,1.4348992177586815,0.13598905503749847,0.027316540751418365,0.008499305695295334,-9.776737974025309,-11.487969191035138,-12.870847541838884,0.6718878358025709,0.03860961901937544,1,0.11136060894386299,0,0.3227386068018771,"{""type"":""MultiPoint"",""coordinates"":[]}"
00000000000000000272,160,KEMAYORAN,GUNUNG SAHARI SELATAN,3171031005,3.17103100501E12,Tidak Diketahui,Gunung Sahari Selatan 09,-,-,-,1290,Curah hujan yang tinggi,009,0,2020,1577865600000,-,0,0,-4.250266360175633,-11.69876349891103,-16.598189497018165,2.278650578780208,0.3007862231249181,-6.1863301382399625,-11.601453206266852,2.4588505522318256,JAKARTA PUSAT,1,0.8690082138040948,0,0.3726779962499649,747.9053559872657,565.4903850116505,334.4734433447411,-390.7081023943708,-519.1630948621065,-688.0838973599101,58.70863326922737,88.40572026647672,11,5.7360549221527535,-1,5.603833865815275,0.5313776951611363,-6.248562300318934,2.303695283978345,2.32148962068688,1.0,4.599999904632568,3.450839926072074,1.8000001907348633,2.938006281852722,1.762424768361885,0.08972537517547607,0.877975699573732,0.8772856353827658,56899.5521161,57141.33287348284,8.73574447631836,3.51054617858655,0.0,4.744606018066406,-0.5367475467101168,-4.0259318351745605,2.004824137615369,1.998730216894888,15.955519032142334,12.668500125943554,11.215136836239077,2.812967239735869,-0.481730906761685,-1.9540988919848896,1.0180680638873347,1.0156938173787444,0.07649581879377365,0.02118941724036184,0.008499491959810257,-0.267356775701046,-0.4145015482525882,-0.810712375678122,0.1584171988139433,0.02071376736441883,1,0.022373421601078834,0,0.27638539919628335,"{""type"":""MultiPoint"",""coordinates"":[]}"
0000000000000000023c,84,KEMAYORAN,CEMPAKA BARU,3171031006,3.171031006E12,Tidak Diketahui,Cempaka Baru 01,-,-,-,1211,Curah hujan tinggi selama 4 Jam dan saluran air tidak dapat menampung air hujan,001,0,2020,1577865600000,-,0,0,0.11187341394204739,-10.77453667207317,-15.076433269495533,2.602437583167319,1.8342057733557948,-4.428566219262561,-9.41254975713905,2.4097204099669645,JAKARTA PUSAT,1,1.0,1,0.0,2767.4830418432575,2622.180160795315,2435.003422595757,222.81017163280922,127.98387015291986,8.870644906709458,49.48496081951776,80.10605312595682,12,9.190073688773298,7,4.792460063898554,2.0270689797646644,-0.10325878594166227,1.181825558717433,1.2293584233020691,1.0,4.700000286102295,3.973204956632046,2.5,3.5019426345825195,2.74592552269802,1.3036549091339111,0.5594782410214317,0.543016242361984,48278.7077607,48480.90469917718,3.353797435760498,1.8123746480431586,0.0,1.0255236625671387,-0.5167805402760491,-2.3368451595306396,0.7311618853566255,0.7318989554102475,15.955495035217883,13.195614000494158,11.88696844276232,2.2688250902478195,-0.49636727239445055,-1.7747949001088514,0.7873783282210166,0.7852223864292888,0.05099572241306305,0.01810012349650035,0.008499263785779476,-0.38485221564769745,-0.4125354905445097,-0.4307914860546589,0.011002142402651256,0.011936104476021602,0,0.0,0,0.0,"{""type"":""MultiPoint"",""coordinates"":[]}"
00000000000000000240,910,KEMAYORAN,CEMPAKA BARU,3171031006,3.17103100601E12,Tidak Diketahui,Cempaka Baru 06,-,-,-,1216,"1. Curah hujan tinggi;
2. Luapan kali utan kayu",006,0,2020,1577865600000,-,0,0,-7.194057732450657,-13.791206532983916,-15.846603195529468,1.4328810536564112,4.108411276372799,-1.845929284739682,-7.049204115179922,2.109441018767189,JAKARTA PUSAT,1,0.9749223160751017,0,0.16216216216216217,2827.4688043900096,2640.110648677863,2435.003422595757,432.8440647749803,255.0638053019002,113.53779541944505,67.91204857872029,85.51827758043257,11,6.390651669657315,2,4.0766773162948065,-0.4559573037981858,-5.030287539935253,2.0816475217072807,2.092690212453404,0.9678366211145694,3.3000006675720215,1.9888618886953395,1.1000003814697266,2.030096411705017,0.6397033863409045,-0.31097733974456787,0.5845807918507863,0.5514190944262648,79665.5191169,80046.0295505246,6.66995096206665,3.0239275420456573,0.0,4.292770624160767,0.6537530015368365,-2.3847076892852783,1.321224701951854,1.3185984465777956,18.152721122271043,13.000706072737593,11.43545623297356,4.487053258797728,-0.6416972301261941,-2.2130671326505684,1.0863445635941484,1.086178958898463,0.18698440492153168,0.03362559088529403,0.008499305695295334,-0.3157142996788025,-0.6541611512445814,-1.903927848674357,0.42316818717275945,0.04238858621495729,1,0.013917458094446148,0,0.13301642396606667,"{""type"":""MultiPoint"",""coordinates"":[]}"
00000000000000000241,520,KEMAYORAN,CEMPAKA BARU,3171031006,3.17103100601E12,Tidak Diketahui,Cempaka Baru 07,-,-,-,1217,Curah hujan lebih tinggi,007,0,2020,1577865600000,-,0,0,2.8387947411141123,-11.759615299825361,-15.136079519063525,2.336909959187568,5.016455763100704,-3.108065093625558,-8.99474902931004,2.281465145788544,JAKARTA PUSAT,1,1.0,1,0.0,2753.454594768097,2514.830815910188,2341.3141034131877,486.9298078529364,269.5233495733396,141.0320369095316,83.64948048934527,107.3384047135281,10,4.717519169771811,1,3.529712460064732,-1.7482760266102213,-5.565495207666874,1.8814105827148975,1.907716432160669,0.9198301236807072,1.9000000953674316,0.8725773618214892,0.0,0.49625563621520996,-0.6135614126194753,-1.6199233531951904,0.6872176393699624,0.6494659398907658,113315.528894,113747.39272710212,7.222747802734375,2.5712610997719167,0.0,4.80158543586731,0.12518711207083555,-2.504467725753784,1.392690901953572,1.38412676651838,19.90674242881349,13.84883084808584,11.185659789658873,6.1177946193683574,0.10121414319474907,-2.5532857308326378,1.7622211904136609,1.7645973490509173,0.7734391689300537,0.1149692437609082,0.008499338291585445,-0.7814221307635307,-2.2543810152699404,-3.1805620109662414,0.5272120135776764,0.18186933014540574,0,0.0,0,0.0,"{""type"":""MultiPoint"",""coordinates"":[]}"
00000000000000000243,431,KEMAYORAN,CEMPAKA BARU,3171031006,3.17103100601E12,Tidak Diketahui,Cempaka Baru 09,-,-,-,1219,Curah hujan,009,0,2020,1577865600000,-,0,0,2.8387947411141123,-10.997583984595488,-14.679098570940955,2.6311314270896813,1.8061846865308029,-4.420748313382771,-7.5819758042473255,1.6689274610665419,JAKARTA PUSAT,1,1.0,1,0.0,2533.7244293416434,2328.5974261210526,2119.459960354695,468.2689900213554,246.17660706087472,79.53196994313566,84.42102993374034,99.90769026281306,9,5.707569267835631,1,2.9306070287546397,-0.35003863287289844,-5.123450479232568,1.5879196941428162,1.596125582036197,1.0,1.6000003814697266,0.6873077755232216,0.0,0.04532933235168457,-0.9837529508005805,-1.755744457244873,0.5050069509222237,0.4587912792921874,104212.84704,104663.47263393349,5.00696325302124,2.0065836142905664,0.0,2.4619972705841064,-0.6011065400986288,-2.7837774753570557,1.2209841028596218,1.1834498686704338,17.79621575710461,13.709727705748836,11.754301126976697,4.037943856417206,-0.03503384421132316,-1.997492482306189,1.6844740829496487,1.6831277228237547,0.8669326305389404,0.08401854243035996,0.00849937740713358,-2.4392812252044678,-3.0987125048044257,-3.653621864505112,0.31939877265751626,0.23563689160399184,0,0.0,0,0.0,"{""type"":""MultiPoint"",""coordinates"":[]}"
00000000000000000244,135,KEMAYORAN,CEMPAKA BARU,3171031006,3.17103100601E12,Tidak Diketahui,Cempaka Baru 10,-,-,-,1220,Hujan lebat Tahunan,010,0,2020,1577865600000,-,0,0,-4.583405687841061,-11.84341005256161,-15.673180200720765,2.1131084449760027,2.2097724482822394,-3.7527531431513146,-6.753602617488712,2.1570281745133952,JAKARTA PUSAT,1,0.979788372369516,0,0.12170236132510295,2291.157171937385,2121.749782665577,1912.425078044332,240.0876753136556,104.47373673269517,-28.99459379259929,58.529061998896175,78.87220158747446,9,5.90345975508263,3,2.9297124600645263,-0.12610502829224202,-3.241277955270861,1.465019163896595,1.5170465607217911,1.0,2.1999998092651367,1.0490391123938758,0.40000009536743164,0.6702872514724731,-0.6309322440581246,-1.3124473094940186,0.503457579689101,0.45309471857792455,88038.0018245,88388.8332328792,4.637037754058838,1.9552843883247983,0.0,2.0959203243255615,-0.7816254930505098,-2.8308122158050537,1.0127114148000735,1.0026916960809895,17.05412069210673,13.084940684523449,11.886982061009268,3.3437576430879083,-0.6162024500327569,-1.82068304984106,1.127828893591192,1.1317241222313439,0.042497195303440094,0.014921895322997676,0.00849937740713358,-2.0650835018604994,-2.8528168898388646,-3.562760315835476,0.37602377817930105,0.009057016384910814,1,0.020211627630483887,0,0.12170236132510259,"{""type"":""MultiPoint"",""coordinates"":[]}"
00000000000000000260,-,KEMAYORAN,SUMUR BATU,3171031007,3.171031007E12,Tidak Diketahui,Sumur Batu 01,-,-,-,1261,Kali serdang tinggi hingga keluar dari got beton,001,0,2020,1577865600000,-,0,0,-1.2609502718967853,-10.816026358748342,-15.449481789320952,2.4000339579656806,9.76086563761076,-4.022238998052727,-8.794396926888922,2.6373595203672284,JAKARTA PUSAT,1,1.0,1,0.0,2599.1107973211338,2182.1379376860164,1710.5249905529865,499.9732392739984,274.8474748436685,21.412566813543663,129.7689116050269,250.47322475621618,11,5.307820299500833,0,5.408690095847008,-0.4694675852385744,-5.607412140574695,1.6959392548104377,1.6927357814478865,1.0,4.0,0.7851627589133899,0.0,2.134517550468445,-1.0455111964576949,-1.8804856538772583,1.1348884249774773,1.1436157095236077,121678.226576,122164.27374654138,5.938530921936035,2.361316288862918,0.0,3.097308874130249,-0.3849198432583989,-2.8205652236938477,1.287286971096504,1.3176084628594564,22.51425196125563,14.33586011729757,11.310936955395778,8.86205960263466,0.6110166014468282,-2.3977307966297463,2.8531790223270517,2.840433645388939,97.61470031738281,6.497226384144158,0.008499406278133392,92.90164232254028,2.127339715434509,-4.850338842719793,24.928414138580337,25.05403010290501,0,0.0,0,0.0,"{""type"":""MultiPoint"",""coordinates"":[]}"
00000000000000000267,-,SENEN,SENEN,3171041001,3.171041001E12,Tidak Diketahui,Senen 02,-,-,-,1270,Pintu air Latuharhari jebol RW 02 ikut terdampak banjir,002,0,2013,1357027200000,-,0,0,2.715718584597019,-10.8414122252566,-16.888297505234213,3.6532193546812572,8.428670944979467,-4.655488164706361,-13.051454776343338,4.140351390305138,JAKARTA PUSAT,1,0.810642601524817,0,0.42469124587279605,2274.192385239133,2088.068368251148,1956.9060257061412,178.12595223336484,35.89046668065267,-65.15683798069745,59.19867319264714,92.49325117127155,48,21.288548311809542,4,40.26619808306776,13.575009482261763,-3.666198083066404,11.815719689443522,11.822952867459671,1.0,8.80000114440918,2.2261790021389176,0.10000038146972656,7.14463996887207,0.5434152385078209,-1.6936355829238892,2.6425167607904125,2.6295066107949934,44858.9793679,45024.663258105335,32.17049026489258,17.339671510494153,0.932817816734314,28.186881065368652,13.263385334522367,-3.1790744066238403,9.012610457717171,8.987448818605186,16.256465341511593,11.493464298282769,9.51133571213067,2.965684205130845,-1.835608968867114,-3.8734056252762077,1.7572564668472945,1.7311825717479665,0.28897562623023987,0.05315589862993738,0.00849925260990858,-12.832151532173157,-14.904729562070063,-15.89270543679595,0.7412326144597394,0.07950768586954557,1,0.16951921580830864,0,0.41573970964154905,"{""type"":""MultiPoint"",""coordinates"":[]}"
00000000000000000268,-,SENEN,SENEN,3171041001,3.171041001E12,Tidak Diketahui,Senen 04,-,-,-,1272,"Jalan lebih tinggi dari pemukiman, sehingga terjadi genangan",004,0,2020,1577865600000,-,0,0,5.567460432710732,-10.87304916570048,-17.137616561750985,3.3944873415974617,7.609749550812648,-5.5433962912972445,-12.793382722519011,3.0647904137385438,JAKARTA PUSAT,1,0.9354759820830978,0,0.24583065414294653,2599.1107973211338,2120.175176478839,1484.2598772436477,243.06992821405402,-19.5378021859261,-215.5764627553226,95.77341125735505,250.2766160714087,32,7.591335015188182,-1,24.322811501598135,-0.3157272454062504,-9.367156549519951,3.6964634906995353,3.6835772450893893,1.0,3.200000286102295,1.1418024232911317,0.0,1.5918468236923218,-0.43662817530164827,-1.5810991525650024,0.7161593630482017,0.7212168604026937,271001.127554,272108.01677437796,29.33263397216797,4.309643862732087,0.0,25.408942699432373,0.6049080788275984,-3.8177125453948975,3.2580399053955973,3.299439086434926,19.17436379458051,12.487756765336364,9.62412691015029,5.702666541433496,-0.9331409399344281,-3.759739999667394,1.2887979865540355,1.2866166855594978,0.21248114109039307,0.027976953565712552,0.008499198593199253,-8.352219388820231,-12.85660001713308,-15.288712448440492,1.810876588882295,0.041806130666511454,1,0.048113061833908274,0,0.2191011235955056,"{""type"":""MultiPoint"",""coordinates"":[]}"
00000000000000000269,-,SENEN,SENEN,3171041001,3.171041001E12,Tidak Diketahui,Senen 05,Banjir surut seiring surutnya kali ciliwung,-,-,1273,Luapan air kali Ciliwung,005,0,2020,1577865600000,-,0,0,13.97704115783051,-11.015016367717616,-17.019199418134463,3.3575570281792597,22.451102837490865,-5.453631693508067,-11.951302855070304,3.7568082580963518,JAKARTA PUSAT,1,0.7918317152103557,0,0.4077820768771259,2904.042734068253,2585.116512270355,2157.6877582595803,676.0128454021128,449.56219322844106,205.58656981954118,111.54692803098008,210.35353725239318,29,8.471533980582526,0,20.872332268371323,0.22803554949054267,-8.266453674120617,4.62709434700409,4.590900371628884,1.0,4.899999618530273,0.851847380215296,0.0,2.8542232513427734,-1.1281893692047469,-2.2597317695617676,0.8737781765703782,0.8512892630135764,269517.555922,270580.7232157991,20.302040100097656,5.340360053463659,0.0,15.821561336517334,0.7079565475087336,-4.600774765014648,3.4471320040424396,3.4848539499495743,26.606064699202822,14.904807908774306,10.0421146580459,13.417594869280483,1.7002531382538213,-3.198189645583117,4.757334916241904,4.74534193491116,360.10400390625,97.1238255860591,0.008499141782522202,342.86211013793945,80.21752207007853,-18.502103698439896,161.65403640729997,161.83542592410035,1,0.16847896440129448,0,0.3666060555964672,"{""type"":""MultiPoint"",""coordinates"":[]}"
000000000000000002af,35,SENEN,KENARI,3171041002,3.171041002E12,Tidak Diketahui,Kenari 02,-,-,-,1407,Saluran air tidak lancar,002,0,2020,1577865600000,-,0,0,6.623618548164885,-8.718583707121615,-15.911472665673163,3.336370319264906,10.646283875185366,-3.549466465743129,-10.64795025685285,3.3210295987601395,JAKARTA PUSAT,1,0.9801826598273489,0,0.183779759494891,2696.6111102062355,2373.183494339396,1930.3404582761361,83.48449522527108,-53.50854645155923,-183.49938248768217,56.059910235938176,182.5717310014093,17,11.02231952958839,6,6.830926517572653,0.23836200765206583,-4.732140575079054,2.3641345366480917,2.1587033144922905,1.0,4.599999904632568,0.8677340267328869,0.0,2.995015859603882,-0.8550896127486757,-1.890019178390503,0.850438504306496,0.8125452051097234,139391.55437,140007.62221169838,7.3788604736328125,3.230594790908013,0.0,4.236748695373535,0.14367383840637984,-3.043482780456543,1.6241793521505674,1.6329082870751428,23.81770241899767,13.201782734724802,11.136039094006819,10.40421107031283,-0.2879913744355336,-2.3725477076716732,2.7717615890066476,2.7564273037914018,357.6732482910156,20.878642305048867,0.008498926647007465,342.43108558654785,5.359537737337703,-17.413812856189907,90.90181694649465,91.17272967719367,1,0.017340172651069685,0,0.13999999999999999,"{""type"":""MultiPoint"",""coordinates"":[]}"
000000000000000002b0,78,SENEN,KENARI,3171041002,3.171041002E12,Tidak Diketahui,Kenari 03,-,-,-,1408,Naiknya permukaan air Kali Ciliwung ditambah curah hujan tinggi,003,0,2020,1577865600000,-,0,0,1.0991553893367296,-8.876697302755199,-14.932241117794259,3.4343179350561615,3.8445190954796247,-3.5934121898376983,-10.053380868100952,3.224726623604119,JAKARTA PUSAT,1,0.7153552444411171,0,0.4096611065529924,2709.346062320677,2501.026751829682,2304.2656566744567,50.09993649408261,-44.05976632547713,-125.53032957435744,37.72983151612945,99.22621263908938,16,12.137306281350602,8,5.093674121406552,1.3645709600291744,-2.8774440894560325,1.7417309565994934,1.8093092604637842,1.0,2.299999237060547,1.2271691435351022,0.09999942779541016,0.598772406578064,-0.44938770823469065,-1.6471571922302246,0.5348208615862743,0.5487861233805436,46612.7844161,46797.14692358622,6.548962593078613,2.2211845238122914,0.0,3.5616257190704346,-0.7614606848874742,-3.043482780456543,1.4983558370742711,1.4938357229643096,17.564897619624894,12.86310160252587,11.486742561694228,4.023203423425324,-0.665991401826684,-2.056405441727751,1.1865967050078539,1.1841185692637914,0.07649079710245132,0.01273224285523509,0.008498962968587875,-14.657692098990083,-15.108313152137045,-16.593641463667154,0.41989389560561996,0.013878755972259646,1,0.021262259489406306,0,0.16110727964792765,"{""type"":""MultiPoint"",""coordinates"":[]}"
000000000000000001e6,36,SENEN,PASEBAN,3171041003,3.171041003E12,Tidak Diketahui,Paseban 01,-,-,-,1053,Saluran air mampet (gorong-gorong),001,0,2020,1577865600000,-,0,0,4.02781780396173,-8.400419490271732,-18.218089442675364,3.5550143299728494,14.058349684706364,-2.9073943096399812,-13.922616246483063,4.3278217158789865,JAKARTA PUSAT,1,0.9906843196682085,0,0.16058749209247875,3100.391600158396,2829.8588038605735,2599.1107973211338,240.86483008490404,75.0557784860624,-63.45953987400071,70.18964874394011,136.02000555067175,21,9.39977667889616,6,10.20920127795605,-0.9131699538825903,-4.592843450478469,2.2154423044286413,2.271281820629774,1.0,4.599999904632568,1.0263775304927267,0.0,3.02912437915802,-0.5467578962823197,-1.6301853656768799,0.980300593180107,0.9727825171242799,109267.122907,109792.48980410604,10.408181190490723,2.5987862334237715,0.0,7.527896165847778,-0.2679196444571655,-2.954054355621338,2.0684701239554,2.0679500486209847,21.03684997393869,13.708998882285305,10.742251079406957,7.422750526148601,0.14219834572305376,-2.8310133916872537,2.040784532320378,2.051749281311854,1.4193147420883179,0.19405254114741297,0.008498980663716793,-11.984540581703186,-14.053129113353862,-15.783020184375346,0.8548395591397402,0.48234255999090253,1,0.0011804115488913702,0,0.13954508281924158,"{""type"":""MultiPoint"",""coordinates"":[]}"
000000000000000001e7,60,SENEN,PASEBAN,3171041003,3.171041003E12,Tidak Diketahui,Paseban 02,-,-,-,1054,Saluran air / got mampet,002,0,2020,1577865600000,-,0,0,-4.433535271293172,-9.545649803526079,-13.982858666643976,2.0551765420853925,4.606341636425077,-3.548744274188241,-7.94324101543999,2.477011338338316,JAKARTA PUSAT,1,0.9067713444553483,0,0.25613577714208524,3192.0215612176544,3007.0474058402715,2804.549198011076,262.0541483721149,131.70687800102567,10.627687854741453,58.820274465703974,97.07747476226919,13,8.840836604514227,5,2.6823003194895154,-1.3784527288225772,-4.9813418530344435,1.7741471942286497,1.9084224177491413,1.0,2.1999998092651367,0.9541155332671996,0.0,0.6456738710403442,-0.6007228231786862,-1.5888307094573975,0.8874030398029826,0.8982535637498454,56860.2438794,57017.751075822314,6.757325172424316,1.8493665110308883,0.0,4.056318044662476,-0.8720561419673069,-2.763439178466797,1.1380149799699912,1.1394244075546778,21.102941144387078,14.918980805345335,11.723084371507152,7.464525750183398,1.2934318417108335,-1.9035341983530643,2.520300775243626,2.5165779758962668,1.4618098735809326,0.523661594428908,0.00849900208413601,-10.988828897476196,-13.260564723908004,-14.47307982482016,0.7980992869845924,0.6516749133458071,1,0.0932286555446516,0,0.2561357771420852,"{""type"":""MultiPoint"",""coordinates"":[]}"
000000000000000001e8,100,SENEN,PASEBAN,3171041003,3.171041003E12,Tidak Diketahui,Paseban 03,-,-,-,1055,Karena trotoar di Jalan salemba raya,003,0,2020,1577865600000,-,0,0,5.066315430253965,-8.873854916330027,-14.576063686074521,3.0170399441355937,11.998227933158452,-3.3029921415487005,-8.219345683527845,2.967515109297662,JAKARTA PUSAT,1,0.9997691064419303,0,0.07392101124765756,3166.3063194646634,2892.2331019198764,2577.499651299377,206.83234167276987,53.393856056986735,-90.48646619964848,66.89651097182724,156.4771876845346,25,11.445958079991795,5,14.154504792333057,0.7547690552149513,-5.773929712459342,3.4391017826133554,3.5024100247060863,1.0,2.5,1.0159187870323638,0.0,0.8814823627471924,-0.6091604633608259,-1.6577636003494263,0.8736980239645666,0.8795403917390306,135922.107514,136483.62955289788,12.481634140014648,3.1751151411281175,0.0,9.590116024017334,0.42162115663980465,-2.8000030517578125,2.5372306047209734,2.5729978084393124,18.17513479367252,13.38336428062917,10.650469084505623,4.601157871517783,-0.25363261530722736,-2.988608537656983,1.9760553257707945,1.976586370806898,1.2663326263427734,0.18595741269843616,0.00849895179271698,-12.730563307181,-15.318086913605823,-18.745266798883677,1.6241718040796724,0.39963591683594174,1,2.308935580697299E-4,0,0.07392101124765775,"{""type"":""MultiPoint"",""coordinates"":[]}"
000000000000000001e9,20,SENEN,PASEBAN,3171041003,3.171041003E12,Tidak Diketahui,Paseban 05,-,-,-,1057,Pendangkalan,005,0,2020,1577865600000,-,0,0,5.690159943446288,-8.17730059400101,-16.17565582340184,3.4673315331155177,9.794253271848032,-3.0251582823610117,-11.40789757156344,3.3038117177642774,JAKARTA PUSAT,1,0.9821694578612377,0,0.1786858200459983,3083.6927807006746,2783.0554134048607,2572.4866812680666,110.38581370586144,-27.811860902214054,-129.618902821343,48.52535186412796,126.95053402088402,21,13.851690515957195,7,9.353610223643015,2.551211298595298,-4.294313099040695,2.7796105427545688,2.752789937243711,1.0,3.6999998092651367,1.772410211178678,0.0,2.025788903236389,0.04378026600094543,-1.7992204427719116,1.0794721871305146,1.0573131518420626,154539.692066,155193.65243369644,8.535260200500488,2.7607197279946885,0.0,5.759121656417847,-0.002761997609075425,-2.786367893218994,1.5569145826466817,1.565204542498553,17.85667481014686,12.909616756876646,11.209436927980402,4.216655465125058,-0.7717639159650671,-2.503099279568378,1.6186092293536287,1.6102380192390264,0.9603697657585144,0.09386699273068237,0.008498894982039928,-15.133115410804749,-18.074335487398134,-19.29904959257692,0.967808518565081,0.27474481967853287,1,0.017830542138762243,0,0.17868582004599823,"{""type"":""MultiPoint"",""coordinates"":[]}"
000000000000000001ea,121,SENEN,PASEBAN,3171041003,3.17104100301E12,Tidak Diketahui,Paseban 06,-,-,-,1058,Curah hujan tinggi dan gorong-gorong mampet,006,0,2020,1577865600000,-,0,0,-1.2606620294914492,-10.546695913808437,-17.10229596964892,2.8190443845454474,6.015196296948966,-4.856368342674602,-11.587124692450882,3.133817698905198,JAKARTA PUSAT,1,0.800117254772636,0,0.3682348242808504,3315.014357258475,3013.6375842937437,2728.337038197414,239.88122186013288,55.561312048874896,-90.73783512867203,80.14563572485264,150.9150944770593,18,11.044630097834451,7,6.6043450479241415,-0.4808607783362197,-4.925750798721083,1.7519076169423202,1.741250371046989,1.0,2.5,0.6668611659418688,0.0,0.6205878257751465,-1.1782078078857974,-1.8530352115631104,0.632554030368808,0.6432235197739888,95207.9216657,95596.12849968464,8.776223182678223,2.2208093925423276,0.0,6.1746132373809814,-0.46866946662928205,-2.756615161895752,1.649891865859794,1.6464530653529192,18.951175675080556,13.967182432619119,11.020811757988831,5.242491616786248,0.2651670951372721,-2.69784901123092,1.6618317534700746,1.65831975231694,0.8668817281723022,0.09973903390830467,0.008498866111040115,-13.182035565376282,-17.52844493012075,-19.32142285630107,1.4404395366552158,0.1965213201730368,1,0.10644534828331684,0,0.2836367870880281,"{""type"":""MultiPoint"",""coordinates"":[]}"
000000000000000001eb,121,SENEN,PASEBAN,3171041003,3.17104100301E12,Tidak Diketahui,Paseban 07,-,-,-,1059,Luapan Kali Sentiong,007,0,2020,1577865600000,-,0,0,-2.6619654846486505,-10.392929163466745,-14.688012651074608,1.9920316886775788,3.3411025566983543,-3.8216027831345407,-9.124053651173117,2.401713297940295,JAKARTA PUSAT,1,0.9295672564485186,0,0.26646935501059643,3325.381902060976,3187.5577688550256,3010.2609901026703,316.1857560463295,217.47943051669154,91.95305968925595,51.426575568698944,65.5295063147141,14,9.451929226177793,5,3.531757188499123,-0.8212240555798651,-4.825431309903436,1.8501556321940094,2.0233693851195476,1.0,3.40000057220459,1.6121255822182727,0.0,1.733585238456726,0.004811628208920698,-1.5336997509002686,0.9002321421777281,0.9488892329887254,81905.2199953,82290.15416332138,6.684918403625488,2.3430235798667414,0.0,3.9932000637054443,-0.29293267310898186,-2.696486473083496,1.3429348847873004,1.352464085554036,21.102941144387078,13.849885932364444,11.310837979000274,7.464525750183398,0.21729689927551288,-2.3495534953973216,1.9745708977167615,1.974061020127425,1.5383012294769287,0.2151823434263605,0.008498980663716793,-9.780886888504028,-12.538389664157263,-14.719913647510111,1.0035501660060806,0.4828404710398532,1,0.07043274355148157,0,0.2664693550105965,"{""type"":""MultiPoint"",""coordinates"":[]}"
000000000000000001ec,25,SENEN,PASEBAN,3171041003,3.17104100301E12,Tidak Diketahui,Paseban 08,-,-,-,1060,"Saluran air terlalu kecil GG VI & GG VII rt 005, debit air kali sentiong terlalu tinggi, sehingga saluran air dari warga tertahan",008,0,2020,1577865600000,-,0,0,6.0913877638479645,-10.279047965235499,-17.244868113487456,3.2016199051197014,8.424129750330302,-3.486081917770606,-11.519148620457791,3.0596675527139814,JAKARTA PUSAT,1,0.9522768904457369,0,0.23246226230439074,3463.5491259047867,3250.2850477599377,2997.3690208403514,356.68795361027105,202.24900149357774,30.584321279988217,67.11207133362468,100.366248796756,16,11.385159237715717,7,4.653162939297957,0.34500795462242057,-4.253162939296299,1.8773965627738738,1.900566928919974,1.0,4.199999809265137,1.369643881452969,0.0,2.49208927154541,-0.38266880815193133,-1.8414441347122192,1.3951010590204493,1.3576325008864962,108592.478694,108983.72206395562,7.943168640136719,2.337653455068959,0.0,5.347783327102661,-0.2804284497387255,-2.6484837532043457,1.2495284689308237,1.248780149395219,17.85667481014686,13.480445645733322,11.310837979000274,4.216655465125058,-0.17915461524098877,-2.3495534953973216,1.6316723822762818,1.6313904403980373,0.926374077796936,0.12573203505289074,0.008498908951878548,-11.060672025196254,-13.63720640448092,-16.41918071359396,1.2037438269683485,0.2534956743737439,1,0.023138477359642633,0,0.1917186871756995,"{""type"":""MultiPoint"",""coordinates"":[]}"
0000000000000000026a,720,SENEN,KRAMAT,3171041004,3.171041004E12,Tidak Diketahui,Kramat 05,-,-,-,1278,"Dataran rendah, masuknya air dari pintu pertamina",005,0,2020,1577865600000,-,0,0,11.985689775342575,-7.138321206824966,-14.045276627077055,4.552481676608842,14.285120998377785,-2.686969139314662,-8.059243149326427,3.790233085758156,JAKARTA PUSAT,1,1.0,1,0.0,3083.6927807006746,2883.587026462974,2690.2210275041116,369.14977877781075,207.22061680009278,66.28994095495773,69.67769971370134,104.01440732410761,17,9.349623115577893,4,7.356293929713344,-0.36874612679928065,-5.735974440893722,2.5361454080040406,2.529452487260707,1.0,4.0,2.9241624484709168,1.799999713897705,2.370070219039917,1.3693712149532995,0.26808905601501465,0.5799148526657912,0.6193404198114552,83357.6391172,83634.99587448446,7.6447672843933105,3.1298151851798615,0.9274099469184875,4.578882694244385,0.07687176947218292,-2.2940189242362976,1.5592135799233608,1.558602680635146,15.594295026120315,12.992644910168629,11.136049783399125,2.0229570878267236,-0.5564119681154734,-2.3968002905926316,0.9806559591033049,0.9888051657922653,0.13598473370075226,0.02746281797082711,0.008499037474393845,-13.093867599964142,-14.557579535041025,-15.51506433263421,0.6378235934898194,0.02153151876630309,0,0.0,0,0.0,"{""type"":""MultiPoint"",""coordinates"":[]}"
0000000000000000026b,88,SENEN,KRAMAT,3171041004,3.17104100401E12,Tidak Diketahui,Kramat 06,-,-,-,1279,-,006,0,2020,1577865600000,-,0,0,-4.756585769683321,-10.586230167903054,-14.519549641580138,2.0443519444910683,4.130526946808187,-3.4639885280622797,-7.112993974874355,2.0670492604513067,JAKARTA PUSAT,1,1.0,1,0.0,3346.0206224714725,3150.307216745523,2952.532506156306,481.6044632266021,339.8387506540743,178.09069116086175,62.29012530736848,87.75438021105226,11,8.026492572618032,3,1.6817891373810117,-1.4487395744433358,-6.447156549519953,1.7346615923063835,1.7320508075688772,1.0,3.0999999046325684,1.3822735859436615,0.10000038146972656,1.6091499328613281,-0.08543398571686642,-1.386696219444275,0.59297361757554,0.5915984449651047,73749.2630589,74095.95956554155,7.421597957611084,2.672059711150994,0.0,4.680732011795044,-0.14866201984633085,-2.9870076179504395,1.5221768974257373,1.5149399194165896,17.34176178272584,13.19087006391241,11.180662384163524,3.7866885742810954,-0.3874459158003216,-2.4154670070631976,1.479512378936719,1.474640971128067,0.14448383450508118,0.04005949417645003,0.008499052375555038,-8.859742287546396,-11.656346513617883,-13.959398362785578,1.3119370973612288,0.048402652018311704,0,0.0,0,0.0,"{""type"":""MultiPoint"",""coordinates"":[]}"
000000000000000001e2,67,SENEN,KWITANG,3171041005,3.171041005E12,Tidak Diketahui,Kwitang 01,-,-,-,1044,-,001,0,2020,1577865600000,-,0,0,-3.1296647951333476,-10.93491375034464,-17.514442264617387,3.336708627204427,6.12192837043518,-4.054071490218998,-11.022331864880517,3.382138536343588,JAKARTA PUSAT,1,0.9412148922273025,0,0.23974163519328018,2821.3751145383426,2688.2523505921286,2572.4866812680666,524.0486713892938,418.9080101675988,325.2638729791802,63.46921659954633,68.91773006399195,12,8.298171129980405,3,3.2746325878602853,-0.5063301078379219,-5.824281150158889,2.264471365654657,2.280423906755559,1.0,1.8000006675720215,0.6850423426143282,0.0,-0.0423508882522583,-1.2296260931562968,-2.001865863800049,0.5775564823549579,0.5433251771704699,32089.2749486,32206.42193289839,6.567040920257568,3.2671839544943353,0.0,2.151792049407959,-1.1282704389033016,-4.3308305740356445,1.6468075096461219,1.6828822504504954,22.77887931859816,13.908145602800873,11.20949033009262,9.54167052660257,0.6477221450623956,-2.053430127662743,4.06052525636048,4.051081527236823,358.7101135253906,55.72956085610863,0.008499115705490112,342.3322105407715,39.05351847957438,-16.73078155890107,144.5817763550779,144.55878491898682,1,0.05878510777269758,0,0.2397416351932802,"{""type"":""MultiPoint"",""coordinates"":[]}"
000000000000000001e3,526,SENEN,KWITANG,3171041005,3.171041005E12,Tidak Diketahui,Kwitang 02,-,-,-,1045,-,002,0,2020,1577865600000,-,0,0,-7.304492499841357,-11.918941364310113,-15.815530659142158,2.23185424787916,10.761003183656051,-2.1244883377494292,-8.854420792504442,3.447545884326435,JAKARTA PUSAT,1,1.0,1,0.0,2656.420916721884,2560.5381203144125,2449.0990739000135,368.69236095603264,295.963804723204,195.37145653630205,44.5893525082011,53.432339829673765,11,8.030514270682628,4,2.0304153354641095,-0.9693044321238462,-4.8917571884975715,1.6371484411710324,1.6519348924485169,1.0,1.8000006675720215,0.797659262095598,0.0,-0.014069676399230957,-1.0635578844494904,-1.9573163986206055,0.5211485502369958,0.4946331035051184,26509.3110479,26623.637462826453,10.260502815246582,2.8609470204273437,0.9328364133834839,5.839081764221191,-1.374288668134535,-3.4492470026016235,1.8140276590946454,1.8426389312836235,23.81507191962775,13.773741392316039,11.486757962346239,10.532071201770433,0.47347069725431135,-1.8086463844841738,3.538236625356291,3.5288288694337147,358.4891357421875,48.99895275180053,0.008499091491103172,341.7640724182129,32.2984892439562,-16.72546961903572,121.84130613986947,121.85835560623379,0,0.0,0,0.0,"{""type"":""MultiPoint"",""coordinates"":[]}"
000000000000000001e4,186,SENEN,KWITANG,3171041005,3.171041005E12,Tidak Diketahui,Kwitang 03,-,-,-,1047,-,003,0,2020,1577865600000,-,0,0,7.058123823070678,-10.880740001936275,-15.815530659142158,3.5057383047771875,12.884727326058503,-2.5020178600685643,-9.927136839979717,4.250985825038179,JAKARTA PUSAT,1,1.0,1,0.0,2572.4866812680666,2452.1744295430663,2365.0843991588094,297.6606147805169,207.45941796871696,128.43777244525154,45.829199457026675,52.535267803011834,30,9.872183866279066,5,20.921150159745267,0.7192555515834413,-3.9228115015965983,3.914708209758059,3.8972698805761263,1.0,1.1000003814697266,0.4060685729911161,0.0,-0.7368303537368774,-1.4355993146661576,-1.9573163986206055,0.4406339200853049,0.42866572405158854,38406.318638,38566.68273455572,22.11515235900879,3.8221614945160094,0.9274099469184875,17.646507740020752,-0.3211783159870741,-3.3979755640029907,3.9837662710342667,4.086670680428409,23.82090812124936,17.516145725782096,10.96815099001549,10.535455409696365,4.187801542342287,-2.311673525436033,5.132049275026073,5.135630783892284,358.4891357421875,176.5721802808898,0.008499091491103172,341.9909553527832,159.90734512743902,-16.74132550135255,177.39740986773606,177.38049666144775,0,0.0,0,0.0,"{""type"":""MultiPoint"",""coordinates"":[]}"
000000000000000001e5,144,SENEN,KWITANG,3171041005,3.17104100501E12,Tidak Diketahui,Kwitang 06,-,-,-,1049,-,006,0,2020,1577865600000,-,0,0,-4.352182104213828,-9.96512419094355,-15.496223632814763,2.350057801420824,0.0955466458779539,-4.062315010042633,-9.417829825744777,1.901911241274602,JAKARTA PUSAT,1,1.0,1,0.0,2675.787546757929,2568.414165470202,2394.016170913241,265.47604384234774,195.871350528045,60.0976236999677,49.60232449041134,65.3391280983282,11,8.157630863358259,5,1.739552715655817,-1.2238271654534951,-4.561022364216349,1.6728962707901984,1.5339299776947408,1.0,1.0,0.5712529745821558,0.0,-0.703373908996582,-1.1687580559790174,-1.791041612625122,0.35599388785330427,0.3446076736076955,41046.5549838,41201.30567860955,4.159983158111572,1.7551011082106585,0.0,0.4525177478790283,-1.9310758597059852,-3.751312017440796,1.0478982145386444,1.0413030163163206,26.604713676351313,15.836471103928716,11.749108098685666,13.161951111347868,2.397017084506597,-1.7005143158441616,4.737600837263158,4.741175010116143,358.3956604003906,81.15370104161998,0.008499076589941978,342.3293676376343,64.8638021340733,-16.727150060236454,160.79505365166236,160.75449263160218,0,0.0,0,0.0,"{""type"":""MultiPoint"",""coordinates"":[]}"
00000000000000000235,35,SENEN,BUNGUR,3171041006,3.171041006E12,Tidak Diketahui,Bungur 01,-,-,-,1192,Curah Hujan tinggi,001,0,2020,1577865600000,-,0,0,-0.751873764398936,-10.351832519013284,-15.258485258239947,2.5219954370261912,14.883764635834929,-3.6073258908786907,-8.306150246287697,2.9365027741951653,JAKARTA PUSAT,1,0.9988423413645902,0,0.08574694002066809,1772.2965711743798,1630.5363148416648,1487.155996831178,-112.33797926299121,-174.71659297104623,-225.47169523175808,28.085407860320036,71.59738239265687,10,6.855654438897332,3,2.4911182108633847,-0.4783047698163113,-4.139169329072668,1.4794953363679828,1.5632964362523996,1.0,1.5999999046325684,0.6786592542137567,0.0,0.04783368110656738,-0.8918485541038703,-1.584038496017456,0.5751534035066759,0.5735294721730317,96399.2689397,96850.77482401468,4.637045383453369,2.1705744716811655,0.0,1.2423524856567383,-1.3820339809704534,-3.7844958305358887,1.0230959411754388,1.0190906411634826,21.197235002582577,14.2216387526054,11.723140468362384,7.94239260143638,0.9396761405138416,-1.6747642418220412,2.2449874602782223,2.224099933147053,1.6913508176803589,0.31395907733568795,0.00849931687116623,1.4396933913230896,-3.4257760986905907,-9.344432476907969,3.411900085712692,0.5945273257170816,1,0.0011576586354098838,0,0.08574694002066834,"{""type"":""MultiPoint"",""coordinates"":[]}"
00000000000000000236,320,SENEN,BUNGUR,3171041006,3.171041006E12,Tidak Diketahui,Bungur 02,-,-,-,1193,Tidak berfungsi saluran air dengan baik,002,0,2020,1577865600000,-,0,0,-1.8924275700027713,-11.022228809015084,-17.24989163497906,2.55937593772218,6.901776579330021,-2.7744619822448215,-10.577525149328801,2.723020497347633,JAKARTA PUSAT,1,0.9696734059097981,0,0.22003937400865128,2006.8406600684468,1801.7067139707074,1620.0927730411177,-96.14016755184025,-154.21735281381922,-212.69953581669256,26.69931372333478,91.13085680551602,12,7.583562627108506,3,4.952843450480056,0.5261604736652586,-4.047028753992786,2.0532572034192498,2.021567385440701,1.0,2.3000006675720215,1.173441850735477,0.0,0.7737641334533691,-0.37518981229975157,-1.5839107036590576,0.7617913120195617,0.754837317863622,58268.0513846,58559.54366852523,5.6244611740112305,2.6098285155485152,0.9274099469184875,2.4475979804992676,-0.542357302094236,-2.4534281492233276,1.1285973500022417,1.1329668865391835,19.473499222634864,13.593059078763865,11.365626015708182,6.038440993509022,0.2641508042062234,-1.9696237481885444,2.38033213302297,2.36272401926055,4.665979862213135,0.38087345171504333,0.00849932711571455,4.365880161523819,0.09327252432769707,-0.36302894726395607,1.037506177012029,1.0546941246770691,1,0.025062806555808115,0,0.19786448397617667,"{""type"":""MultiPoint"",""coordinates"":[]}"
00000000000000000238,25,SENEN,BUNGUR,3171041006,3.17104100601E12,Tidak Diketahui,Bungur 08,-,-,-,1199,Saluran kurang lancar,008,0,2020,1577865600000,-,0,0,1.58683062439182,-10.69919049688229,-16.87619119447365,2.9986495496232957,6.9166645031193985,-2.457837684324961,-10.577525149328801,3.0704659152929934,JAKARTA PUSAT,1,0.9916565738124076,0,0.16507964236126804,2163.661985914175,1991.353689797814,1827.2830589855034,-73.26457339140643,-135.32080180744657,-187.35907741312053,25.56772387208812,83.44012667628608,13,9.044722558650697,5,5.858146964857065,1.8277365135183685,-2.341086261980009,1.857691991489921,1.8174146183075492,1.0,2.3000006675720215,1.2632935906046896,0.0,0.7783520221710205,-0.25370429587579174,-1.4885624647140503,0.6154923771226448,0.6360965932416168,77836.1098249,78112.62602607966,5.5796637535095215,2.5263131342366067,0.9274099469184875,2.4535176753997803,-0.44794160945255174,-2.197990357875824,1.1847134253911362,1.159934348994919,19.466183669372743,13.064057416979162,11.373672530058524,6.000638192446788,-0.3155160523181363,-1.9394612918001481,2.1012585636255823,2.1319053373478516,4.640481948852539,0.5235906343297851,0.008499305695295334,4.349168956279755,0.2642752773212045,-0.32032932713627815,1.5418732759359493,1.5555998647225808,1,0.00318485623289822,0,0.09622084243913084,"{""type"":""MultiPoint"",""coordinates"":[]}"
00000000000000000231,38,CEMPAKA PUTIH,CEMPAKA PUTIH BARAT,3171051002,3.171051002E12,Tidak Diketahui,Cempaka Putih Barat 01,-,-,-,1187,Saluran air tidak jalan,001,0,2019,1546329600000,-,0,0,-3.8296462576217407,-11.633040200359734,-15.41347096629407,2.319772012785906,2.599384105575038,-4.321539542186419,-10.027425577935968,2.285686751528422,JAKARTA PUSAT,1,0.9640083573146214,0,0.1930216991936238,3173.093693426007,2931.758949567985,2696.6111102062355,441.7535324031837,278.76594315124015,103.50003168922922,74.08555122273523,125.54958939072493,14,9.845665628572558,6,6.535846645368155,2.3620684064018174,-1.3683067092644015,1.652891942840217,1.619468717062896,0.5740191253457665,4.700000286102295,3.4218712242136395,1.8000001907348633,3.504000186920166,2.2050788311060345,0.577329158782959,1.137675802681251,1.1308576752100783,88477.7595077,88867.04714464197,5.931114673614502,2.5554667039010965,0.0,3.577505111694336,0.2129569576409447,-2.3635060787200928,1.3444475405319682,1.3444738484656549,17.05409461295299,12.954043661542485,11.312165750076856,3.3976416227994246,-0.7436179613142732,-2.39316282810894,1.1918544309147767,1.1825848727338826,0.11898878961801529,0.022394107177115777,0.00849922001361847,-0.27619170397520065,-0.38987537816296985,-0.42342954967170954,0.03634795981187761,0.02711417274680693,1,0.03599164268537864,0,0.19302169919362375,"{""type"":""MultiPoint"",""coordinates"":[]}"
00000000000000000201,217,CEMPAKA PUTIH,RAWASARI,3171051003,3.171051003E12,Tidak Diketahui,Rawasari 04,-,-,-,1106,Antrian air menuju kali sentiong,004,0,2020,1577865600000,-,0,0,12.738755653005558,-10.31793081916966,-15.772889091762151,3.6209731851186984,9.157771553533252,-4.895618543091623,-10.073386745643582,2.50160084077967,JAKARTA PUSAT,1,0.8818386210342242,0,0.31325600594324693,3693.215064037931,3387.47923717976,3118.3810797648875,566.2235483041513,313.77105682328386,112.85198794682856,104.8341439428403,134.73805464760872,17,9.727504371721206,6,6.6826837060710425,-0.2942690149579861,-4.303897763577531,2.1246286370054133,2.2156523834819097,1.0,3.90000057220459,1.1768106755194625,0.0,2.321125030517578,-0.32960613466180694,-1.371335506439209,0.9009480770055498,0.9267226357790654,209441.198344,210284.86819020877,13.598706245422363,2.6540415188575106,0.0,11.157965898513794,0.1955947024934009,-2.4998481273651123,1.6120767441107415,1.6183132394491304,18.788667255083098,13.532249165120549,11.136030796303329,5.125833513354191,-0.0861495583179589,-2.530904057320905,1.5734069357735005,1.5737154899030603,0.41644978523254395,0.06875402939042344,0.00849895179271698,0.1250910758972168,-1.327084046451317,-6.056112665683031,1.6862673980708165,0.09449444922987524,1,0.10117411941044216,0,0.2940257209284148,"{""type"":""MultiPoint"",""coordinates"":[]}"
000000000000000002b9,97,CEMPAKA PUTIH,RAWASARI,3171051003,3.171051003E12,Tidak Diketahui,Rawasari 03,-,-,-,1432,Antrian air menuju kali sentiong,003,0,2020,1577865600000,-,0,0,-0.4081275670501056,-9.83975965146109,-15.178377508921766,2.7940977263078444,9.817224215040422,-3.6117215038314217,-10.543691212458448,2.9058376275944804,JAKARTA PUSAT,1,0.9183289817232375,0,0.2874797872880344,3694.3799324043957,3638.113252135268,3485.83891056898,596.5362151956897,521.4759976936075,369.9541329437029,46.42495371760101,47.954260696993614,19,11.309869451697129,7,8.508626198083821,0.9593576812181775,-3.244856230031223,2.643204428970068,2.705832887529812,1.0,3.90000057220459,2.7090725722947884,1.6999998092651367,2.321125030517578,1.1371342870149541,0.1274118423461914,0.5336442756609586,0.555062485488737,100196.399538,100605.39920250735,8.276663780212402,3.1144104959800822,0.0,5.76779580116272,0.6034271963312897,-2.5245018005371094,1.530298205977248,1.5280429431956641,19.213551551797714,13.336525218908292,10.975496614245113,5.584425421944568,-0.3171983385141182,-2.702582652229342,1.5915143239217793,1.59393164630477,0.22097310423851013,0.058360405964104134,0.00849895179271698,-0.30738636013120413,-5.372086769732686,-7.569966986775398,1.5823265685842736,0.06437187178145716,1,0.08167101827676239,0,0.28747978728803447,"{""type"":""MultiPoint"",""coordinates"":[]}"
000000000000000002ac,700,MENTENG,MENTENG,3171061001,3.171061001E12,Tidak Diketahui,Menteng 02,-,-,-,1380,"1. Curah hujan tinggi;
2. Saluran tidak normal;
3. Sumbatan sampah;
4. Pintu Alhuda jebol",002,0,2020,1577865600000,-,0,0,-3.2261068381898026,-10.107534367250274,-15.061312241992477,2.1671101225146665,1.6186898575257112,-4.461935878940442,-8.853177816360503,2.3710174639172457,JAKARTA PUSAT,1,0.9102986385595081,0,0.2959780897768947,1784.3942991319204,1577.7867694803024,1419.0506394952858,-134.03604016968507,-190.47177105600593,-246.6743705563008,27.657472448551005,87.39883671077902,17,10.7364953886693,5,4.81099041533659,-1.6134058742715267,-7.419169329072332,2.910197555426991,2.875643409170807,1.0,2.6999998092651367,1.0483271684745732,0.0,0.5709009170532227,-1.061119880042441,-2.154811382293701,0.805940594821026,0.8376050028417753,95233.9516234,95715.99203877321,9.067163467407227,3.410429723055815,0.0,6.097594738006592,0.3051825000572791,-3.207782506942749,1.7838432416578842,1.7441661706621479,16.902976230463953,13.288260223981755,10.882852594621907,3.2829827836493344,-0.30747181384808003,-2.7358988052704696,1.4293412807772234,1.4319660291754424,0.356950044631958,0.07640535373127823,0.008498772978782654,-16.229645427316427,-18.39669273912202,-19.37322840280831,0.689473635879104,0.10902111515095331,1,0.08966476357780706,0,0.28553920104043273,"{""type"":""MultiPoint"",""coordinates"":[]}"
000000000000000002a8,2,MENTENG,PEGANGSAAN,3171061002,3.171061002E12,Tidak Diketahui,Pegangsaan 02,-,-,-,1375,Akibat tinggi permukaan kali ciliwung sejajar dengan air pembuangan dari saluran air (got) serta curah hujan tinggi,002,0,2020,1577865600000,-,0,0,0.49625931559641734,-11.37071784406035,-19.450913344330445,2.683779427888025,9.528177033541349,-5.551832806559957,-13.471880800295711,2.932691965242867,JAKARTA PUSAT,1,0.7376179090359712,0,0.4321847677433666,2408.35172520937,2006.3712179263675,1643.822002134209,-74.08643433770612,-141.65286600118617,-212.5487009457131,30.644597113245478,189.44022420685582,21,13.435836464436806,6,8.396549520767964,1.1075062487067524,-6.455335463257677,2.965919009080212,3.0446058020367643,1.0,5.199999809265137,2.27758720842675,0.0,3.3181852102279663,0.4180280048255398,-2.032702922821045,1.1393079234596368,1.1327886433404812,265422.558626,266591.5394939568,13.33207893371582,3.8935845336359316,0.0,10.36400055885315,0.994842707601824,-2.876600980758667,2.2012604175970534,2.2144923725384347,23.81622678581705,12.997002086784386,10.487454809983728,10.172758881741844,-0.6531020095849126,-3.1261491971611584,3.155186209024745,3.158298005127136,356.9508361816406,21.783214890186855,0.00849878415465355,337.1157684326172,2.0166928438380456,-20.182176894508302,104.20557187980569,104.27549471957592,1,0.17039333666149936,0,0.3666060555964672,"{""type"":""MultiPoint"",""coordinates"":[]}"
000000000000000002a9,46,MENTENG,PEGANGSAAN,3171061002,3.171061002E12,Tidak Diketahui,Pegangsaan 03,-,-,-,1376,"1. Ketinggian air kali ciliwung mengalami peningkatan;
2. Drainase kurang baik;
3. Permukaan badan jalan lebih tinggi dari rumah",003,0,2020,1577865600000,-,0,0,-2.813784755539567,-9.381995265979796,-15.55479217088794,3.0194083180093494,7.108512803028221,-2.49974983898525,-10.661109731248391,3.4769203334643044,JAKARTA PUSAT,1,1.0,1,0.0,2497.8075173669595,2331.9670602552983,2074.316238620181,-56.6362823039899,-109.16407902336994,-161.60698573693162,26.29217662248263,97.43688533830009,15,10.807984256395844,5,2.4361661341864664,-1.6915793238538235,-7.384025559104334,2.1365466128014163,2.1992067982793904,1.0,3.8000001907348633,1.5401291110189173,0.0,1.951846957206726,-0.33473490062710415,-1.947182059288025,1.2907755961832463,1.2796494733818222,62050.2446186,62266.73265543677,6.53069543838501,2.264285424045878,0.0,3.7215347290039062,-0.5564326222706352,-2.817713499069214,1.1689120306809546,1.168838610925518,23.815917041799054,14.948579663230833,11.536493156506276,10.135917336612893,1.2728216725437291,-2.132558300420749,3.7708967587415376,3.7733854653808603,356.704345703125,60.1779423058483,0.008498815819621086,336.84538650512695,40.222870845575926,-20.17586738523096,136.92974561364537,136.93848563518677,0,0.0,0,0.0,"{""type"":""MultiPoint"",""coordinates"":[]}"
000000000000000002aa,52,MENTENG,PEGANGSAAN,3171061002,3.17106100201E12,Tidak Diketahui,Pegangsaan 06,-,-,-,1377,"1. Banyak rumah / bangunan berdiri di atas saluran air;
2. Saluran air merembes ke rumah warga",006,0,2020,1577865600000,-,0,0,-4.92970821237253,-11.218119294455942,-15.966217105860107,2.1036530110195426,5.350494044702374,-2.102966202984413,-8.094161198452312,2.6312564577591586,JAKARTA PUSAT,1,0.987785016286645,0,0.09534224628819535,2234.1069614170033,2081.2202541288693,1857.6425549492312,-88.4343949571462,-133.1185122562192,-184.500137185702,27.11983641128973,92.52964718535836,17,13.315146579804559,9,4.165495207668945,0.1897691832571046,-4.227859424918828,1.6298777869502252,1.557310737328377,1.0,4.199999809265137,2.8652996950209833,0.0,2.2620574235916138,0.7976612899067711,-2.198824167251587,1.4774026247076202,1.4348963372690975,72867.7153008,73127.67272174696,6.549026012420654,2.0076135722932786,0.0,3.6902782917022705,-0.8466593309063453,-2.877835988998413,1.1777827444609068,1.1728334298679808,23.463556346320722,13.83808799960307,11.212220705868445,9.697846731580505,0.1097801657348385,-2.475916325562075,3.003324123027502,3.023184946515705,355.6929931640625,12.828917689980843,0.008498740382492542,335.4349994659424,-7.299916832436044,-20.65645208209753,80.06537756874664,80.16605506695461,1,0.012214983713355046,0,0.09534224628819508,"{""type"":""MultiPoint"",""coordinates"":[]}"
000000000000000002ab,3,MENTENG,PEGANGSAAN,3171061002,3.17106100201E12,Tidak Diketahui,Pegangsaan 07,-,-,-,1378,Curah hujan tinggi dan sungai meluap,007,0,2019,1546329600000,-,0,0,-2.7118332262604468,-12.211061884300989,-15.896375222688324,2.2439600383943823,13.975651999215206,-1.959974367480625,-10.209962632832724,3.364924659469737,JAKARTA PUSAT,1,0.9850445017265695,0,0.14139190265868368,2974.311993662356,2630.854451246122,2411.9223005209274,21.823133977706675,-92.25655447917195,-160.86742504678705,42.549669585761634,172.06147658882972,14,11.087544380137157,6,1.1943769968063016,-1.9797405025445451,-7.258785942490739,2.0044626402621954,1.9832899919082243,1.0,3.09999942779541,1.631571720873392,0.0,1.0845363140106201,-0.4466970186510429,-2.112255573272705,1.2324441993103932,1.2245955345689619,143385.789461,143951.51430403246,6.204781532287598,1.8753582253761558,0.0,3.6116559505462646,-0.8145397011393397,-2.773650884628296,1.1194227784622912,1.0918726703739259,26.598671020712406,16.122371267170703,11.406433846643852,12.830178401341676,2.341039771299021,-2.369462462533665,4.7963624670900975,4.819000357392435,356.1689453125,108.01719520001718,0.008498772978782654,335.87826919555664,87.08558879680908,-22.03507694415748,162.9746827077214,163.26133581091727,1,0.005252662808229174,0,0.10049854899791943,"{""type"":""MultiPoint"",""coordinates"":[]}"
000000000000000002b7,12,MENTENG,PEGANGSAAN,3171061002,3.17106100201E12,Tidak Diketahui,Pegangsaan 08,-,-,-,1429,Akibat tinggi permukaan kali ciliwung sejajar dengan air pembuangan dari saluran air (got) serta curah hujan tinggi,008,0,2020,1577865600000,-,0,0,-5.8000898318572895,-12.115142532422613,-16.585661043093808,1.9568743497411134,8.078336179877187,-1.8465018982535863,-9.707187528390175,3.721382732483148,JAKARTA PUSAT,1,1.0,1,0.0,2991.621423949063,2722.3767098613084,2440.2988331759434,37.83762943823149,-70.05788446794003,-157.38584134442453,46.53782212998725,155.88657183691603,14,10.186627153176511,5,1.3430031948893202,-2.5189150753855443,-7.51795527156437,1.8253903150501682,1.8907504850644004,1.0,3.09999942779541,1.2006703997656336,0.0,1.0413157939910889,-0.8318176934091576,-2.0636165142059326,0.8856456544772957,0.9039349317228523,94215.5890832,94587.03572851738,6.22649621963501,2.4531127709573144,0.0,3.5615129470825195,-0.24228527514796316,-2.712897300720215,1.2278139802492025,1.217512390166,23.815130488851864,14.708169872756333,11.723048914697667,10.069242854509248,0.952725737478619,-2.030289701599729,4.226077438044834,4.2353222853228045,356.42388916015625,71.57808767690612,0.00849878415465355,337.1247158050537,51.62636409394824,-20.658518181182444,149.26413066655707,149.06102586457703,0,0.0,0,0.0,"{""type"":""MultiPoint"",""coordinates"":[]}"
000000000000000002ba,10,MENTENG,PEGANGSAAN,3171061002,3.171061002E12,Tidak Diketahui,Pegangsaan 05,-,-,-,1434,"1. Curah hujan tinggi;
2. Saluan air (got) lingkungan kurang memadai",005,0,2020,1577865600000,-,0,0,1.5618007135416747,-11.139552104510612,-15.8663308013992,2.8270327489869116,3.903977850090225,-3.0525969661278567,-8.43239680434726,2.862967204347231,JAKARTA PUSAT,1,0.957046503372382,0,0.24816680858541135,2348.6536640603117,2130.502292474393,1857.6425549492312,-77.29044648472382,-129.59863186197566,-186.04068176032888,27.32482612902671,113.33024534156877,20,14.037628682996095,10,7.238210862621006,1.1734697786122263,-2.9212779552703303,2.0596981796223996,2.021380704892527,1.0,5.199999809265137,3.746390761658788,1.5,3.3181852102279663,1.806731467916477,-0.4833359718322754,0.8196231411457011,0.7965160935801089,57354.0614578,57584.33673494739,6.724203109741211,2.955946327532385,0.0,3.8605287075042725,0.10420576255288497,-2.8353302478790283,1.5381197794282737,1.5386429935902173,15.955435752675792,12.53866684058421,11.185588122132156,2.272206268830617,-1.1482034905862606,-2.4995956947249898,0.927499842566492,0.9308642617145605,0.04249391704797745,0.01428985414678746,0.008498772978782654,-19.10868412256241,-19.924711553663833,-20.65645208209753,0.3852504872397778,0.010580257599738761,1,0.04295349662761804,0,0.24816680858541132,"{""type"":""MultiPoint"",""coordinates"":[]}"
000000000000000002ad,60,MENTENG,CIKINI,3171061003,3.171061003E12,Tidak Diketahui,Cikini 01,-,-,-,1401,Luapan kali ciliwung,001,0,2010,1262332800000,-,0,0,6.190476966045189,-9.98631423815595,-15.913746687340774,3.2371373106635337,6.075599369986356,-3.468463458325529,-10.240373558917135,2.955056584472734,JAKARTA PUSAT,1,0.9954410866193542,0,0.13185543739602976,2449.0990739000135,2173.6736259836757,1956.9060257061412,116.52601182131775,9.263669136022159,-104.25958789115225,45.752400136976036,105.76797383466152,20,10.398270432861773,6,10.541341853036014,0.6135393585996787,-3.5877316293921098,2.333659546796678,2.3070713293874685,1.0,3.5,1.5838232323231087,0.0,1.5270414352416992,-0.35211892071291073,-1.8304537534713745,0.6814450241946872,0.6929231691002454,74243.0299265,74537.13462181747,18.64970588684082,2.9282770876026794,0.0,14.434625148773193,-0.7602532320622742,-3.650444984436035,2.492187563844126,2.578505951239118,23.813998706492807,13.233206062616818,10.133891297607601,10.38199862791736,-0.10985682008358749,-3.149149535505641,2.809402241919967,2.8310366543331735,358.106689453125,11.617554412337379,0.00849903468042612,342.3208475112915,-4.099167182094316,-16.423853013664484,91.78134336237869,91.8420623275574,1,0.002208958029797433,0,0.0936549136660032,"{""type"":""MultiPoint"",""coordinates"":[]}"
000000000000000002ae,103,MENTENG,CIKINI,3171061003,3.171061003E12,Tidak Diketahui,Cikini 03,-,-,-,1403,Adanya luapan sungai Ciliwung yang masuk melalui saluran penghubung,003,0,2020,1577865600000,-,0,0,-5.701752030951403,-9.887669286447261,-15.602480393603397,2.2780255649499646,7.336303017144171,-3.849754782825567,-10.076162290776061,2.6950971547004987,JAKARTA PUSAT,1,0.9626171814968496,0,0.17205233083335322,2365.0843991588094,2150.7055994669813,1912.425078044332,-5.262481131444929,-94.1102170391494,-179.69164350879214,36.436148144682804,118.2478610615776,13,9.114530505609347,6,1.903003194888992,-1.9713224833803176,-4.893674121404924,1.5422896870026828,1.5850681373183053,1.0,1.5999994277954102,0.3584139162042787,0.0,-0.333355188369751,-1.5139820003483875,-1.921648621559143,0.373453701251429,0.3917450618511894,90800.2146285,91183.05701760817,6.670033931732178,2.5019256923240665,0.0,3.4995014667510986,-0.6511329411292419,-3.2672367095947266,1.5490145812682763,1.5377361577995152,26.602980737054487,16.623294676269634,11.21506552653779,13.189728694755317,3.2139439881802896,-2.1983091937371757,4.509490167659337,4.509217052510117,357.80072021484375,119.03209268577285,0.008498926647007465,342.55301570892334,103.72334788857114,-17.095854024402797,162.26023521842015,162.25480930699828,1,0.00979714153988013,0,0.0870362919923006,"{""type"":""MultiPoint"",""coordinates"":[]}"
000000000000000002b4,81,MENTENG,KEBON SIRIH,3171061005,3.17106100501E12,Tidak Diketahui,Kebon Sirih 09,Cepat surut,-,-,1419,Kondisi wilayah seperti mangkok/piring cekungan,009,0,2020,1577865600000,-,0,0,9.194667119765926,-7.813980688916697,-17.32063140434625,5.106252356741279,14.43759992087018,-2.363978432839,-10.965032143900903,4.864290073863046,JAKARTA PUSAT,1,0.9547246083880748,0,0.24128076806256418,2464.860331787253,2233.0735426661086,1965.6814330677876,353.99369511908117,163.24844600101545,18.13966733379334,70.40719010925892,102.28758942007396,30,10.456594239514908,4,20.896230031949734,1.3403267385296427,-4.876293929711601,3.746656420143012,3.7770191897277856,1.0,5.400000095367432,3.2023042489608096,1.0,3.3380446434020996,1.106978909455708,-1.0393354892730713,1.4319468345673096,1.4816587958362757,103659.044332,103981.43365567575,17.965681076049805,4.48270401311519,0.0,13.672975540161133,-0.31819829579172293,-4.771561145782471,3.318693621497323,3.2167336342897372,17.341759043238635,12.59180225171547,10.325368925100141,4.081291183705957,-0.660978360925916,-2.939438265484867,1.2807098187879302,1.2803651400957459,0.09348959475755692,0.026502709252847974,0.008499052375555038,-16.29154085367918,-16.98127608333164,-17.36112408246845,0.2294699368740692,0.025162893416639857,1,0.03547246083880748,0,0.21434855541958692,"{""type"":""MultiPoint"",""coordinates"":[]}"
000000000000000002b8,273,MENTENG,KEBON SIRIH,3171061005,3.17106100501E12,Tidak Diketahui,Kebon Sirih 08,1 Hari surut,-,-,1431,Air kiriman dan hujan deras,008,0,2020,1577865600000,-,0,0,-7.528404332720198,-10.6345738609977,-14.52170959142152,1.786509651675907,1.8305578354954992,-3.7412903475185417,-8.640409219000556,2.285086602892424,JAKARTA PUSAT,1,1.0,1,0.0,2547.273854450575,2434.548679342386,2264.7125924720826,195.02747872729515,114.28878945452388,-9.97091060656112,52.922152612900014,80.27247205309,13,7.949710777948294,5,3.159872204473709,-1.595033942150168,-4.561022364216349,1.893968910582969,1.9294951572348302,1.0,1.6000003814697266,0.34889658118572103,0.0,-0.23778879642486572,-1.427500193212773,-1.8185687065124512,0.43402451413421117,0.44879020917691226,29558.3599022,29664.815121126343,4.719659328460693,2.5333571571440276,0.0,1.2033462524414062,-1.0975276061557233,-3.642737865447998,1.1623508407817524,1.1520083435864796,26.604713676351313,18.35407262869658,11.672172442234569,13.151772624104904,4.913377253286565,-1.780180607897254,5.215037539256939,5.220487839412744,358.38714599609375,190.72833058189417,0.008499037474393845,342.2816619873047,174.51867757852435,-16.59052283503115,178.806390372283,178.76966431621997,0,0.0,0,0.0,"{""type"":""MultiPoint"",""coordinates"":[]}"
000000000000000001fa,77,JOHAR BARU,JOHAR BARU,3171081001,3.171081001E12,Tidak Diketahui,Johar Baru 01,-,-,-,1092,Tidak efektifnya saluran Gendong pada pembangunan Sheedfile,001,0,2020,1577865600000,-,0,0,-3.367869216640525,-12.251415698237935,-14.937964290908216,1.7839188771325991,3.5524559812194294,-4.123800282830403,-7.814243316360033,2.2777710849402717,JAKARTA PUSAT,1,1.0,1,0.0,3482.1338548783433,3330.1445888482476,3139.010065987322,554.7539805542046,431.5029617177801,277.083331634612,76.6720291101617,97.0093957233287,11,7.19214274774085,3,1.633865814697275,-1.923318357956859,-6.081405750797943,1.7084006360743587,1.700509727503296,1.0,1.299999713897705,0.29959406800137894,0.0,-0.24543166160583496,-1.2345794243768016,-1.5512077808380127,0.5034792455358543,0.5105186365046971,45560.9926821,45769.77528383506,5.4005045890808105,2.61502092007675,0.0,2.831916332244873,0.012949801126726368,-2.5861141681671143,1.1548904868908183,1.1504939420093379,21.278459756711673,16.24305621199195,11.406481537645332,7.738363380279498,2.7059719637160295,-2.129030861355597,2.7927176523815986,2.796048692154802,3.2806107997894287,1.5819082003010347,0.008499076589941978,-1.2572224140167236,-4.3501806037540725,-7.945674965158105,1.625053169779227,1.1554737945499003,0,0.0,0,0.0,"{""type"":""MultiPoint"",""coordinates"":[]}"
000000000000000001fb,207,JOHAR BARU,JOHAR BARU,3171081001,3.171081001E12,Tidak Diketahui,Johar Baru 02,-,-,-,1093,Intensitas hujan cukup tinggi,002,0,2020,1577865600000,-,0,0,-5.930425284036023,-11.318695348235071,-13.728807181599162,1.6103277273194778,1.359750945801074,-4.985304910461344,-8.091120798297775,1.7467357042485332,JAKARTA PUSAT,1,1.0,1,0.0,3240.1855460822353,3168.0249156283294,3033.0447474416887,357.8312401852204,302.38701082497255,196.2099317010352,36.98267387798667,52.97446869984959,11,7.44409090909091,5,2.45341853035222,-1.1950054022646839,-3.690734824280364,1.2425531931627316,1.1867602959317443,1.0,1.9000000953674316,1.2254319612546398,0.0,0.3818274736404419,-0.31308899735862566,-1.536549687385559,0.4433697133897204,0.44197740747359904,30738.1227537,30838.6731394546,4.145479202270508,1.8445756752043965,0.0,1.5687801837921143,-0.7424232467805799,-2.576085090637207,1.105659136492469,1.105351649577352,19.21357414202485,14.807352649048596,11.672184041591757,5.732386276497612,1.3109421899347098,-1.8207536795331958,2.39452734682604,2.395253228835597,3.2806107997894287,0.3358665299623021,0.008499141782522202,-0.11585745215415955,-0.6740734526341444,-3.0807566680014133,0.6901040543730225,0.8664333832474955,0,0.0,0,0.0,"{""type"":""MultiPoint"",""coordinates"":[]}"
000000000000000001fc,150,JOHAR BARU,JOHAR BARU,3171081001,3.171081001E12,Tidak Diketahui,Johar Baru 03,-,-,-,1094,-,003,0,2020,1577865600000,-,0,0,9.082077681170048,-9.505307827290896,-13.870299097369129,3.170363076250631,7.886060453618775,-4.100310690984455,-7.390727095273844,2.4109104934157117,JAKARTA PUSAT,1,0.9914466843323385,0,0.08362212737350672,3693.215064037931,3483.3682701784646,3318.9059817922894,682.9328889154576,526.2525959530263,380.2603614552736,60.497267643555624,80.73843121003533,13,9.143494448730417,6,4.059424920128608,0.4581967962394112,-3.1442811501589354,1.3568817915537976,1.3261892852206585,0.7231272893378219,2.700000286102295,1.3090935709235512,0.0,1.2533804178237915,-0.14718257622761505,-1.5573930740356445,0.5878245073270788,0.5736096421084856,104116.141509,104546.66955167182,7.034433364868164,2.139241197488446,0.0,4.572343826293945,-0.2923004703580427,-2.4912374019622803,1.222455163889724,1.2282026361390994,17.58388122012736,13.44936981143498,11.191547801573337,4.036137115539525,-0.16509709875945122,-2.3852856816693997,1.393984083416645,1.3865711382041053,0.9943874478340149,0.05733763119339845,0.008499091491103172,0.7466308176517487,-0.24621025825065737,-0.3320832587778568,0.17550054854402403,0.16608456262690308,0,0.0,0,0.0,"{""type"":""MultiPoint"",""coordinates"":[]}"
000000000000000001fd,174,JOHAR BARU,JOHAR BARU,3171081001,3.171081001E12,Tidak Diketahui,Johar Baru 04,-,-,-,1095,-,004,0,2020,1577865600000,-,0,0,-4.293554353012953,-10.17172013378713,-12.745538651366253,1.850910267355533,0.03377178136873226,-4.224495085741004,-6.6389784064716295,1.5872126224598402,JAKARTA PUSAT,1,1.0,1,0.0,3693.215064037931,3563.5318746569424,3463.5491259047867,682.9328889154576,568.8773553686308,479.7287189048243,62.953595075659216,70.27333883508041,14,10.571050308914385,6,4.9874760383394765,1.6022866488648315,-3.1442811501589354,2.010213877199601,1.9626706612591616,0.7270005645495057,2.0,1.4458253515366422,0.0,0.5706069469451904,-0.015328257418478444,-1.5573930740356445,0.566200345436034,0.5376242291090038,19835.2673886,19877.08339173817,4.159976482391357,2.4852876319889465,0.9274099469184875,1.7278532981872559,0.05960654127629374,-1.5231329798698425,0.9066214903459242,0.9049726531029106,17.225813186799453,13.514286751298561,11.672176208866864,3.679198066827734,-0.09297253536995541,-1.9346481440755259,1.6783604044376654,1.6704415306055767,0.9858883619308472,0.08385546831389445,0.008499101735651493,0.7346660494804382,-0.2106898774849111,-0.307677298784256,0.2376688782737842,0.22788110664136657,0,0.0,0,0.0,"{""type"":""MultiPoint"",""coordinates"":[]}"
000000000000000001fe,600,JOHAR BARU,JOHAR BARU,3171081001,3.17108100101E12,Tidak Diketahui,Johar Baru 06,-,-,-,1097,-,006,0,2020,1577865600000,-,0,0,-3.45398835747621,-11.246436102493359,-15.869142076556528,1.9364839544752648,0.819632335472319,-4.766879973690476,-9.587923915074633,1.8967110720210165,JAKARTA PUSAT,1,0.9908505977913664,0,0.11951030798891775,3777.3065187347443,3650.7557892047903,3442.3651404797974,751.585819507528,620.9033299821274,393.9426014593141,65.80152333002803,71.68596090350763,15,7.533015423929911,3,5.37456869009665,-1.9658336582059583,-6.81009584664463,2.3644636411628244,2.317662744342527,1.0,1.8000001907348633,0.6271699861180255,0.0,0.30218541622161865,-0.9340055426906543,-1.590964913368225,0.5142656642541991,0.501767585503989,152875.750726,153489.829609005,9.067116737365723,2.7367465777073283,0.0,6.579575777053833,0.25634027794214287,-2.526249885559082,1.5784388149711404,1.585719440771119,18.89990335561562,14.026807153215708,10.882888518128887,5.327639738345427,0.4998557253539411,-2.6012589580139274,2.1401301135353066,2.1528967605178377,1.1303731203079224,0.26248420896262775,0.008499037474393845,0.8558660745620728,-0.4439539606846581,-4.378127657808363,0.9774303003351065,0.391398555290013,1,0.007506616774664602,0,0.09781863155225404,"{""type"":""MultiPoint"",""coordinates"":[]}"
000000000000000001ff,515,JOHAR BARU,JOHAR BARU,3171081001,3.17108100101E12,Tidak Diketahui,Johar Baru 08,-,-,-,1099,Bankir / air tidak lancar,008,0,2020,1577865600000,-,0,0,4.097908931640655,-9.437907000092935,-14.172123617685543,2.9256902768714945,11.03897331664056,-3.1231079485578235,-8.772120578297162,3.190614227591305,JAKARTA PUSAT,1,0.9851732184527016,0,0.12125430454680514,3583.2274512909826,3405.807775127133,3192.0215612176544,611.4473570898881,439.534975180642,225.42751783282483,104.71658816010529,109.35914433216776,11,6.773541554478549,0,1.633865814697275,-2.8510209477071013,-9.697124600638197,2.226907588899465,2.188998190133789,1.0,1.6000003814697266,0.5633172204006169,0.0,0.017891645431518555,-0.9929847248365328,-1.581060767173767,0.40552689415088117,0.41775856723139065,97198.3944709,97612.02505941881,8.776071548461914,2.957834241217331,0.0,6.232802867889404,0.3696990054228472,-2.634943723678589,1.7978993899217315,1.7872379217257246,21.19189009828642,13.462686407170816,10.916045662416064,7.571335873558986,-0.11159207642768741,-2.6018446606641756,2.2812739884359834,2.2883484000845065,1.682785153388977,0.20347317423747704,0.00849906262010336,-1.392027497291565,-8.046742059271049,-12.923714876174927,2.98180082967107,0.5408738539082215,1,0.014826781547298511,0,0.12125430454680537,"{""type"":""MultiPoint"",""coordinates"":[]}"
00000000000000000273,257,JOHAR BARU,KAMPUNG RAWA,3171081002,3.171081002E12,Tidak Diketahui,Kampung Rawa 01,-,-,-,1292,Tingginya curah hujan dan antrian air yang menuju Kali Sentiong,001,0,2020,1577865600000,-,0,0,-4.471315212133238,-11.32558367937828,-14.779436955207476,2.4031830454066574,2.671988821602037,-2.8289146725383345,-6.832841208278346,2.0000987065310394,JAKARTA PUSAT,1,1.0,1,0.0,2987.3034691983003,2882.747941782566,2779.8933419494465,203.4188147270106,129.0005500820664,55.37121678261292,36.08334351301102,55.24603462834512,12,9.800793301013663,5,3.8716932907355854,1.6985642950719397,-3.2874121405743235,1.8857052450104568,1.8585159758939547,1.0,2.9000000953674316,2.3329367936051537,1.0999999046325684,1.4945175647735596,0.872979867593192,-0.4076296091079712,0.7026381930851633,0.6836484402156884,23782.8452172,23896.07347348588,3.9402973651885986,2.3511549090435455,0.0,1.40667724609375,-0.22564551760941265,-2.5544042587280273,0.9817276412095329,1.009615357123882,15.955480790195834,12.40878615567286,11.723119693085877,2.414745894411322,-1.1413485394555114,-1.861214707264546,0.8749309979016887,0.8871045339269289,0.016998406499624252,0.008782628308382393,0.008499184623360634,-0.2510996228083968,-0.28193076090268504,-0.42542376182973385,0.030214426347098627,0.002494888626711502,0,0.0,0,0.0,"{""type"":""MultiPoint"",""coordinates"":[]}"
00000000000000000274,857,JOHAR BARU,KAMPUNG RAWA,3171081002,3.171081002E12,Tidak Diketahui,Kampung Rawa 02,-,-,-,1293,Tingginya curah hujan dan antrian air yang menuju Kali Sentiong,002,0,2020,1577865600000,-,0,0,-5.299584775871014,-12.148977879213646,-14.428758898157731,1.5603447357584697,0.8499554390199209,-4.357626580264545,-6.283308607590086,1.528502045617837,JAKARTA PUSAT,1,1.0,1,0.0,3071.1090804960018,2969.0054975321127,2911.441581050983,251.02968163682226,178.07185113926516,127.17961055017713,31.059323552073664,47.18779308435758,12,8.601766304347828,5,3.8203194888186385,0.3099728087241826,-3.3286900958458823,1.8620517323374646,1.8091767757001593,1.0,2.799999713897705,1.8344837637051294,0.9000000953674316,1.333251953125,0.3327580442571122,-0.6251629590988159,0.752008281722881,0.7403608327426916,25626.1084498,25731.797718810252,4.159943103790283,1.9974231770181141,0.0,1.593770980834961,-0.5943626096067222,-2.601151943206787,1.0837182369581866,1.0909539800073382,16.648626874976447,12.866513211769275,11.668691766868033,3.151845722374576,-0.650702298948524,-1.8603027584902776,1.2221507286663595,1.223269303758797,0.016998350620269775,0.011227925010683504,0.008499184623360634,-0.24083396792411804,-0.3416475122002379,-1.0868673920631409,0.19645796020190398,0.004155458894022399,0,0.0,0,0.0,"{""type"":""MultiPoint"",""coordinates"":[]}"
00000000000000000275,452,JOHAR BARU,KAMPUNG RAWA,3171081002,3.171081002E12,Tidak Diketahui,Kampung Rawa 03,-,-,-,1294,Tingginya curah hujan dan antrian air yang menuju Kali Sentiong,003,0,2020,1577865600000,-,0,0,-5.299584775871014,-10.557073719108823,-14.973897523787208,1.9746197214422319,0.5420841352274832,-4.508899265297894,-7.573123325259786,1.790573317591402,JAKARTA PUSAT,1,1.0,1,0.0,3155.4161536882916,3072.4927262270926,2997.3690208403514,302.52671785755865,238.773364408728,178.94222960686466,34.09305668187719,49.81821004910874,10,7.6529022777369615,6,1.7076038338665622,-0.7901382229277822,-2.624281150158966,1.1616574980844188,1.1267131182879113,1.0,1.9000000953674316,1.4090375615777906,0.8000001907348633,0.4079488515853882,-0.11199177800514167,-0.7363321781158447,0.42080260888490767,0.4137580122364418,23737.1302692,23851.86790424161,3.8394336700439453,1.7305621637832058,0.0,1.249220609664917,-0.8462387183586698,-2.601151943206787,0.9431796270010321,0.9291992580414556,17.901390407015622,14.16755900144284,11.749126259445974,4.381814497977011,0.6576399406641825,-1.7436253290738701,1.629668258307612,1.622104689449893,0.2549747824668884,0.07427057560292415,0.00849915947765112,-0.19954302534461021,-0.44535650952591194,-1.7023261189460754,0.3546763209794322,0.0922215696302617,0,0.0,0,0.0,"{""type"":""MultiPoint"",""coordinates"":[]}"
00000000000000000276,198,JOHAR BARU,KAMPUNG RAWA,3171081002,3.171081002E12,Tidak Diketahui,Kampung Rawa 04,-,-,-,1295,Tingginya curah hujan dan antrian air yang menuju Kali Sentiong,004,0,2020,1577865600000,-,0,0,-0.5441656086126693,-9.735808594653202,-13.3623658826622,2.6318886170443854,3.819153841824771,-3.903232106679801,-8.070223987461898,2.3953723663524715,JAKARTA PUSAT,1,1.0,1,0.0,3198.7543709788697,3065.5714110990625,2821.3751145383426,345.9360546480211,239.67654482476635,80.14206785219721,58.027662379499624,88.90367043731665,13,8.973579335793355,6,4.763833865815458,0.8215722999665634,-2.3685623003187324,1.2515993876674627,1.1987238111884653,1.0,3.500000476837158,2.8235942795531757,1.9000000953674316,2.1045116186141968,1.390129923011104,0.39229393005371094,0.4311746410266675,0.40097078553066856,47367.0908424,47517.74913707047,3.940305709838867,1.5611589678099227,0.0,1.4360487461090088,-0.9298271918912653,-2.5313234329223633,0.8832787258228563,0.874488355073567,17.054094174642074,13.531220945932432,11.886947402687543,3.4319581489064923,-0.0774744568783581,-1.7625267149378434,1.2449592177785824,1.2378750271971755,0.03399674966931343,0.017007783019152286,0.008499166928231716,-0.24097855016589165,-0.30073193411201893,-0.338007977232337,0.0262854103463917,0.009195683479980827,0,0.0,0,0.0,"{""type"":""MultiPoint"",""coordinates"":[]}"
00000000000000000278,271,JOHAR BARU,KAMPUNG RAWA,3171081002,3.17108100201E12,Tidak Diketahui,Kampung Rawa 06,-,-,-,1297,Tingginya curah hujan dan antrian air yang menuju Kali Sentiong,006,0,2020,1577865600000,-,0,0,-4.471315212133238,-11.043620108780194,-14.820927182574763,2.3844204427776,-0.577989567171272,-4.1677449013959915,-7.334214386069915,1.849321828629289,JAKARTA PUSAT,1,1.0,1,0.0,2865.260761726381,2778.907429870785,2704.577482392719,137.76224206330153,74.32053493352517,21.470750912021686,30.443568785785693,46.955227449085875,10,7.664911992103964,4,2.1440255591061783,-0.3394405608364001,-4.181341853034345,1.675269532787583,1.5954700534193738,1.0,3.000000476837158,1.5826947239987024,0.0,1.6433230638504028,0.14252579786762198,-1.4970991611480713,0.9037208238415626,0.8704335206669742,21049.5345287,21154.340493953543,3.353815793991089,1.8650292326674922,0.0,0.8297989368438721,-0.7625807030829655,-2.731559991836548,0.8858833947956509,0.8887559328872994,19.287873504953755,13.985981574844216,11.88695227089668,5.815521944033833,0.44128160459460786,-1.62938914768349,2.0688264725291936,2.0394669156902627,3.875549077987671,0.38714792184485114,0.008499198593199253,3.6176160275936127,0.09582992902674856,-0.33798229321837425,1.3303342968163012,1.3313269160403223,0,0.0,0,0.0,"{""type"":""MultiPoint"",""coordinates"":[]}"
00000000000000000279,456,JOHAR BARU,KAMPUNG RAWA,3171081002,3.17108100201E12,Tidak Diketahui,Kampung Rawa 08,-,-,-,1299,Tingginya curah hujan dan antrian air yang menuju Kali Sentiong,008,0,2020,1577865600000,-,0,0,-5.930425284036023,-12.800175187520784,-14.973897523787208,1.6502692243837862,0.30681154160790347,-4.691690960627204,-7.334214386069915,1.7094428110743782,JAKARTA PUSAT,1,1.0,1,0.0,3170.3804875485657,2937.9852763954004,2790.7070829135955,326.1876769144633,167.71405291744824,65.72716800068383,69.02405048117026,110.69498149805818,8,5.572750362844703,2,-0.3945047923314906,-2.8445583727856403,-6.263769968050333,1.2507440342265044,1.316461297742917,1.0,1.200000286102295,0.2879535864676377,0.0,-0.2899167537689209,-1.22965659296305,-1.5358850955963135,0.48998052392333563,0.48759772401082924,19318.1365721,19354.13087371994,3.839418649673462,1.863447620653708,0.0,1.12794828414917,-0.8374739038083475,-2.6872305870056152,0.9475976632477775,0.9680659352973687,22.053534079976146,17.27036250087051,11.749134785595139,8.572923318208717,3.7885038362207113,-1.7307708879736783,2.7748166658308193,2.772127960583599,3.858550548553467,2.667459914154111,0.008499141782522202,3.557626038789749,1.421519012041883,-2.491801504045725,1.8209745883423631,1.7042195022030537,0,0.0,0,0.0,"{""type"":""MultiPoint"",""coordinates"":[]}"
00000000000000000287,686,JOHAR BARU,GALUR,3171081003,3.171081003E12,Tidak Diketahui,Galur 01,-,-,-,1314,Hujan lebat dan lama,001,0,2020,1577865600000,-,0,0,-6.891716910494289,-12.43196451503372,-14.460916609940988,1.4590180458398874,-0.8695710729419825,-5.0421325710161495,-7.0401847005614915,1.6456126478950026,JAKARTA PUSAT,1,1.0,1,0.0,2779.8933419494465,2667.4096848403847,2533.7244293416434,97.39014743916596,26.32095079275131,-54.850373098036926,37.767160821523625,60.255181157918635,9,6.29574656623837,5,1.0600638977643273,-1.649383288908008,-3.005111821085503,1.0232103601119327,1.047565601757847,1.0,2.000000476837158,0.830926018158419,0.0,0.5757575035095215,-0.6115708143562145,-1.4810097217559814,0.5235367926564571,0.5104128924892187,15850.1276125,15906.828352311244,4.145472526550293,1.8770626909869088,0.0,1.5161263942718506,-0.8347346467099258,-2.706197738647461,0.9039265410849151,0.8894393746300933,19.29006514346065,14.35089896948089,12.01469297631678,5.8252335112550835,0.8532212771328753,-1.5099037694225217,2.408436020237544,2.389070410084133,3.9010467529296875,0.7997001247974853,0.00849922001361847,3.6280041337013245,0.5215538920926268,-0.2840631455183029,1.6081011726961694,1.6017410273845831,0,0.0,0,0.0,"{""type"":""MultiPoint"",""coordinates"":[]}"
00000000000000000288,85,JOHAR BARU,GALUR,3171081003,3.171081003E12,Tidak Diketahui,Galur 02,-,-,-,1315,air kali sentiong meluap saluran air macet/mampet,002,0,2020,1577865600000,-,0,0,-7.488605555820229,-11.702704492014576,-15.233373006501791,1.80187895537235,0.6180753293461209,-3.9896159063499796,-9.428152835792877,2.248799007943284,JAKARTA PUSAT,1,1.0,1,0.0,2821.3751145383426,2573.0302113914163,2365.0843991588094,119.7354526145682,-11.852882082549591,-114.80865315601204,52.18412299217174,108.05180589176409,12,5.903160453808751,2,4.487412140575851,-1.8419373864046542,-5.774185303513619,2.4843088729911678,2.4536935923007905,1.0,2.4000000953674316,0.9873501478563058,0.0,1.0207794904708862,-0.4018422646885752,-1.449559211730957,0.6720385030300485,0.6473116781227969,43062.5182267,43252.614996332886,5.938636779785156,2.842509647658037,0.0,3.287885904312134,0.18948801463195142,-2.704514980316162,1.453664480658748,1.4482046088636125,19.29443420145698,13.876043400469886,11.435447154223441,5.842225498112207,0.3448508225795216,-2.0739675297036904,1.9325520659339868,1.9070301994757333,4.1050286293029785,0.30974066429016756,0.00849925260990858,3.82053005695343,-0.002747858632612536,-0.34353131148964167,1.1962080001893398,1.1840381957598254,0,0.0,0,0.0,"{""type"":""MultiPoint"",""coordinates"":[]}"
00000000000000000289,145,JOHAR BARU,GALUR,3171081003,3.171081003E12,Tidak Diketahui,Galur 04,-,-,-,1317,"curah hujan tinggi, kondisi rumah lebih rendah dari jalan",004,0,2020,1577865600000,-,0,0,-5.213067965591302,-10.629148394807721,-14.406115726100968,2.0562711109937837,16.230862813863087,-2.8675761822829204,-9.579872938654706,3.260829502851587,JAKARTA PUSAT,1,1.0,1,0.0,3038.713994907392,2786.3913724196736,2497.8075173669595,257.78022041868417,99.35475039077649,-53.59919921419578,72.75809049448979,141.99738624426095,15,10.307579298831385,7,7.500063897764321,2.6266186007570664,-0.8987859424912532,1.7014398474572487,1.6516926007475494,1.0,3.200000286102295,2.69256762394722,1.5999999046325684,1.8935593366622925,1.3945246606995545,0.2971755266189575,0.39157205292897823,0.41109440658451885,52233.1567906,52475.61300343124,7.2227864265441895,2.227790387739522,0.0,4.781700134277344,-0.2351311684689655,-2.512134075164795,1.5088069629572762,1.5032291880493387,16.648631477241572,12.758081155475145,11.113402775956793,3.009829442170121,-0.9035617970136366,-2.5632330363636004,1.2321894820701988,1.227381902748336,0.03399695083498955,0.00915419214630565,0.008499198593199253,-0.3238438256084919,-0.3516738278870294,-0.3797623822465539,0.01341776837084749,0.0051953822063910355,0,0.0,0,0.0,"{""type"":""MultiPoint"",""coordinates"":[]}"
0000000000000000028a,145,JOHAR BARU,GALUR,3171081003,3.171081003E12,Tidak Diketahui,Galur 05,-,-,-,1318,ukuran saluran kecil,005,0,2020,1577865600000,-,0,0,-5.821436459253,-10.779098954219986,-14.7710288842367,2.049184899864616,0.8092185903776238,-4.415228980882255,-8.271905033575571,1.8878911564829373,JAKARTA PUSAT,1,1.0,1,0.0,2959.810142304346,2744.2694120449864,2547.273854450575,218.8335024100852,95.25083680861087,-22.671438421162748,57.19686440041994,114.1398949198593,14,10.270467547839813,7,6.549137380192433,2.757760212581505,-0.5353354632580603,1.455581491288949,1.4500553696718657,1.0,2.700000286102295,1.9583745638654881,1.5,1.4630928039550781,0.723593085857274,0.27253663539886475,0.41339894722190423,0.4306516492086064,35364.8125107,35509.2453980666,4.654246807098389,2.2021149852603217,0.0,2.2641441822052,-0.19035377776300588,-2.427696704864502,1.0906846345390426,1.084761666980855,16.57242638217732,13.283104541214982,11.561793175637433,2.876068857871667,-0.4106426528248634,-2.1423314493115697,1.4574021478190249,1.4604314849968398,0.25497663021087646,0.06498407714640655,0.008499208837747574,-0.13502705097198486,-0.31571539651479785,-0.3925189087167382,0.09357086403967892,0.09907063397221993,0,0.0,0,0.0,"{""type"":""MultiPoint"",""coordinates"":[]}"
0000000000000000028b,145,JOHAR BARU,GALUR,3171081003,3.17108100301E12,Tidak Diketahui,Galur 06,-,-,-,1319,Lantai bangunan lebih rendah dari saluran air / sebagiab ada luapan dari luar,006,0,2020,1577865600000,-,0,0,-2.484274855870457,-11.011164097323219,-14.247011705023557,2.172547955869092,4.180940714902469,-4.673309527831049,-8.876451826046342,1.8125728031782353,JAKARTA PUSAT,1,1.0,1,0.0,3087.875951668441,2856.59851346818,2653.179401278082,301.67233504164597,160.69772265949402,55.820533015089495,66.25799752130914,130.70683576199147,13,9.489388717576636,6,5.306198083067836,1.9031528151011545,-1.556932907347501,1.7969307515399378,1.8556304620864161,1.0,3.200000286102295,2.133185263707593,1.5,1.9185816049575806,0.902463484584539,0.2745685577392578,0.5297702891712325,0.5564360538863006,38519.475758,38643.72456963498,4.744986534118652,2.1270275235705856,0.0,2.343352794647217,-0.24102911901262086,-2.3721923828125,1.0867204922414313,1.0923370027280237,19.133537834822892,13.690381070218569,11.536575716888883,5.426210062719889,-0.01806751740576073,-2.1701619191006127,1.6534706607673424,1.6519590730646199,0.24647735059261322,0.07102310324029287,0.008499198593199253,-0.1425255686044693,-0.31254920738252717,-0.4021571585908532,0.08789236999913343,0.09058542300482111,0,0.0,0,0.0,"{""type"":""MultiPoint"",""coordinates"":[]}"
0000000000000000028c,80,JOHAR BARU,GALUR,3171081003,3.17108100301E12,Tidak Diketahui,Galur 07,-,-,-,1320,Intesitas hujan yang cukup tinggi serta lama kondisi eksisting rumah warga lebih rendah dari jalan,007,0,2020,1577865600000,-,0,0,0.011088975641471772,-9.681670507252013,-13.951739543192865,2.811715077753025,4.180940714902469,-3.926422414662143,-7.834356138166452,2.3492052776170116,JAKARTA PUSAT,1,1.0,1,0.0,3192.0215612176544,2919.8789157128676,2709.346062320677,407.3712910772274,219.36933655781567,83.80414654108745,74.23797839534711,131.5026384489644,13,9.512009077728047,6,5.304664536741962,1.9281977330258797,-1.4515015974433476,1.548216788307116,1.5447183167828469,0.8968984662629996,4.700000286102295,2.0955746817587304,1.5,3.503974676132202,0.8773011210917195,0.2873736619949341,0.45494112231748834,0.46208895158829244,55305.4478464,55536.71629211632,5.400482654571533,2.216160273590267,0.0,3.0400583744049072,-0.13278407335642084,-2.361027240753174,1.1014527787146475,1.1051433808457158,19.133537834822892,13.402145581848773,11.48677099249275,5.426210062719889,-0.3128171509560927,-2.1752747351864965,1.4643939228629619,1.4630023101040677,0.24647735059261322,0.046890036281991315,0.008499198593199253,-0.1453038603067398,-0.34822414874083396,-0.40710028633475304,0.07019585501391966,0.06854255639243106,0,0.0,0,0.0,"{""type"":""MultiPoint"",""coordinates"":[]}"
0000000000000000027a,864,JOHAR BARU,TANAH TINGGI,3171081004,3.171081004E12,Tidak Diketahui,Tanah Tinggi 01,-,-,-,1300,Curah hujan cukup tinggi yang mengakibatkan air hujan meluap dari kali sentiong ke jalan dan pemukiman,001,0,2020,1577865600000,-,0,0,-5.8235626969163325,-10.88225509953019,-16.601342852686464,2.1949209431456405,5.924322452358066,-4.9869699663264395,-10.304223715989973,2.67143670197252,JAKARTA PUSAT,1,1.0,1,0.0,2587.496455406664,2366.323442386743,2243.7160679617973,99.59506119895832,-22.225587619850405,-92.6257554041863,41.39360921018165,78.16524050671403,10,5.660219729915313,3,1.871054313099771,-2.48074302173897,-5.198977635782002,1.5165300548542642,1.5412951492949285,1.0,1.0999999046325684,0.36807054623664703,0.0,-0.4037574529647827,-1.1615113498594858,-1.5734442472457886,0.3114693391621745,0.2962270389264961,60895.7435917,61213.35773991074,5.938642501831055,2.4425870099297424,0.0,2.794523239135742,-0.8462094884015348,-3.4392220973968506,1.3490348058901194,1.3418158568168446,20.71765515768561,14.20466851117611,11.310888226640527,7.255832775400405,0.7366999556534296,-2.1347383290272575,1.8550977931785548,1.8570969608025514,0.9944050312042236,0.20136773584205472,0.008499208837747574,-3.662663970142603,-9.113154861461478,-12.750872537493706,2.198084625859317,0.31020295813537546,0,0.0,0,0.0,"{""type"":""MultiPoint"",""coordinates"":[]}"
0000000000000000027b,300,JOHAR BARU,TANAH TINGGI,3171081004,3.171081004E12,Tidak Diketahui,Tanah Tinggi 02,-,-,-,1301,Curah hujan cukup tinggi yang mengakibatkan air hujan meluap dari kali sentiong ke jalan dan pemukiman,002,0,2020,1577865600000,-,0,0,-6.501007355703999,-11.126441652861288,-13.802937160611854,1.572914601861036,0.3503475534224679,-3.9633981571592956,-8.471654768762189,1.9001571519836404,JAKARTA PUSAT,1,1.0,1,0.0,2767.4830418432575,2567.348727713463,2440.2988331759434,163.3559578285981,66.42136675414172,-18.258259199365966,44.06047292928843,81.3046692659667,8,6.2189790750366525,4,-0.30364217252319214,-2.165197324690212,-4.304025559104643,0.934477338820766,0.9373557137351983,1.0,0.9000000953674316,0.3023923982004793,0.0,-0.5266965627670288,-1.1374075156234984,-1.5067732334136963,0.2955788733690687,0.2984116733803511,52375.2688864,52583.42740242352,4.6273674964904785,1.715253103550761,0.0,1.2863245010375977,-1.5924100144480156,-3.4392220973968506,1.0268165150927826,1.0184000109633269,20.312186543080873,14.933499582397992,11.561788463807734,6.828468054411735,1.4258458785140267,-1.9533431135722399,2.2412559103201404,2.247806484088246,0.6629343628883362,0.2524422066103491,0.008499198593199253,-8.627467080950737,-10.664100521797959,-12.450562298297882,0.9370779436006046,0.2773686722927078,0,0.0,0,0.0,"{""type"":""MultiPoint"",""coordinates"":[]}"
0000000000000000027c,677,JOHAR BARU,TANAH TINGGI,3171081004,3.171081004E12,Tidak Diketahui,Tanah Tinggi 03,-,-,-,1302,Curah hujan cukup tinggi yang mengakibatkan air hujan meluap dari kali sentiong ke jalan dan pemukiman,003,0,2020,1577865600000,-,0,0,-4.539573456001889,-11.523107711816632,-15.463387945964847,2.111759549745076,1.5230614897078723,-3.0822471752855285,-10.327030053237737,2.7481969194041262,JAKARTA PUSAT,1,0.976993865030675,0,0.12498425196844122,2612.321102482647,2424.4619607318573,2319.1560581931994,68.3054654602488,-38.44219448222862,-97.57741995170545,42.84045359174426,85.009004719724,9,6.197221219776256,3,1.0908626198090605,-1.8117651555410725,-5.041661341852279,1.5614596409100958,1.583328360576191,1.0,1.0999999046325684,0.7946500200865628,0.5,-0.40149545669555664,-0.7109461211310701,-1.04023015499115,0.19480399602186604,0.17814587119925485,38738.4133908,38849.72492446938,4.9860992431640625,2.6396312268846773,0.9274099469184875,1.9297640323638916,-0.4268714718840603,-2.1924100518226624,1.1409231497161425,1.1346822345747747,14.774849579066547,12.547656196280993,11.486773897247836,1.3680636794755383,-0.8547426022496039,-1.9450447306222838,0.7643063693640649,0.7540235654630879,0.04249617084860802,0.014668156204742482,0.008499208837747574,-0.21082837600260973,-3.4504803153196364,-9.17711728438735,2.3627809354828866,0.01206054311531135,1,0.02300613496932515,0,0.12498425196844144,"{""type"":""MultiPoint"",""coordinates"":[]}"
0000000000000000027d,600,JOHAR BARU,TANAH TINGGI,3171081004,3.171081004E12,Tidak Diketahui,Tanah Tinggi 04,-,-,-,1303,Curah hujan cukup tinggi yang mengakibatkan air hujan meluap dari kali sentiong ke jalan dan pemukiman,004,0,2020,1577865600000,-,0,0,-6.8342046951195385,-11.641704570779162,-15.68428843234667,1.7675753074319023,1.2637589014933095,-3.891571369937364,-9.070286367998046,2.363406786950217,JAKARTA PUSAT,1,1.0,1,0.0,2670.959054017488,2481.286863986005,2365.0843991588094,68.03573979779003,-34.511721410114745,-114.80865315601204,42.682225437927166,80.49823862720949,9,7.100697906281155,3,1.209329073483178,-0.805288301229737,-5.0729712460056415,1.493715674463562,1.4853555102181901,1.0,1.200000286102295,0.8288933578540655,0.0,-0.30071544647216797,-0.6616807655109125,-1.4712333679199219,0.39723370127425245,0.41345153718805594,34941.9044711,35126.95947467127,7.644643783569336,2.2519279006946595,0.0,4.7729973793029785,-0.652526822926872,-2.91938853263855,1.4081328716834451,1.3922103327540074,19.001731546928497,13.710588649050626,11.05599130282831,5.55201369161602,0.32366482388638906,-2.349672491451118,2.4498267339498563,2.4679907794179914,4.1050286293029785,0.7104394305677543,0.008499208837747574,3.8331714868545532,0.2490234528511302,-1.9387685619294643,1.7803112644574113,1.6136315416304112,0,0.0,0,0.0,"{""type"":""MultiPoint"",""coordinates"":[]}"
0000000000000000027e,600,JOHAR BARU,TANAH TINGGI,3171081004,3.171081004E12,Tidak Diketahui,Tanah Tinggi 05,,-,-,1304,Curah hujan cukup tinggi yang mengakibatkan air hujan meluap dari kali sentiong ke jalan dan pemukiman,005,0,2020,1577865600000,-,0,0,-4.155287870929598,-11.658519501204388,-14.698729434167923,1.7103783210521204,3.6230423519684614,-3.639790947171644,-8.021891203001116,2.008549045593906,JAKARTA PUSAT,1,0.9891507828454731,0,0.09448728361893272,2877.2493528392174,2706.564043754277,2587.496455406664,163.3559578285981,74.94685799826884,11.8539461793398,39.083752327373716,76.49244881954736,11,6.392443839346494,2,2.9377635782755096,-1.8239746616433827,-6.320255591053538,1.8986289514434571,1.8923208436924148,1.0,1.0999999046325684,0.5522166066546272,0.0,-0.3198084831237793,-0.9143683882068823,-1.5135719776153564,0.3460488402683343,0.33277285058453393,81984.6745804,82312.81482208199,7.644643783569336,3.0052843134447045,0.0,4.791242837905884,0.08652550742851786,-3.0984015464782715,1.4902838876574023,1.4571784524497113,19.287873504953755,13.159000446315659,11.05599130282831,5.815521944033833,-0.31183263431344455,-2.36037419146448,2.3111089594619845,2.3090620555958794,3.875549077987671,0.5186672682969874,0.008499184623360634,3.6224383115768433,-3.4408284056024883,-10.66626825556159,4.1519904309492235,1.4161853282321417,0,0.0,0,0.0,"{""type"":""MultiPoint"",""coordinates"":[]}"
0000000000000000027f,752,JOHAR BARU,TANAH TINGGI,3171081004,3.17108100401E12,Tidak Diketahui,Tanah Tinggi 06,-,-,-,1305,Curah hujan cukup tinggi yang mengakibatkan air hujan meluap dari kali sentiong ke jalan dan pemukiman,006,0,2020,1577865600000,-,0,0,-2.8518789446104016,-11.516480264311223,-14.52782552380894,1.9920497385772225,4.909598947899223,-2.9914060680126755,-7.286239504200253,2.933960341823829,JAKARTA PUSAT,1,1.0,1,0.0,3038.713994907392,2855.874390408203,2623.82556060524,357.3700224858376,229.07143138983588,87.34381179825732,70.88754640381161,119.26492174846085,10,6.076813655761021,3,1.3148881789145541,-2.545053872680443,-5.5699680511174225,1.5550039247003942,1.6315362159934712,1.0,1.6000003814697266,0.6729536415703402,0.0,0.22320795059204102,-0.6983755495128016,-1.4077190160751343,0.595428115623086,0.5910885803940106,53925.6047438,54170.554441017965,4.6273674964904785,2.0673939349363675,0.0,1.2863245010375977,-1.1354582621967064,-3.3832767009735107,1.0130238474878095,0.9993422765968237,17.282093406736575,14.450082580905413,11.561788463807734,3.7202474188873786,0.8820033431137775,-1.9533431135722399,1.6441737364791509,1.6371466139077335,0.5354459881782532,0.15413406198502513,0.008499141782522202,-10.517144189216197,-11.509329827634842,-12.48251529969275,0.5394487092035634,0.1638566563345374,0,0.0,0,0.0,"{""type"":""MultiPoint"",""coordinates"":[]}"
00000000000000000280,1700,JOHAR BARU,TANAH TINGGI,3171081004,3.17108100401E12,Tidak Diketahui,Tanah Tinggi 07,-,-,-,1306,Curah hujan cukup tinggi yang mengakibatkan air hujan meluap dari kali sentiong ke jalan dan pemukiman,007,0,2020,1577865600000,-,0,0,-4.676521402858847,-11.419547924041877,-14.910813829514177,1.7418294509823016,5.258508301111383,-2.814847020765042,-6.206223991533605,2.2045817780231176,JAKARTA PUSAT,1,1.0,1,0.0,2994.4966013776398,2885.8392559113713,2767.4830418432575,278.2305310760512,198.92940196081534,112.10383992713423,47.597963023183524,76.55775216810048,11,6.459627749576989,3,2.687795527157334,-2.0477308639164384,-5.448306709264395,1.9543162084251144,1.9605775002291221,1.0,1.6000003814697266,0.6718443676582245,0.0,0.22320795059204102,-0.7575742113449044,-1.4902749061584473,0.6058515735171804,0.5943673628548277,51567.0201424,51754.2638889562,5.655346870422363,2.463015679445767,0.0,2.729114532470703,-0.4826620940024477,-3.011070728302002,1.443376440628663,1.4637184860037644,17.341775808782746,13.015816925696475,11.36009610603994,3.8178086967546996,-0.5534341919605216,-2.168953224561596,1.3300937382032243,1.315764640292617,0.05099499598145485,0.020031588558996383,0.00849915947765112,-4.282610259950161,-9.015086771234262,-10.898568984121084,1.713879654895474,0.014367274276417694,0,0.0,0,0.0,"{""type"":""MultiPoint"",""coordinates"":[]}"
00000000000000000281,1400,JOHAR BARU,TANAH TINGGI,3171081004,3.17108100401E12,Tidak Diketahui,Tanah Tinggi 08,-,-,-,1307,Curah hujan cukup tinggi yang mengakibatkan air hujan meluap dari kali sentiong ke jalan dan pemukiman,008,0,2020,1577865600000,-,0,0,-3.5576707790619944,-11.09065469538094,-14.652531459845285,2.142227132073316,4.5998606629288705,-3.149909091049222,-7.288554874542596,2.2187411743049945,JAKARTA PUSAT,1,1.0,1,0.0,3139.010065987322,2957.0694542053006,2790.7070829135955,324.1163637342602,199.6068565349443,106.31977236405828,60.93741649798736,100.81337934576045,8,5.937792767472362,4,-0.31386581469570807,-2.6151974271673946,-4.607667731628588,0.9804957586179482,0.9383529431353976,1.0,1.0999999046325684,0.1543188705918463,0.0,-0.3454698324203491,-1.3571445530786646,-1.5353739261627197,0.27146992213629323,0.2600036551114019,55874.8624871,56115.5049794194,5.655346870422363,1.5870303935899215,0.0,2.729114532470703,-1.213963844969587,-2.8593649864196777,1.0755703061250348,1.080051382687119,19.887295632664316,15.321548657038777,11.36009610603994,6.4113547684175884,1.842379328621132,-2.168953224561596,2.760594883238235,2.7644309401136513,3.7990562915802,0.9573199515593978,0.008499141782522202,2.8773637413978577,-2.9624445869572646,-7.690576991066337,2.724544104418776,1.5159946386980871,0,0.0,0,0.0,"{""type"":""MultiPoint"",""coordinates"":[]}"
00000000000000000282,1215,JOHAR BARU,TANAH TINGGI,3171081004,3.17108100401E12,Tidak Diketahui,Tanah Tinggi 09,-,-,-,1308,Curah hujan cukup tinggi yang mengakibatkan air hujan meluap dari kali sentiong ke jalan dan pemukiman,009,0,2020,1577865600000,-,0,0,-2.8518789446104016,-10.35267508751409,-14.320398546474713,2.3678831320002356,2.6489655422020117,-4.242774000010757,-7.667196518082107,2.26812755972361,JAKARTA PUSAT,1,1.0,1,0.0,3287.644004268418,3151.8889907977873,3038.713994907392,468.55717464698546,353.9447920191968,272.95703154467765,53.30735572696807,65.86150505057113,9,5.909024745269284,2,-0.09047923322603424,-3.0303347746274123,-6.985047923321904,1.4186550461947678,1.401777825066836,1.0,1.5999999046325684,0.6138115474056816,0.0,0.17739272117614746,-0.8730066706760238,-1.5412524938583374,0.4491939040426607,0.40908591621860874,62154.429089,62455.18454592335,5.400496959686279,2.1411765036184107,0.0,2.536734104156494,-0.6571538483171522,-2.974870204925537,1.0554647064556435,1.0643934403435553,21.81908736027788,14.590914264694435,11.482540557447182,8.309995881439662,1.0622437486666783,-2.0047199806473603,2.306743663348978,2.3052968183660796,3.2806107997894287,0.3670500043065085,0.008499115705490112,-1.6599600315093994,-7.688736454753157,-11.405110388994217,2.79293040680298,0.9685974535943636,0,0.0,0,0.0,"{""type"":""MultiPoint"",""coordinates"":[]}"
00000000000000000283,510,JOHAR BARU,TANAH TINGGI,3171081004,3.17108100401E12,Tidak Diketahui,Tanah Tinggi 10,-,-,-,1309,Curah hujan cukup tinggi yang mengakibatkan air hujan meluap dari kali sentiong ke jalan dan pemukiman,010,0,2020,1577865600000,-,0,0,-4.756585769683321,-10.777798945891428,-13.755923554274855,1.843998201731256,1.4825854631003077,-4.648607727838982,-7.814243316360033,1.9858836440730656,JAKARTA PUSAT,1,1.0,1,0.0,3413.495205640626,3321.904865447869,3220.204766362868,515.1275374926336,425.3041554181018,304.5292153805308,61.05086749841341,55.38688771918854,8,5.910162829870859,4,-1.4826837060694888,-3.442255167699442,-5.411501597443296,1.1987830943814684,1.2906452953964294,1.0,0.8000001907348633,0.18850369261999195,0.0,-0.6852778196334839,-1.3087354027307947,-1.5225943326950073,0.2544176420316586,0.2522585389041652,24778.3631754,24928.82668659701,3.8394603729248047,1.9660325066836473,0.0,1.2231602668762207,-0.6620419952706764,-2.6587765216827393,1.122640007308662,1.1198959593022166,21.19189009828642,15.066395457238384,11.75425995779305,7.571335873558986,1.4833224139998376,-1.8380206162969586,2.674667430384752,2.6810089386333638,1.742278814315796,0.620259791677598,0.00849906262010336,-4.813866376876831,-8.098384992436388,-10.723434531129897,1.4976983012086853,0.8075023452986227,0,0.0,0,0.0,"{""type"":""MultiPoint"",""coordinates"":[]}"
00000000000000000284,750,JOHAR BARU,TANAH TINGGI,3171081004,3.17108100401E12,Tidak Diketahui,Tanah Tinggi 11,-,-,-,1310,Curah hujan cukup tinggi yang mengakibatkan air hujan meluap dari kali sentiong ke jalan dan pemukiman,011,0,2020,1577865600000,-,0,0,-4.52202062181888,-10.494428873374444,-14.460916609940988,2.1859535203749068,3.678517169416229,-2.932876757807661,-6.7428439201135575,2.137996230931858,JAKARTA PUSAT,1,1.0,1,0.0,2704.577482392719,2569.034498928932,2411.9223005209274,67.39227273068855,-10.852687654270111,-97.75536611999996,40.53398582944888,76.34290896173624,12,7.697374759152217,5,3.9785303514384633,-0.2453620873261823,-3.005111821085503,1.5017053430576648,1.5269568501507236,1.0,1.0999999046325684,0.4793713792785285,0.0,-0.37795543670654297,-0.9955463896798036,-1.4820575714111328,0.4770940770298796,0.48798052354303084,29002.1817661,29090.031858434282,7.644643783569336,2.8607590616768603,0.0,4.791242837905884,0.028346851001527756,-2.918084144592285,1.804236787360457,1.8025901487859382,22.08451075225676,15.385098869473357,11.05599130282831,8.648741522380696,1.9611270476368636,-2.36037419146448,3.1871161840560336,3.2042118089801406,4.02853536605835,1.9569539599530428,0.008499208837747574,3.7662667632102966,1.6767766667674173,-0.6199772320687771,1.968518177572725,1.949740599751288,0,0.0,0,0.0,"{""type"":""MultiPoint"",""coordinates"":[]}"
00000000000000000285,808,JOHAR BARU,TANAH TINGGI,3171081004,3.17108100401E12,Tidak Diketahui,Tanah Tinggi 12,-,-,-,1311,Curah hujan cukup tinggi yang mengakibatkan air hujan meluap dari kali sentiong ke jalan dan pemukiman,012,0,2020,1577865600000,-,0,0,-5.992945687821246,-11.83518141992723,-14.295719109388601,1.9236797502120646,2.3407970959535973,-3.69401364863477,-7.216444489695329,2.047853346740409,JAKARTA PUSAT,1,1.0,1,0.0,3110.091172995092,3058.281840121953,2948.157301224414,332.63643241526324,306.3230934788924,226.7932835475135,32.17944946577665,49.80204452931625,10,6.614766449020592,3,1.3148881789145541,-2.1591069717875784,-5.819680511181312,1.4743649985482514,1.452938384401688,1.0,1.6000003814697266,0.858781260939553,0.09999990463256836,0.20613443851470947,-0.6034906964475298,-1.3993101119995117,0.5222089379434248,0.48746153016352295,20860.5477479,20963.939931444504,5.00709867477417,1.9950289399145276,0.0,2.2045586109161377,-0.8936910244282138,-3.011070728302002,1.0438378682711384,1.0251596497108515,16.26225495953264,13.608274246167975,11.482540557447182,2.7641579704055097,0.0657746695724487,-1.9988481916520016,1.5814379843505517,1.5717505588532363,0.3739595413208008,0.10490314708079318,0.008499141782522202,-5.289434436708689,-8.509283571976656,-10.783345226198435,1.944138469704404,0.15010222167136975,0,0.0,0,0.0,"{""type"":""MultiPoint"",""coordinates"":[]}"
00000000000000000286,825,JOHAR BARU,TANAH TINGGI,3171081004,3.17108100401E12,Tidak Diketahui,Tanah Tinggi 13,-,-,-,1312,Curah hujan cukup tinggi yang mengakibatkan air hujan meluap dari kali sentiong ke jalan dan pemukiman,013,0,2020,1577865600000,-,0,0,-5.233838903503065,-11.588162013695769,-14.195214863403738,1.6506894747600187,1.32990836416071,-3.8178322377184144,-7.679663895846806,2.096748820667437,JAKARTA PUSAT,1,0.9592170871474286,0,0.19851201022177326,3403.396085266404,3316.0664808401407,3198.7543709788697,528.7013157785327,468.00431553744335,341.02293213833536,42.73345035335915,49.722073326149584,9,6.656694202574978,3,-0.06313099041455672,-2.4521028650794436,-6.081405750797943,1.4502102159568184,1.4908238751137306,1.0,1.299999713897705,0.6744288607545752,0.0,-0.15418565273284912,-0.8216890125497514,-1.5411630868911743,0.3931961586974347,0.37439645941014615,46985.5970986,47149.07793208656,4.637092113494873,2.0840818852002108,0.0,1.9286925792694092,-0.5932877990845865,-2.782416582107544,1.0125600514593298,1.0123819219657704,19.034831289764128,13.692708140882633,11.559670196389758,5.524982428044995,0.14984128034833397,-1.9784080383707057,1.9916097285043994,1.9869611511729153,2.9916393756866455,0.22305323263964205,0.008499101735651493,-2.3414695262908936,-7.541772005695156,-9.903547197580338,1.8540674273835382,0.8812160198069213,1,0.04078291285257125,0,0.19851201022177314,"{""type"":""MultiPoint"",""coordinates"":[]}"
000000000000000000de,350,TANJUNG PRIOK,TANJUNG PRIOK,3172021001,3.17202100101E12,Tidak Diketahui,Tanjung Priok 14,RT 1 s.d 6,,,421,Saluran air dangkal dan air laut pasang,014,0,2020,1577865600000,,0,0,-0.502769278449354,-9.589483676076506,-18.251738663661285,2.688425695962044,11.80276613336665,-3.2656273068278394,-11.726187159046962,3.5165859231529417,JAKARTA UTARA,1,0.9641769472977855,0,0.2249805771974613,649.3636962940959,450.7996374465881,185.53248465545596,92.22534728148776,-82.63403634965451,-331.88840674943424,94.8693636006372,101.00493243594259,9,1.9612347080989005,-8,8.089584664536813,0.9815046928889162,-9.136485623003102,3.035362562070482,3.0385438957274733,0.9999380676948115,7.200000286102295,1.8007794601592493,0.0,5.955400466918945,0.4365581918075347,-1.6334282159805298,1.7629737236676293,1.7241330862904196,135096.246225,135710.99328496732,12.316861152648926,3.7352838584137826,0.0,9.161176443099976,0.6347110011196961,-3.1549301147460938,2.1006735013504025,2.0894717291462,17.461794065900666,12.694088761935209,11.02539720273006,3.778831540167861,-1.005954700519449,-2.628683924097837,1.3524287452035422,1.351176941273557,0.6205086708068848,0.04183658764647662,0.008500121533870697,-4.281551957130432,-5.221210225907422,-5.886473604477942,0.26920508146632277,0.1145018940145379,1,0.01925360037165127,0,0.14468181025100196,"{""type"":""MultiPoint"",""coordinates"":[]}"
000000000000000000e0,350,TANJUNG PRIOK,TANJUNG PRIOK,3172021001,3.172021001E12,Tidak Diketahui,Tanjung Priok 02,RT 5 dan 6,,,423,"Sungai Tirem meluap, dangkal dan air laut pasang",002,0,2015,1420099200000,,0,0,2.413014960967352,-8.989644009990949,-13.054705498110854,2.340186554495007,12.497131538647716,-2.1166591454163135,-6.937750816066884,2.98772660033484,JAKARTA UTARA,1,1.0,1,0.0,747.9053559872657,627.7868668270742,499.5615034733919,122.94289657911008,-2.850234435795082,-119.4944617026838,56.32472170166383,60.68716646447871,5,1.906046599377417,-2,3.565623003195008,0.4608216899184585,-3.567412140574949,1.7816802100606381,1.7935654946370954,0.5944589104230571,1.8999998569488525,1.0240260317532275,0.5,0.28267598152160645,-0.4875333355503392,-0.9861338138580322,0.4286943671691147,0.48157672241546323,36997.3337312,37157.839864908725,7.034297466278076,2.7327102941169503,0.0,3.8499746322631836,-0.4421944282052876,-3.1769845485687256,1.6572480729021373,1.6586804155951351,17.34188417535618,13.107552144418618,11.312311082914617,3.722820831033692,-0.5191260905539669,-2.3076474817455885,1.2065988763308118,1.2074080200395632,0.06800098717212677,0.021635569728163818,0.008500111289322376,-4.309252702631056,-4.5522361009803145,-4.7905444875359535,0.12342634705188565,0.015591834140703963,0,0.0,0,0.0,"{""type"":""MultiPoint"",""coordinates"":[]}"
000000000000000000e1,400,TANJUNG PRIOK,TANJUNG PRIOK,3172021001,3.172021001E12,Tidak Diketahui,Tanjung Priok 03,RT 7 dan 8,,,424,"Sungai Tirem meluap, dangkal dan air laut pasang",003,0,2015,1420099200000,,0,0,-4.2325249977032025,-9.480009827752005,-13.723166065595137,1.8261876805837074,2.6651235874548598,-3.214708173871717,-7.6352043558672715,2.368342120650671,JAKARTA UTARA,1,0.965483291828343,0,0.24816680858541135,742.1299386218238,618.860585863861,463.8312116386399,139.01206031481786,23.332755313040977,-126.78650421426545,75.6433076944497,92.7908711136045,6,1.7114148375513984,-3,4.419936102236565,0.22735613983064984,-4.368306709265065,1.9863849521030301,2.029310641213227,1.0,2.8000001907348633,1.3849597431474647,0.10000002384185791,1.0521366596221924,-0.32557485777356787,-1.7691479921340942,0.6626565535725889,0.6831365741490568,60352.9440866,60523.69671059513,7.942784786224365,2.9469224311277187,0.0,4.757350206375122,-0.27813521614567366,-3.215588092803955,1.4166024123771706,1.4130584870425769,18.353486212574914,12.807852282025994,11.215207264528125,4.7341695249576485,-0.8041537061831828,-2.405136955521101,1.2900172767009352,1.2968026239421506,0.09350132942199707,0.02791643854581877,0.00850010011345148,-4.435928808525205,-4.790895276852453,-5.10334537178278,0.15796042317150363,0.031175593592834863,1,0.019516997741356342,0,0.14661169301237728,"{""type"":""MultiPoint"",""coordinates"":[]}"
000000000000000000e3,200,TANJUNG PRIOK,TANJUNG PRIOK,3172021001,3.172021001E12,Tidak Diketahui,Tanjung Priok 05,RT 5 dan 6,,,426,"Sungai Tirem meluap, dangkal dan air laut pasang",005,0,2015,1420099200000,,0,0,2.413014960967352,-9.204071693950441,-12.661818956114804,2.530328124620091,12.497131538647716,-2.543736986675931,-7.785560389729104,3.7560212807305793,JAKARTA UTARA,1,1.0,1,0.0,649.3636962940959,544.6485914522304,382.4850156088664,70.05210284961345,-47.32782395972362,-193.74407049582095,58.49634379765312,61.44853413495989,7,1.699557304476143,-3,5.920894568690178,0.4544844569398321,-4.22428115015964,2.2473927795427935,2.2320892057044275,0.8479088261675125,2.0999999046325684,1.177658591015961,0.0,0.7774385213851929,-0.24418134139901113,-1.3287094831466675,0.6005555952466037,0.5926845340800051,35448.9763766,35627.44287469769,7.942769527435303,3.7978615485501863,0.0,4.783165216445923,0.6216113166332945,-3.1731083393096924,2.134402591742974,2.133387019259811,15.955591019460764,12.657106825290311,11.030141443661039,2.3197211375840947,-0.998431867416591,-2.632252707195887,1.0613128923043385,1.0603106108867535,0.5865079164505005,0.025871656634246995,0.008500121533870697,-4.133477568626404,-4.8155235318695135,-5.0382621847093105,0.1507222794364703,0.07517303901755812,0,0.0,0,0.0,"{""type"":""MultiPoint"",""coordinates"":[]}"
000000000000000000e4,350,TANJUNG PRIOK,TANJUNG PRIOK,3172021001,3.17202100101E12,Tidak Diketahui,Tanjung Priok 06,RT 10 dan 11,,,427,Sungai Tirem meluap dan air laut pasang,006,0,2020,1577865600000,,0,0,-8.23743089917423,-12.80341225785831,-18.92678056300562,2.04310347541737,0.46562770900530326,-6.494601329945973,-10.816162608505323,2.170871303912989,JAKARTA UTARA,1,1.0,1,0.0,473.0168798317619,272.0228956536216,92.76624232772798,-89.44315931484203,-276.72210304948663,-461.41645604242416,92.7412060755391,106.82311124603665,6,0.3372641509433961,-6,4.630287539936262,-1.1421874999998414,-7.562555910542953,2.7314631524579465,2.7402958152928836,1.0,3.9000000953674316,1.02674680514226,0.0,2.115002155303955,-0.808612689859111,-1.8032801151275635,1.1751308950648323,1.1640254184998975,47324.8426845,47534.35102579683,9.937920570373535,4.050811419140478,0.9274099469184875,6.6164870262146,0.700378000332078,-2.4916905760765076,1.8087099670971019,1.8064746337562672,21.620560323089634,12.174419319430488,10.789601070735563,7.96840116308204,-1.4295075520082499,-2.85555504014296,1.3495548570687215,1.34969000969698,126.2158203125,0.09056095912613807,0.008500072173774242,120.17002630233765,-5.348118061233694,-6.022944000549614,13.872372555268823,13.935274713046715,0,0.0,0,0.0,"{""type"":""MultiPoint"",""coordinates"":[]}"
000000000000000000e8,300,TANJUNG PRIOK,TANJUNG PRIOK,3172021001,3.17202100102E12,Tidak Diketahui,Tanjung Priok 15,RT 1 s.d 6,,,431,Saluran air dangkal dan air laut pasang,015,0,2020,1577865600000,,0,0,3.6931513386812966,-11.7076726014805,-19.055262928612958,3.4852589833968746,11.631846122658155,-5.52844471948342,-13.380281124850487,3.924773910306607,JAKARTA UTARA,1,0.7765429400930292,0,0.4143312979119649,556.5974539663679,276.279834883891,0.0,-0.7126279512084466,-244.68523989719034,-507.2347001950131,128.05062050106645,135.25156452795773,6,-0.4684856242000438,-8,4.683706070287641,-1.6946727880163344,-9.136485623003102,2.4153262696428737,2.4460153677249035,1.0,3.9000000953674316,0.8087097719696423,0.0,2.14160692691803,-0.8719892427662504,-1.8032801151275635,1.0021683294201313,1.0238735065819282,111754.782131,112233.69278248453,12.316861152648926,3.421402459508104,0.0,9.161176443099976,0.18729384393230267,-3.2294459342956543,2.012878962956757,2.0176730256971327,25.561259138249824,13.629069855599496,10.756024637007354,11.91825760214004,-0.02134205083640524,-2.9180682673494776,2.745046518534041,2.7546221052042257,126.22431945800781,8.107689267847393,0.008500072173774242,120.17002630233765,2.5429380689373295,-6.211442010477185,33.148553580816305,33.325138956433385,1,0.00811662972559548,0,0.11144682482181982,"{""type"":""MultiPoint"",""coordinates"":[]}"
00000000000000000000,20,TANJUNG PRIOK,SUNTER JAYA,3172021002,3.172021002E12,Tidak Diketahui,Sunter Jaya 03,,,,1,jalan rendah,003,0,2015,1420099200000,,0,0,-1.4862496548376924,-11.601356808132625,-15.924860785142968,1.9472899944000595,5.176988595967285,-5.123614147071423,-8.84231308008632,1.988008951288552,JAKARTA UTARA,1,0.97739913034685,0,0.14480810666223776,1781.981323992732,1416.5832154193015,918.3389462118339,175.73352701341264,-57.59669559797635,-279.8312781978814,91.6635091621275,217.0585786264321,12,5.857602723564904,0,6.355782747604305,0.14642327707678227,-5.7401916932902335,1.8946891530659362,1.9077948323782041,1.0,5.099999904632568,1.96344265798131,0.0,3.2024662494659424,-0.08383922662975099,-2.272639036178589,2.0773874932512615,1.966540939921028,207129.517871,207807.95934589606,7.421144008636475,2.600676661778633,0.0,4.534406900405884,-0.31459816786518546,-2.9714479446411133,1.5376138551065943,1.5324791754228553,22.51425196125563,13.201532974523865,11.086053586740643,8.86205960263466,-0.35319116950597035,-2.4225341059731615,1.7215208152046348,1.734724753145531,97.61470031738281,1.0507085779823389,0.008499524556100368,92.9041428565979,-3.6498344076813263,-4.945695946924388,14.123950386149774,14.129906755770257,1,0.022600869653149964,0,0.1448081066622378,"{""type"":""MultiPoint"",""coordinates"":[]}"
00000000000000000061,634,TANJUNG PRIOK,SUNTER JAYA,3172021002,3.172021002E12,Tidak Diketahui,Sunter Jaya 01,,,,152,"saluran kurang besar, kali meluap, rumah padat",001,0,2020,1577865600000,,0,0,-3.448831975823147,-14.070268116227364,-21.803356118426947,3.7955813039695787,4.04777203303815,-9.031872359693537,-19.106052218301194,4.5215350816945215,JAKARTA UTARA,1,0.673730522021678,0,0.4601791694266271,1903.4041547370969,1600.8580302499659,1237.6560416278837,541.1374971453456,260.32644627078406,-31.552114149907993,148.28415732043922,152.64237483689524,13,4.203211346441195,-23,8.037955271565913,-1.1920594037179117,-28.707731629392487,4.124984686496551,4.1555312380263825,1.0,5.0,1.6041019937191,0.0,3.0581469535827637,-0.2970843069654536,-2.0695464611053467,1.600771373666858,1.5968775441600824,294087.076678,295363.7042780693,27.965572357177734,5.236124542477326,0.0,24.74048662185669,1.8515011008423419,-3.7996907234191895,4.257077500840327,4.2979137032763735,22.621731874893513,14.036801332493836,10.214387587122602,9.198566739187745,0.5978615746004443,-3.2288651554570897,2.8023163244350324,2.794338878675885,108.82524108886719,12.575974017112886,0.008499596267938614,104.13319158554077,7.8163254631163746,-4.846163176000118,33.9644655725276,33.966462452523714,1,0.028366102981286907,0,0.1881360728341987,"{""type"":""MultiPoint"",""coordinates"":[]}"
00000000000000000062,730,TANJUNG PRIOK,SUNTER JAYA,3172021002,3.172021002E12,Tidak Diketahui,Sunter Jaya 02,,,,153,curah hujan tinggi dan air laut pasang,002,0,2020,1577865600000,,0,0,-0.19550887568755265,-11.057435146207842,-17.022945354664238,2.5772595785620926,4.04777203303815,-5.491665401594855,-9.990783363171637,2.3023221478719536,JAKARTA UTARA,1,0.9980998627678664,0,0.06622597523512248,2042.9645670126718,1862.1649300890776,1672.3672167237055,575.5218182468309,352.1923355018371,78.24295704972678,125.6741274976021,97.00521868843947,11,5.298258207537212,-1,5.818402555910982,0.11953401107411045,-5.946325878593838,2.352550473212514,2.3991304291279594,1.0,4.800000190734863,3.461146436703569,0.0,2.949495315551758,1.6730866604491599,-1.832932949066162,1.473313274861259,1.4963197158637678,165202.538604,165887.62965583891,7.034368515014648,2.882905679044561,0.0,3.4685120582580566,-0.500280348924653,-3.5146231651306152,1.462673933754556,1.4838515985407206,25.320616451863152,13.894531353765206,11.263310257356965,11.844170459816352,0.42160161480510144,-2.19834400446209,3.271441091024849,3.2770078254418484,107.60978698730469,12.113071072975501,0.008499552495777607,103.0310263633728,7.463720596350638,-4.788152703084052,36.82372001851717,36.8042933580604,1,0.0019001372321334321,0,0.06622597523512294,"{""type"":""MultiPoint"",""coordinates"":[]}"
00000000000000000063,900,TANJUNG PRIOK,SUNTER JAYA,3172021002,3.172021002E12,Tidak Diketahui,Sunter Jaya 05,,,,154,curah hujan tinggi dan air laut pasang,005,0,2020,1577865600000,,0,0,-1.4862496548376924,-13.65318653547685,-22.56945456727707,4.16089484885921,1.8714263844096426,-9.00432610144922,-19.494281186233202,4.674537793021002,JAKARTA UTARA,1,0.6689523401367831,0,0.46671133946970295,1543.9379758342204,1193.550338777123,932.2891972324262,91.95174153535595,-85.34969515143308,-230.57292565960302,82.45691054402359,143.72363035407298,19,6.158336458277533,-3,12.915527156550056,0.31909639678438084,-8.809840255590565,3.2286229137359004,3.2505305650037597,1.0,2.6000003814697266,1.2295728115687978,0.0,0.38149547576904297,-0.9073754114878269,-2.250760555267334,0.8868191867353761,0.8749197554850017,195339.403339,196166.55827089984,14.6301908493042,3.935735205045073,0.0,11.687373638153076,0.9461115387692558,-2.9974524974823,2.896798028133829,2.9175729270340396,19.98089187037465,13.169187370559014,10.514828395754808,6.507745621979275,-0.31264776972065045,-2.9434484681944593,1.37571284910148,1.3730790144113763,0.7309717535972595,0.09729133657245978,0.008499596267938614,-3.7939425110816956,-4.459459090041222,-4.698253651149571,0.23506980973907143,0.16418457073834963,1,0.0449634827949501,0,0.23232332509210996,"{""type"":""MultiPoint"",""coordinates"":[]}"
00000000000000000064,60,TANJUNG PRIOK,SUNTER JAYA,3172021002,3.17202100201E12,Tidak Diketahui,Sunter Jaya 06,,,,155,jalan rendah,006,0,2020,1577865600000,,0,0,3.058703505652537,-13.433600224333468,-22.004125566093343,3.799008331681979,6.344499556527356,-7.7457199906553305,-18.676749753487385,4.2203714126614855,JAKARTA UTARA,1,0.7003800521353568,0,0.45977907990132244,1187.987549328488,782.139956046175,278.29872698318394,-114.10650197328528,-323.7475600870788,-616.8355569633359,114.17541440206594,216.22313842124032,22,6.4923015080273805,-2,15.862492012780152,0.46711673231185347,-8.11028753993553,3.0044465222092693,3.0104827343832383,0.9864795092898748,2.6000003814697266,0.5945319918083886,0.0,0.38149547576904297,-1.6724768059144541,-2.2911949157714844,0.6195469358187,0.6138329634700584,286350.37245,287489.1373152291,22.71297264099121,3.7340093279961173,0.0,19.69347620010376,0.7711425551785109,-3.079096794128418,3.182780448333578,3.197183660873543,17.747292782371733,12.832724508394879,10.416034740993757,4.300462522361146,-0.5808520263277125,-3.043446623559273,1.2454181465746101,1.2464959687101098,0.34848731756210327,0.04316156124447687,0.008499602787196636,-0.12483811937272549,-3.4331280662171664,-4.625720022246242,1.0767376123069445,0.07962656434142615,1,0.08252734670012421,0,0.30744179514128517,"{""type"":""MultiPoint"",""coordinates"":[]}"
00000000000000000065,67,TANJUNG PRIOK,SUNTER JAYA,3172021002,3.17202100201E12,Tidak Diketahui,Sunter Jaya 07,cepat surut,,,156,curah hujan tinggi,007,0,2020,1577865600000,,0,0,-2.7930850894229877,-11.842959192819777,-15.883771997370498,1.9467108752940254,7.632145967998165,-5.589484323640998,-10.579832142143085,2.5064659979481636,JAKARTA UTARA,1,0.9617077636243233,0,0.1891897494423712,1781.981323992732,1339.8226244448283,787.1476681815718,122.24372043466883,-84.29102662659032,-335.14101627724517,110.92029225796496,290.03054949158974,10,5.070332281562856,2,4.258402555911046,-0.6314581849978879,-3.8153354632582754,1.6755698420623866,1.6586759056575358,0.7369359684990479,5.0,1.2229111250428284,0.0,3.1056230068206787,-0.8256958628893316,-2.2767412662506104,1.9583096966760123,1.8762807909923978,179071.86252,179875.10343862235,9.214042663574219,2.4299854246652717,0.0,6.145883560180664,-0.5249721334449671,-3.0739755630493164,1.528977732344719,1.5412818163343307,25.296777495075613,15.182938987431784,10.866595446866432,11.614517670332944,1.5701488563329624,-2.7407451873744026,3.1656089915875265,3.188485688810729,97.59770202636719,11.084089535635586,0.008499491959810257,92.7290267944336,6.190033626568831,-5.155773275531828,30.422754359295336,30.477701618502905,1,0.03829223637567684,0,0.18918974944237132,"{""type"":""MultiPoint"",""coordinates"":[]}"
00000000000000000066,600,TANJUNG PRIOK,SUNTER JAYA,3172021002,3.17202100201E12,Tidak Diketahui,Sunter Jaya 08,,,,157,curah hujan tinggi dan air rob,008,0,2020,1577865600000,,0,0,9.577297326142993,-9.000159082778508,-15.883771997370498,3.2517615790831655,9.029042897005503,-3.0930783299064033,-9.91994238853745,2.836215063783045,JAKARTA UTARA,1,0.9318527875841689,0,0.26915113390917245,1672.3672167237055,1156.219752875321,586.705231461481,99.52298624737455,-107.88987686035041,-351.00136037709433,95.47985560599491,270.6437723318657,12,6.379952854129771,1,6.2906070287544935,0.7657122529359042,-4.663514376996332,2.1724294681941183,2.15299878668171,0.5075443598955435,6.099999904632568,2.933745464136456,0.0,3.9999871253967285,0.8783840983778332,-2.27417254447937,2.0710873592158543,1.9905164019341348,309183.676622,310513.5730619908,9.214042663574219,2.76576145226232,0.0,6.145883560180664,-0.27829953644092015,-3.090773582458496,1.5084376376704582,1.5118878092490697,25.296777495075613,12.911790369440382,10.866595446866432,11.607364875558236,-0.662318508891192,-2.7407451873744026,1.5065074800005716,1.5232549813830296,96.88373565673828,0.12272385591331292,0.008499509654939175,91.77437448501587,-4.408574958581163,-5.166737254709005,4.792829342645418,4.795412912353933,1,0.06527108875379253,0,0.2652652496563298,"{""type"":""MultiPoint"",""coordinates"":[]}"
0000000000000000002e,40,TANJUNG PRIOK,PAPANGGO,3172021003,3.172021003E12,Tidak Diketahui,Papanggo 04,,,,72,jalan rendah,004,0,2020,1577865600000,,0,0,1.1994636881006517,-11.982217287772608,-19.03889529157587,2.7168497546407884,15.61946290693698,-3.244894049897806,-10.89404757587572,3.5081369950636803,JAKARTA UTARA,1,0.8985794088269022,0,0.3134989291230495,1391.4936349159198,1118.8012226334838,655.95639015131,440.67297393444846,198.25058830145173,-189.28682109729039,130.07553961291984,152.52201561816233,15,5.1989629191175535,-1,10.224792332268722,0.1898799158104187,-5.810479233226476,2.8411388087832585,2.896174256071553,0.8783258658016949,7.700000286102295,2.775102142946655,0.0,5.163501739501953,0.2285358435010874,-2.7334697246551514,1.9772668830202962,2.0252761330639655,565764.014853,567968.2989857247,21.65027618408203,3.1275492399593214,0.0,18.76083254814148,0.16666479817023952,-3.1615028381347656,2.054939429574752,2.043980008666916,21.283435556211376,12.982555138313941,9.971771240132997,8.037427879774748,-0.39931655182937903,-3.457056203357668,1.7121846869137245,1.704988348922144,1.750969648361206,0.10019391127571299,0.008499839343130589,1.5582175701856613,-0.09319504212867308,-0.9213772192597389,0.31573912461870923,0.28069541463968645,1,0.08349672598128072,0,0.28945981111118124,"{""type"":""MultiPoint"",""coordinates"":[]}"
00000000000000000032,100,TANJUNG PRIOK,PAPANGGO,3172021003,3.17202100301E12,Tidak Diketahui,Papanggo 07,,,,78,luapan danau cincin,007,0,2020,1577865600000,,0,0,-3.417283183548277,-13.625662854483037,-22.33258477103798,3.7331399712825437,1.8433718340967413,-6.6565730104997725,-17.12593175844528,3.5583016037996247,JAKARTA UTARA,1,0.763157894736842,0,0.4330127018922193,840.0340520953622,679.8728019361585,473.0168798317619,73.58478274484457,-89.99633086668369,-245.68391312537574,69.59331900352886,85.74568125723849,9,3.2253384912959375,-3,6.493801916933084,0.733038955649349,-5.8279872204471594,3.29046733183117,3.306055050963308,1.0,6.900000095367432,3.0738165565400135,0.0,4.790428161621094,0.9441368454927147,-2.2104153633117676,2.2682640251768693,2.2797025891450606,68567.0914947,68822.02188512703,11.737350463867188,3.484236372508671,0.0,8.568859815597534,0.26031745948556556,-3.324700355529785,2.5261478128023107,2.5153643718830145,18.15280634453148,12.800550871809126,11.32631205950404,4.680963285187767,-0.7077070399009089,-2.239281145617854,1.729243838491276,1.7179597347938034,0.1360013782978058,0.01786800506040734,0.008500018157064915,-1.944567165337503,-3.064434903232389,-4.17834856826812,0.6654164683047806,0.02392130704228482,1,0.0940140486613051,0,0.2712931993250107,"{""type"":""MultiPoint"",""coordinates"":[]}"
00000000000000000033,2112,TANJUNG PRIOK,PAPANGGO,3172021003,3.17202100301E12,Tidak Diketahui,Papanggo 08,,,,79,pompa penghisap air danau tidak berfungsi,008,0,2015,1420099200000,,0,0,0.9541364296773782,-17.54682026755361,-24.170631445890024,4.27821555984112,7.597549970888158,-11.800760176016334,-22.175715581893904,5.8920879792200225,JAKARTA UTARA,1,0.5297427044053731,0,0.4991964942582288,880.0578471922215,305.07637769352016,0.0,104.16220158577926,-329.95702562376334,-641.4180237090443,139.2034293880117,198.1692588623133,13,-0.7879242197083268,-14,11.727412140575233,-2.833232771260626,-15.041533546325796,3.475722046345625,3.319306373436304,1.0,6.900000095367432,0.8087365577033813,0.0,4.567501783370972,-1.1869761457483206,-2.394479274749756,1.4373188049171217,1.4193050196255326,921295.940523,925038.4572499888,24.121734619140625,2.762735953449945,0.0,21.094266653060913,-0.5683812558968697,-3.5071523189544678,3.2215986257966,3.181073848140223,25.561259138249824,15.429755365114941,9.851287814662125,11.91825760214004,1.878317859854284,-3.8233004075944876,3.6054520984325054,3.587807832793664,126.56432342529297,9.173698539859169,0.008499981835484505,120.22719955444336,4.296541899584521,-6.610632941126823,32.30156961504581,32.70336450774674,1,0.050482334590280634,0,0.24720918707511463,"{""type"":""MultiPoint"",""coordinates"":[]}"
00000000000000000034,10,TANJUNG PRIOK,PAPANGGO,3172021003,3.17202100301E12,Tidak Diketahui,Papanggo 09,,,,80,"hujan lokal, luapan saluran  saluran PHB",009,0,2020,1577865600000,,0,0,10.550527135852548,-10.030387043237221,-16.93238645235476,3.6602098828069565,2.507817303285174,-5.1086303420825026,-10.728574334186828,2.6290520710994607,JAKARTA UTARA,1,0.7453307931545438,0,0.45364749739447463,986.1186824432255,719.6480085223626,414.86324772403617,56.57127550725966,-152.11311695635558,-378.8200902114691,104.27597676923425,139.79981817273801,11,3.6440981551137384,-9,6.8759105431312655,-0.030052674842734543,-12.736230031948747,3.001072486381796,3.1093759994964105,1.0,6.900000095367432,2.8105922135385435,0.0,4.540996789932251,0.42777323966254344,-2.520242929458618,2.145945788360007,2.161351511013865,214303.263879,215115.63793712485,16.816743850708008,3.1262962674115506,0.0,13.827401399612427,0.0480614753433562,-3.297098159790039,2.6230200258776497,2.620025637880093,21.542822340872853,13.523070907356033,10.568895541092855,8.043045485531765,0.025763160275188518,-2.9049203221069675,2.1588496413643328,2.1683624644662007,2.2694931030273438,0.16704331530390332,0.008499931544065475,0.5250558853149414,-2.0607025548959186,-4.702685754746199,1.030305840561968,0.46314921768056666,1,0.2297559148714442,0,0.44320590021979234,"{""type"":""MultiPoint"",""coordinates"":[]}"
00000000000000000035,,TANJUNG PRIOK,PAPANGGO,3172021003,3.17202100301E12,Tidak Diketahui,Papanggo 13,,,,84,"saluran / drainase tersumbat, luapan air dari waduk cincin",013,0,2020,1577865600000,,0,0,10.719039731087278,-11.429316726428025,-17.197738965889847,3.5250697545138077,9.494452621615178,-2.188654931211169,-11.222593995276512,4.367402693182694,JAKARTA UTARA,1,0.861690838344535,0,0.380820167533181,946.0337596635238,630.7665351988429,262.382556060524,141.42282551972835,-81.25583448705474,-404.0823560139227,142.63046153336055,169.73765842972432,16,7.479958296874127,-5,12.126389776358078,4.273224595827196,-7.899041533546118,3.431423237773564,3.537456713516082,1.0,10.899999618530273,7.082041490915342,0.0,8.8092520236969,4.9192574601815,-2.083631753921509,2.5047206082660556,2.528238204868695,187348.724789,188138.81601895439,13.862760543823242,3.931246402160974,0.0,10.312512874603271,0.5508958573111713,-3.3789002895355225,2.562426254113552,2.547317897134138,16.570133390565744,12.331969831325209,10.624637516773767,2.9468143898849704,-1.2699266946362509,-2.9885770496230517,1.0009392933525605,1.0030339917793343,0.5694948434829712,0.020538769205882528,0.008499899879097939,-4.663563311100006,-5.43801770422128,-5.676563412882388,0.15705686687668388,0.06393356115352593,1,0.12931692513916554,0,0.37386628625753354,"{""type"":""MultiPoint"",""coordinates"":[]}"
00000000000000000025,685,TANJUNG PRIOK,SUNTER AGUNG,3172021006,3.17202100601E12,Tidak Diketahui,Sunter Agung 12,,,,52,"Curah hujan yang besar dan tidak henti, air tergenang di wilayah Rw 012",012,0,2020,1577865600000,,0,0,-2.858663685106589,-9.886611062686669,-15.51268143651165,2.572397693047363,4.987071233469575,-4.146551453036106,-10.380126110382575,2.519137452665794,JAKARTA UTARA,1,0.9050646353377606,0,0.3142696805273545,1577.0261195713756,1248.4596127341808,946.0337596635238,598.5291131873907,222.96060782432156,-113.20417714091218,171.51912299927054,152.46439858788804,14,7.195534285754739,2,8.013418530352052,1.517899441203873,-3.906709265175122,1.9339922009307622,2.0217861033301823,1.0,2.200000286102295,1.0067623501981715,0.0,-0.08044695854187012,-1.350022052178215,-2.4555912017822266,0.7388876371214398,0.7072991672864483,246389.995238,247358.83418097327,7.467686653137207,2.6649903256891765,0.0,4.266946077346802,-0.503040940695705,-3.2548279762268066,1.4199425230672824,1.4182640425521502,19.510895979967987,13.432321266521807,11.079746620934232,6.167981246047814,0.06634544695361373,-2.3195133370017214,1.7107666259349215,1.7291383651536443,0.8159816861152649,0.07965301510491925,0.008499732241034508,-1.7722889482975006,-3.1964466006522865,-4.346040733158588,0.5133771728409192,0.14269627938869456,1,0.09493536466223965,0,0.31426968052735443,"{""type"":""MultiPoint"",""coordinates"":[]}"
00000000000000000026,634,TANJUNG PRIOK,SUNTER AGUNG,3172021006,3.172021006E12,Tidak Diketahui,Sunter Agung 01,,,,53,Curah hujan tinggi,001,0,2020,1577865600000,,0,0,-6.17200231430573,-13.295087587227341,-21.37668332000487,2.559941324720961,4.63668248477341,-7.328057445629713,-17.175473497653925,2.9896373319433964,JAKARTA UTARA,1,0.9275336269135138,0,0.28618176042508364,382.4850156088664,167.95694161014274,0.0,-146.9297933038427,-389.26960515616224,-628.7275010513941,113.6044542145488,98.54715712974225,12,1.9917767592342954,-9,9.2325878594251,-0.725159798484803,-11.286006389776192,2.947826386225057,3.0116440692751194,1.0,2.9000000953674316,1.1643899312219268,0.0,0.9767322540283203,-0.7844785259340378,-1.9923430681228638,0.9323648962594752,0.960085367238959,232899.813028,233821.82632578549,13.765764236450195,3.9084897576478754,0.0,10.591280937194824,0.5770900607580465,-3.55523943901062,2.4423074563374443,2.392859045181432,20.36229352706928,14.265974517791825,10.454358198852724,6.964077057028932,0.8586408943668803,-2.96094476656215,2.9622179497569463,2.9614609222371016,9.230639457702637,2.482659356344466,0.008499917574226856,4.801590919494629,-2.1423140182191096,-5.181570149026811,3.9174809406830207,3.8798841268781623,1,0.0063658967676223,0,0.11469767022723502,"{""type"":""MultiPoint"",""coordinates"":[]}"
00000000000000000027,,TANJUNG PRIOK,SUNTER AGUNG,3172021006,3.17202100601E12,Tidak Diketahui,Sunter Agung 11,,,,54,Saluran air tersendat,011,0,2020,1577865600000,,0,0,3.5761505334567576,-9.413256814770236,-15.159366289589354,2.8575418138195934,4.851799188500696,-3.775210993989341,-10.380126110382575,2.437951479119676,JAKARTA UTARA,1,0.9430648883212633,0,0.27760124678326636,1659.4529908961447,1508.596278761244,1302.0362575498923,619.621230476936,442.46047012395803,158.8879535968731,103.9325796273349,87.85657723727982,11,6.157279073480113,0,5.612268370607572,0.6676900466508545,-5.333929712459507,2.0831650794793157,2.116786893710723,1.0,2.8000001907348633,1.3209744307852391,0.0,0.6132268905639648,-1.0747445592333131,-2.463348388671875,0.9476922271234409,0.9134028514893794,240325.302906,241327.39573419624,6.669831275939941,2.6578185289962812,0.0,3.430818557739258,-0.7357320476716371,-3.481632709503174,1.368246866813442,1.3695822487263478,20.560724495851062,13.183142340100966,11.312255381301306,7.149256728144287,-0.16090617191962406,-1.9841635094955983,1.6274375333028908,1.6362486464939336,0.9859781861305237,0.0871042278026025,0.008499713614583015,-2.998773992061615,-4.151674482429478,-4.692631062120199,0.3993147274140106,0.23208034686655032,1,0.056935111678736806,0,0.27760124678326653,"{""type"":""MultiPoint"",""coordinates"":[]}"
00000000000000000028,500,TANJUNG PRIOK,SUNTER AGUNG,3172021006,3.17202100602E12,Tidak Diketahui,Sunter Agung 15,,,,57,curah hujan ektrim,015,0,2019,1546329600000,,0,0,0.9732641173045584,-10.714392654223637,-16.15450827246508,2.8219098278688852,10.480543845008508,-4.633679324379489,-9.978925935346737,2.639962407306225,JAKARTA UTARA,1,0.839068159367797,0,0.3753663652655036,1350.6968763229709,1262.8999541780945,1120.898770843552,416.1360855697127,325.2869989795049,186.912420063661,56.93860572969131,58.796117043309216,14,6.351525628361322,3,9.166645367412475,1.2690392822919647,-2.2150798722040372,1.8367495204571684,1.8190502976299534,1.0,6.199999809265137,3.240308343114635,0.0,3.701763391494751,0.7506287130575754,-2.500204563140869,2.661955164868171,2.6937462228990925,127144.715618,127661.79916714678,11.940643310546875,2.435274445325964,0.0,9.028066873550415,-0.5633894184044328,-3.04984188079834,1.746474671635992,1.7311046401824672,18.440463922414445,13.147895207296179,11.219653529259526,5.0654444639897935,-0.27543106075109075,-2.207281215197092,1.362230770586415,1.3529063373240595,0.14449721574783325,0.029900841760788378,0.00849984958767891,-0.015140369534492493,-0.2548618173580292,-1.3356366269290447,0.3181599109936438,0.043372485571187315,1,0.15393480408297663,0,0.36994527180683284,"{""type"":""MultiPoint"",""coordinates"":[]}"
00000000000000000029,1363,TANJUNG PRIOK,SUNTER AGUNG,3172021006,3.172021006E12,Tidak Diketahui,Sunter Agung 02,,,,62,Surah hujan tinggi dan lancarnya saluran draenase,002,0,2020,1577865600000,,0,0,2.113076842593499,-9.74651937035275,-16.297564950473884,2.8458743306016685,7.388971223459922,-4.415951431766638,-10.557985895414486,3.124021409194134,JAKARTA UTARA,1,0.9954091532964173,0,0.14069079067862744,649.3636962940959,379.296041826663,185.53248465545596,96.49646525932235,-198.57491585002205,-431.47355104229655,135.42944890438963,127.33867230665165,9,3.986274788205783,-2,5.816741214057633,0.7931415916559647,-5.291629392971104,2.1112398134248926,2.1003301152925404,1.0,3.6000003814697266,2.6690993588975784,0.0,1.5277957916259766,0.6069394617312234,-1.9774951934814453,0.5906541211022106,0.6079376331080901,147455.378756,148014.23990940722,7.942859649658203,2.7224775953287526,0.0,4.300564527511597,-0.8790178390448921,-3.635298013687134,1.588906180381284,1.5935448669623817,17.495311353813165,12.696261580904606,11.311012862414097,4.016198033639522,-0.7341822198059121,-2.1525586045272593,1.0797736848965689,1.0861907992205666,1.4364498853683472,0.024873283359841528,0.00849988218396902,-3.2382694482803345,-4.744692873584551,-5.189369846135378,0.2862553555894949,0.1740215929420607,1,6.389322731790427E-4,0,0.12215542042876591,"{""type"":""MultiPoint"",""coordinates"":[]}"
0000000000000000002a,2,TANJUNG PRIOK,SUNTER AGUNG,3172021006,3.17202100601E12,Tidak Diketahui,Sunter Agung 06,,,,64,Kali meluap,006,0,2020,1577865600000,,0,0,3.254250075486558,-12.320511866903262,-22.1753080042603,3.25243659984844,11.584031393992351,-6.288476028558463,-18.578469994356595,3.686502438994155,JAKARTA UTARA,1,0.7843137254901963,0,0.42102677413232503,1147.455046826599,521.4137785976039,0.0,409.1853328260613,-58.84737668556255,-537.0045742560903,232.3629247063803,305.63745552526143,15,2.0820328131252515,-20,11.091501597444346,-0.5928758664273059,-21.594760383386408,4.423597968850075,4.7860398750898865,1.0,8.899999618530273,2.490344802864125,0.0,6.61602520942688,0.45618087055962336,-2.055280923843384,2.0297222412477818,2.1105944503882075,523089.978055,525223.9944914368,21.38434410095215,4.268106509728227,0.0,18.30931830406189,0.8287814211850169,-3.5998446941375732,3.0635804791349233,3.0121651933528493,25.433954691063594,13.497568718819238,10.274319725018378,11.90186217347253,-0.1230841710265558,-3.369293414935175,3.0939553457857176,3.0728923428237147,121.43032836914062,12.124015222636974,0.008499892428517342,115.419668674469,6.3532808946173605,-6.516901075839996,37.24548775005047,37.23727508937507,1,0.10700280112044822,0,0.31736909190383955,"{""type"":""MultiPoint"",""coordinates"":[]}"
0000000000000000002b,420,TANJUNG PRIOK,SUNTER AGUNG,3172021006,3.17202100601E12,Tidak Diketahui,Sunter Agung 07,,,,67,Luapan air kali dan got,007,0,2020,1577865600000,,0,0,3.4229544296652152,-10.743140170967445,-17.684758319346365,3.1428878145297023,6.360494642217985,-5.428183054528034,-11.832004731635745,3.064426879336967,JAKARTA UTARA,1,0.9595652574375978,0,0.2443220355606363,1147.455046826599,836.3392170535716,564.2750229076685,433.55281587242257,211.53992605542632,0.7927927435345055,109.27015874999185,151.87716135285876,9,4.1477848392742,-4,5.323706070287814,0.8694447921735651,-6.918977635782556,1.9099049032781485,2.0271261861928784,1.0,5.599999904632568,2.834630556868721,0.0,3.514402389526367,0.807905116071283,-2.0645878314971924,1.5847213777671882,1.5898845568069238,227133.182469,228090.85863820798,8.508800506591797,2.359138387561865,0.0,4.909823417663574,-1.1784388080647838,-3.58805251121521,1.4861413299141815,1.491998598717601,22.649010061629838,13.725146959453415,11.225403747878156,9.112753852976153,0.08880358250661456,-2.3466088233120583,2.829581449275966,2.8059639024859186,111.1286849975586,8.212093862600659,0.00849988218396902,105.82655000686646,2.6954739061193655,-5.673131672665477,33.47347839417837,33.40706320271202,1,0.002640385619109023,0,0.08164781919863383,"{""type"":""MultiPoint"",""coordinates"":[]}"
0000000000000000002c,183,TANJUNG PRIOK,SUNTER AGUNG,3172021006,3.17202100601E12,Tidak Diketahui,Sunter Agung 09,,,,69,"Curah hujan tinggi, dan kondisi rumah rendah",009,0,2020,1577865600000,,0,0,0.6642006857821485,-9.202943046908095,-14.704306806688088,2.8677491782037334,3.694119072730893,-4.061638013136679,-8.592246697617329,2.2750126179578083,JAKARTA UTARA,1,0.9925759668508287,0,0.11702985796078294,1328.210458360942,1137.2517834999178,1024.6366367176336,468.98770860238653,304.95664640342113,138.37226872947895,67.18931428910648,62.21061327413126,11,6.097064917127074,2,6.556166134185632,1.7631019319368604,-2.8374440894564,1.90112602388416,1.8929184958943077,1.0,5.799999713897705,1.638739678378922,0.0,3.6230924129486084,-0.578232800145505,-2.4062492847442627,2.040093551436776,1.9801672942883222,101020.036587,101422.13025182235,6.756728172302246,2.6705010846339534,0.0,3.2082674503326416,-0.89406902708566,-3.60669207572937,1.2070931269223213,1.210389248172039,17.95042198820956,13.320653795211141,11.180841231340642,4.653426064206858,-0.15548187581978734,-2.2762024780491323,1.770357142751335,1.6821941961719287,1.062476396560669,0.17422125266169616,0.008499824441969395,-3.328171133995056,-4.875605356800967,-5.665240017697215,0.7447447858977838,0.3678319276341533,1,1.0359116022099449E-4,0,0.0830434773826486,"{""type"":""MultiPoint"",""coordinates"":[]}"
0000000000000000001b,300,PADEMANGAN,PADEMANGAN TIMUR,3172051001,3.17205100101E12,Tidak Diketahui,Pademangan Timur 10,,,,40,Hujan deras,010,0,2020,1577865600000,,0,0,10.087894139306158,-13.587513249905633,-22.31397793605753,4.314647178639349,19.489140427253837,-8.179787149205126,-19.922426806200278,4.663890284512459,JAKARTA UTARA,1,0.5219913049392932,0,0.49861706118366345,2034.5225285572158,706.4657474945016,0.0,575.5218182468309,-132.79368011700808,-694.8105539851648,303.76268793446525,478.73330059992765,33,2.6859674530387387,-16,29.050990415335697,-1.1187493246567806,-20.162939297124318,4.608190816479736,4.554713629655969,1.0,4.900000095367432,1.8831533433456054,0.0,3.152677536010742,0.06312781625967587,-1.9692013263702393,1.3744739633027425,1.3676964417171722,2461221.43985,2471181.566679145,35.97293472290039,5.56126661373453,0.0,31.57598352432251,1.5107297342831383,-4.415407180786133,3.7036117932508787,3.773174805344493,22.617205392611375,12.94557740265175,9.368235373590519,9.166150960420627,-0.38308111823425794,-3.9677461082551755,2.4477170908987187,2.456833555314956,108.6552505493164,1.6886878629711037,0.008499596267938614,103.91005802154541,-1.616336664913207,-4.719179126434028,12.490160643146206,12.56565845735097,1,0.2303255829771798,0,0.4184691351733942,"{""type"":""MultiPoint"",""coordinates"":[]}"
0000000000000000001c,11,PADEMANGAN,PADEMANGAN TIMUR,3172051001,3.172051001E12,Tidak Diketahui,Pademangan Timur 01,Gudang RT 13 RW 01,,,41,Curah hujan tinggi,001,0,2013,1357027200000,,0,0,3.0932108908247136,-10.194095396499504,-16.234435691245018,3.365408707754944,5.568695930295181,-4.092782083124818,-9.354530952929984,2.334584582283788,JAKARTA UTARA,1,1.0,1,0.0,764.9700312177328,532.4106341959261,293.3526157307405,177.8743723909572,-59.18082025611642,-281.7827923791854,95.01244266544026,93.59602617249203,7,2.9322885801453014,-1,3.6811501597445657,-0.5592986294467407,-4.711821086261832,1.5510600456226786,1.5445973700823443,1.0,4.100000381469727,2.1014091179642524,0.0,2.3339890241622925,0.38183430852616035,-1.7465753555297852,0.942852104257097,0.9372103662036725,158954.521796,159613.45690782188,4.744575500488281,2.0407848231503767,0.0,1.6633741855621338,-1.1888229735976492,-3.32441782951355,1.0758543090931076,1.0637672132960578,19.095529506688813,13.41895773840463,11.558192885058164,5.681123752306746,0.012253665349801417,-1.894254959043538,1.3968711597773293,1.384395724887274,6.357701301574707,0.049982385985920086,0.00849984958767891,3.401228666305542,-2.0575213809201975,-3.139992393553257,0.9188158548437598,0.4344070603844116,0,0.0,0,0.0,"{""type"":""MultiPoint"",""coordinates"":[]}"
0000000000000000001d,180,PADEMANGAN,PADEMANGAN TIMUR,3172051001,3.172051001E12,Tidak Diketahui,Pademangan Timur 02,Kantor Sekretariat RW 02 dan Swadaya Masyarakat serta gedung SKKT,,,42,Intensitas / Curah Hujan Tinggi,002,0,2020,1577865600000,,0,0,4.186104813847959,-8.804398579781184,-18.58067589743215,4.0130041356785915,9.915778055465163,-3.550927818394492,-13.263649049493036,3.3070537015480896,JAKARTA UTARA,1,1.0,1,0.0,622.2948715860543,410.44463935365735,262.382556060524,44.49052676743577,-168.31960776765723,-323.67033561930106,93.33315632967572,93.26892903790005,6,2.605569166005315,-1,2.570734824281285,-0.896205823072442,-4.711821086261832,1.4331338326600838,1.4246374404509707,1.0,3.0,1.945705809671684,0.0,1.3016357421875,0.22331339936749856,-1.769623041152954,1.164925760066838,1.151538456109201,101087.419406,101517.31754809261,5.414906978607178,2.1292224024472572,0.0,1.9766645431518555,-1.2882130807783991,-3.480788230895996,1.1053562191122464,1.1144612701202048,19.716761923977092,14.849519845195594,11.556118791312404,6.26984677021108,1.4081257647052272,-1.891167252382763,2.839133296510894,2.8452986322955036,6.3322014808654785,1.486207201228146,0.008499839343130589,3.3400027751922607,-1.2105641844842603,-3.294039499014616,2.3439209486153953,2.6058825131863035,0,0.0,0,0.0,"{""type"":""MultiPoint"",""coordinates"":[]}"
0000000000000000001e,Semua KK,PADEMANGAN,PADEMANGAN TIMUR,3172051001,3.172051001E12,Tidak Diketahui,Pademangan Timur 04,Posko dan Dapur Umum disediakan oleh RW 14,,,44,Intensitas / Curah Hujan Tinggi,004,0,2020,1577865600000,,0,0,-4.014228922931869,-9.627207472073762,-18.170716416746494,2.5694415459792523,2.9921360650437343,-4.13198347721331,-13.534716598041957,2.457056963860145,JAKARTA UTARA,1,0.9961769009298155,0,0.13360853142453716,1057.6978978086688,749.7725489271851,499.5615034733919,441.7172018536651,123.04274974278496,-136.56201608731658,146.92977461639202,145.2370780652893,6,2.24515032803134,-2,2.354888178913853,-1.4323295661287239,-5.9738019169328025,1.7235605779894172,1.719984624186512,1.0,3.5,1.5160900249619391,0.0,1.833865761756897,-0.15191126831324947,-1.7047923803329468,1.1776105923989746,1.1748567433790997,73958.4056645,74237.24151690346,8.696743965148926,2.866150285985879,0.0,4.766446828842163,-1.012086547987477,-3.8911004066467285,1.7589128393088225,1.791847155378135,19.65437670888454,14.4743475457033,11.556097364058237,6.396261086208751,1.203244379294043,-1.6939575243907363,2.457975082367175,2.441579387314432,5.626713275909424,0.9845997323019855,0.008499746210873127,4.801447480916977,-0.4304712611759299,-2.727055376395583,2.24063957559978,2.0955656298904457,1,0.0038230990701845474,0,0.133608531424537,"{""type"":""MultiPoint"",""coordinates"":[]}"
0000000000000000001f,200,PADEMANGAN,PADEMANGAN TIMUR,3172051001,3.17205100101E12,Tidak Diketahui,Pademangan Timur 06,Posko dan Dapur Umum,,,46,Intensitas / Curah Hujan Tinggi,006,0,2020,1577865600000,,0,0,1.4841354641573792,-8.286903078547727,-13.444829274608203,3.562915947036113,3.1269718589380426,-3.9884808750397798,-8.675754199436337,2.143137830707882,JAKARTA UTARA,1,0.9964711920954705,0,0.154257446837482,1081.8309929570876,967.4009944314739,829.7264954480723,490.57529700323767,369.3919049782921,219.34594955729722,67.77277974217064,63.80197377841953,5,2.5279738226613633,-1,0.9460702875401008,-1.4688594376290163,-4.752715654951956,1.264688549746475,1.3274209584573444,1.0,2.8000001907348633,0.3877582427520096,0.0,1.166492223739624,-1.218701337507535,-1.6223642826080322,0.5889146666764761,0.6057772590914492,54384.1398325,54611.26458374573,4.719644069671631,1.70549652082125,0.0,0.7712657451629639,-2.0191642435856263,-3.8595364093780518,0.8430158425675144,0.8610831111688344,20.27303882365907,14.369496137464681,11.784998099608606,7.060999710541157,1.145827729990045,-1.4196755298224701,2.1238103226697045,2.132056603469037,0.7564793229103088,0.21964999436402385,0.008499746210873127,0.43351128697395325,-0.11072565510787286,-0.4316115900874138,0.29217569367223467,0.2887456159184449,1,6.416014371872194E-5,0,0.10975609756097561,"{""type"":""MultiPoint"",""coordinates"":[]}"
00000000000000000020,9,PADEMANGAN,PADEMANGAN TIMUR,3172051001,3.17205100101E12,Tidak Diketahui,Pademangan Timur 07,sudah ada peninggian jalan gang,,,47,Got Macet/Pasang Surut,007,0,2020,1577865600000,,0,0,10.148437739289442,-8.523887195571714,-13.246412624861179,3.2616701231996057,4.57478740947226,-3.4281481427582055,-7.36992122136223,2.054714611200165,JAKARTA UTARA,1,1.0,1,0.0,946.0337596635238,773.4383201222911,540.9154964785438,364.5293983686371,191.5709936921772,-40.39202014071907,105.37310284757021,106.58045368867515,7,4.315559552871643,1,3.233738019169483,0.4747214109232048,-2.986070287539766,1.6662868685812835,1.6376257758774382,1.0,3.700000286102295,2.2411410008882258,0.20000004768371582,2.006747841835022,0.5464213042551458,-1.4729712009429932,1.285906497989775,1.2999821807671348,54324.1468624,54541.15389073032,3.9401485919952393,2.341444079828924,0.0,0.4679074287414551,-1.1874938222883475,-3.4263932704925537,0.9399588320187676,0.9440931339341952,18.15278258042568,12.75366612116765,11.723231203449165,4.881907645769523,-0.5104081740589321,-1.631940574844661,1.0662645291174169,1.0583340770056926,0.08499808609485626,0.01725246843592444,0.0084998132660985,-0.26852215826511383,-0.58187377271468,-1.7541008330881596,0.44421808444031724,0.019463797747895143,0,0.0,0,0.0,"{""type"":""MultiPoint"",""coordinates"":[]}"
00000000000000000021,499,PADEMANGAN,PADEMANGAN TIMUR,3172051001,3.17205100101E12,Tidak Diketahui,Pademangan Timur 08,,,,48,"Jalan Rendah, Saluran Mampet dan Tersumbat",008,0,2020,1577865600000,,0,0,10.148437739289442,-9.018708514497407,-15.513497756030915,3.619574049360539,4.57478740947226,-3.7599575326124604,-7.964954236715131,2.2252776431593193,JAKARTA UTARA,1,0.8901913125294025,0,0.31325600594324693,913.6415294927517,807.9845560942287,586.705231461481,332.9915020218316,226.24986377292763,8.452616941905376,69.90596546113211,70.16855396004092,6,2.7858710992629754,0,1.6677316293932503,-1.2714297938726615,-4.156166134185119,1.2015113003844753,1.1799351559803357,1.0,3.700000286102295,1.6030657709308491,0.0,1.9893932342529297,-0.09328386548807839,-1.6011501550674438,1.1951968190114213,1.2414010557558204,89035.9605498,89370.01999710522,3.940147638320923,1.5481044702747129,0.0,0.45569849014282227,-1.904472548034996,-3.485452890396118,0.7438147901835303,0.7519027836322784,18.15278258042568,13.910702193045783,11.887049255762376,4.881907645769523,0.65819934304131,-1.3553402354326813,1.391351286413792,1.3921769797192505,0.43348968029022217,0.055200481323743805,0.008499781601130962,0.11288914084434509,-0.32053073305247143,-1.0505626313388348,0.16618576153282377,0.11006323661667865,1,0.10102712874392347,0,0.30388203411429154,"{""type"":""MultiPoint"",""coordinates"":[]}"
00000000000000000022,12,PADEMANGAN,PADEMANGAN TIMUR,3172051001,3.17205100101E12,Tidak Diketahui,Pademangan Timur 09,,,,49,Curah hujan tinggi dan air kiriman / genangan,009,0,2020,1577865600000,,0,0,0.8731609564958619,-9.554888567555821,-14.04788646499117,2.7220754355676315,-1.496289027238633,-4.484329982692216,-8.15927693394963,1.5365987287365803,JAKARTA UTARA,1,1.0,1,0.0,1037.1581193100906,940.9669844057047,829.7264954480723,450.5068218078593,358.26035197076845,249.00756531518903,46.07726652844016,47.130842805812094,5,2.94087923193532,1,0.8534185303516431,-1.1774995277892015,-2.999105431309735,0.758691128231906,0.7775532106048417,1.0,2.8000001907348633,0.40393293454065954,0.0,1.1499810218811035,-1.2010728068899497,-1.6006901264190674,0.4081761262964672,0.40831740032369385,41407.5950682,41595.29807738121,2.945629835128784,1.302600927398685,0.0,-0.5003893375396729,-2.24539956414822,-3.5996336936950684,0.7157805166347586,0.7104069234616865,17.747313162578,14.276750803097508,12.019422156529034,4.501871047141151,1.0278078970510478,-1.241081534846888,1.7621752290820207,1.7648624560265347,0.6034845113754272,0.11071776188326457,0.008499760180711746,0.2686818838119507,-0.22210474047638537,-0.3299303548410535,0.20097933647961547,0.19855121963995254,0,0.0,0,0.0,"{""type"":""MultiPoint"",""coordinates"":[]}"
00000000000000000023,200,PADEMANGAN,PADEMANGAN TIMUR,3172051001,3.17205100101E12,Tidak Diketahui,Pademangan Timur 12,,,,50,Meluap air laut/kali,012,0,2020,1577865600000,,0,0,-7.459289114802461,-12.10471986773983,-17.998865697505025,2.0102759547773807,-3.9929427971022005,-7.271100631640866,-11.802228340639054,1.8220995691196193,JAKARTA UTARA,1,0.9985599907839411,0,0.14821242649744862,334.4734433447411,191.2649741154757,92.76624232772798,-250.31037061284928,-382.56799845557896,-471.7781810279998,48.125551824118396,55.9314845961841,7,2.227924658717816,-4,4.1916932907350075,-0.7266527873699962,-7.054313099041369,2.595293807578843,2.6071289909704585,1.0,3.4000000953674316,1.807989166667471,0.0,1.6055212020874023,-0.023593862137344827,-1.8748785257339478,0.9874725629803752,0.9827627100725793,60519.9405093,60842.56597801046,7.643996715545654,3.716341093116472,0.0,4.418061256408691,0.44973789401389735,-3.286754846572876,1.9591002849560732,1.9622622695542344,19.79401023123002,12.896482217913965,11.180864494634752,6.367828926595811,-0.4932767539565469,-2.2014116486090494,2.3438317648305693,2.348690755881269,8.440141677856445,0.7311699210808977,0.00849994271993637,4.3351593017578125,-3.1356411670007893,-4.225577981211245,2.6073069689961073,2.6148056512399886,1,0.0011520073728471863,0,0.10540260134434673,"{""type"":""MultiPoint"",""coordinates"":[]}"
00000000000000000024,300,PADEMANGAN,PADEMANGAN TIMUR,3172051001,3.17205100101E12,Tidak Diketahui,Pademangan Timur 10,,,,51,Hujan deras,010,0,2020,1577865600000,,0,0,-3.8715119411985786,-12.536108351149057,-20.92917053671117,3.0922665713384188,4.563782970807721,-6.863672761578611,-17.172975541568054,3.041518822011991,JAKARTA UTARA,1,0.9765931569405881,0,0.1514039013764985,463.8312116386399,260.03719003284596,0.0,-126.09020345888808,-347.5558725768191,-634.7957011350966,121.37683760359472,114.28405920459045,10,3.8093489684925563,-3,7.163450479233401,0.8522833857091765,-5.862364217252219,2.508663392072257,2.5988873452779258,1.0,4.100000381469727,1.540877098758359,0.0,2.3339890241622925,-0.2567423994031198,-1.8630290031433105,1.3950277129638542,1.3864676228492632,152061.555904,152639.55297268883,9.502952575683594,3.371361396935448,0.0,6.59266209602356,0.2382231069773229,-3.1721901893615723,1.9222351643062532,1.8795589001468673,19.962906594326736,13.859571066469467,11.061225716877667,6.633931836795098,0.48540825426666123,-2.305004268210313,2.5383954564172035,2.5433381316516144,8.440141677856445,0.9050898082562856,0.008499899879097939,4.308403015136719,-2.5350115938538478,-4.1846715193241835,2.189777849780396,2.1134157997172336,0,0.0,0,0.0,"{""type"":""MultiPoint"",""coordinates"":[]}"
0000000000000000000d,100,PADEMANGAN,PADEMANGAN BARAT,3172051002,3.172051002E12,Tidak Diketahui,Pademangan Barat 05,,,,24,curah hujan tinggi,005,0,2020,1577865600000,,0,0,-4.739600976553879,-11.717554572549876,-15.461721811748108,2.1123648534459507,2.7989540305261844,-4.156253926833715,-8.101328606116525,2.0472815500596067,JAKARTA UTARA,1,0.997061430104016,0,0.0957785225258207,855.2624952764933,740.4204309419473,556.5974539663679,263.97528165897404,143.68340950466305,-54.594277382534756,90.705669103515,83.24178423154041,7,4.61294836512897,1,2.8109904153356915,0.35720055132297995,-3.132651757188296,1.4500140975434168,1.4971394764005725,1.0,4.200000286102295,2.5804048918805873,0.5999999046325684,2.4386839866638184,0.82957583302476,-1.137457013130188,1.2158724539453194,1.2288486256025308,74802.076267,75123.86955041206,5.006729602813721,1.7264383396382164,0.0,1.6945509910583496,-1.6320307204386282,-3.40598201751709,1.0187257030662358,1.0157155948156655,17.05416992652613,13.057146697087976,11.482700114039492,3.7814639029677046,-0.2199445676219697,-1.7880998779027397,1.0107268973989465,1.0089368735946147,0.03399938717484474,0.011655324940527168,0.008499824441969395,-0.32206366397440434,-0.34765152799233073,-0.36566003412008286,0.010090648698204426,0.00634859345013658,1,0.002938569895983954,0,0.09577852252582038,"{""type"":""MultiPoint"",""coordinates"":[]}"
0000000000000000000e,515,PADEMANGAN,PADEMANGAN BARAT,3172051002,3.172051002E12,Tidak Diketahui,Pademangan Barat 01,,,,25,hujan ekstrem dan saluran dangkal,001,0,2020,1577865600000,,0,0,2.2662221405055476,-10.32045097946109,-18.130789433320352,3.4436093900189513,7.102876503356121,-4.312426955440741,-12.374797980375646,3.5097384134356044,JAKARTA UTARA,1,0.9359609745971617,0,0.2358861394460247,747.9053559872657,431.3678854896844,92.76624232772798,145.53422534945173,-195.8392159893873,-597.4262549667726,185.8847526089024,163.83658498199048,9,5.359895171125352,1,4.148115015974825,0.38487318310932217,-4.121916932906883,1.743251876371562,1.7324179124368853,1.0,2.3000001907348633,0.9763824056430225,0.0,0.6610225439071655,-0.6934098740984298,-1.768498420715332,0.9185571908353057,0.9118843646697762,134473.738909,134998.10086543675,7.06204080581665,2.340429515584547,0.0,3.826066732406616,-0.9014120139093652,-3.3468728065490723,1.3838798545954036,1.3686259232693914,19.693223447291253,13.386721188796145,11.136204963343205,6.38420396784389,0.04697676264416328,-2.213210924339487,1.9050413928441385,1.9124643196741185,1.096458077430725,0.1361628682618305,0.008499746210873127,0.827038586139679,-0.17419924326768318,-0.3169565675780177,0.3690115273974334,0.36329424158912793,1,0.045693972339707845,0,0.20288131466788395,"{""type"":""MultiPoint"",""coordinates"":[]}"
0000000000000000000f,50,PADEMANGAN,PADEMANGAN BARAT,3172051002,3.17205100201E12,Tidak Diketahui,Pademangan Barat 13,,,,26,saluran air belum maksimal,013,0,2020,1577865600000,,0,0,6.9749815024483635,-12.08123457681125,-20.12876093126703,3.4935109973155813,6.401991532140801,-6.620485228141645,-16.154886872083964,3.4544742641325223,JAKARTA UTARA,1,0.8568578384958744,0,0.3465950944363784,792.5951218871414,518.5794651120378,185.53248465545596,-81.4474811906216,-319.97171341666416,-601.0047730520538,118.24338487028201,158.74770883189618,11,4.9017651832814835,-2,6.135846645367733,0.2995483574180887,-6.322300319488603,2.4094718169913856,2.4463019074570314,1.0,3.5999999046325684,1.5577370248756122,0.0,1.6565643548965454,-0.3843374377023089,-1.968509554862976,0.8326173800446964,0.8285984545553097,206340.038387,207186.0811727192,9.425020217895508,3.289695707555312,0.0,6.211074113845825,0.2376068973051879,-3.070673942565918,1.6631464503609255,1.6888159405913388,19.073932851854643,12.951657804991164,11.015467504787154,5.789142036669562,-0.31054637850206884,-2.230990412661418,1.8810911339358571,1.881510701586759,3.6294312477111816,0.2507915379844284,0.00849988218396902,3.46482615172863,0.029664610173528238,-0.28997515700757504,0.8733777309603599,0.8594275272922891,1,0.07329568510753416,0,0.24502163140751587,"{""type"":""MultiPoint"",""coordinates"":[]}"
00000000000000000010,1,PADEMANGAN,PADEMANGAN BARAT,3172051002,3.172051002E12,Tidak Diketahui,Pademangan Barat 02,,,,27,Rembes,002,0,2020,1577865600000,,0,0,-6.6582678012529986,-11.622497755146409,-15.513497756030915,1.398822554676568,2.677797171693271,-4.832347943298002,-8.262812045912728,1.9139890643663615,JAKARTA UTARA,1,0.9503540191586839,0,0.32852548467788656,829.7264954480723,688.569382610576,540.9154964785438,248.47986704548453,100.78533844064283,-58.10690139926794,83.78331254106165,79.09552421403657,6,2.8812161599333597,-1,1.3818530351441485,-1.506603675518297,-5.59821086261945,1.6798255148575134,1.6569737868106165,1.0,1.6999998092651367,0.4338691666939515,0.0,0.048625946044921875,-1.221170456823534,-1.7256613969802856,0.4775006201997274,0.4679654585384068,41867.2253639,42055.10377383055,6.464860916137695,1.9449995443851733,0.0,3.146209955215454,-1.4386486429415455,-3.415088653564453,1.2467945253444976,1.234406940367034,19.693223447291253,14.025544729688772,11.558169147486714,6.395661203649372,0.742509166947542,-1.7441446553934057,1.9877310362812817,1.9901409806025159,0.3824911117553711,0.10529352302202599,0.008499781601130962,0.05992648005485535,-0.22468962478422333,-0.32624430023133755,0.1450197960143766,0.14370634011403327,1,0.04773011245314451,0,0.3099914104555367,"{""type"":""MultiPoint"",""coordinates"":[]}"
00000000000000000011,100,PADEMANGAN,PADEMANGAN BARAT,3172051002,3.172051002E12,Tidak Diketahui,Pademangan Barat 03,"RT.001, 002, 007, 008, 012, 011",,,28,Jalan rendang dan saluran tidak lancar,003,0,2020,1577865600000,,0,0,-4.935308667356148,-11.422048621596488,-15.230994859622289,1.9881109802947179,4.12108426280761,-5.314981625510971,-8.868679507823652,2.1244983080461473,JAKARTA UTARA,1,0.8861319880572429,0,0.33071891388307384,622.2948715860543,384.9794871801054,131.191278030262,26.496181119617404,-239.15455453219064,-527.1330467131188,137.59135703618588,119.34584707647964,6,2.382425615154947,-1,1.3818530351441485,-2.4285669513763115,-5.7120766773159195,1.6650813398385664,1.737486963043338,1.0,1.9000000953674316,0.40162149524266516,0.0,0.17404484748840332,-1.3482675714005798,-1.7986581325531006,0.5223431603527431,0.5273991903230136,67806.882456,68065.77097052812,6.464860916137695,2.0064975167080505,0.0,3.146209955215454,-1.2935689392958043,-3.3554248809814453,1.2637488594268595,1.2727654495438778,19.13360934986097,13.385044260445992,11.75435326724996,5.8433840618126105,0.0825929785968684,-1.562724406179301,1.487881383917661,1.4874341994026126,0.2974933981895447,0.046895551454215624,0.008499795570969582,-0.027999311685562134,-0.2731298807682233,-0.3264967082068324,0.08295575848662462,0.08623083823571398,1,0.08761453721816122,0,0.3075420306099899,"{""type"":""MultiPoint"",""coordinates"":[]}"
00000000000000000012,200,PADEMANGAN,PADEMANGAN BARAT,3172051002,3.172051002E12,Tidak Diketahui,Pademangan Barat 04,,,,29,Hujan deras dan luapan kali yang tidak menampung air hujan,004,0,2020,1577865600000,,0,0,-3.1638695417323257,-10.583125367055318,-14.61251002761915,2.6023343283536198,1.3396795682698652,-4.592368170951035,-7.925541197518611,1.8861974644351285,JAKARTA UTARA,1,0.9746947300771207,0,0.2799416848895061,855.2624952764933,655.8622755064953,473.0168798317619,272.7820032218941,62.77362909889724,-139.29849563747212,106.8596341183199,98.63781625604587,5,2.311294987146529,-1,0.7368690095848862,-2.0723083888398106,-5.658658146964503,1.5039614960339125,1.4402380755575497,1.0,1.5999999046325684,0.4166532476411072,0.0,-0.16042184829711914,-1.3049662255976526,-1.7676550149917603,0.434279092865889,0.4433752193293182,43431.6683262,43610.54150975852,4.986049175262451,1.9437051045212754,0.0,1.619274377822876,-1.4469347415745712,-3.390267848968506,0.8945934729318072,0.8912386196906735,17.05416992652613,13.736651623659645,12.014827314668528,3.800202232104125,0.4716121760117804,-1.268224375450135,1.3641561345443343,1.3624933740766116,0.20399567484855652,0.05084869090619118,0.008499795570969582,-0.12887507677078247,-0.28783692301183356,-0.3465176885947585,0.06354472134939343,0.06017398920499173,1,0.025305269922879167,0,0.27994168488950605,"{""type"":""MultiPoint"",""coordinates"":[]}"
00000000000000000013,210,PADEMANGAN,PADEMANGAN BARAT,3172051002,3.17205100201E12,Tidak Diketahui,Pademangan Barat 06,,,,30,curah hujan tinggi,006,0,2020,1577865600000,,0,0,2.281458642780338,-10.596784188162836,-14.846665090543492,3.0022354177484183,6.719892207018617,-3.477196273166135,-8.22674514033918,2.6101748553613326,JAKARTA UTARA,1,1.0,1,0.0,564.2750229076685,379.5386289559892,185.53248465545596,-38.47864066018849,-258.56120302041586,-481.55540477908403,127.12304218345542,107.44103645531212,8,3.646550502904094,-1,3.4646645367415143,-1.0953012649653517,-5.608690095846315,1.8321911468720868,1.8174857462631786,1.0,2.0999999046325684,0.7576143515989859,0.0,0.31746959686279297,-1.0382351436735229,-1.859169363975525,0.7968017397060408,0.7910796146517564,49265.0618085,49478.731863559246,5.4003729820251465,2.32305915837569,0.0,2.117069721221924,-0.9924640828657293,-3.3063228130340576,1.2903846395994338,1.306367875124224,18.66360925605748,13.393260679186971,11.558179524232072,5.3740771975966215,0.1054626005533137,-1.7304599821237954,1.6208611859010797,1.6222718786484793,0.12749774754047394,0.03862257932049843,0.008499824441969395,-0.17080862820148468,-0.28297520875974325,-0.33012644574046135,0.053761150737386916,0.044868731052361555,0,0.0,0,0.0,"{""type"":""MultiPoint"",""coordinates"":[]}"
00000000000000000014,1019,PADEMANGAN,PADEMANGAN BARAT,3172051002,3.17205100201E12,Tidak Diketahui,Pademangan Barat 07,,,,31,"curah hujan tinggi, penyumbatan saluran air dan jalan lingkungan yang rendah",007,0,2020,1577865600000,,0,0,-0.08251001313757564,-11.442368699210938,-15.494330537566373,2.4782112863476105,2.0727555793047987,-4.877244302620583,-8.741725166295701,2.4313257983865397,JAKARTA UTARA,1,0.9528154779093272,0,0.20608041101101565,655.95639015131,475.3485705333535,262.382556060524,-35.02642085469961,-216.8455468424696,-450.6360207134646,103.03794361798535,93.22498815071397,16,6.417210511117529,2,11.266964856230366,1.6878264593575243,-2.6402555910539913,2.3862229060470788,2.4035981258557526,1.0,2.499999761581421,1.7720416348413546,1.6000001430511475,0.584574818611145,-0.12633272488269365,-0.33320116996765137,0.2727042045262095,0.26425988940139705,60260.4298245,60547.88667820634,11.984338760375977,3.15062014596021,0.0,8.74647331237793,-0.11332001315697131,-3.299938201904297,2.4007235616158615,2.384780820183651,18.035005607591753,13.16390146809338,10.751593711371637,4.760645152525253,-0.1245894973105476,-2.5412624119269154,1.2987546688603173,1.2939953916279894,0.07649902254343033,0.028524578632283953,0.008499868214130402,-0.21012809127569199,-0.2947948844961924,-0.3428277652710676,0.03795365142481074,0.024114672049527018,1,0.04718452209067283,0,0.20608041101101565,"{""type"":""MultiPoint"",""coordinates"":[]}"
00000000000000000015,847,PADEMANGAN,PADEMANGAN BARAT,3172051002,3.17205100201E12,Tidak Diketahui,Pademangan Barat 08,,,,32,hujan deras,008,0,2020,1577865600000,,0,0,2.281458642780338,-11.873324257658677,-15.494330537566373,2.792765248292411,3.7947319646002384,-3.1768217968418324,-8.22674514033918,2.5790511034676036,JAKARTA UTARA,1,0.9868926708756519,0,0.10975609756097544,655.95639015131,427.67476883975496,207.43162386201809,41.08071210989863,-223.5790085723447,-481.55540477908403,140.00387797152217,114.39238063440153,10,6.121465824869617,3,5.055079872204818,1.4401633400835787,-1.9335463258782113,1.3863257946866543,1.4011659120699935,1.0,4.400000095367432,1.8762900195801095,0.0,2.606555938720703,0.047754049284786076,-1.859169363975525,0.8716403855304843,0.8667369124164283,50997.4643295,51155.25389860465,5.4003729820251465,1.921207009735685,0.0,2.127781629562378,-1.3759195936428072,-3.3255770206451416,1.1724799982578495,1.1653514961778377,17.341855468671223,13.179299659162,11.558179524232072,4.055843497211638,-0.11208442951820169,-1.7304599821237954,1.2983458229517157,1.29766603281946,0.12749774754047394,0.021931513027980062,0.008499839343130589,-0.17124436795711517,-0.3040137222904513,-0.34527183696627617,0.04672070664918636,0.03601590317039494,1,0.013107329124348067,0,0.10975609756097561,"{""type"":""MultiPoint"",""coordinates"":[]}"
00000000000000000016,43,PADEMANGAN,PADEMANGAN BARAT,3172051002,3.17205100201E12,Tidak Diketahui,Pademangan Barat 09,,,,33,ketinggin rumah lebih rendah dari ketinggian jalan,009,0,2020,1577865600000,,0,0,3.2889158740313498,-10.504387571438606,-17.688687812911013,3.2842748318031356,16.875267940530804,-3.734678138913867,-11.552438943247203,4.2725132028140465,JAKARTA UTARA,1,0.9616714213794261,0,0.20184751022351363,334.4734433447411,148.18869382026833,0.0,-385.21474327297676,-559.6449380996067,-738.7892067695238,77.30942567674933,75.94024072219729,10,4.090552106058063,0,5.055079872204818,-0.9229750944549471,-5.1207667731624715,1.7971366025683808,1.7685048134476096,1.0,2.499999761581421,0.9803791940122228,0.0,0.6383000612258911,-0.8649963689222493,-1.9242428541183472,0.8032790107168855,0.8329054814476999,103909.513852,104362.8680794887,6.566473484039307,2.3984285360935806,0.0,3.4341561794281006,-0.7777845768865311,-3.2376644611358643,1.2953947877693228,1.2958303668681799,18.66360925605748,13.876578847325392,11.263375807032489,5.3740771975966215,0.5780046579968925,-1.9986221391178631,1.977177150423239,1.9737939983171342,1.5979499816894531,0.2095646361144765,0.0084998132660985,1.385093703866005,-0.07296971029058576,-0.31326799374073744,0.5047527852127076,0.4934175550997679,1,0.020573921798959557,0,0.14430489325798443,"{""type"":""MultiPoint"",""coordinates"":[]}"
00000000000000000017,580,PADEMANGAN,PADEMANGAN BARAT,3172051002,3.17205100201E12,Tidak Diketahui,Pademangan Barat 10,,,,34,curah hujan tinggi dan air laut sedang pasang,010,0,2020,1577865600000,,0,0,-6.02884666041037,-12.444654112087143,-15.461721811748108,1.6921818694151,9.467140230985487,-4.099445620953946,-8.191916752122282,2.569420059029171,JAKARTA UTARA,1,0.9766751301803159,0,0.15676267316115666,875.1549798115764,781.1966348417178,649.3636962940959,263.97528165897404,175.3508909176947,44.110810165983594,62.391364820273,67.50324993376174,8,3.4568575977966187,1,4.170479233226979,-0.5817060953108077,-3.19527156549501,1.867133594067893,1.8504957280842929,1.0,4.200000286102295,3.3271637511714065,1.6000001430511475,2.428064227104187,1.5571970237780444,-0.20173656940460205,0.6245779043024328,0.6254326565855867,81027.9738534,81332.46429373049,5.9309306144714355,2.3019327036653263,0.0,2.6876561641693115,-0.9828615911847145,-3.308889389038086,1.2096758129692133,1.2001413156908765,18.788776159594576,13.23733687787756,11.312274802941495,5.501023522886413,-0.04649107814548779,-2.003352277371775,1.4220843504677516,1.4169457035065587,0.14449799060821533,0.03248332923768544,0.008499868214130402,-0.25692084431648254,-0.36990835698154023,-0.9596696309745312,0.10605708165992035,0.035933957158256626,1,0.001377114085295004,0,0.0912838696739514,"{""type"":""MultiPoint"",""coordinates"":[]}"
00000000000000000018,738,PADEMANGAN,PADEMANGAN BARAT,3172051002,3.17205100201E12,Tidak Diketahui,Pademangan Barat 12,,,,36,curah hujan tinggi dan got tersumbat,012,0,2020,1577865600000,,0,0,-4.756252988479832,-12.534636674821085,-20.849998836135725,2.4754399807445684,3.364121331363819,-7.238280310027507,-17.23420949023449,2.5335702640815327,JAKARTA UTARA,1,0.9585698727900457,0,0.2712931993250107,1057.6978978086688,773.2805027902638,463.8312116386399,258.81941482081584,-7.9552738474552696,-310.63191204295407,125.61758818569487,138.8515688652675,13,4.345297402507122,-2,8.302492012779888,0.08228071649555446,-5.956293929712302,2.1706899491950478,2.2067566698664356,1.0,2.499999761581421,1.279655739096358,0.0,0.5805654525756836,-0.6555820966249188,-1.9930847883224487,0.6570419319058606,0.6514597016355579,150510.53088,151137.36313006206,10.31457233428955,2.6955391356273632,0.0,7.101820230484009,-0.297468120055399,-2.9529926776885986,1.5617474538206515,1.5934096721060031,19.356766487723796,12.90269709278381,10.751593711371637,6.052481988603255,-0.37977235291248684,-2.5412624119269154,1.4170195072776612,1.4187827699777542,0.4079975187778473,0.03833803612881532,0.008499899879097939,0.1930295079946518,-0.28030655331799853,-0.360818806104362,0.0983651044826935,0.08862343484604847,1,0.004703756053479156,0,0.12155245781143217,"{""type"":""MultiPoint"",""coordinates"":[]}"
00000000000000000019,,PADEMANGAN,PADEMANGAN BARAT,3172051002,3.17205100201E12,Tidak Diketahui,Pademangan Barat 14,,,,37,,014,0,2020,1577865600000,,0,0,-2.297568250595827,-10.206361004629725,-15.568600446725663,2.548300099302351,1.0062701406801728,-4.642669048559265,-9.598172219013723,1.9730167397666323,JAKARTA UTARA,1,0.8416100365917409,0,0.35750459958803815,1081.8309929570876,799.9335446705569,593.993774664244,471.49925906498413,206.62878145183518,1.1050964718026535,104.61900983939795,108.37481576871802,8,4.685025899348952,2,3.210095846645709,0.037296271031544724,-2.88153354632549,1.2180796058514731,1.2343150156404088,1.0,2.8999998569488525,1.636002451670021,0.0,1.4535077810287476,0.07183969457051047,-1.6411373615264893,0.8431027990558223,0.8140053708989724,73424.4860256,73735.9743647231,4.644423484802246,1.743170452393807,0.0,1.2887310981750488,-1.6044872493728712,-3.3468728065490723,1.0895656544229146,1.113103652351832,19.693223447291253,13.621336520108537,11.559769485156377,6.38420396784389,0.3237047036790878,-1.727895217209241,1.4554896845721141,1.4571005496145444,0.3824911117553711,0.04304542605156747,0.008499706164002419,0.06275397539138794,-0.2647262164078894,-0.3072413355112076,0.10456862159220953,0.11003698400837632,1,0.1494083543221024,0,0.3392971595164746,"{""type"":""MultiPoint"",""coordinates"":[]}"
0000000000000000001a,1051,PADEMANGAN,PADEMANGAN BARAT,3172051002,3.17205100202E12,Tidak Diketahui,Pademangan Barat 15,meningkatkan koordinasi dan kerjasama lintas wilayah,,,38,Tidak mencukupi pompa karena debit air dan drainase kurang baik,015,0,2020,1577865600000,,0,0,-3.3308065955168873,-11.484687213955642,-14.616830155063022,1.6600526572841015,1.198942516882192,-5.406087972952859,-8.78397422531933,2.071360465456954,JAKARTA UTARA,1,0.9856284153005465,0,0.1458305202717255,875.1549798115764,688.6169891745428,499.5615034733919,240.63793765979983,43.95325090723027,-146.0534191089506,99.16758091302295,93.9206689047669,10,6.3318579234972665,2,5.788370607028947,1.951160697638136,-2.1769968051116333,1.623819898958064,1.6070790937631498,1.0,4.700000286102295,3.706639568870834,1.6000001430511475,2.877546548843384,1.8788668322172313,-0.20519590377807617,1.2718375829236157,1.2641338189867104,63897.7889992,64141.68530058853,5.547544956207275,2.161155431690763,0.0,2.3156754970550537,-1.1240775170840853,-3.3059208393096924,1.1776893648655624,1.1676357909064925,15.955564065911915,12.722169662604005,11.37954940239335,2.659887174362245,-0.5720194186532516,-1.910341120230031,0.9254095556557737,0.925083854118971,0.059499166905879974,0.012401471118559763,0.00849984958767891,-0.3028302267193794,-0.3473308738885967,-0.3837369289249182,0.013391484915533835,0.011451515549605858,1,0.014371584699453547,0,0.1458305202717254,"{""type"":""MultiPoint"",""coordinates"":[]}"
000000000000000000cd,,PADEMANGAN,ANCOL,3172051003,3.172051003E12,Tidak Diketahui,Ancol 01,,,,370,luapan kali rob pompa kurang maksimal,001,0,2020,1577865600000,,0,0,10.638451004148678,-12.820764146081446,-20.340366108967284,3.0023203853207674,9.350927891264483,-5.436173457498055,-17.18568504880222,3.3901352500466255,JAKARTA UTARA,1,0.8573402498858302,0,0.3634169941057774,1328.210458360942,825.7905384111687,92.76624232772798,408.18707287718087,-136.21336342965716,-634.229794408483,204.0329318284809,275.9798184344497,10,3.5771261958570952,-5,7.635782747603948,0.3950235550941144,-7.005367412140409,2.293157180669324,2.1842158183416926,0.821432464850013,6.900000095367432,2.2261136820622807,0.0,5.162264704704285,0.43636417332854416,-1.9821727275848389,1.6986316352588984,1.6843834850237862,1191406.67241,1196202.2081263615,8.247800827026367,2.6019242796955533,0.0,7.207387566566467,0.3310568096400448,-3.0019588470458984,1.5603987903490781,1.4755569108739806,26.634991553494512,13.556541102411185,10.979183188055677,13.130292990011986,-0.21008129721492377,-2.8733719432727156,2.717692978704357,2.676603653124412,369.427978515625,16.924703183831095,0.00849994271993637,356.66444969177246,3.1345642087030345,-15.433792270720005,80.09231705402556,80.11563036573108,1,0.08447405707326787,0,0.2801448604328719,"{""type"":""MultiPoint"",""coordinates"":[]}"
000000000000000000ce,172,PADEMANGAN,ANCOL,3172051003,3.172051003E12,Tidak Diketahui,Ancol 04,,,,371,"Luapan kali, rob, pompa air kurang maksimal",004,0,2020,1577865600000,,0,0,3.239988700802411,-12.002485443726988,-19.671214334938156,3.3625072631934896,9.49272190563847,-5.6081638321118294,-15.168399698747237,3.8260443825023094,JAKARTA UTARA,1,0.9522442100006246,0,0.20676133022318066,1369.6771539316378,1114.7776191685534,622.2948715860543,487.3386140340797,214.01896017855728,-304.2203049056558,196.1759299781924,187.63934578219926,12,4.083782452781769,-2,7.049840255591448,-1.1073419155713007,-7.395782747603262,2.5512982629609815,2.508192262476082,1.0,4.5,1.3873261334123461,0.0,2.6208690404891968,-0.571664656932013,-2.010619878768921,1.3267550068147633,1.3180957711572994,502816.776764,504927.6116252803,9.24073600769043,2.943198330495594,0.0,6.20129132270813,-0.14501558272538004,-3.1579699516296387,1.558305715149561,1.5553725765149455,23.84329623757718,14.312423245736774,10.863695254755388,10.337161560039025,0.779643314061169,-2.716063850475317,3.305230596097157,3.305687109492845,368.7139892578125,31.858304648676828,0.00849984958767891,353.794394493103,19.08848820077236,-16.382018338888884,106.5080290838686,107.53682510676775,1,0.005063431619396412,0,0.06788369582692214,"{""type"":""MultiPoint"",""coordinates"":[]}"
000000000000000000cf,,PADEMANGAN,ANCOL,3172051003,3.172051003E12,Tidak Diketahui,Ancol 05,,,,372,"Luapan kali, rob, pompa air kurang maksimal",005,0,2020,1577865600000,,0,0,9.9467763408227,-11.0053288647698,-20.01799465127695,4.039850029263249,9.39359791079496,-5.305774499126056,-16.648960061780382,4.156559590652648,JAKARTA UTARA,1,0.9060878161298295,0,0.29072517389381836,1132.3562962360413,578.6490852107113,0.0,275.7599181898406,-241.42172397518956,-748.1280826778177,251.5848198363669,290.6028650785656,35,6.1987925576359535,-3,29.61354632587915,1.0451701895615189,-8.340830670925957,5.144973952919417,5.234332684841997,1.0,14.40000057220459,3.0502182768461976,0.0,12.600728988647461,1.1819126281067074,-1.9794888496398926,2.3661470463164984,2.365304752224275,592661.541109,595171.1437825584,23.287277221679688,4.50890547459014,0.0,20.07923722267151,1.3819145228929317,-3.203263759613037,4.000228505528542,4.029870792743547,19.481923133907184,13.249732735971985,9.890834998054626,5.975621265196079,-0.13913274090116443,-3.558209398544074,2.206593575744725,2.1736682769051647,3.110934257507324,0.23384522248209044,0.008499795570969582,2.94084894657135,-5.954157157331301,-14.705986272543669,4.872094019693217,0.5792739530407199,1,0.04822119967519094,0,0.20496478675874322,"{""type"":""MultiPoint"",""coordinates"":[]}"
000000000000000000d0,,PADEMANGAN,ANCOL,3172051003,3.17205100301E12,Tidak Diketahui,Ancol 08,,,,373,"Luapan kali, rob, pompa air kurang maksimal",008,0,2020,1577865600000,,0,0,0.806801370343351,-12.434544410814999,-21.15983087830114,3.108026283714582,8.613211544669586,-4.091171065700582,-15.91658017158327,4.1827104800712265,JAKARTA UTARA,1,0.8969682729452738,0,0.3641185526359595,675.3484381614854,312.9379394024444,0.0,-74.35017850251108,-415.7970236008221,-691.7139180380533,103.91495197998383,155.52569226377884,9,2.60541246553285,-9,6.497891373802052,-0.24866663653615567,-10.88753993610202,2.2257315532196955,2.333938409500066,0.5493752874086191,5.300000190734863,1.1961945069351274,0.0,3.685503125190735,-0.45450117312213334,-1.7677689790725708,1.28607127377166,1.284477751158126,504807.612726,506849.0217294544,16.269058227539062,2.8916315767213634,0.0,14.189196825027466,0.6823025113752683,-2.4935531616210938,1.9343897754621397,1.9129522701837196,26.639377494339765,13.78886331979119,10.763667209368585,12.754508681689824,-0.03855822386893685,-3.1564312294177093,3.341021994033243,3.3191489253270103,370.9919738769531,37.73446410021267,0.0084999930113554,359.90453815460205,25.343426110003865,-13.695103741250932,114.97688068856286,114.9009747561237,1,0.016426749963718793,0,0.13350929786935073,"{""type"":""MultiPoint"",""coordinates"":[]}"
000000000000000000d1,,PADEMANGAN,ANCOL,3172051003,3.17205100301E12,Tidak Diketahui,Ancol 11,,,,374,"Luapan kali, rob, pompa air kurang maksimal",011,0,2020,1577865600000,,0,0,0.4855373965464169,-13.057523218381812,-21.705568744539125,2.9508480180643235,15.391184204837414,-5.491698254728838,-16.240058420734698,3.5694703387721627,JAKARTA UTARA,1,0.6660929639895886,0,0.4765703957445517,1967.8691704539299,1462.3594518472203,1024.6366367176336,477.4930726563849,198.2465942038194,-230.98888400122314,168.29329010840732,208.79113946843958,18,2.563228073989529,-3,14.310159744409088,-0.10565470723757077,-6.806261980830534,2.396161758015607,2.9551230793896526,0.5765894902538551,7.5,1.6442718846217805,0.0,5.451429128646851,-0.310777231383742,-2.0423288345336914,1.6929137817396078,1.7262883094852923,1154729.14679,1159782.327128415,18.46068572998047,1.8861455355366905,0.0,15.853078842163086,-0.05768429924181737,-2.8642468452453613,2.054805335672768,2.2992531214153074,20.114470596708845,14.65049669868523,10.144937697497127,6.363550834421444,0.9981116914048819,-3.268831905715885,2.5372043062633023,2.584850251104968,3.9779322147369385,0.14606733867103514,0.008499967865645885,3.8067328333854675,-4.362097026446026,-14.482170082628727,4.55120630737206,0.6996023861108572,1,0.17884426085958777,0,0.38400693343060904,"{""type"":""MultiPoint"",""coordinates"":[]}"
000000000000000000f5,118,PADEMANGAN,ANCOL,3172051003,3.172051003E12,Tidak Diketahui,Ancol 02,,,,461,"Luapan kali, rob, pompa air kurang maksimal",002,0,2020,1577865600000,,0,0,3.450888114183843,-11.639413382893107,-19.355843947286782,3.8043217343974054,8.249993077523513,-5.867249740121591,-15.464427503536553,3.839661567892773,JAKARTA UTARA,1,0.9381948140825793,0,0.27014103344396223,1403.8079779207503,1131.052933254882,706.486653451565,473.3057917314877,172.22060636060021,-250.76737062077007,199.95089114759,177.78957344024613,12,4.7278838111170245,-1,7.518849840255877,0.34488421366687805,-5.767795527156172,2.315755967823407,2.3474794519273297,1.0,4.199999809265137,2.15808984429997,0.0,2.1991755962371826,0.1591870989783908,-2.010241746902466,1.1138074339148358,1.1218604716270895,458845.428696,460651.0222263942,9.195145606994629,3.1379065857215673,0.0,6.131831645965576,0.23382148019497512,-3.0566318035125732,1.7169329550936443,1.7325471063378954,22.014680980215083,13.126801179470231,10.868728798993272,8.695675731503597,-0.46676026770456874,-2.716063850475317,1.8392290247481295,1.8394304488739541,3.6379311084747314,0.11773231052517717,0.008499931544065475,3.4839844703674316,-9.27277164908671,-15.216220058500767,4.658327620693514,0.3766552416178367,1,0.046331077484601926,0,0.22924310917998555,"{""type"":""MultiPoint"",""coordinates"":[]}"
0000000000000000033c,Nihil,TAMAN SARI,TANGKI,3173031004,3.173031004E12,Tidak Diketahui,Tangki 01,Nihil,Nihil,Nihil,1650,Nihil,001,0,2020,1577865600000,Nihil,0,0,6.28812714230378,-8.383032491026412,-14.058314926226858,3.527186006028476,12.393323554570188,-2.892395640307214,-9.122435607789626,3.219471228044924,JAKARTA BARAT,1,0.9805112919867018,0,0.12498425196844122,540.9154964785438,300.6224013446596,131.191278030262,-298.1241972107822,-518.456643294743,-673.436345461083,81.81238162421727,89.38835319027088,13,5.934770147884903,0,6.3453035143776875,-0.5791864944699439,-6.5633226837053815,2.274919654002489,2.2668978584688513,1.0,1.0,0.2696358293592145,0.0,-0.5528562068939209,-1.3052659406446612,-1.5880128145217896,0.25818607175692476,0.2635016113288829,91264.2539028,91643.82300611962,8.73572826385498,3.0629263259013517,0.0,5.518004894256592,-0.1594540467255527,-3.226053476333618,1.8215976964669796,1.822864230075865,20.998947725398803,14.678772443623647,11.082663251712416,7.544866165952092,1.2219540953764947,-2.403903652515151,2.646503904376606,2.6256767163143144,2.473374128341675,0.8539408146802293,0.008499663323163986,-8.317605257034302,-11.247432166264607,-13.724624073132873,1.6731611861023359,1.07310220824557,1,0.019488708013298182,0,0.12498425196844144,"{""type"":""MultiPoint"",""coordinates"":[]}"
00000000000000000341,Nihil,TAMAN SARI,TANGKI,3173031004,3.17303100401E12,Tidak Diketahui,Tangki 06,Nihil,Nihil,Nihil,1655,Nihil,006,0,2020,1577865600000,Nihil,0,0,-5.905150578204934,-11.193684232120532,-14.738287496689356,1.9827032282919361,5.03795267940245,-2.843559067239298,-6.107547000009208,2.1980024041504618,JAKARTA BARAT,1,1.0,1,0.0,675.3484381614854,472.90450578884753,293.3526157307405,-217.41453295780582,-390.0120343089028,-538.7861085875181,95.53570804850122,119.82123830776615,8,4.598628027439451,2,1.7164217252402327,-1.71685039398192,-4.365367412139954,1.4049009174527012,1.3962264150943395,1.0,2.799999952316284,2.0527930294083867,1.1000001430511475,1.218504786491394,0.45851527786748886,-0.5490988492965698,0.3726213265972712,0.3592147591722686,24816.9494541,24870.84891822061,4.644418716430664,2.136685950606206,0.0,1.4533753395080566,-1.0860288436549996,-3.232896327972412,1.129041137484125,1.1243065714596931,17.901454648927892,12.991209936127245,11.561851249854765,4.307490733926645,-0.5909600228067942,-2.0395216544453607,1.3136046904342007,1.3061671640817785,0.05949808284640312,0.014683834050227771,0.008499732241034508,-11.863340143114328,-14.108729170178089,-15.385439489036798,0.9221095865272089,0.013715328757336047,0,0.0,0,0.0,"{""type"":""MultiPoint"",""coordinates"":[]}"
0000000000000000034a,Nihil,TAMAN SARI,PINANGSIA,3173031008,3.173031008E12,Tidak Diketahui,Pinangsia 05,Nihil,Nihil,Nihil,1667,Nihil,005,0,2020,1577865600000,Nihil,0,0,8.678417214086076,-8.114712230230328,-16.906698047420743,3.4293310375782697,8.588077168139847,-2.9476700901356865,-11.452263668514242,3.3143566715943327,JAKARTA BARAT,1,0.999860110512695,0,0.09876816579193802,1498.6845104201757,1331.9217161671377,1057.6978978086688,485.89168145485667,339.0648596114325,110.74453660401173,91.0329613098665,107.6246241572467,12,6.903686087990489,1,6.230159744409641,0.9911198928146523,-4.959616613417813,2.177082073438661,2.146867884660965,0.5219723402505843,3.9000000953674316,2.376790017247415,0.0,2.3107221126556396,0.7198191378950471,-1.774415373802185,1.1494103655257333,1.1387532637377404,149607.847301,150233.92883538082,7.467628479003906,2.8381729831404514,0.0,4.45020055770874,-0.24486273408883866,-3.1527388095855713,1.5178550849487424,1.5096982822622156,26.631902913650556,13.39192783162781,11.084010605695749,13.02497355533214,-0.3004863203418889,-2.609070032658799,3.2892384203228313,3.266632942419224,368.2464904785156,25.15133340548361,0.008499760180711746,352.05407905578613,8.062906631324411,-18.051093387417495,112.11833976912949,111.90959832015349,1,1.3988948730502907E-4,0,0.09876816579193803,"{""type"":""MultiPoint"",""coordinates"":[]}"
0000000000000000014f,25 KK,PASAR MINGGU,PASAR MINGGU,3174041001,3.17404100101E12,Tidak Diketahui,Pasar Minggu 07,,,,693,masuk air meluapnya kali baru melalui saluran ke jalan badan kali tinggi daripada jalan lingkungan,007,0,2020,1577865600000,,0,0,-4.361356160303133,-13.034806391904375,-16.232426978387785,1.6512703621886442,8.994122390063263,-4.223122669003465,-9.173881166000669,2.7480193655185694,JAKARTA SELATAN,1,0.729534951362182,0,0.43794316956227064,3290.260514037345,2829.1379375364577,2375.975098656976,60.328095484847836,-55.848092737111244,-146.35176684386124,40.07580094782451,200.86921148285532,46,41.69936657725494,35,7.321022364220305,2.516013073201499,-3.761150159741028,2.0054413969371727,2.317918115136647,0.7061883481288055,6.299999237060547,3.4319555212137427,0.0,1.419947624206543,-1.5595822875032717,-5.311936378479004,1.9174918409165818,1.8882906245575122,215831.368102,216743.33449283842,6.670449733734131,2.2625841763343324,0.0,3.487461566925049,-0.9615564576262237,-3.2714312076568604,1.2694458489437384,1.2656207458216402,20.882499230045827,13.373572265276579,11.193511065054434,7.490695537968479,-0.00522590414547221,-2.1552379181081296,1.9203017339198158,1.9270666211280185,1.2405904531478882,0.12447322346182803,0.008497278206050396,0.7138257324695587,-3.8294379873976223,-11.035804619081318,3.467960623050973,0.3652098645833984,1,0.27046504863781784,0,0.43794316956227064,"{""type"":""MultiPoint"",""coordinates"":[]}"
00000000000000000150,,PASAR MINGGU,PASAR MINGGU,3174041001,3.17404100101E12,Tidak Diketahui,Pasar Minggu 08,,,,694,,008,0,2020,1577865600000,NIHIL,0,0,-5.537348682717327,-13.290041438878607,-20.555542871661043,2.3046918723720897,2.0407896841204973,-5.371598755126193,-13.049420790765463,2.544002338237565,JAKARTA SELATAN,1,0.7693824286009355,0,0.4101210700675224,2821.3751145383426,2478.8136797639727,2230.251726514454,90.90162032295393,-25.944568477472224,-146.21756455062314,44.18804955507459,137.997159139213,47,41.7927971909796,37,5.960638977640869,0.5711036068990408,-4.1093929712406165,1.8163528527252624,1.805351248215928,0.8839882914844127,6.299999237060547,2.618443849632613,0.0,1.4561009407043457,-2.3604273836551415,-5.32264518737793,1.6784298640692774,1.7123240123989136,185607.335179,186428.30121175692,5.581035137176514,2.1652902251670376,0.0,2.459822416305542,-0.9361028220992558,-3.19787335395813,1.158683468152838,1.1636936955349326,20.580212937215673,14.064603101812551,11.373182037950777,7.225663669896232,0.7036530817069745,-1.9896537646959285,1.9773427550021545,1.9747380168222055,0.9176917672157288,0.15008903385828495,0.008497227914631367,0.6128374934196472,-1.123268628347894,-5.116298148408532,1.3390442378194594,0.2780191035151478,1,0.23061757139906494,0,0.4101210700675224,"{""type"":""MultiPoint"",""coordinates"":[]}"
00000000000000000209,224,SAWAH BESAR,GUNUNG SAHARI UTARA,3171021004,3.171021004E12,Tinggi,Gunung Sahari Utara 01,terulang kembali,12 Jam (setengah hari),6 M,1121,"1. Curah hujan tinggi;
2. Dataran rendah",001,4,2020,1577865600000,Relatif paling tinggi sepinggang dan dibawah dengkul kalo digang,100,15,-1.6559401034742862,-10.504033297090302,-17.9134352381338,2.9440020302838015,4.2577305095211155,-5.123943064870993,-13.2429341673336,2.7657860005909143,JAKARTA PUSAT,1,0.9492648805026014,0,0.21841572133518533,1081.8309929570876,822.5720340473104,473.0168798317619,463.4400000476853,199.0400788644471,-166.71692853665024,162.1764798004145,163.24549982034702,14,4.815410522679677,1,8.80869009584714,-0.2940156700504506,-4.354376996804637,1.8642070075301735,1.8374669787907518,1.0,3.299999952316284,0.9649236520601546,0.0,1.8986836671829224,-0.5429645870815876,-1.62581467628479,1.2749007096264502,1.2202654424850354,161618.242507,162250.64946637326,13.648222923278809,2.3494649406088763,0.0,10.237976789474487,-0.9789021790970855,-3.534045457839966,1.71285315069555,1.7288735469977505,20.519882235092037,13.77910700471972,10.463234282794165,7.215037471651778,0.47837820680357346,-2.8303745150594732,2.0260789811806843,2.0339152766670763,0.8754634857177734,0.18641742771285627,0.00849967822432518,0.5959623157978058,-0.09248970259790804,-0.29531404748559,0.319890606959493,0.31905104158325065,1,0.008398281482760851,0,0.09512633176255551,"{""type"":""MultiPoint"",""coordinates"":[]}"
0000000000000000025a,262,SAWAH BESAR,MANGGA DUA SELATAN,3171021005,3.17102100501E12,Tinggi,Mangga Dua Selatan 06,,Sehari semalam,-,1255,saluran air yang tersumbat,006,4,2012,1325404800000,1 M,100,0,3.198399506633569,-11.537871229099432,-17.559203690139654,3.2390014041939903,15.880997082550028,-0.33417807434719077,-12.93637141104829,5.031902640775197,JAKARTA PUSAT,1,0.9798169811690475,0,0.16594252252566136,918.3389462118339,494.85662269317373,185.53248465545596,76.6321295477934,-307.76391005806283,-601.6761774612347,172.3506372987175,189.858224991847,23,6.156624145160978,-2,17.155782747604498,0.1953702700301278,-7.843322683705353,3.815260024180977,3.7824600308096787,1.0,7.100000381469727,2.411727738731289,0.0,5.393278360366821,0.7624502523379,-1.6408945322036743,1.5920364434107155,1.617257890387548,176754.463185,177467.6552601006,19.591156005859375,4.476813329937968,0.0,16.34135341644287,1.2172506030684642,-3.2899882793426514,3.428625795564152,3.4209316685862112,21.91653654566655,12.988265643167345,10.080876683712916,8.463899240828258,-0.49561206789291257,-3.4054870108869686,2.2789086730163235,2.2699831445534566,3.340348720550537,0.37328913551116083,0.008499760180711746,-6.9014153480529785,-11.196700331416237,-13.36792786885053,1.4623235397297467,1.039732729914208,1,0.016989007113044508,0,0.1539526586383121,"{""type"":""MultiPoint"",""coordinates"":[]}"
0000000000000000013d,819,TEBET,TEBET BARAT,3174011002,3.174011002E12,Tinggi,Tebet Barat 01,,1-2 Jam,± 50.000- 60.000,656,Meluapnya PHB Kalibata dan Saluran Rawa Bilal,001,4,2020,1577865600000,,100,0,-5.573061067263897,-11.944094522971904,-16.103447481386297,1.9050408064007796,9.60960355811288,-2.773668167242263,-10.377283296141627,3.1970645735804846,JAKARTA SELATAN,1,0.9517312159023388,0,0.2065672991391307,3739.5267799363287,3303.132716823678,2886.2081166657636,-22.536586722340417,-85.15305655981312,-146.0471295688053,26.458021806802346,181.0480676601141,27,19.533473775185005,12,9.689073482429695,1.920715251817527,-5.413929712458437,2.7746101101653724,2.67924585325985,1.0,4.80000114440918,2.579388497484013,0.0,2.0555026531219482,-0.01975151904107221,-2.9112460613250732,1.4310363552876608,1.4650151539888283,322773.974439,324056.424148618,7.605966567993164,2.53413055324995,0.0,4.26407527923584,-0.506861172804588,-3.2198598384857178,1.5093379049528604,1.519584282730513,19.48953263916728,13.526043846473451,11.312039369658205,6.03456119318227,1.740093074305366E-4,-2.388651949802771,2.274579725976869,2.2862589291785094,4.852393627166748,0.5166030339909862,0.00849838275462389,4.285719722509384,-3.8264295103995924,-11.999227282591164,3.9568523588213655,1.4380823624791272,1,0.0317398584778264,0,0.1699706579607316,"{""type"":""MultiPoint"",""coordinates"":[]}"
00000000000000000132,180,TEBET,KEBON BARU,3174011004,3.174011004E12,Tinggi,Kebon Baru 01,,2 hari,± 20.000,632,"Curah hujan yang ekstrim, banjir kiriman dari bogor (katulampa) dan Petugas pompa yang kurang sigap dan tanggap dalam memeriksa saluran",001,4,2020,1577865600000,,100,0,-3.7036086213561408,-11.840681628178388,-18.41057345155148,2.3708222291802694,6.808314396686955,-4.1973379112290194,-12.785991492531267,3.028407357843821,JAKARTA SELATAN,1,0.9517543859649121,0,0.2703077200940698,4605.729490425012,4456.95189633386,4200.170260476811,488.74162593007986,404.5410432064169,265.01856654645417,53.2296741672671,91.28521101574172,20,15.11082123411978,9,1.4686261980848094,-3.555732635404018,-9.827220447282428,2.4263022876187463,2.403648440422367,1.0,3.6999998092651367,1.3519928528190885,0.0,1.2349262237548828,-1.1296465753679634,-2.5438084602355957,1.2888431908679319,1.2760062746232643,92219.0397013,92642.35964908575,6.670166969299316,2.504788029172694,0.0,4.013060808181763,-0.15388427177839617,-2.671785593032837,1.3551423695790477,1.3543058880356456,26.55225130612926,15.175067962030797,11.193690177850407,12.84748493510416,1.4861497266661678,-2.491927429769099,4.045949973526646,4.0523591174564855,340.2344970703125,62.73816564323423,0.008498415350914001,324.4090919494629,46.70850959489972,-16.244892850518227,135.59732556276384,135.59209292576747,0,0.0,0,0.0,"{""type"":""MultiPoint"",""coordinates"":[]}"
00000000000000000133,416,TEBET,KEBON BARU,3174011004,3.174011004E12,Tinggi,Kebon Baru 02,,1 hari,± 8.000,633,Curah hujan tinggi dan Mesin pompa sudah tua,002,4,2020,1577865600000,,80,60,-3.8221894221287274,-12.500957853251002,-17.218574956787876,2.5607977969601965,-0.3052053207489369,-5.045758347344328,-10.63471847091812,2.2902286083815464,JAKARTA SELATAN,1,0.9464971526950073,0,0.2874797872880346,4712.853798069809,4582.7162728933,4425.6401038404565,478.0374681947169,386.06772667459455,312.5676223978735,48.73775831136066,73.37025534795352,21,16.97152695007284,11,1.7427476038357064,-2.2025567567571778,-8.066581469646646,2.3906248240577486,2.3680563781904396,1.0,4.100000381469727,2.680174925266994,0.0,1.6136488914489746,0.1238937393716907,-2.6799745559692383,1.662370163552139,1.6558580571799348,52622.5528291,52838.65336799956,6.204838275909424,2.795366487334443,0.0,3.5211234092712402,0.12002543381011624,-2.6931588649749756,1.4743065027666806,1.477897197217336,26.550925748594167,14.850379901775083,11.266608778714911,12.96918412261211,1.1863039289221216,-2.335815343985148,4.19760459298703,4.20230957050454,339.9285583496094,66.75392281382693,0.00849838275462389,325.2125883102417,51.04983377115983,-16.151289716362953,137.91729295596218,137.81117137336258,1,0.03006224341146868,0,0.15905777550540118,"{""type"":""MultiPoint"",""coordinates"":[]}"
0000000000000000013b,125,TEBET,KEBON BARU,3174011004,3.17401100401E12,Tinggi,Kebon Baru 12,,3 jam,± 30.000,643,"Hujan lokal, saluran tidak lancar, dan curah hujan hujan yang tinggi dan durasi yang lama",012,4,2020,1577865600000,100-120 cm,120,100,-7.214280579347955,-11.900551492628603,-14.266036490249716,1.3089967090267252,1.2341332824279414,-3.639946985791548,-7.706873134881555,1.9070008129823492,JAKARTA SELATAN,1,1.0,1,0.0,4920.110210960908,4828.738841762717,4657.752288287196,351.19582159640686,279.75397103537756,151.193694983177,47.76380609501372,64.4721972100318,22,19.498104327363055,17,1.1298402555930274,-1.3144487220218948,-3.7892651757169453,1.3960709102892501,1.4536758172373414,1.0,1.8999996185302734,1.0206041240056272,0.0,-0.8136999607086182,-1.6742246561166367,-2.6582236289978027,0.5429545631525633,0.5738293501631333,26869.2803249,26996.68623162191,5.007545471191406,2.4546925257835412,0.0,2.0933756828308105,-0.45210467346946714,-2.912097930908203,1.0072930366596624,1.005665549927691,16.648518058108827,13.28938668995864,11.722957432493722,3.13549446399729,-0.24588337936067753,-1.8014246018246443,1.4173780176951014,1.419068349425727,0.552385151386261,0.06575166578112997,0.008498254232108593,-11.99887466430664,-12.73307191888629,-13.116941334679723,0.3119824114946912,0.1739262582034367,0,0.0,0,0.0,"{""type"":""MultiPoint"",""coordinates"":[]}"
00000000000000000181,307,TEBET,MANGGARAI,3174011007,3.174011007E12,Tinggi,Manggarai 01,,4 hari,± 20.000,783,Intensitas Curah Hujan yang tinggi dan meluapnya tanggul Kali Ciliwung,001,4,2020,1577865600000,,120,100,-2.918072200041302,-12.043760356216383,-16.01781156324396,1.9347252177283651,5.292076590923687,-3.8214506110449444,-11.059870026340725,2.428726683140822,JAKARTA SELATAN,1,0.8949691085613415,0,0.3137779989946096,3352.4441657665852,2855.058439117517,2456.1165641394814,117.25951526212611,-67.31921746217711,-164.57171568453305,56.0588898848764,219.45127099101077,19,12.853486319505736,8,4.972523961662828,-1.4632670052767263,-6.4564856230017025,2.0061110389089065,2.085310626300854,1.0,4.899999618530273,2.743455406917338,0.0,2.756319046020508,0.5946200456426294,-2.174926519393921,1.3982032637352386,1.4003160129480285,213242.016974,214153.47123261075,8.719182014465332,2.3899672686603592,0.0,6.092646598815918,-0.17933885686859186,-2.6509742736816406,1.2939036912260014,1.2984521893477203,26.560961406271982,14.499415078438116,10.922605476837132,12.608239810773087,0.5503337942984853,-3.0005945448068196,3.793370089679534,3.7916835732614866,343.6084289550781,44.130831223073734,0.008498637937009335,322.4286918640137,23.037831646950433,-22.100033707916737,123.5894460287362,123.70372431244319,1,0.09674414043346084,0,0.3047037704970223,"{""type"":""MultiPoint"",""coordinates"":[]}"
00000000000000000144,674,SETIA BUDI,MENTENG ATAS,3174021005,3.17402100501E12,Tinggi,Menteng Atas 08,,3-5 jam,± 50.000,678,"Banyak saluran air yang sudah menjadi pondasi rumah sehingga menghambat saluran air, Durasi hujan yang panjang (± 10 jam) dengan curah hujan yang tinggi",008,4,2020,1577865600000,50-80 cm,80,50,4.892199925080652,-10.756350150662556,-14.498197754178355,2.3006707209183688,0.6400395539934977,-4.833610528467953,-8.94022086479178,1.845270568798657,JAKARTA SELATAN,1,0.9892631203777955,0,0.0936549136660031,2559.0707531400412,2298.508831336006,2034.5225285572158,-72.75344040011169,-133.07869625002175,-196.48548159763845,26.7208257925756,126.04724096212499,17,13.380067718078946,9,0.9823642172541085,-2.3512485513671906,-6.787092651755518,1.4395937608376976,1.4300183983521577,1.0,3.299999237060547,1.0327139522773765,0.0,0.24690008163452148,-2.3363542087594524,-3.7707221508026123,0.7775423487200738,0.8238523031916175,78324.0856016,78663.63901351136,5.247517108917236,2.094480458214503,0.0,1.699467658996582,-1.7200397919081087,-4.128323078155518,1.2309567562246375,1.1970597512642376,22.464125667937815,14.230278675173036,11.536424113253547,8.844286340416353,0.7643104384723505,-2.1301274003754482,2.6519239949254985,2.7182300479387425,5.719241619110107,1.285219339722643,0.008498522453010082,1.7880620956420898,-2.5358184847835847,-8.989957453683019,2.0008731579782038,2.399254749386857,1,0.010736879622204402,0,0.0936549136660032,"{""type"":""MultiPoint"",""coordinates"":[]}"
00000000000000000156,118,PASAR MINGGU,PEJATEN TIMUR,3174041005,3.17404100501E12,Tinggi,Pejaten Timur 08,setiap tahun kena banjir,2 jam,1 hektar,710,kiriman air dan curah hujan,008,4,2020,1577865600000,1 m,100,0,-7.134585255298672,-12.804665291474576,-17.767192351548452,1.8628939915864484,6.0227448433429736,-4.017169033473985,-10.964896023400014,2.670853268760385,JAKARTA SELATAN,1,0.8629057924888608,0,0.36357128044973475,4304.393629270136,3810.085538604562,3089.269083231159,537.3444809553762,230.797851559438,-42.58550668557564,150.32593299364942,341.681175109724,43,34.6744509866327,16,6.829904153358022,-1.190661144584205,-17.992204472840626,5.044766121043582,5.5867316464466334,1.0,13.69999885559082,3.5895713317073015,0.0,7.883461952209473,-2.094687206873389,-5.8104023933410645,3.655804143634296,3.7028647733443116,262807.883537,263824.08511810115,15.877336502075195,3.9538834964812652,0.0,12.654191732406616,0.6873172632780787,-3.3050012588500977,2.5022400756527485,2.4945492680753447,23.38735597474235,13.807831483914962,10.42299436521649,9.921552437950893,0.3189818644885547,-3.0688736767183293,3.1166528757010643,3.114611297963165,329.6716003417969,14.092438765121575,0.00849734153598547,314.62983798980713,0.6300246103817607,-15.558372204191983,78.99358024967465,79.42313063437177,1,0.1337126034373011,0,0.3610005574560303,"{""type"":""MultiPoint"",""coordinates"":[]}"
00000000000000000158,40,PASAR MINGGU,PEJATEN TIMUR,3174041005,3.17404100501E12,Tinggi,Pejaten Timur 10,setiap tahun kena banjir,1 hari,5000 m,712,"Jurah hujan tinggi,",010,4,2020,1577865600000,1 m,100,0,-8.437415190571489,-13.738852923821472,-17.767192351548452,1.533029917552058,7.771141772696183,-3.632819835349806,-9.787140714042184,2.928128436863861,JAKARTA SELATAN,1,0.9257551118338618,0,0.28316700498296987,4283.350023716669,3622.8851889471375,3083.6927807006746,545.6163198095142,217.01336559325003,-26.742108416126484,140.2119467832431,336.55533465325226,47,38.16156594065739,17,8.506964856233587,1.2939861713015537,-17.82632587859107,5.157228787819741,5.928341637685801,1.0,15.999998092651367,5.081672564905658,0.0,10.191410064697266,-0.5369389054426357,-5.80343770980835,4.251437708461622,4.283828686779047,261565.634558,262681.56972659624,17.230485916137695,3.727851916349755,0.0,13.988441705703735,0.473733325393054,-3.2752256393432617,2.6608797442835317,2.664762016955916,23.72268946870575,13.736961765813092,10.487153681920521,10.23735119715218,0.22040960207817112,-3.0054902841755347,2.5075976209557798,2.5001492545733965,329.4676513671875,8.974931184576672,0.008497313596308231,314.51076221466064,-4.527054098882631,-15.626228136010468,55.77895713056821,56.04737103137839,1,0.0742448881661379,0,0.28316700498296976,"{""type"":""MultiPoint"",""coordinates"":[]}"
000000000000000001b7,200,PASAR MINGGU,PEJATEN TIMUR,3174041005,3.174041005E12,Tinggi,Pejaten Timur 05,setiap tahun kena banjir,1 hari,1 hektar,914,jurah hujantinggi dan kali meluap,005,4,2020,1577865600000,1m,100,0,-2.6835678964928382,-12.5398806785792,-18.367935482865434,1.9607108217317673,4.878411552663209,-4.361584063861615,-12.58166067619261,2.524700394444418,JAKARTA SELATAN,1,0.8901211412052172,0,0.33938801739328844,4636.456420326374,4071.4537253624508,3344.734433447411,99.01677256064795,-36.18287830398899,-125.09903127474809,44.644739466406676,315.77179251457454,39,31.40630484908971,19,7.562172523964627,0.38429774968306674,-12.310926517569108,4.305167534633989,4.310355171072879,0.9561259678291024,13.100000381469727,7.1004723063535,0.0,7.004639148712158,1.140873103262073,-6.079092502593994,3.969741334686747,4.065476709113198,405475.414119,407087.3640253837,16.333057403564453,3.2529017399093556,0.0,13.360237836837769,0.2579733563278924,-3.0270025730133057,2.531564854582054,2.526898892274895,23.735422291179322,13.382741470553203,10.922412924941721,10.293965760487227,-0.07704363831593969,-2.64887101839318,2.38470417226365,2.395699684108405,331.5750732421875,15.488895276331375,0.008497674949467182,317.29163551330566,2.1955842002634554,-14.67685217782855,68.84794616377148,69.04809216295375,1,0.10364111917954366,0,0.3266403763392791,"{""type"":""MultiPoint"",""coordinates"":[]}"
0000000000000000018f,± 168 KK,PANCORAN,KALIBATA,3174081002,3.17408100201E12,Tinggi,Kalibata 10,,± 1 x 12 Jam,"4 RT Terdampak (RT 001, 002, 008 dan 011)",825,Saluran air dangkal dan sempit,010,4,2020,1577865600000,± 1 meter,100,0,-5.0407082232979725,-11.90035663110833,-15.303087437192836,2.064440322876751,7.907483414534015,-4.362904166786747,-8.334405685543153,2.6468506882056464,JAKARTA SELATAN,1,1.0,1,0.0,4741.072006325661,4517.966421618649,4297.390543770962,22.8715109335717,-45.59160492388533,-109.36587808303193,28.605293629326976,108.0011203275201,34,27.92833423896637,22,5.981725239619614,-0.37162737144864,-6.342236421722209,2.9077059507540053,2.797924813940277,0.9992268828064589,7.299999237060547,4.574539617791682,1.8999996185302734,1.8363189697265625,-1.0696245554902302,-3.6992077827453613,1.8144838955062967,1.752034907054364,57730.360466,58014.280118867006,5.624488353729248,2.669263135441862,0.0,2.568176507949829,-0.44472080609839176,-3.1042282581329346,1.1714833003012741,1.1653742351801268,16.42916205931299,13.240279450188316,11.541792549602313,2.9815609178789213,-0.20422502259898503,-1.907753781012131,1.3918595800844018,1.3881001899211105,0.441887229681015,0.056557920829331185,0.008497864939272404,-10.994918867945671,-12.633247912523919,-13.51252397801727,0.6382167764522391,0.09416316837673776,0,0.0,0,0.0,"{""type"":""MultiPoint"",""coordinates"":[]}"
00000000000000000193,± 250 KK,PANCORAN,RAWA JATI,3174081003,3.17408100301E12,Tinggi,Rawa Jati 07,,± 1 x 24 Jam,"6 RT Terdampak 
  (RT 001, 002, 003, 004, 005 dan 006)",839,Meluapnya Kali Ciliwung,007,4,2020,1577865600000,,100,0,-2.309725445192342,-12.648383423707529,-18.534138641756407,2.522640065495342,9.11863644804567,-5.5782686971707545,-13.129865772430026,3.040692922792071,JAKARTA SELATAN,1,0.6306615382976233,0,0.48999009478921507,5012.811695004283,4445.802485721567,3870.698557220822,227.92563924942442,23.759448733888153,-123.75378591702747,81.84201522779105,299.9077690082781,46,27.426180252938003,11,20.169073482430314,1.6998056107468267,-14.190670926515693,5.371669877791831,5.511141788298758,1.0,13.399999618530273,6.482836425663226,0.0,8.868000030517578,2.0102274053684117,-4.621431350708008,3.7742294665099556,3.8512737152681895,327372.665843,328635.69898500876,16.994848251342773,4.765053750341891,0.0,13.772684812545776,1.614397245246644,-3.3831968307495117,2.782108372137142,2.7725143476135927,26.540282987451103,12.97012338606804,10.454119119159172,13.007237373299606,-0.5208740251257787,-3.0450055022611124,2.7420366316225784,2.7481721481664105,336.3678283691406,20.757236115698433,0.008497943170368671,321.5663900375366,6.845269818995898,-14.928616772405803,82.98962476662047,83.22133178597034,1,0.3443962623991822,0,0.484844321080019,"{""type"":""MultiPoint"",""coordinates"":[]}"
0000000000000000010f,33,JAGAKARSA,LENTENG AGUNG,3174091004,3.17409100401E12,Tinggi,Lenteng Agung 07,,3 jm,20 m,541,luapan kali dari kali ciliwung,007,4,2019,1546329600000,1 m,100,0,-5.384739165860989,-13.055775447827637,-20.395571137645227,1.9906144539353516,8.923547219128757,-5.240346695494182,-14.97358222472808,2.699712266404639,JAKARTA SELATAN,1,0.8050178924049998,0,0.4183991404730074,1049.530224242096,636.4024868775834,207.43162386201809,213.3257066548996,-244.4885788086855,-715.9287944858298,208.96061677494055,180.6612061862358,63,50.83765524292571,37,9.174440894575156,-2.2297867236023907,-15.126134185297545,5.886286636686,6.365287615448886,0.9934645777022886,22.299999237060547,10.424238152398477,0.0,14.366938591003418,2.150648876937272,-9.042645454406738,5.954657877448434,5.81798020828727,347888.014904,349286.71256637806,19.00626564025879,3.9217740530333844,0.0,15.24180793762207,0.13857918306189648,-3.8514363765716553,2.554652147781274,2.560909978258305,26.374016360416668,13.372229756140628,10.466435115809245,12.751851916170857,-0.1851694967303191,-3.0782769924653888,3.2030385680929676,3.209715543001174,284.6663513183594,24.85805637302783,0.008496712893247604,269.9741725921631,10.327130999365892,-15.640328889712691,86.67583433862475,86.83342957371289,1,0.17818229203211608,0,0.3941134909984461,"{""type"":""MultiPoint"",""coordinates"":[]}"
00000000000000000552,588,MATRAMAN,KEBON MANGGIS,3175011005,3.175011005E12,Tinggi,Kebon Manggis 03,,24,16748,2490,Dampak Luapan Kali Ciliwung,003,4,2020,1577865600000,80,80,0,6.031589292396184,-10.457477750589922,-18.511505477796504,3.0210601445354213,18.382626859144196,-3.302789484815079,-13.40594939725629,3.8527632188245797,JAKARTA TIMUR,1,0.9431607888753768,0,0.2368226370187931,3452.3502670087446,2826.1090888602193,2226.3898158654715,228.97417044108033,-32.01682031203372,-160.90728539669317,92.18854210194603,317.8824742734347,22,12.091462662366279,6,9.060830670927613,-1.3389667873851705,-7.748881789136007,3.0004301386315158,2.9250755845748597,1.0,6.0,2.4909390840379304,0.0,3.8842427730560303,0.39064685592724663,-2.1930480003356934,1.549135110967807,1.5402528817975658,395594.731973,397259.89554366184,13.120243072509766,2.4052154349127104,0.0,10.56844162940979,-0.19730418493854068,-2.7513153553009033,1.6596046062188898,1.6389218162521269,26.59797872057141,14.404676205430434,10.504051638512342,12.830178401341676,0.5084058837325645,-3.397897270985787,4.203760190105382,4.1790983442285246,355.9224548339844,53.52657370075922,0.008498708717525005,335.3786964416504,32.01815541408952,-22.210606058128178,133.33619680593094,133.3186967097777,1,0.037690124958141676,0,0.18070684780369523,"{""type"":""MultiPoint"",""coordinates"":[]}"
00000000000000000553,222,MATRAMAN,KEBON MANGGIS,3175011005,3.175011005E12,Tinggi,Kebon Manggis 04,,24,7684,2491,Dampak Luapan Kali Ciliwung,004,4,2020,1577865600000,100,100,0,-2.087920102879226,-11.565929290991525,-16.60806192103893,2.488918940790523,8.931574319237427,-4.281887601254063,-11.543834072651258,3.5105725903561242,JAKARTA TIMUR,1,0.9119628686929181,0,0.2803958023743075,3584.4280636387275,3199.833330079998,2729.913656091607,274.5355963117904,64.17480334201365,-124.06622090960764,95.1799915512842,216.22217171781648,25,12.796143800635493,5,10.87897763578417,-1.3414587124561377,-8.854952076675902,3.826375388985573,3.8621697443514558,1.0,6.200000762939453,2.1917819987753635,0.0,4.087336301803589,0.056870771742266,-2.292792320251465,1.6476814289443482,1.634991484629642,209831.285177,210628.59492472932,9.643638610839844,3.1885850151794375,0.0,7.154901027679443,0.6670411469957747,-2.614861488342285,1.9046102659074573,1.8948292926027366,23.77650707839354,14.018862125774739,10.82008943477742,9.860341360895962,0.07173865664538409,-3.135617015629064,3.7353782612749185,3.73406741891812,343.51495361328125,44.48187636805172,0.00849865097552538,322.3782329559326,23.200062681054963,-22.210606058128178,118.94984468143652,118.99118331775662,1,0.0583420671757249,0,0.23920535789911948,"{""type"":""MultiPoint"",""coordinates"":[]}"
0000000000000000054e,930,JATINEGARA,KAMPUNG MELAYU,3175031001,3.175031001E12,Tinggi,Kampung Melayu 02,,< 24 JAM,5000,2484,BANJIR KIRIMAN DAN CURAH HUJAN TINGGI,002,4,2020,1577865600000,30 s.d. 125 cm,125,30,6.826617917683587,-10.223487328823312,-18.282979651019875,3.9429951953523594,4.731147117729619,-4.892420672562205,-12.495368657448982,3.356025994534405,JAKARTA TIMUR,1,1.0,1,0.0,4117.400169979267,3990.0031599203494,3858.4512421436248,501.8852007195983,352.9596065926568,163.87018624964458,98.56946200498642,67.13556604495237,22,13.67332297906959,7,5.223897763580055,-3.3606967932719423,-10.067092651755502,3.5846374935552325,3.4243318695527263,1.0,5.09999942779541,2.519428768768773,0.0,2.6154115200042725,0.10907958728411397,-2.4346964359283447,1.6203516314804483,1.655042264168647,47247.2771114,47431.714722525816,6.226642608642578,2.9058589084500537,0.9274099469184875,3.6030468940734863,0.2786628647004347,-1.7111005187034607,1.351418338891876,1.3518478180960194,23.420832498312027,13.594842718280045,11.263094657030429,9.784009596160718,-0.06309661037217235,-2.3773293597632783,3.169388651804446,3.1724739833666304,340.8208923339844,22.733972427502103,0.008498547598719597,325.18024730682373,7.143281711590144,-16.139170920476317,105.33781116170148,105.38823388677172,0,0.0,0,0.0,"{""type"":""MultiPoint"",""coordinates"":[]}"
00000000000000000514,18,JATINEGARA,BIDARA CINA,3175031002,3.175031002E12,Tinggi,Bidara Cina 05,,48,400,2374,Luapan Kali Ciliwung,005,4,2020,1577865600000,100,100,0,-0.7511599394444821,-11.876760417765203,-19.097495229977028,2.9714546483045874,7.023425941884156,-5.516514150680644,-13.045161295433449,3.318776737723348,JAKARTA TIMUR,1,0.8164334705075443,0,0.37757347416769327,5118.1415062800825,4867.631207358071,4661.445986162131,576.9823047047612,398.3497694786429,263.94272772785735,65.26052742345155,104.87543638979975,28,21.95423868312757,12,7.63003194888379,1.3157935357219257,-8.769840255589152,3.7728219267335827,3.7527109542533177,1.0,7.100000381469727,4.286351702916443,0.0,4.331131219863892,1.4407640296637758,-2.8917059898376465,2.1614324995464016,2.1483587164966877,127179.293627,127702.77702574607,8.71943473815918,3.6658723264286697,0.0,5.9377970695495605,0.8479915975592257,-2.831225633621216,2.0011332255390633,2.000478062003668,22.960207692416745,13.154000007842992,10.944137202624566,9.348170915129522,-0.5075431344422546,-2.6715877611392695,2.758468249318345,2.755987662584089,339.4696350097656,20.03760631555039,0.008498246781527996,325.22323417663574,5.5591918519263475,-14.850468758493662,90.87078685052616,90.89650836106259,1,0.14417009602194783,0,0.33384220416830257,"{""type"":""MultiPoint"",""coordinates"":[]}"
00000000000000000515,363,JATINEGARA,BIDARA CINA,3175031002,3.17503100201E12,Tinggi,Bidara Cina 06,,48,400,2375,Luapan Kali Ciliwung,006,4,2020,1577865600000,100,100,0,2.571658964095021,-9.98593140059104,-14.34613070120379,3.263390720312324,6.805036237398772,-3.703953226732498,-9.227677179540894,2.850396637355427,JAKARTA TIMUR,1,0.9269690519076468,0,0.3054766312211495,5249.290756032934,5092.293653862807,4930.593412216127,679.3399818253802,559.5525499013746,436.50291020403347,62.193756471474266,89.93731215992864,26,21.130615141094903,13,4.83654952076833,-0.09559220524545055,-8.136996805110101,3.14540975562824,3.137405930418034,1.0,5.5,3.1352601066686376,0.0,2.5254697799682617,0.10754573446038199,-3.0020318031311035,1.9873696023261544,1.987198486989668,63851.4506332,64132.470702609644,6.567720890045166,2.6181339417916636,0.0,3.7594242095947266,-0.20119039671798822,-2.8279757499694824,1.441024153440583,1.4390562435205203,15.955370439189114,12.795402985348565,11.219265098311723,2.309345365207811,-0.8632050923535167,-2.4259697344195335,1.1498260736097152,1.1365409298854205,0.15296834707260132,0.019270738990605604,0.008498218841850758,-13.484452120959759,-14.002805903728925,-14.227446295320988,0.187525144944582,0.03773618833578636,1,0.0504885104524862,0,0.2763853991962833,"{""type"":""MultiPoint"",""coordinates"":[]}"
0000000000000000051b,120,JATINEGARA,BIDARA CINA,3175031002,3.17503100201E12,Tinggi,Bidara Cina 12,,24,200,2381,Luapan Kali Ciliwung,012,4,2020,1577865600000,100,100,0,-2.8470895057898655,-12.768785408447902,-18.251439545529426,2.3931494715806236,10.320572900879766,-2.8245799415184067,-11.337179932687182,3.7105057239785832,JAKARTA TIMUR,1,0.9199774901519414,0,0.26553476535765014,4995.615034733919,4768.3758300980335,4531.324713308207,496.8595893206448,314.9334022442891,120.01859674562911,100.47383699669115,119.56567597403978,30,24.552016507221897,20,7.910543130991687,2.677646189058942,-1.7428753993595514,2.19319549443101,2.259696714322579,1.0,3.3999996185302734,1.0685946032871694,0.0,0.2690603733062744,-2.0951272247477597,-3.179795503616333,0.929533422510545,0.9263142797321678,93060.9271444,93388.8059113644,7.0631890296936035,2.7203717954542053,0.0,4.198624610900879,-0.12864869949272484,-2.875791072845459,1.4143854035734147,1.4233106768783585,19.389357512873325,13.154302548548454,11.135851809868353,5.701576447235192,-0.5089380932624035,-2.5010028809786427,1.809367571272249,1.8143339145800925,0.6033713221549988,0.07325432837366513,0.008498139679431915,-12.07525646686554,-13.162583731248649,-13.870335565879941,0.383518490596194,0.1522567397962046,1,0.0800225098480585,0,0.26553476535765014,"{""type"":""MultiPoint"",""coordinates"":[]}"
00000000000000000457,60,KRAMAT JATI,BALE KAMBANG,3175041005,3.175041005E12,Tinggi,Bale Kambang 03,,7 - 12,190,2037,Luapan Sungai Ciliwung,003,4,2020,1577865600000,80-250,100,30,-5.420296756006198,-12.385712517431026,-16.099482949618608,1.492570780057299,6.523775751648125,-4.600379196736128,-9.11791900641838,2.158834979339048,JAKARTA TIMUR,1,0.9518511886108252,0,0.22482594518270693,3858.4512421436248,3563.2300722506147,3267.9534058899885,356.726208149586,134.18601829431088,-37.80086017076428,82.22100647340892,156.1042367742638,42,36.783386309710366,27,7.839488817894214,2.5891752748839245,-7.8466453674090815,2.6128496531803256,2.3918040274648353,1.0,17.600000381469727,10.13026232878887,0.0,12.204498767852783,4.8447975686644975,-5.513546466827393,5.465533361524735,5.586503501185941,311594.038102,312844.9221000471,8.509882926940918,2.5454064426400724,0.0,5.293944358825684,-0.6699051852598398,-3.2320945262908936,1.4622108271793932,1.4643857397061981,21.670307785880947,12.84618316406831,11.262838641172378,8.153329572227912,-0.6693571290174871,-2.281497226623337,1.3118922382894842,1.312356130160731,326.75701904296875,0.054589368439482054,0.008497360162436962,310.0168876647949,-16.09032342823384,-16.962138914503157,16.057235707686225,16.077225471235963,1,0.048148811389174935,0,0.22482594518270702,"{""type"":""MultiPoint"",""coordinates"":[]}"
000000000000000004b2,36,KRAMAT JATI,CILILITAN,3175041006,3.17504100602E12,Tinggi,Cililitan 15,,30 jam,600,2205,meluapnya Kali Item & Kali Baru,015,4,2020,1577865600000,100 cm,100,0,-4.437244036915491,-12.587352631751568,-18.575908172901475,2.0468625533943694,5.762189243690904,-5.0864623906753,-12.741165840307072,2.445973170917258,JAKARTA TIMUR,1,0.94979357121793,0,0.20322945168094292,3214.8555853169687,2873.6697753393705,2599.1107973211338,-42.216271704924566,-98.86324964727316,-152.19214862078115,25.743932994517973,137.9664762690652,31,26.724085815393693,19,2.987476038341388,-0.9386685202204428,-8.438338658144257,2.4263285489016937,2.4322292965436656,1.0,3.9000015258789062,0.6901136597009297,0.0,-0.44364070892333984,-3.5791685191166853,-4.443769931793213,0.8059392343831489,0.8515058303820782,94653.9401431,95005.94041909264,8.517396926879883,2.9916147019739374,0.0,5.576481819152832,0.07324892269302981,-2.9181926250457764,1.8327437572771366,1.8365510630566964,21.36694608484049,14.744410489758245,10.946278005418602,7.732803516347428,1.1741815844933265,-2.6236976906633043,2.5287335325436215,2.543117832593412,2.4388365745544434,0.6663504862051459,0.008497760631144047,-8.835799813270569,-11.170958802548439,-13.22138088196516,1.1790378807401558,0.8813258079276854,1,0.05020642878207017,0,0.20322945168094292,"{""type"":""MultiPoint"",""coordinates"":[]}"
0000000000000000045d,90 KK,PASAR REBO,GEDONG,3175051001,3.17505100101E12,Tinggi,Gedong 10,,2 jam,700 m2,2059,"Penyempitan kali di hilir (kramat jati) dan wilayah cekungan di rt. 04, 05, 06, 09 rw. 010 Kel. Gedong",010,4,2020,1577865600000,50 - 100,100,50,-3.8091769681969083,-12.829487675663822,-17.040062015474373,1.7999257845305996,5.751738556834276,-5.131937414252602,-9.562541126881175,1.957997893092209,JAKARTA TIMUR,1,0.9742137728789564,0,0.14608952310255038,3230.8765595471127,2844.294997174331,2577.499651299377,357.2407517118563,83.29303376729706,-85.16531040883683,88.69626198857773,141.39651951280814,42,36.79077763171201,30,7.29814696485866,1.1860256321225053,-7.020063897761268,2.9609877586708304,2.7714101193411866,1.0,10.399999618530273,3.292692130443024,0.0,6.620025157928467,-0.6371178468815836,-4.720357894897461,3.313811301360522,3.2055109342048085,207157.270623,207995.81551583155,8.340004920959473,2.918038401527313,0.0,5.327514171600342,-0.08344133320164789,-3.095766305923462,1.4116585037231486,1.4090637214167412,17.323831787591125,13.019792980299064,11.05556422453028,3.6424783201441837,-0.6395103342343318,-2.543767115568313,1.5702508205187575,1.5762843608230206,0.6118035316467285,0.08892180639945314,0.008497245609760284,-5.384662210941315,-10.200162535979493,-12.208159424364567,1.4605098893482744,0.18128381127186424,1,0.02578622712104359,0,0.1460895231025503,"{""type"":""MultiPoint"",""coordinates"":[]}"
0000000000000000045e,13 KK,PASAR REBO,GEDONG,3175051001,3.17505100101E12,Tinggi,Gedong 11,,2 jam,500 m2,2060,Luapan Sungai Ciliwung Rt. 004/011 Kel. Gedong,011,4,2020,1577865600000,100,100,0,8.72841505403676,-12.425447537109212,-20.82572265520224,4.194157222928402,15.740309127560213,-5.441325390847932,-14.429563416683111,4.350959647629488,JAKARTA TIMUR,1,0.6704646414265006,0,0.469416848372609,3477.1876395195422,3272.9043443019477,3038.713994907392,648.9152318173042,388.06187695221405,128.7395445659031,130.8826491880283,110.81985368843836,47,38.4407780912449,20,8.088562300323595,-0.6999569337178604,-19.590798722039914,5.3004663226855895,5.147327295832849,1.0,15.299999237060547,7.815699746566108,0.0,9.638389110565186,1.8772038192614644,-6.341980934143066,4.956214055400792,4.974423213431654,223873.965387,224837.15086577967,16.340862274169922,3.5544026827013964,0.0,12.989459037780762,0.2647220496450766,-3.38720965385437,2.913780580066532,2.947707772012237,26.49963209944448,13.578522058401704,10.27441081632896,12.95518683075284,0.02525036065266967,-3.2884638553326404,2.838515414936232,2.8345476417429887,322.60186767578125,18.93180757570382,0.0084971459582448,307.54737854003906,5.328047765648242,-16.60897067375481,79.61942112495385,80.16004996059824,1,0.3291145159530527,0,0.46818897065254667,"{""type"":""MultiPoint"",""coordinates"":[]}"
000000000000000005ab,49,PASAR REBO,BARU,3175051002,3.175051002E12,Tinggi,Baru 01,,1-2 Jam,50 m,2638,Volume /Intensitas Air yang besar dan penyempitan kali Cijantung,001,4,2020,1577865600000,60-100 cm,100,60,2.407119411840748,-12.690959865092593,-16.806725263950177,2.1973471517076053,11.035313418368393,-3.7228454031117155,-10.101286545656366,2.8499809619910312,JAKARTA TIMUR,1,0.7614383410544895,0,0.4378471148485637,1529.9400624354655,1207.5957987883128,855.2624952764933,-60.37466033314513,-234.25038954991777,-393.98904874639595,65.39533366012482,147.23495378018154,54,45.087359364659186,32,7.568690095850876,-1.0629572358578625,-13.581086261978129,4.749212432318623,5.029907352418468,1.0,17.0,7.776905675933366,0.0,8.777750968933105,-0.2355665242884971,-8.300064086914062,4.7505302783297525,4.600157445036987,237095.647874,238038.43059296283,12.021406173706055,3.683795176962648,0.0,8.234130620956421,-0.07213297499322835,-3.783958673477173,2.3025353006167792,2.325490529135479,23.7099986337852,13.773635274075527,10.594171451007718,10.042966846662617,0.09769302833547802,-3.071019935490913,2.7716451606474934,2.776988877442549,20.313636779785156,2.887617323969838,0.008496837690472603,3.0276565551757812,-13.755242344889492,-19.164152456447482,6.675694744243963,7.04762502071227,1,0.22573718655783523,0,0.43074098439171926,"{""type"":""MultiPoint"",""coordinates"":[]}"
000000000000000005ac,15,PASAR REBO,BARU,3175051002,3.175051002E12,Tinggi,Baru 02,,1-2 Jam,42 m,2639,Volume /Intensitas Air yang besar dan penyempitan kali Cijantung,002,4,2020,1577865600000,80-100 cm,100,80,-4.264753513041795,-12.565132277092705,-16.57754006837652,2.2434249858052646,4.319290710504411,-4.3200734136654715,-9.692581779927236,2.5067877836508603,JAKARTA TIMUR,1,0.8217799440382706,0,0.4026305545514098,1120.898770843552,891.2704463125511,675.3484381614854,-236.80160761752472,-353.9624876947774,-480.2449096379779,59.55065234275826,113.10013134451366,56,46.14328910551494,35,9.30913738019585,-0.6431112080005478,-11.884600638973751,6.1576520175555425,6.112834660926471,1.0,13.800003051757812,6.214018286216001,0.0,5.500092506408691,-2.163785465530394,-8.709737777709961,5.13594074079814,5.084168956400402,77303.2803065,77629.4806792924,13.677239418029785,4.546375963624737,0.9274099469184875,9.85628080368042,0.7279527372714142,-2.902403771877289,2.505230909731364,2.5078552037310087,20.90277539789819,13.419529761129613,10.97871076591535,7.287619188595864,-0.2554318799752996,-2.7111107777443326,3.155912752508438,3.1467928997240238,19.744346618652344,3.445247435271183,0.008496851660311222,1.8676433563232422,-14.637430427176968,-18.582403922453523,8.00105637780453,7.994169871499482,1,0.17822005596172938,0,0.4026305545514098,"{""type"":""MultiPoint"",""coordinates"":[]}"
000000000000000005ad,10,PASAR REBO,BARU,3175051002,3.175051002E12,Tinggi,Baru 03,,1-2 Jam,40 m,2640,Volume /Intensitas Air yang besar dan penyempitan kali Cijantung,003,4,2020,1577865600000,80-100 cm,100,80,-3.8398320004524438,-12.233884947692099,-19.856032885861225,2.3217761600388642,1.5188409405271321,-6.345073516126246,-15.145126891329216,2.330538814035212,JAKARTA TIMUR,1,0.546889715389404,0,0.49998827158321735,1037.1581193100906,788.0056105111555,463.8312116386399,-111.29750714426632,-327.2416273030225,-575.6150455453242,108.25937996495549,147.04657550353244,55,42.38400881127587,31,7.553738019171583,-5.328870433861664,-17.775974440891034,6.269373272247473,6.106043376515938,1.0,20.60000228881836,6.410866242633945,0.0,12.793395042419434,-1.0172936794681613,-7.942607402801514,5.625361156389549,5.709120343589591,218456.521903,219325.6951534576,11.518553733825684,4.062035318403564,0.0,7.7248594760894775,0.2746435274266739,-3.811001777648926,2.546814784828162,2.5496379117872077,23.62807850496594,14.6243336656308,10.649994155091159,10.138975530581746,1.0745138245509518,-2.9283266149028506,4.290515463913854,4.277906344441354,295.6181945800781,64.63697049327736,0.00849690567702055,280.8790912628174,48.47855094822019,-17.844065023586154,129.96131611062177,129.58756531956783,1,0.41995626286973026,0,0.4976959486187657,"{""type"":""MultiPoint"",""coordinates"":[]}"
000000000000000005ae,10,PASAR REBO,BARU,3175051002,3.175051002E12,Tinggi,Baru 04,,1-2 Jam,48 m,2641,Volume /Intensitas Air yang besar dan penyempitan kali Cijantung,004,4,2020,1577865600000,80-100 cm,100,80,5.56541178189756,-12.895055464625537,-19.439701604400852,3.2828518804649254,14.262100997164577,-6.6315425691192695,-14.281998174371177,3.53928394173717,JAKARTA TIMUR,1,0.2612318332036082,0,0.4416429652453101,1622.7464894356312,1118.4263103975577,706.486653451565,-138.38531699481769,-270.04489054772847,-461.8580540063549,63.0198794344331,192.9303055076366,54,41.931964629773724,26,8.223386581471345,-3.8491936889170835,-18.14645367411957,7.9510282515222945,8.418201810573791,1.0,20.60000228881836,8.150900560866674,0.0,12.742033958435059,0.5203851389539047,-8.024347305297852,7.207259533452505,7.340542806255825,273340.394655,274428.4467590905,17.702268600463867,4.480264217795042,0.0,14.073427677154541,0.8251771816844276,-3.7720746994018555,3.6804027685190874,3.6746771482047094,26.412909212160113,14.047838248520224,10.18945050771232,12.846382060378163,0.43292703594197096,-3.4244967741421206,3.9625471282996316,3.962665111588263,296.2044677734375,44.62774572002872,0.008496913127601147,279.6637439727783,26.74463492648296,-18.980578050017357,111.50893472761787,111.31989636715244,1,0.683135343430605,0,0.4723539142868354,"{""type"":""MultiPoint"",""coordinates"":[]}"
000000000000000005af,12,PASAR REBO,BARU,3175051002,3.175051002E12,Tinggi,Baru 05,,2-3 Jam,50 m,2642,Volume /Intensitas Air yang besar dan penyempitan kali Cijantung,005,4,2020,1577865600000,80-100 cm,100,80,-4.673810033448335,-12.014560671653264,-14.8836208803007,2.0542941585427648,5.442455960843787,-3.0913391320375414,-7.342660166690531,2.850499945673739,JAKARTA TIMUR,1,0.6436827027561002,0,0.4891125055402159,706.486653451565,560.1816743878277,414.86324772403617,-432.9713368423543,-540.5819445544774,-653.2856395538604,57.690356360467405,80.51229913028035,57,49.91484737725972,43,8.581214057512021,1.6541970567178113,-4.658402555906399,3.6128704613575344,3.821302080522009,1.0,13.5,8.22630772359355,0.0,4.9751176834106445,-0.44352059183909287,-8.748805046081543,3.820941450827464,3.797330883137161,35356.0276837,35446.18338128659,7.064108848571777,3.1255136048571237,0.9274099469184875,3.284639835357666,-0.6568664029736676,-2.8836668133735657,1.412448073411839,1.4072741724510434,20.90277539789819,13.353441879732427,11.482038408705867,7.287619188595864,-0.2413036339361027,-2.0949990799787237,2.489478974578302,2.49491656311721,19.48944091796875,1.7344620921581428,0.008496851660311222,1.853982925415039,-15.978574968718243,-17.79011800326407,6.177062216659282,6.169436333276175,1,0.35631729724390016,0,0.4891125055402159,"{""type"":""MultiPoint"",""coordinates"":[]}"
000000000000000005b2,64,PASAR REBO,CIJANTUNG,3175051003,3.175051003E12,Tinggi,Cijantung 05,,3 Jam,500 M2,2651,Kiriman Hujan Dari Bogor sehingga saluran Kali Cijantung tidak lancar dan tidak dapat nempung depot air yang tinggi,005,4,2020,1577865600000,50 cm s.d 100 cm,100,50,2.4363169559893425,-13.680814576897115,-20.535828049392002,2.248869884719575,2.1024683502066117,-7.169385431709763,-14.494795892595578,2.3949008792576176,JAKARTA TIMUR,1,0.3098002017555746,0,0.4533149242980913,2627.1032952506102,2031.0763018626005,1391.4936349159198,47.15764290435891,-134.7173027554345,-254.01914850346952,48.00392141218577,238.17409970550113,52,38.49850188957646,25,8.990415335466736,-4.528636999232636,-16.36971246005845,5.7067535776712,5.942399831744043,1.0,16.700000762939453,6.375808567076584,0.0,9.346019744873047,-0.9641113990256033,-7.9994378089904785,4.955141846417879,5.040487278918138,463130.930457,465034.993598083,14.63025951385498,4.666355418815131,0.0,11.173843622207642,1.1446600670522262,-3.5360171794891357,2.6119123308003305,2.6142741658379274,26.416436376846693,14.15533366495371,10.39053849594072,12.769851981200484,0.5496127629953631,-3.2366689064012064,4.032113941517171,4.0308726305106655,297.02020263671875,33.651633539025724,0.00849695224314928,282.4568862915039,19.234741200122453,-17.902464198879898,92.97949415488178,93.58512737869928,1,0.6329855308128943,0,0.47499302169417235,"{""type"":""MultiPoint"",""coordinates"":[]}"
000000000000000005b4,50,PASAR REBO,CIJANTUNG,3175051003,3.17505100301E12,Tinggi,Cijantung 09,,3 Jam,100 M2,2655,Kiriman Hujan Dari Bogor sehingga saluran Kali Gongseng tidak lancar dan tidak dapat nempung depot air yang tinggi,009,4,2020,1577865600000,50 cm s.d 100 cm,100,50,-0.8831235864221048,-11.206572292753751,-16.878142720630912,2.697518488112201,10.19528831164581,-3.8397088153321453,-10.300173408449819,3.1435474051607053,JAKARTA TIMUR,1,0.949104447118113,0,0.225862863402123,2324.715369545493,2068.526292619125,1827.2830589855034,172.778327793774,62.52162525637656,-40.293328022472224,44.60214311952376,118.9011490608141,58,47.425756509500346,39,8.38159744409338,-3.224951929443237,-12.761277955267161,5.077801063377573,4.675851379238105,1.0,9.10000228881836,1.9559701555543954,0.0,2.499171733856201,-4.651590008066802,-7.10313081741333,2.1755153903965,2.1804128820267006,153614.769939,154265.1233620976,8.736031532287598,2.9105273192809613,0.0,5.826452970504761,-0.0022349535102365223,-2.904649496078491,1.6297441350845154,1.6291477726212664,21.005023305020117,13.613122503276426,10.920420341215278,7.569722705856464,0.2040767637772397,-2.4699780346389044,2.4207363945772924,2.4233092991355947,1.325457215309143,0.32037643498174123,0.008496726863086224,0.856931746006012,-0.15736477023981255,-0.5828030351549387,0.5244070543320355,0.5318686043742915,1,0.047967129009557095,0,0.21590897593671804,"{""type"":""MultiPoint"",""coordinates"":[]}"
000000000000000005b5,42,PASAR REBO,CIJANTUNG,3175051003,3.17505100301E12,Tinggi,Cijantung 11,,3 Jam,100 M2,2657,Kiriman Hujan Dari Bogor sehingga saluran Kali Gongseng tidak lancar dan tidak dapat nempung depot air yang tinggi,011,4,2020,1577865600000,50 cm s.d 100 cm,100,50,-4.9709384445654825,-13.511796687209596,-16.920533910303142,1.6672666089906327,4.704315959050607,-2.852233223393096,-8.550183970985572,2.235576476888574,JAKARTA TIMUR,1,0.9841246959185511,0,0.1841746130332232,2141.6750118583345,1878.6354312109481,1487.155996831178,295.8374673958624,113.17401338595995,-70.6475757537819,82.97481740748934,166.26736829557734,53,44.03068744931977,37,4.314376996810047,-4.521139923662692,-12.011246006385498,3.500516028567773,3.448081635891679,1.0,16.0,6.003629594433899,0.0,8.29102897644043,-1.1396104746889941,-7.041469573974609,3.9912103505921617,4.176373470571503,193541.541383,194322.48006579286,6.686110496520996,2.6098252493547456,0.0,3.442993640899658,-0.6257452624017498,-3.335376262664795,1.3383674248374153,1.332266088619503,21.760319017814922,13.822184674019347,11.403268834831175,8.334088513858637,0.35754918007877706,-2.078173441566136,2.0172550614706806,2.009808187913022,2.8463826179504395,0.20037699826645752,0.008496780879795551,2.099021553993225,-1.7036080230990063,-6.2729248236864805,1.6467592723912958,0.6677089936694612,1,0.014145418506171728,0,0.16308301363396954,"{""type"":""MultiPoint"",""coordinates"":[]}"
000000000000000005a8,12 KK,PASAR REBO,PEKAYON,3175051005,3.175051005E12,Tinggi,Pekayon 02,,4 jam,1400 m,2629,Curah hujan yang tinggi dan saluran air yang tersumbat/mampet di Rt. 007/02 dan Rt. 001/09,002,4,2012,1325404800000,100 cm,100,0,7.731727746679706,-13.628161259359036,-23.05893414289806,2.525506505755354,10.455889450082587,-5.482896202734027,-16.87280487623007,2.734243220813632,JAKARTA TIMUR,1,0.804171381321264,0,0.3900750337162745,1495.8107119745314,1073.023792736749,586.705231461481,136.44632969295458,11.294051850584966,-193.4809143287623,67.71740610757905,226.25695810113675,65,58.82585516581077,49,6.222364217259617,0.11356005203015875,-10.028753993603459,3.5193237012299368,3.718443665953701,1.0,8.60000228881836,2.4710770076659077,0.0,3.017228603363037,-3.338845817307517,-6.2216105461120605,2.3415432620532552,2.358294125856305,320480.437082,321811.0436862475,10.260601997375488,3.077798919309156,0.0,7.276064872741699,0.0638144250522396,-3.054278612136841,1.7789949117165689,1.778701302822719,20.4877550669703,13.529690228977477,10.756563779102883,7.0712159751078545,0.11251483854144236,-2.633411277117432,2.1844390011087915,2.1844666491710676,0.9176156520843506,0.19083024782477764,0.00849646981805563,0.1714078187942505,-0.7163288389618823,-0.9699474303051829,0.32907710671357704,0.3080308631766077,1,0.1703259639655323,0,0.3654593916202925,"{""type"":""MultiPoint"",""coordinates"":[]}"
