system:index,Jumlah_KK_,KECAMATAN,KELURAHAN,KODE_KEL,KODE_RW,Kategori_B,Kel_dan_RW,Keterangan,Lama_Genan,Luas_Genan,OBJECTID,Penyebab_B,RW,TINGGI,Tahun,Tahun_Banj,Tinggi_Gen,Tinggi_Max,Tinggi_Min,VH_dry_max,VH_dry_mean,VH_dry_min,VH_dry_stdDev,VV_dry_max,VV_dry_mean,VV_dry_min,VV_dry_stdDev,WILAYAH,builtup_max,builtup_mean,builtup_min,builtup_stdDev,dist_river_max,dist_river_mean,dist_river_min,dist_river_rel_max,dist_river_rel_mean,dist_river_rel_min,dist_river_rel_stdDev,dist_river_stdDev,elevation_max,elevation_mean,elevation_min,elevation_rel_max,elevation_rel_mean,elevation_rel_min,elevation_rel_stdDev,elevation_stdDev,frac_dalam,hand_max,hand_mean,hand_min,hand_rel_max,hand_rel_mean,hand_rel_min,hand_rel_stdDev,hand_stdDev,luas_area,luas_rw,slope_max,slope_mean,slope_min,slope_rel_max,slope_rel_mean,slope_rel_min,slope_rel_stdDev,slope_stdDev,twi_max,twi_mean,twi_min,twi_rel_max,twi_rel_mean,twi_rel_min,twi_rel_stdDev,twi_stdDev,upstream_area_max,upstream_area_mean,upstream_area_min,upstream_area_rel_max,upstream_area_rel_mean,upstream_area_rel_min,upstream_area_rel_stdDev,upstream_area_stdDev,vegetasi_max,vegetasi_mean,vegetasi_min,vegetasi_stdDev,.geo
000000000000000002a0,138,SAWAH BESAR,PASAR BARU,3171021001,3.171021001E12,Rendah,Pasar Baru 05,Dibawah jalan kartini raya,12 Jam (setengah hari),-,1354,"1. Intensitas hujan tinggi;
2. Meluapnya air sungai ciiwung;
3. Kurangnya resapan air disekitar wilayah;
4. Sempitnya saluran air di sekitar wilayah",005,2,2020,1577865600000,sebetis dan dijalan sedengkul dan kartini,30,15,2.4719785167048576,-8.901074487080324,-17.0835470764852,3.2391653028588223,10.097814540642922,-3.187978942596151,-10.53996414691661,3.3608421107043887,JAKARTA PUSAT,1,0.9853577611079054,0,0.12338875467614277,1288.7498256496885,989.749772885954,675.3484381614854,84.25423464461096,-212.63162739403973,-544.4209318921376,175.02415852241336,163.0865885196222,13,7.482568763223696,1,6.669841067613232,1.190023676610525,-5.438258432339017,2.1183007977912847,2.0910052879033447,1.0,2.8000001907348633,2.04432591152182,0.0,1.007073998451233,0.251821022253583,-1.7909036874771118,0.5786300173149742,0.5792778199306626,145014.180698,145692.48200547943,9.06704044342041,2.958675270393894,0.0,5.110238313674927,-0.9600578619009209,-3.951263189315796,1.8643233263479628,1.8757239092851405,18.95125010038509,12.903557658165363,10.920773936596321,5.624918296448135,-0.45682696146430557,-2.4318541026651985,1.4216657319510873,1.4174901565400133,1.5298954248428345,0.03631557114818208,0.008499491959810257,-8.522144675254822,-9.88375346110467,-10.146730076521635,0.16814644412620974,0.12094227168080338,1,0.009617234083477588,0,0.10100988630033723,"{""type"":""MultiPoint"",""coordinates"":[]}"
00000000000000000255,240,SAWAH BESAR,MANGGA DUA SELATAN,3171021005,3.171021005E12,Rendah,Mangga Dua Selatan 01,-,5 Jam,"RT 05, 07 dan 08",1250,Hujan deras dan meluapnya kali ciliwung serta pasangnya air laut,001,2,2020,1577865600000,30 cm,30,0,-0.817480631381467,-11.187645446712118,-16.924880731390594,2.3828284983012264,10.376125377729846,-5.486175227655062,-10.563133148558578,2.7367492782646643,JAKARTA PUSAT,1,0.8594725884802217,0,0.33145951395485673,524.765112121048,290.79034370828964,92.76624232772798,-380.7990882339759,-595.9995225093616,-780.5017232910259,100.47019266588053,110.58774050335128,11,5.804104292653912,-1,5.40583495237968,0.22294145608379495,-6.6571965474451975,2.1601347414011087,2.156763054733485,1.0,1.4000000953674316,0.3677679673406003,0.0,-0.410730242729187,-1.4353070153381229,-1.815486192703247,0.4057287983361373,0.41178539842420486,140732.427615,141294.25095889138,6.566623210906982,2.5494995027000535,0.0,3.0579893589019775,-0.9571492145779912,-3.5741631984710693,1.329459838444089,1.3227158991512196,18.844593028746498,13.27214631039062,11.321650196474993,5.408227358773329,-0.1156173132748556,-2.0869011575679277,1.5013068902889461,1.5069243877392673,2.473374128341675,0.0856672562329403,0.008499663323163986,-6.974167585372925,-9.17196516004757,-9.517852250486612,0.4429239274279199,0.45989852431558365,1,0.1342073956577773,0,0.3254506862391634,"{""type"":""MultiPoint"",""coordinates"":[]}"
00000000000000000258,80,SAWAH BESAR,MANGGA DUA SELATAN,3171021005,3.171021005E12,Rendah,Mangga Dua Selatan 04,Sudah dihubungi,1 - 2 Jam,1 RW (10 % ),1253,Intensitas hujan yang tinggi serta kiriman air dari bogor,004,2,2020,1577865600000,10 - 30 Cm,30,10,-6.511023027111273,-10.875586860660894,-14.824830291644144,1.8647726155791544,5.4712824080684985,-5.5240738079104315,-9.358508085487866,2.619552055984148,JAKARTA PUSAT,1,1.0,1,0.0,463.8312116386399,340.44414389964425,207.43162386201809,-384.4158509629049,-511.7754728158023,-647.3017105250838,60.82355429762234,59.77766608137838,7,4.013349514563107,1,1.7336369716811202,-1.1885594131956576,-4.179985348922693,1.637080009295714,1.6747829588288967,1.0,2.200000047683716,1.3196429802045413,0.0,0.5125511884689331,-0.33731821065719514,-1.647483229637146,0.7937641078356595,0.8075966703849604,20103.6154775,20200.09429918101,5.938413619995117,2.6915063212487476,0.9274099469184875,2.8062994480133057,-0.46153553376870743,-2.281479299068451,1.3706175313529563,1.359806717399888,19.13932731893599,14.08867618779435,12.251308606685814,5.598193840011545,0.5620074189983715,-1.288238164497649,2.2691810426940857,2.2747238987127827,3.340348720550537,0.5901635962876849,0.008499732241034508,-6.310984373092651,-9.211818322567101,-9.863415483385324,1.4700873399349568,1.4395237639514928,0,0.0,0,0.0,"{""type"":""MultiPoint"",""coordinates"":[]}"
0000000000000000025c,150,SAWAH BESAR,MANGGA DUA SELATAN,3171021005,3.17102100501E12,Rendah,Mangga Dua Selatan 10,-,1 Jam setelah hujan berhenti,45 dan 60 (dijalan),1257,curah hujan intensitas lebat dan ekstrim,010,2,2020,1577865600000,30 cm,30,0,-0.7040673035036269,-11.084211697673737,-18.324356569382907,3.2479826789448656,8.025956842422254,-4.464591521729775,-13.690757376647836,3.556608443493366,JAKARTA PUSAT,1,0.9321602559441575,0,0.25999966613226416,927.6624232772798,554.4298854846248,185.53248465545596,-29.106964278738815,-350.9387771718422,-689.3078351133164,134.1292278045908,152.7284134905313,14,7.135218982525026,0,9.064273656715017,1.8774893653744984,-5.202917476195958,2.83313823117005,2.92414290141561,1.0,2.700000286102295,1.0381444492297098,0.0,0.9745651483535767,-0.7400218579292346,-1.813627004623413,0.6584882413471101,0.6564947021927926,287865.638713,288992.71917937516,9.240738868713379,3.3375635201456753,0.0,5.7755396366119385,-0.12711891399109088,-3.5162646770477295,1.860353607522528,1.8586480258369626,17.796251577031857,12.562949912095915,10.863669300412896,4.344081852119187,-0.8747229428406347,-2.5668106312666588,1.3389785533926015,1.33555413521502,0.9179623126983643,0.038214451328629905,0.008499663323163986,-7.151446104049683,-9.189375467398907,-9.818358816206455,0.3805725793365183,0.16717163933403534,1,0.05144332145713663,0,0.21137108216357317,"{""type"":""MultiPoint"",""coordinates"":[]}"
0000000000000000002d,500,TANJUNG PRIOK,SUNTER AGUNG,3172021006,3.17202100601E12,Rendah,Sunter Agung 10,,,,70,"Hujan deras, air dari hulu",010,2,2020,1577865600000,10  -  30 cm,30,10,8.886804481023557,-9.453572136968639,-17.90418256881152,3.634893501032578,9.425260010529811,-4.2018107726020295,-13.252831331255658,3.4389960774263764,JAKARTA UTARA,1,0.9598442542330172,0,0.20571748877883914,1659.4529908961447,1293.5209406371832,829.7264954480723,666.7257055723878,336.7431400829264,-58.84687404392457,153.08795808184556,184.52063366486797,10,5.191365701790756,-3,5.97471095964284,0.8433478045974581,-7.364015670290069,2.1694290018107893,2.106962601467845,1.0,4.800000190734863,1.6854667320271317,0.0,2.862086057662964,-0.2808873862525472,-2.0235257148742676,1.4632399303249952,1.4597346136060099,429067.791109,430815.5657844323,9.597153663635254,2.7572382755704217,0.0,6.27579927444458,-0.6044812253888974,-3.3979852199554443,1.4885507927442105,1.490078570155877,25.41729566641277,13.755284706573914,10.82512822461659,11.997870445710511,0.3391651001973217,-2.656830371786816,2.9156290731652508,2.9185463206041202,110.68669128417969,6.824682541692376,0.008499663323163986,107.85556602478027,3.9407805096512107,-3.060271630063653,31.085661618716912,31.05191134236185,1,0.02960470163630602,0,0.17918539545651638,"{""type"":""MultiPoint"",""coordinates"":[]}"
0000000000000000032a,532,TAMAN SARI,TAMAN SARI,3173031001,3.173031001E12,Rendah,Taman Sari 01,,1 jam,100-250m2,1632,Luapan Kali Tamansari,001,2,2020,1577865600000,30cm,30,0,5.6732140018060875,-9.084623863655136,-18.966046799291128,3.4461480720553985,9.972050709691956,-3.430955225433708,-13.157596220635662,3.246542480397897,JAKARTA BARAT,1,0.9558333448566728,0,0.2054594257152527,1037.1581193100906,746.9899028013164,371.0649693109119,112.34295379448099,-158.1130990082782,-518.9022861215841,158.6164925100124,174.67326166144974,13,6.268830288867074,1,7.200146510808656,0.35104292200362214,-5.001369557605508,2.5222972082805,2.5067810987950505,1.0,1.8000001907348633,0.8205594885198776,0.0,0.09997737407684326,-0.9074031970705257,-1.7857980728149414,0.5204078987571669,0.5145248039060712,252231.697459,253272.89057782092,10.461448669433594,3.13643472686348,0.0,7.012692928314209,-0.4189636216890661,-3.689473867416382,1.7280880816031856,1.702183484358038,19.35672686707919,13.330216220028209,11.191644365623853,5.961983550974018,-0.061764186385585,-2.2166066783683984,1.745986961394128,1.7406441035905282,2.405376672744751,0.10824378483950006,0.008499577641487122,-7.1885316371917725,-9.856572418944431,-10.161160036921501,0.394453306358241,0.3060993340528802,1,0.030062087752533998,0,0.1747873208478873,"{""type"":""MultiPoint"",""coordinates"":[]}"
0000000000000000032b,1408,TAMAN SARI,TAMAN SARI,3173031001,3.173031001E12,Rendah,Taman Sari 02,,1 jam,100-250m2,1633,Luapan Kali Beton,002,2,2020,1577865600000,30cm,30,0,-2.020812112125883,-9.446329786227501,-15.444276612221287,2.4116420773807943,3.1335949306887723,-3.8825471537860463,-10.090997862604716,2.4758566787517378,JAKARTA BARAT,1,1.0,1,0.0,1057.6978978086688,842.2853034255246,593.993774664244,203.10902921303182,-16.733725957115734,-267.0649935438887,103.3089630041255,104.69200962548517,11,6.769743757022215,1,5.146924865428534,0.8475748430250853,-4.935535242225055,1.7264676288821812,1.7002178192308939,1.0,1.9000000953674316,1.0349569591493042,0.0,0.23271656036376953,-0.6382178173324073,-1.6593592166900635,0.6030058396388392,0.6110685451848784,96258.1008977,96639.65183545164,8.50893497467041,2.1386232968278147,0.0,5.08091139793396,-1.2590749778085986,-3.4322760105133057,1.4931439112240914,1.4910755116729169,17.944613946649792,13.353744544671049,11.326260539446135,4.479709487273681,-0.09182049501421714,-2.1280933287870134,1.9394543316739965,1.9485981403861474,1.0369393825531006,0.1609034393430509,0.008499602787196636,-8.91293740272522,-9.906006447338877,-10.197509308345616,0.4058182704376001,0.38929223046467704,0,0.0,0,0.0,"{""type"":""MultiPoint"",""coordinates"":[]}"
0000000000000000032c,474,TAMAN SARI,TAMAN SARI,3173031001,3.173031001E12,Rendah,Taman Sari 03,,1 jam,100-250m2,1634,Luapan Kali Beton,003,2,2020,1577865600000,30cm,30,0,-2.6580249016534765,-8.005166500104034,-12.642702548556757,2.124064921248529,0.49450073360599206,-3.545755338617058,-6.449454304173405,1.7833129424933787,JAKARTA BARAT,1,1.0,1,0.0,1132.3562962360413,1045.2317328082077,913.6415294927517,255.96274375768712,153.9933174577849,20.08873717681206,66.77812500886327,64.02431166113723,9,5.153035384299502,1,2.945631748251703,-0.8996782234081903,-5.039749020611543,1.5906043719532306,1.592426520195585,1.0,1.6999998092651367,0.7492436742922927,0.0,-0.009048819541931152,-0.9219139233383503,-1.6580661535263062,0.46840455730820935,0.47423569155340956,50995.5601776,51200.76319440316,6.226043701171875,2.628691619695411,0.0,2.603914499282837,-0.9073699453668291,-3.5509848594665527,1.249704141076437,1.256252604443948,20.62834519894233,13.354316947254256,11.403839735501535,7.183222046879214,-0.0738945626822747,-2.0166050031322236,2.1143811093436358,2.120317153832397,0.9094451069831848,0.1757017307167173,0.008499577641487122,-9.268166244029999,-9.986633635593785,-10.22826723754406,0.32486797749184176,0.34733682995253107,0,0.0,0,0.0,"{""type"":""MultiPoint"",""coordinates"":[]}"
0000000000000000032d,686,TAMAN SARI,TAMAN SARI,3173031001,3.173031001E12,Rendah,Taman Sari 04,,1 jam,100-250m2,1635,Luapan Kali Tamansari,004,2,2020,1577865600000,30cm,30,0,-2.449111306715773,-9.473857502985075,-14.398029427863793,2.4842540115915157,2.9270999578850985,-3.005357801766462,-7.07319189145843,2.307839520470745,JAKARTA BARAT,1,0.9768331887533807,0,0.1988381600204733,1220.1494165879717,1109.5029691867453,1020.4286656050078,270.0671674414417,158.54220198583047,47.76144691467937,61.69454504090602,62.243022765446064,11,7.017145481451244,2,4.850973022895748,0.8534197493469468,-4.272828614203351,2.0071188219262006,1.9892366342585297,1.0,2.1999998092651367,1.4860539040456242,0.6999998092651367,0.45799577236175537,-0.24041215611968947,-1.0081188678741455,0.3947858066642939,0.4073404598230416,68355.4449357,68659.5039064678,6.226046562194824,2.6049063855417844,0.0,2.603914499282837,-1.1101916380979016,-3.795320987701416,1.3397096029696671,1.3343420807495174,17.054138223928632,12.703177715874821,11.263310257356965,3.6771701848655773,-0.6735168886859573,-2.123520545658314,1.053216364553683,1.0544360786307776,0.042497750371694565,0.014081506554198724,0.008499552495777607,-10.071181818842888,-10.16276797771306,-10.276596907526255,0.0457139303963229,0.009791198267745846,1,0.023166811246619387,0,0.1988381600204733,"{""type"":""MultiPoint"",""coordinates"":[]}"
0000000000000000032e,754,TAMAN SARI,TAMAN SARI,3173031001,3.173031001E12,Rendah,Taman Sari 05,,1 jam,100-250m2,1636,Luapan Kali Beton,005,2,2020,1577865600000,30cm,30,0,-5.390853220343544,-9.427753662313165,-13.404033107926498,1.7325157490989558,0.4426710717722073,-2.999911279845321,-6.2513833719211895,1.6857017388054356,JAKARTA BARAT,1,1.0,1,0.0,1187.987549328488,1122.0807191273177,1049.530224242096,264.5873652884137,207.44977704432395,127.69038495910956,37.075931355464434,38.49315288218185,8,5.441838649155723,2,1.8077204828441618,-0.763901900025911,-4.3317195910482855,1.5990527714928084,1.5631495878235149,1.0,1.0999999046325684,0.7236226588289384,0.0,-0.5722808837890625,-0.9600185976690464,-1.6873745918273926,0.4466803156884567,0.4503518680674531,40914.986305,41094.76154981593,5.848976135253906,2.384092121808049,0.0,2.1215577125549316,-1.2664449331897853,-3.6680071353912354,1.436520274376826,1.46282276131321,20.609476411283303,14.006296787940736,11.486819905347769,7.17992727909585,0.5911497413406758,-1.9183618671935392,2.1818622719477663,2.18466404645125,0.8924458622932434,0.20986316138948358,0.008499563671648502,-9.232187926769257,-10.009932111206032,-10.290710464119911,0.34617545775803504,0.34878983023483484,0,0.0,0,0.0,"{""type"":""MultiPoint"",""coordinates"":[]}"
0000000000000000032f,624,TAMAN SARI,TAMAN SARI,3173031001,3.17303100101E12,Rendah,Taman Sari 06,,1 jam,100-250m2,1637,Luapan Kali Tamansari dan beton,006,2,2020,1577865600000,30cm,30,0,-2.217310787587838,-9.316189460727237,-15.367431873503481,2.787171495971135,5.5791637201002775,-2.2823600636430865,-8.48652012692108,2.687813429884793,JAKARTA BARAT,1,1.0,1,0.0,1302.0362575498923,1168.7740423110015,986.1186824432255,312.82325458116804,203.9502422966981,47.92958750653338,72.04788704093568,89.71987804242309,12,6.941176470588233,2,5.692199891704808,0.6429960625593846,-4.3317195910482855,2.218482406829434,2.223909637986239,1.0,2.6000003814697266,1.537545413664855,0.0,0.86027991771698,-0.19085867959729222,-1.7001242637634277,0.7313181725694916,0.7350420081883005,60370.7226882,60600.05460501296,7.230140209197998,2.854751122133399,0.0,3.4373135566711426,-0.9249191767265302,-3.8107731342315674,1.6806236526423324,1.6786929672256514,20.29931840465661,12.99402641072018,11.112408800932652,6.880018831453301,-0.38734650861703984,-2.2623123098167,1.779261418782316,1.7911118374743489,0.7734519243240356,0.05935409806255002,0.008499524556100368,-9.557427287101746,-10.203606696821545,-10.406821804121137,0.19466463990983635,0.20679947834090223,0,0.0,0,0.0,"{""type"":""MultiPoint"",""coordinates"":[]}"
00000000000000000330,824,TAMAN SARI,TAMAN SARI,3173031001,3.17303100101E12,Rendah,Taman Sari 07,,1 jam,100-250m2,1638,Luapan Kali Tamansari dan beton,007,2,2020,1577865600000,30cm,30,0,2.4437578857815567,-9.28781000426244,-13.7520783732151,2.849018862260269,3.122271327084733,-2.6251562775409027,-8.48652012692108,2.5502101296235167,JAKARTA BARAT,1,1.0,1,0.0,1394.5824148206966,1178.2187826403613,955.0869205754603,376.1154153534444,194.94141412377738,-12.898584113752918,105.78385938844384,124.15524862617274,12,9.17276124382757,5,5.692199891704808,2.8137675957462696,-1.338535528876772,1.726849509939468,1.7210683150740098,1.0,2.6000003814697266,1.595155369244286,0.0,0.8642197847366333,-0.13121704665933287,-1.701054334640503,0.8439487046461972,0.84989149753384,52403.5920103,52638.33361000249,5.931036949157715,2.413504522771585,0.0,2.0656604766845703,-1.407104168832501,-3.854172945022583,1.3120274246263686,1.3165612031556837,20.29931840465661,13.216972375156164,11.312212588405162,6.880018831453301,-0.168931850239038,-2.0637290227439067,2.0034038386884188,2.0157277056575302,0.6544582843780518,0.11014421837728522,0.008499509654939175,-9.704843282699585,-10.217052735155791,-10.379926317371428,0.22614778571955996,0.24588163251481007,0,0.0,0,0.0,"{""type"":""MultiPoint"",""coordinates"":[]}"
00000000000000000331,790,TAMAN SARI,TAMAN SARI,3173031001,3.17303100101E12,Rendah,Taman Sari 08,,1 jam,100-250m2,1639,Luapan Kali Tamansari dan beton,008,2,2020,1577865600000,30cm,30,0,2.5432456977855162,-8.793920359210988,-14.065137944634152,3.5965906064577253,10.788346733524715,-1.1328117302788965,-7.671494486386154,3.504375708618161,JAKARTA BARAT,1,0.9848763418539825,0,0.10540260134434677,1394.5824148206966,1181.6038650101905,913.6415294927517,371.33508954107776,172.53150319500784,-67.29176875029646,118.27061954469538,136.7390928822856,12,7.6751082379455555,1,5.63996560180448,1.245215164524712,-5.410357677489762,2.241052750360485,2.2321406117542404,1.0,2.6999998092651367,1.5984460723109537,0.0,0.9617795944213867,-0.13105235155080816,-1.7092525959014893,0.8055983290066795,0.8092899089005858,58801.5844403,59030.56216387024,8.508989334106445,3.085073484329344,0.9274099469184875,4.589871883392334,-0.7869619206420382,-2.9893996119499207,1.7606395378142574,1.7754348631946029,17.41975142574002,12.865661061530485,11.140136792088427,4.018241294241491,-0.5120908734888041,-2.220826358036362,1.5444011488216247,1.5560080590350311,0.6119606494903564,0.08201139953844021,0.008499491959810257,-9.771218061447144,-10.291244737997925,-10.40905499830842,0.1993609721036964,0.20894198763871139,0,0.0,0,0.0,"{""type"":""MultiPoint"",""coordinates"":[]}"
00000000000000000324,27,TAMAN SARI,MAPHAR,3173031003,3.173031003E12,Rendah,Maphar 04,Nihil,2 jam,4.228 m,1626,intensitas hujan yang tinggi air tidak tertampung ke saluran,004,2,2020,1577865600000,5 - 30 cm,30,5,-1.319182944861438,-8.667468576495214,-15.773581920716232,2.7195587637795424,3.6519277378857313,-3.0923586051752574,-10.912834284961196,2.8829536944394474,JAKARTA BARAT,1,1.0,1,0.0,918.3389462118339,729.645380990507,540.9154964785438,10.408591842592386,-172.09313491436296,-357.85626247698235,91.27338828315244,93.51288481763517,14,6.7998726040882485,4,7.500716628972681,0.34516334426971407,-2.492531133552416,2.046376745867705,2.0492607847511,0.8233368987304246,4.5,3.247929939005161,0.0,2.8847023248672485,1.6018132311750128,-1.627537727355957,1.1686861199628964,1.1725493418446034,60247.0365093,60488.5580291398,8.339978218078613,3.104190163668555,0.0,4.65646505355835,-0.5691618538149958,-3.578577995300293,1.7962658140258716,1.7876726487636543,26.619522806713306,13.285602944109709,11.558119364651986,13.142603006745054,-0.15700316949044832,-1.9073284594815885,2.852991942998769,2.8593470972079778,363.6736755371094,15.246105654860582,0.008499509654939175,353.26861476898193,4.823947865602288,-10.470813926309347,97.87472578337561,97.88564254959662,0,0.0,0,0.0,"{""type"":""MultiPoint"",""coordinates"":[]}"
00000000000000000326,90,TAMAN SARI,MAPHAR,3173031003,3.17303100301E12,Rendah,Maphar 06,Nihil,2 jam,6.533 m,1628,"intensitas hujan yang tinggi, air tidak tertampung di saluran",006,2,2020,1577865600000,10 - 30 cm,30,10,-1.3753280308935834,-8.730296483921753,-13.433110131345739,2.598419838215566,2.8408071923729112,-3.228300432580645,-8.48652012692108,1.9633840694902978,JAKARTA BARAT,1,1.0,1,0.0,1117.0534807085016,959.7163976203359,798.0053903044136,217.69801855935918,41.04013808623678,-138.57366504093704,81.47393722412788,72.23121226819252,9,6.696433791289099,2,2.6457941841531447,0.3285987112950061,-4.3317195910482855,1.5808932311955648,1.6149961783914555,1.0,4.40000057220459,1.2351505660550772,0.0,2.7197221517562866,-0.4426483656711238,-1.695391297340393,1.0137327093322226,1.0135680080077165,47771.2727296,47946.98560051551,5.8489766120910645,2.0550821975409304,0.0,2.124624252319336,-1.65164647968113,-3.7195475101470947,1.2366431568754859,1.2327354446146928,17.766379211320427,14.103495828799202,11.887000580497682,4.349261494110996,0.6864196362037692,-1.5251505912854384,1.9502185472306395,1.9494431983097291,0.8414484262466431,0.22804661475532237,0.008499509654939175,-9.35972535610199,-10.127762050585206,-10.425828554667532,0.3560211951941134,0.344409816697674,0,0.0,0,0.0,"{""type"":""MultiPoint"",""coordinates"":[]}"
00000000000000000327,82,TAMAN SARI,MAPHAR,3173031003,3.17303100301E12,Rendah,Maphar 07,Nihil,2 jam,2.225 m,1629,"intensitas hujan yang tinggi, air tidak tertampung di saluran",007,2,2020,1577865600000,10 - 30 cm,30,10,-1.284099207336404,-8.044549043494484,-11.830733793257576,2.2010930224752245,6.536854584241498,-2.2468856477491324,-7.625299494794618,2.5945404899629865,JAKARTA BARAT,1,1.0,1,0.0,1132.3562962360413,1087.1144657379798,1003.4203300342234,259.9789411094056,204.43360255615522,117.47336081441267,44.69920029861374,43.40771258106738,8,5.635277148155781,4,1.7706468770856656,-0.5312002802492954,-2.2181418606918273,1.0721794055604221,1.0891576139441372,1.0,1.4000000953674316,0.6684524757995228,0.0,-0.23379933834075928,-0.9782204833346101,-1.6666942834854126,0.5754074868119581,0.5721965828991591,16928.3903444,17008.082511439967,3.7262096405029297,1.8278786584492346,0.0,0.17326736450195312,-1.7283718421266125,-3.572578191757202,1.0155596565885756,1.0244930558676186,20.609476411283303,15.22628706385145,11.779194311403359,7.17992727909585,1.790490180214481,-1.6614291812118527,2.4172923297486477,2.4188468192299686,0.8924458622932434,0.37608783722577077,0.008499563671648502,-9.232187926769257,-9.802406106254919,-10.235588699579239,0.4156300508781085,0.42052397876455605,0,0.0,0,0.0,"{""type"":""MultiPoint"",""coordinates"":[]}"
00000000000000000328,52,TAMAN SARI,MAPHAR,3173031003,3.17303100301E12,Rendah,Maphar 08,Nihil,2 jam,8.709 m,1630,"intensitas hujan yang tinggi, air tidak tertampung di saluran",008,2,2020,1577865600000,20 - 30 cm,30,20,1.9530012024850603,-9.09677718239335,-16.737006199107288,3.060020667247891,6.536854584241498,-4.0038770746850005,-9.975197530121548,2.3667807807594903,JAKARTA BARAT,1,0.9712751577050165,0,0.15014785612263945,1173.410462922962,1067.534315434979,946.0337596635238,341.6521918475037,225.92263837701793,117.50258734029,58.26073732415648,57.8723080785701,21,8.050428056473416,4,14.962193840171395,1.9838309944138417,-2.074784215056847,2.397895441837624,2.4035107458310736,0.8110541738703237,4.40000057220459,2.0770201034716353,0.0,2.8380709886550903,0.47241209249984917,-1.6532918214797974,1.5775918967907652,1.5638840361730062,92895.9522018,93289.68872292784,11.202068328857422,2.6716487257486534,0.0,7.9093406200408936,-0.7281868453564215,-3.485856294631958,2.1136427346616475,2.0835972014294755,23.48633315973874,14.162531419262555,10.667046584529851,9.960480693031856,0.6776283038442905,-2.8633139007843056,3.404600322195211,3.4073145387200396,363.8776550292969,28.17089058047862,0.008499577641487122,353.5812702178955,17.870715630930594,-10.458661645650864,109.07638140063962,109.09968692208106,1,0.02872484229498348,0,0.1501478561226395,"{""type"":""MultiPoint"",""coordinates"":[]}"
00000000000000000348,158,TAMAN SARI,PINANGSIA,3173031008,3.173031008E12,Rendah,Pinangsia 03,,1-2 jam,10000 m2,1665,Saluran air yang kecil dan mampet,003,2,2020,1577865600000,20 cm,20,0,-6.178110087928178,-12.47329419836874,-16.33747169907484,1.957786615579065,6.296611304348078,-3.903063791703943,-10.60117639685504,3.458705963505922,JAKARTA BARAT,1,0.9831817220224244,0,0.13360853142453716,1081.8309929570876,1001.3175666387655,880.0578471922215,223.48367620169142,142.85261841970672,34.98824101566049,53.54539759417895,57.127970959180374,8,5.530251745292995,1,3.1503009841667957,0.7551398568043288,-3.6850973022934657,1.6557871837358276,1.7143053914651887,1.0,3.9000000953674316,2.978654515927352,0.0,2.339773416519165,1.4194026163448006,-1.5698132514953613,0.9569274012382054,0.9566020810767268,32998.6525256,33142.79889664627,5.848956108093262,2.1668126531716054,0.0,3.1288084983825684,-0.5765635773511171,-2.7530133724212646,1.2270063022396542,1.2208208367318867,19.222308344943666,12.966896183523545,11.536722342608009,5.627782730184778,-0.6435032366399458,-2.0639942714247255,1.6025020532887986,1.6011708232193649,3.6633400917053223,0.04850771341071725,0.0084998132660985,-5.213015079498291,-8.671605544959167,-8.85638456325978,0.7940720580537216,0.8238644242323562,0,0.0,0,0.0,"{""type"":""MultiPoint"",""coordinates"":[]}"
000000000000000001a4,± 35 KK,PANCORAN,RAWA JATI,3174081003,3.174081003E12,Rendah,Rawa Jati 04,,± 1 x 12 Jam,"2 RT Terdampak
  (RT 005 dan 006)",874,Jika hujan lebat air meluap menunggu antrian masuk ke terowongan di bawah rel kereta Jl. Kaca Jendela Ciliwung,004,2,2020,1577865600000,,30,0,-3.811323177137016,-12.658956328805793,-15.621657695535692,1.6613938321847326,8.03212835712116,-4.205430656267985,-8.035083002696467,2.520071723468214,JAKARTA SELATAN,1,0.958399268558568,0,0.21794494717703378,4811.340631776362,4497.6366602791995,4297.390543770962,463.64133789815605,260.48776085325926,117.77896650479488,79.95372275412473,129.01795096942246,37,29.536976474311633,25,11.00614708410161,3.191994542224132,-1.3572315826504102,2.5070229489936087,2.3761033956751034,1.0,8.30000114440918,4.335425176176798,2.1999988555908203,3.9277520179748535,-0.0580163572468151,-2.182270050048828,1.8390672509788515,1.8516916812693056,99105.4059134,99529.57435052209,5.931478977203369,2.356107278770127,0.0,2.848449230194092,-0.7206694379563646,-3.0910041332244873,1.1833770553241547,1.1862277060915185,17.34162852537238,12.929047769692914,11.311949372743397,3.8970569557811245,-0.5186692910428014,-2.143175191017189,1.0809571117937058,1.0772817267802592,0.15296265482902527,0.01927265022489732,0.008497871458530426,-7.226144103333354,-7.303066702666785,-7.6064472161233425,0.06607212063511221,0.02636510501082375,1,0.041600731441431935,0,0.21794494717703367,"{""type"":""MultiPoint"",""coordinates"":[]}"
0000000000000000047c,14,MATRAMAN,UTAN KAYU UTARA,3175011002,3.175011002E12,Rendah,Utan Kayu Utara 01,,3 s.d 4,804,2111,Sampah/saluran tidak lancar,001,2,2020,1577865600000,5 s.d 20,20,5,-8.116541238472024,-11.91612767278673,-15.772889091762151,1.6048640847048474,-0.29164063457306855,-4.938600366131554,-10.543691212458448,2.3166378768958453,JAKARTA TIMUR,1,1.0,1,0.0,3696.7085679538654,3579.032536568517,3405.9236727557327,1130.9037986436383,1018.6019879269536,862.1326655643607,72.24320283470914,80.49642094262542,18,12.011899252991341,8,6.827531292792004,0.6429230803173105,-3.335987514737372,1.8306563076273545,1.8040060614705513,0.9986043757385029,3.90000057220459,2.4793746778904633,1.8000001907348633,2.1077975034713745,0.6926428592393393,0.029560327529907227,0.6308529990447144,0.6369681427821575,52756.0026639,52980.536863069756,6.724194526672363,2.51630083276739,0.0,4.068953990936279,-0.1326367263005258,-2.6423158645629883,1.34517184723214,1.3473472117119705,18.25803454342707,13.228631314711864,11.185607053049795,4.682834040025737,-0.34343661485421206,-2.382661853701549,1.3637078776116007,1.3647052116583314,0.08498918265104294,0.03061003861093683,0.008498926647007465,-7.800219424068928,-8.093062527626731,-8.29025693424046,0.12161462345255734,0.027402615630165175,0,0.0,0,0.0,"{""type"":""MultiPoint"",""coordinates"":[]}"
00000000000000000490,141 KK,MATRAMAN,KAYU MANIS,3175011003,3.175011003E12,Rendah,Kayu Manis 01,Program Normalisasi saluran Tahun 2017 hasil usulan tahun 2015,1 Jam,600 M2,2143,"Saluran Air Kecil, Gorong-Gorong yang Kearah Palmeriam Mengecil, volume hujan Tinggi",001,2,2020,1577865600000,10-30 CM,30,10,-0.625503386538897,-9.930275123790624,-15.169639983801865,2.519286914960767,1.8296341481471956,-4.616997405267221,-9.093739768264461,2.2168656173136068,JAKARTA TIMUR,1,1.0,1,0.0,3734.9214496423538,3594.1001849763425,3403.396085266404,1134.800423090107,1005.4312254100289,813.4733069249596,84.44119114300233,80.38353982739399,16,12.499041533546324,9,4.176418129113827,0.8721099263162836,-2.7821766410870907,1.3733281664954295,1.3792811404246517,1.0,4.300000190734863,3.0757828472775257,1.3000001907348633,2.5046216249465942,1.238201193186168,-0.5789755582809448,1.0214352663685928,1.0077752606396717,65485.6717574,65802.91069859381,5.4153666496276855,2.0254560734485536,0.0,2.7321510314941406,-0.6484198085574929,-2.688955783843994,0.9209912322547301,0.9175631472139895,15.955448354619351,12.839147341597211,11.403693829526196,2.388829990749052,-0.729075071125333,-2.165180345386686,0.8675088780576624,0.8675844568761071,0.05099344253540039,0.014755428432664489,0.008498894982039928,-8.240969181060791,-8.477480991403505,-8.741418121382594,0.13994772132561792,0.012704307662952153,0,0.0,0,0.0,"{""type"":""MultiPoint"",""coordinates"":[]}"
0000000000000000048d,15 KK,MATRAMAN,PAL MERIAM,3175011004,3.175011004E12,Rendah,Pal Meriam 04,Segera,jika hujan berhenti maka air akan surut,5 rt di RW. 04,2136,Penyebab Saluran Air atau Banyak Lumpur,004,2,2018,1514793600000,20-30,30,20,-3.496833708051449,-9.320049244529915,-15.384248549239008,2.353142778272155,1.3295659198242746,-4.417798560544375,-10.889217166781533,2.4184723840472313,JAKARTA TIMUR,1,0.9954751131221719,0,0.11321815437767993,3443.6148646598244,3278.397173527445,3159.504364628071,740.0573620788473,582.3982154907668,447.754676319033,79.87983740422389,84.8914868891406,17,14.15653485474457,11,3.7828773449615802,1.195696448554509,-1.8112877026541252,1.0602201991632951,1.101678444698626,1.0,3.8999996185302734,1.6613349680025324,0.3000001907348633,1.8734238147735596,-0.36514780303909544,-1.6931934356689453,0.9676111133366901,0.9957845759531022,53196.6922602,53421.16372687412,4.16008996963501,1.725826768572115,0.0,1.402273178100586,-1.0412035068532852,-2.828468084335327,1.0013161200293468,0.9953304796161799,19.356626931931757,13.65417828489226,11.668612944560003,5.77466779476817,0.08149708507090286,-1.9058910045762616,1.7976536613920153,1.8014763638371358,0.32295289635658264,0.06058203453541681,0.00849878415465355,-8.541742652654648,-8.936268638182755,-9.123772982507944,0.1585914230855824,0.11194248527755754,1,0.004524886877828054,0,0.11321815437767983,"{""type"":""MultiPoint"",""coordinates"":[]}"
0000000000000000048e,30 KK,MATRAMAN,PAL MERIAM,3175011004,3.17501100401E12,Rendah,Pal Meriam 08,KK AKTIF,jika hujan berhenti maka air akan surut,5 rt di RW. 08,2140,Saluran Got Yang Mampet,008,2,2020,1577865600000,20-30,30,20,1.8247722239018431,-10.242365055144694,-15.909838319933135,2.675713533808236,6.272242679513074,-4.579342080293261,-11.797770125909848,2.696523870419828,JAKARTA TIMUR,1,0.9621441794328333,0,0.18196209517817882,3729.156788929705,3469.221363965275,3246.818481470479,878.6533509461242,671.4019663233531,472.37942897999574,96.6351486406675,106.36788505207076,22,17.320500093901746,13,7.989680542718684,3.5049623772492997,-0.46297416951452774,1.963222760267503,2.0599504650275833,0.7912684422617741,6.0,2.7776915234728525,1.8000001907348633,3.9370322227478027,0.6913819303614407,-0.22377610206604004,0.9968681934753543,1.0231524200948732,129950.604771,130521.59477194099,10.480097770690918,2.2442621520215917,0.0,7.656976699829102,-0.5404859272131923,-2.828798294067383,1.3229385356173897,1.3248285342457262,18.951159544484444,13.327310680900881,10.735184537040999,5.366944310389357,-0.2593667994969103,-2.8305856116028956,1.4238160035493639,1.4263130458986204,0.18697212636470795,0.04629073276692748,0.008498708717525005,-8.84657908976078,-9.054046236888238,-9.271447618491948,0.10005493020113991,0.05892294675119068,1,0.03785582056716657,0,0.18196209517817896,"{""type"":""MultiPoint"",""coordinates"":[]}"
0000000000000000044f,170,KRAMAT JATI,KAMPUNG TENGAH,3175041002,3.175041002E12,Rendah,Kampung Tengah 05,,1,1500,2024,"Pendangkalan saluran air, Penyempitan saluran, Gorong-gorong terisi kabel dan pipa dan wilayah RW 05 merupakan dataran rendah",005,2,2020,1577865600000,30,30,0,-2.684310098040275,-12.959234298655304,-17.08480920212844,1.8812262926499674,7.219386405871202,-5.376663426515516,-11.125329240606003,2.5826552795853845,JAKARTA TIMUR,1,0.7697116142249305,0,0.3887568584528825,1983.1157560849251,1784.8921938974097,1669.7923618991035,-436.64866713411993,-627.6076656544311,-744.4715624019116,65.47080665933187,72.51939003142435,35,28.620081945684728,24,1.9579896168195816,-3.2361587822715743,-7.381214765761754,1.7541805224250455,1.9597189744762709,1.0,4.100000381469727,1.580438133121921,0.0,-0.2514152526855469,-2.7715160402109724,-4.4762492179870605,1.1895958132465683,1.1905436812571197,132753.42924,133290.6891081543,5.849115371704102,2.152954771115186,0.0,2.841439962387085,-0.8744975105237204,-3.0453081130981445,1.1109874236999078,1.1060622275588234,18.894599574742575,13.338829638868122,11.325989783834284,5.372058831268825,-0.18376876488724486,-2.2026325710388033,2.1919639430355233,2.192371150957048,2.9910924434661865,0.2638970057316346,0.008497485890984535,-5.064967393875122,-8.093935937064094,-8.474777881987393,1.0032918705155704,1.0173363004165175,1,0.23028838577506963,0,0.3887568584528825,"{""type"":""MultiPoint"",""coordinates"":[]}"
000000000000000005b1,10,PASAR REBO,CIJANTUNG,3175051003,3.175051003E12,Rendah,Cijantung 03,,3 Jam,50 m2,2649,Kiriman Hujan Dari Bogor sehingga saluran Kali Cijantung tidak lancar dan tidak dapat nempung depot air yang tinggi,003,2,2020,1577865600000,30cm,30,0,-2.939160797314581,-13.64823124400713,-17.308296799328698,1.732664491699849,6.466121320096855,-4.387225261327866,-11.070899996025396,2.3916984747673387,JAKARTA TIMUR,1,0.9210593602390017,0,0.2848598452875728,2243.7160679617973,1735.8381481336587,1205.9611502604637,127.80950123916227,-212.80111290524627,-600.5320097847925,174.28804307814931,258.56798610708654,53,43.0134976920696,30,4.636079880212961,-4.102422305520044,-15.334809058220529,4.271940999265238,5.0949847950799025,1.0,12.799999237060547,6.487067440989699,0.0,5.97582483291626,-0.04507459541348266,-6.871054649353027,3.6328764301770504,3.7097249372551286,259237.445816,260304.14700670383,11.059226036071777,3.0140013660223945,0.0,7.782044172286987,-0.2864911374082718,-3.320934534072876,1.83853798224191,1.836919417297943,20.622600093649673,13.108048160189743,10.837800179428356,7.134746613362918,-0.41357189640283615,-2.719164475035493,2.240025972915387,2.237547963314534,20.8404483795166,1.11326389155286,0.008496877737343311,12.238183975219727,-7.349176120798985,-8.669644612818956,5.27215093404634,5.295932772902515,1,0.07713735886635532,0,0.28066932062240874,"{""type"":""MultiPoint"",""coordinates"":[]}"
000000000000000005b6,60,PASAR REBO,KALISARI,3175051004,3.175051004E12,Rendah,Kalisari 03,,2,600,2660,Luapan Kali Cijantung,003,2,2020,1577865600000,30,30,0,-2.1421464507951082,-13.27394616887255,-17.32976901620128,1.7965539057710507,6.6920668574197295,-4.113042734096126,-9.814629864067701,2.251877766586675,JAKARTA TIMUR,1,0.9365406902789948,0,0.2690449344826068,1529.9400624354655,1107.428394279252,668.9468866894822,151.79262097940045,-284.7583524274293,-685.6311101207955,182.28206072355954,206.55077599194138,64,53.42542706654982,37,10.646080835714727,0.6694492372756937,-15.578685861738862,5.441355130059756,5.183796048505022,1.0,22.799999237060547,9.455918674785472,0.0,15.759536266326904,2.3809124064168485,-7.161783218383789,5.889734853280971,5.861742315028103,370027.649109,371579.63520152203,11.988670349121094,3.203994965571479,0.0,8.623295307159424,-0.16031159718283242,-3.38031005859375,2.0190273399998424,2.0238436313343193,20.881928437523563,13.563053638389903,10.91552728379924,7.415985758861773,0.08135670615661159,-2.557740840744204,2.431400910748009,2.4287583120059706,19.311006546020508,2.0715723240651625,0.00849669799208641,11.123668670654297,-6.17492444344784,-8.453448440879583,6.174947611256002,6.194856878466155,1,0.06345930972100515,0,0.26904493448260686,"{""type"":""MultiPoint"",""coordinates"":[]}"
00000000000000000237,87,SENEN,BUNGUR,3171041006,3.171041006E12,Sangat Rendah,Bungur 04,-,-,-,1195,Kali poncol lumpur sudah sangat penuh perlu pengerukan,004,1,2020,1577865600000,10 cm,10,0,-6.281222558120171,-11.619015244049224,-15.11735215095814,2.178097877178141,6.409972964370018,-3.4581504897255684,-10.281937227365113,2.610889101347234,JAKARTA PUSAT,1,0.9914460028932638,0,0.1072040053173593,2257.100091630674,2013.316409464361,1857.6425549492312,251.08059671036904,57.76193597538641,-66.91009126324047,88.04717189102841,112.61634259525461,12,7.402100761054155,3,4.244131604925261,-0.3138168528906223,-4.988820587959508,1.9004496206172936,1.8795532419699303,1.0,1.6000003814697266,0.8833198601648159,0.0,-0.16835975646972656,-0.8954476259198456,-1.8029016256332397,0.6328025922648312,0.6357011244896846,55457.8280648,55714.350679783834,5.8760786056518555,2.6212047056976644,0.0,2.1082184314727783,-1.1169077985781122,-3.7221977710723877,1.3329306178801807,1.3419788723532313,20.783795760029292,13.602341555858372,11.32155919466242,7.414224468861693,0.23775619260885333,-2.0410557858351925,2.5040860614782505,2.5071651299654047,1.0623993873596191,0.27182836898173357,0.008499263785779476,-6.85462760925293,-8.14989841039097,-8.682317615486681,0.5907540806479157,0.46550661316659603,1,0.008553997106736273,0,0.10720400531735916,"{""type"":""MultiPoint"",""coordinates"":[]}"
0000000000000000033d,114,TAMAN SARI,TANGKI,3173031004,3.173031004E12,Sangat Rendah,Tangki 02,,30 menit,300 m2,1651,Curah hujan tinggi,002,1,2020,1577865600000,15 cm,15,0,6.28812714230378,-9.54891763499031,-16.725920607748357,3.9028002971280458,6.1498588429551235,-3.7174457376890766,-11.510299982693201,3.4574426792481074,JAKARTA BARAT,1,0.9050055763301188,0,0.26884920001572726,655.95639015131,487.8480471051529,293.3526157307405,-169.09916074983892,-361.0321913436577,-560.7448422610894,93.0808813445524,88.64889886478308,14,7.112117037328608,0,8.21457464088478,1.4705507807793026,-5.662961429440322,2.447316242994615,2.463228655190004,1.0,2.799999952316284,0.519805766861559,0.0,1.1791117191314697,-1.177060379527149,-1.7451890707015991,0.6193521360417501,0.6057550697291249,106370.174275,106832.65559300344,8.73572826385498,3.5522981039700223,0.0,5.383901119232178,0.2993708624306729,-3.26495099067688,1.8340436347756726,1.8639002329772605,20.88999472081531,13.3896340393626,11.082663251712416,7.431075320117619,-0.07916058433277258,-2.375161368130321,1.978664407444385,1.9758903068544966,1.3089290857315063,0.26583914607349035,0.008499656803905964,-8.398687720298767,-9.518106947464691,-10.04542293958366,0.49864958094538503,0.4801405496856015,1,0.008364495178114544,0,0.08058057520220885,"{""type"":""MultiPoint"",""coordinates"":[]}"
0000000000000000033e,40,TAMAN SARI,TANGKI,3173031004,3.173031004E12,Sangat Rendah,Tangki 03,,30 menit,400 m2,1652,Curah hujan tinggi,003,1,2020,1577865600000,15 cm,15,0,-1.5372189667376235,-10.76498284549631,-16.725920607748357,2.6489349574117065,5.097432731422433,-4.420594909177962,-11.510299982693201,2.921051718503425,JAKARTA BARAT,1,0.8818236027538355,0,0.3127527356210486,798.0053903044136,667.869824625205,540.9154964785438,-31.421253889966806,-167.99645977713288,-305.95896657438743,75.67393518026587,72.74599732580565,13,6.637393614137802,2,7.211803675505903,0.9229225117856179,-3.6574194986826285,2.2160485017169034,2.2662953634855745,1.0,1.9000000953674316,0.5856236470077149,0.0,0.2330636978149414,-1.0712953747375402,-1.692649006843567,0.5988140619780243,0.6085055435197022,64308.5551912,64573.853341885275,7.880088806152344,2.956659686628731,0.0,4.606869459152222,-0.2836408746457717,-3.26495099067688,1.647995309611392,1.6619318179536424,20.88999472081531,14.337713502069066,11.025336492636173,7.431075320117619,0.8587685362602778,-2.437253842877409,2.5968571140833414,2.5987505598672653,1.181433916091919,0.4024768874506897,0.008499656803905964,-8.608593702316284,-9.477037250543635,-9.928821802139282,0.5238995436258764,0.5194945862471931,1,0.10939448148750476,0,0.28316700498296976,"{""type"":""MultiPoint"",""coordinates"":[]}"
0000000000000000033f,300,TAMAN SARI,TANGKI,3173031004,3.173031004E12,Sangat Rendah,Tangki 04,,30 menit,300 m2,1653,Curah hujan tinggi,004,1,2020,1577865600000,10 cm,10,0,4.09066704115859,-9.348726594648518,-15.361052150273245,3.5920639363714817,1.6817315134226511,-3.352744324825728,-6.611272789267199,1.7162551425711565,JAKARTA BARAT,1,1.0,1,0.0,649.3636962940959,401.79788826616425,185.53248465545596,-175.66202859673558,-441.43508933048685,-673.391163772573,156.53320469375836,146.73961528049637,9,6.368245573695101,4,3.5144440551602347,0.9178885378963638,-1.4300729369090481,1.018098123633375,1.0237240711915003,1.0,2.799999952316284,1.7676247361063218,0.5,1.1877162456512451,0.09958809470275162,-1.2298096418380737,0.9254648101188582,0.8941894715642325,30332.0354051,30427.132795499663,4.145422458648682,1.7316243978417254,0.0,0.8765425682067871,-1.4575442410551505,-3.259136915206909,0.932277813731819,0.9413236368959829,15.955543028490945,13.015698484207848,11.672262974547106,2.479472033306493,-0.48750236689889603,-1.8004145345658458,1.0126350312719772,1.0140298142147985,0.02549915947020054,0.01234989842902342,0.008499706164002419,-9.498389629647136,-9.800993380355429,-10.069975284859538,0.1759354671519502,0.006603396207463111,0,0.0,0,0.0,"{""type"":""MultiPoint"",""coordinates"":[]}"
00000000000000000340,100,TAMAN SARI,TANGKI,3173031004,3.173031004E12,Sangat Rendah,Tangki 05,,30 menit,400 m2,1654,Curah hujan tinggi,005,1,2020,1577865600000,15 cm,15,0,-7.262266730104465,-11.352242245382671,-15.361052150273245,1.9152052380352673,1.712010757441269,-3.1105986135713497,-5.985004945479293,1.6933893539043463,JAKARTA BARAT,1,1.0,1,0.0,655.95639015131,419.01702964442796,185.53248465545596,-169.62660436321778,-423.0811931514401,-668.9260055531773,146.70524371178072,137.81455638524292,7,5.39541080680977,3,1.5941013472582606,-0.008311179861818082,-2.367232538144747,1.1068958094708188,1.1263649767911934,1.0,2.799999952316284,2.018268013600505,0.5,1.1877162456512451,0.3622313179147411,-1.2042921781539917,0.5661255441600341,0.5532327841136824,23813.9905663,23934.30326454932,2.9321208000183105,1.683928071623109,0.0,-0.23005390167236328,-1.485088862065118,-3.2011570930480957,0.6922376966964997,0.694849541845806,17.34183848532077,13.243592657887826,12.019415231244277,3.840003051724267,-0.2719570497868855,-1.492821471010961,1.086595767719337,1.0857023653957636,0.033998891711235046,0.016905072388507362,0.008499713614583015,-9.57675207592547,-9.8649830187433,-10.063295749947429,0.1547770552875636,0.011096266522467679,0,0.0,0,0.0,"{""type"":""MultiPoint"",""coordinates"":[]}"
00000000000000000342,63,TAMAN SARI,TANGKI,3173031004,3.17303100401E12,Sangat Rendah,Tangki 07,,30 menit,300 m2,1656,Curah hujan tinggi,007,1,2020,1577865600000,10 cm,10,0,-0.7535737045766272,-11.322301049438643,-16.049792397118836,3.0344501834244966,4.101513261199461,-3.986336460577545,-8.399290524702877,2.441778928934649,JAKARTA BARAT,1,1.0,1,0.0,706.486653451565,501.22643000016063,293.3526157307405,-123.47130596824036,-339.2566031678442,-557.0372751047573,121.46170083396585,115.30427262286098,10,5.418410725964684,1,4.695353059205337,0.12916147087245425,-4.285823486324479,1.7559264317271615,1.7519362041338338,1.0,2.799999952316284,1.7045864467140581,0.0,1.1841892004013062,0.07779502758526036,-1.645110011100769,0.9695322305797045,0.9800005380276327,42654.510075,42856.130356250156,4.986055374145508,2.25953212881825,0.0,1.8956298828125,-0.84961093161584,-3.0742273330688477,1.0782516518082674,1.069950429983333,19.176785462969946,13.818287185591853,11.486844649452554,5.6067966400268645,0.2734514952814222,-2.0655069538454374,2.693687142585028,2.7014379616011848,3.4678449630737305,0.6865033296222703,0.008499732241034508,-6.221658706665039,-9.188286398834927,-9.953965554013848,1.5002387975495268,1.4618988268568778,0,0.0,0,0.0,"{""type"":""MultiPoint"",""coordinates"":[]}"
00000000000000000349,60,TAMAN SARI,PINANGSIA,3173031008,3.173031008E12,Sangat Rendah,Pinangsia 04,,1 jam,10000 m2,1666,Saluran air kurang baik dan Intensitas hujan tinggi,004,1,2020,1577865600000,10 cm,10,0,2.815326316444988,-10.36585006943128,-15.933251883226031,3.227751245024872,6.304881916736979,-4.25785499646992,-10.252703567051789,3.304634973979385,JAKARTA BARAT,1,0.9699186032794621,0,0.14958715986462168,1369.6771539316378,1135.419037685846,918.3389462118339,522.8482784221785,281.34547247755665,30.690583513561364,108.82307901288907,101.52037563275721,10,5.3896818843144185,1,5.220116571643454,0.6451369641290063,-3.9990444947007635,1.9241640224772427,1.919509629899331,1.0,4.199999809265137,2.1357162869978312,0.0,2.647939443588257,0.5817327147447786,-1.5596100091934204,1.3639448480225096,1.366770358001643,88751.0746497,89110.06349508598,8.775334358215332,2.706453345944225,0.0,6.113913536071777,0.0028395873508106103,-2.7551443576812744,1.5248467900375169,1.5413208786565598,26.631902913650556,14.839700102011342,11.40388013383227,13.024938544658962,1.2311349380886663,-2.203324228917669,4.224224360675071,4.2222030450721455,368.2804870605469,75.42559581834966,0.008499795570969582,359.6410789489746,66.72450303246715,-8.985561674460769,150.81014078856327,150.87563732608544,1,0.03008139672053792,0,0.14958715986462157,"{""type"":""MultiPoint"",""coordinates"":[]}"
000000000000000005b0,150,PASAR REBO,CIJANTUNG,3175051003,3.175051003E12,Sangat Rendah,Cijantung 02,,3 Jam,150 M2,2648,Kiriman Hujan Dari Bogor sehingga saluran Kali Cijantung tidak lancar dan tidak dapat nempung depot air yang tinggi,002,1,2020,1577865600000,5cm,5,0,-4.466423705752668,-13.186479654073642,-19.92125652937016,2.3226529109178307,6.466121320096855,-4.865642539202132,-11.282509314600997,2.6228309090988184,JAKARTA TIMUR,1,0.7237049268461272,0,0.45064929908807705,1956.9060257061412,1569.622201961818,1261.7573092267978,-101.46629134879208,-379.5479709497223,-612.4876567051906,126.58339864235214,178.6561825771874,53,39.58720863254101,30,6.189317450680839,-7.264947072665347,-15.938783960281782,4.884266129437643,5.124505022134048,1.0,13.10000228881836,3.558197491125306,0.0,6.332963943481445,-3.088652111107814,-6.835188388824463,3.645246802957725,3.69395614299815,181656.177153,182368.61467126862,10.480965614318848,3.9320521701600377,0.0,7.167879581451416,0.6260342153987964,-3.3107776641845703,2.3488361975580494,2.3503502477861127,23.740813002885215,14.042018272623151,10.785640032975218,10.270125741923673,0.556341682733832,-2.695597225395728,3.1556370657521797,3.157058647858,20.763975143432617,4.1653526221015005,0.00849690567702055,12.165911674499512,-4.346570124130325,-8.590002345852554,8.389218590109262,8.3924423665686,1,0.2369916669866749,0,0.4312453610479346,"{""type"":""MultiPoint"",""coordinates"":[]}"
0000000000000000013e,819,TEBET,TEBET BARAT,3174011002,3.17401100201E12,Sangat Tinggi,Tebet Barat 07,,1-2 Jam,± 50.000- 60.000,662,Meluapnya PHB Kalibata dan Saluran Rawa Bilal,007,5,2020,1577865600000,,150,0,-4.780861522485333,-11.812848763877666,-14.690963776558712,1.7314958189638843,4.348752879675557,-5.0829124163833255,-7.894677508254483,2.1018667296457827,JAKARTA SELATAN,1,0.8174249473529559,0,0.392676726249301,4100.645674560969,3913.7966402999305,3675.697739681896,264.75407891849954,148.46752336510204,32.00906909366995,57.46262996657329,113.53864662720287,22,15.968509721337973,9,2.8650826511953156,-3.6668697981924274,-10.351339299946439,2.131181869001906,2.0935924273126045,1.0,2.5,0.6038885996036837,0.0,-1.0568749904632568,-2.9767767234310716,-3.6373157501220703,0.7528470988999905,0.7323145850037032,71196.5633906,71481.85254592041,6.5676398277282715,2.7445915737496085,0.0,3.023576498031616,-0.7886006712528196,-3.5635242462158203,1.5634516331095363,1.5676689959758363,21.12584191100457,14.208410593323547,11.406372264552447,7.695572610148458,0.7838587628984146,-2.0369588145126354,2.3617277916133035,2.3652819534931955,1.8356058597564697,0.38070465878433557,0.008498300798237324,-7.1070427894592285,-8.432339435882557,-9.22574789263308,0.7010372167119328,0.7058195739255647,1,0.17008668397081153,0,0.3849787225030045,"{""type"":""MultiPoint"",""coordinates"":[]}"
00000000000000000120,16,TEBET,MENTENG DALAM,3174011003,3.174011003E12,Sangat Tinggi,Menteng Dalam 05,,1 jam,± 350,572,"Perumahan penduduk di dataran rendah, debit air yang terlalu banyak, saluran tidak cukup untuk menampung",005,5,2020,1577865600000,± 150 cm,150,0,17.234831077942566,-8.750305197178715,-17.790707652376238,5.740992717520504,23.130534369730036,-3.0281126061191492,-12.180854594427014,5.198126790923272,JAKARTA SELATAN,1,0.9377325989409437,0,0.2266060457112926,2821.3751145383426,2563.9507670894354,2245.632955170002,-268.4896735711327,-414.8229345202328,-560.6118652474975,56.659650804945045,123.4981782554897,39,15.006124662399241,7,21.700767589248112,-2.0892498239449644,-9.9899353441529,4.91041442607454,4.9916004056261345,1.0,5.400001525878906,1.8060438806824115,0.0,1.8843281269073486,-1.806068236577938,-3.745532989501953,1.9129109921574643,1.9207924548816104,164046.37761,164760.91483245528,22.04218292236328,4.788382331618136,0.0,18.09533667564392,0.7421027238712294,-4.292078018188477,4.032819721888696,4.006747362188502,22.328669878861895,13.811445669725499,9.951799089981103,9.018409288783806,0.4988512301831737,-3.364410750856285,2.7605600865548507,2.761265909370978,5.6512532234191895,0.742346495902212,0.008498458191752434,-3.511216640472412,-8.469042744814299,-9.337994584813714,1.6374057326095774,1.6505887124135508,1,0.02973013206303298,0,0.16251841625400879,"{""type"":""MultiPoint"",""coordinates"":[]}"
00000000000000000123,83,TEBET,MENTENG DALAM,3174011003,3.17401100301E12,Sangat Tinggi,Menteng Dalam 11,,"0,5 jam",± 2.000,575,Meluapnya air kali dan air dari RT 012/11,011,5,2020,1577865600000,,200,100,-1.2632972660638058,-11.768238997207087,-16.26085267574114,2.109564315271369,2.6821860278672345,-5.117153787449987,-10.933030693058504,2.2276125588988647,JAKARTA SELATAN,1,0.7792828685258965,0,0.40674104801722977,3062.6912234195856,2730.962643564445,2450.8553301844463,-264.8447947020859,-391.76827300862556,-483.6638429322493,41.06594335899238,135.1232321324088,30,16.632859040030358,5,12.72959199922364,-1.0542768246486034,-12.603051246946883,4.166590489461281,4.192481146474904,0.557288972952208,9.90000057220459,4.643868355722996,0.0,5.984260082244873,0.7715080968208731,-4.060113906860352,2.6390338649716774,2.5819731451690444,183846.940631,184625.19889377675,16.4595947265625,4.105811098183476,0.0,12.12326955795288,-0.01186420821958108,-4.21451997756958,2.611544761480576,2.654755210734733,17.419627793100325,12.723568163897395,10.26690729539379,4.157374710048709,-0.6061658405779965,-3.02928526048942,1.4989411083254949,1.4917235595313516,0.5948880910873413,0.061104516154397236,0.008498415350914001,-6.208775639533997,-8.175325525546508,-9.292697640135884,0.648288012906819,0.1458309402844688,1,0.19169038133181562,0,0.3875660644990598,"{""type"":""MultiPoint"",""coordinates"":[]}"
00000000000000000138,617,TEBET,KEBON BARU,3174011004,3.17401100401E12,Sangat Tinggi,Kebon Baru 08,,± 4 hari,± 10.000,639,Banjir kiriman dari bogor dan curah hujan yang dan durasi hujan yang lama,008,5,2020,1577865600000,,200,0,-6.162526027104189,-11.940153553745583,-19.097495229977028,2.5132682368347004,-0.17055395167651566,-6.0357716247311535,-13.045161295433449,2.669072817939343,JAKARTA SELATAN,1,0.9941977001793437,0,0.14355980733669327,5061.501645298686,4935.52417213894,4792.523509066431,1213.144003880761,1096.9455717862527,975.6296763559562,60.604131519508705,72.14028398937565,24,17.197752927524004,12,4.282128865802303,-2.630884114786023,-7.932127273319182,2.945329240904527,2.943907742743295,1.0,5.600000381469727,1.9861910097935318,0.0,2.5534863471984863,-1.014121081773988,-3.045093536376953,1.947981128844224,1.9784868020566573,66013.1176142,66268.59248768444,7.46864652633667,2.7321007139874687,0.9274099469184875,4.5686845779418945,-0.2061118119715488,-2.0690190196037292,1.631005596371592,1.629237650524549,23.416846848774586,15.036321498869338,11.482356322780312,9.840291169101347,1.473714222194789,-2.07266011533404,3.984343033105789,3.9923728508451117,339.4696350097656,72.68586453874487,0.008498307317495346,330.681040763855,63.87383364449085,-8.868578795343637,138.36981257927775,138.3646031102732,0,0.0,0,0.0,"{""type"":""MultiPoint"",""coordinates"":[]}"
00000000000000000139,292,TEBET,KEBON BARU,3174011004,3.17401100401E12,Sangat Tinggi,Kebon Baru 09,,± 4 hari,± 10.000,640,Banjir kiriman,009,5,2020,1577865600000,,200,0,-7.157490747143367,-11.165201801062958,-14.190375884730472,1.5704385316259,10.195696956519775,-3.418858392666246,-9.602668994342238,2.7395372478922275,JAKARTA SELATAN,1,0.9842466176561439,0,0.1117944413459218,5118.1415062800825,4906.461085636343,4724.707758823175,1179.891599889449,987.3014078301593,826.7349979051182,78.6186270852308,83.68495671688521,25,22.1451164514734,18,4.811287702633933,1.8040174644463793,-2.3531229098448634,1.6498424566607768,1.6186701127236305,1.0,6.30000114440918,2.873577744904667,0.0,3.1926755905151367,-0.27287277104849134,-3.1631813049316406,1.5663234550587255,1.554363695232296,56350.2128771,56562.91062032914,4.644939422607422,1.994732195760127,0.0,1.6098637580871582,-1.066010019233053,-3.0550880432128906,1.0853413673147185,1.0882374435318247,17.405219693194464,12.978026220925221,11.557872633728818,3.871228232667379,-0.5588041766000531,-1.9848510140972913,1.1539624329993454,1.1556935732268085,0.5863783359527588,0.022932233277549712,0.008498254232108593,-8.315749883651733,-8.838389182537911,-8.893071807920933,0.08612965793212649,0.09066731181750073,1,0.01575338234385618,0,0.11179444134592212,"{""type"":""MultiPoint"",""coordinates"":[]}"
0000000000000000013a,484,TEBET,KEBON BARU,3174011004,3.17401100401E12,Sangat Tinggi,Kebon Baru 10,,± 4 hari,± 10.000,641,Banjir kiriman dari Bogor dan Depok,010,5,2020,1577865600000,,200,0,-5.254436024995565,-11.788031886593973,-16.733764566524528,1.9148676839806917,4.96719591165097,-4.865162631299764,-11.397252046870175,2.6079352359077834,JAKARTA SELATAN,1,0.9243098334474107,0,0.32657680674741113,5249.290756032934,5081.915824558299,4923.607091438574,1338.9521560835624,1190.5205072950066,1048.7749239430286,60.18577479306469,69.04358566921138,26,18.011065480264662,12,5.599165525355939,-2.348996896753321,-8.652100519170595,3.7382522257978628,3.7593768851325926,1.0,6.30000114440918,2.1533997237831937,0.0,3.201720952987671,-0.9126400165557319,-3.1183362007141113,2.2652590803043733,2.300030475222512,122364.104649,122872.07648629195,8.387731552124023,2.8547909606945954,0.0,5.472546339035034,-0.10556498571411006,-2.9357903003692627,1.6191951791193104,1.614981718426372,23.765793301470485,14.566204273303235,10.961897539170275,10.20960452977537,1.0063686252331403,-2.612214645059778,3.503048706855133,3.504388838529006,339.37615966796875,49.47563620334018,0.008498254232108593,330.57697772979736,40.685189509937416,-8.937931600958109,117.23150012191135,117.2124058548093,1,0.06978667579283597,0,0.305320523612584,"{""type"":""MultiPoint"",""coordinates"":[]}"
0000000000000000017d,± 722 KK,TEBET,BUKIT DURI,3174011005,3.17401100501E12,Sangat Tinggi,Bukit Duri 10,,± 1 x 24 Jam,,779,Meluapnya Kali Ciliwung dan Intensitas Curah Hujan yang tinggi,010,5,2020,1577865600000,,200,100,6.826617917683587,-12.202246555638355,-19.142212314912456,3.476221059752023,1.275283250174923,-5.458133173101252,-13.736724558288751,3.5489898999229217,JAKARTA SELATAN,1,0.9459170149862371,0,0.2716240662930543,4407.128814786838,4180.260896327951,3946.6558052670644,911.3951212520719,782.3929645224026,640.1694933253998,74.13334147960373,113.85099793004,23,15.008385156488933,7,5.749275408466573,-2.074869992015931,-9.54196260790384,2.9956493883278057,3.185702926681055,1.0,5.499999046325684,1.7428327787784108,0.0,2.879920721054077,-0.8421589917078798,-2.6297767162323,1.4868122043334797,1.5020388427676576,136873.70891,137407.89485854233,5.938958168029785,2.7791708681756346,0.0,3.173049211502075,-0.029212829447543665,-2.8852810859680176,1.3700222886459728,1.3754574190635207,26.554124153420776,15.844590565540885,11.312043785969683,12.9311390614211,2.21887622123121,-2.3172795825139847,4.898274355256247,4.899293533536995,340.8208923339844,103.85093688857295,0.008498458191752434,331.01771354675293,94.1704486684645,-9.785075810737908,158.96662503845076,158.95908940739642,1,0.006499133448873484,0,0.07293145292505805,"{""type"":""MultiPoint"",""coordinates"":[]}"
0000000000000000017e,± 226 KK,TEBET,BUKIT DURI,3174011005,3.17401100501E12,Sangat Tinggi,Bukit Duri 11,Wilayah RW 011 dan 012 masuk dalam Program CAP dan CIP,± 1 x 24 Jam,6 Ha,780,Meluapnya Kali Cilwung,011,5,2020,1577865600000,,200,100,-6.146741306252672,-12.401636521065099,-17.926188711783748,2.0867413650063518,0.981124475593284,-4.2679587401775105,-11.922267129405608,2.4162079790338193,JAKARTA SELATAN,1,1.0,1,0.0,4109.031461794913,3898.4030080771104,3733.7692295163256,684.726944214945,524.5429288911465,413.79629071810814,74.14798548208401,93.18665285062725,20,15.118909348441926,11,2.822084912559429,-1.8606863794414639,-5.9312673185452205,1.8821249246504421,1.9173991935927284,1.0,5.90000057220459,3.649433465112032,0.8999996185302734,3.256939172744751,1.013158621666452,-1.6767020225524902,1.3526856956793152,1.3782216987243538,49258.2476923,49475.13284893792,6.549145221710205,2.827880048996666,0.9274099469184875,3.631387233734131,-0.14291660713913085,-2.090234935283661,1.3956120268120862,1.3831535151364915,14.901048625593749,12.926874946671713,11.212166947970967,1.2628463290587497,-0.6941259797172472,-2.419839910741164,0.8856250003243199,0.890054487504709,0.06798792630434036,0.021921540358401943,0.008498483337461948,-9.62768792361021,-9.828969575624475,-9.982855477370322,0.09872677153245332,0.01556539262537674,0,0.0,0,0.0,"{""type"":""MultiPoint"",""coordinates"":[]}"
0000000000000000017f,± 200 KK,TEBET,BUKIT DURI,3174011005,3.17401100501E12,Sangat Tinggi,Bukit Duri 12,,,,781,Meluapnya Kali Ciliwung dan Pompa Air kurang maksimal,012,5,2020,1577865600000,,200,100,-3.723402292918933,-11.856001966370721,-18.738451419249216,2.7817092013315152,5.400254632773101,-5.428020118526192,-14.34621891645758,3.2794038759292956,JAKARTA SELATAN,1,0.9819011827634705,0,0.17828016475162003,4019.037897083563,3735.813353634881,3463.5491259047867,858.5734899914651,538.5233381762324,335.59460854947156,131.2481091798648,134.4779848717125,18,12.770479330459041,8,2.2597063413601557,-3.41159621486791,-8.22043507342537,2.065125548290307,2.1512288330850593,1.0,4.90000057220459,1.7903787689960102,0.0,2.3188462257385254,-0.7172703605227759,-2.6100265979766846,1.6075438707586327,1.6355528958387848,151394.757612,151989.66949678256,7.034503936767578,2.2451792135915434,0.0,3.983774423599243,-0.678655003519041,-3.0131194591522217,1.2865938185840842,1.289790905109617,26.555271092959725,16.110496717684782,11.365533904152223,12.953030255919726,2.5182926143291775,-2.219637517130055,4.684219588872496,4.678290152318846,341.32232666015625,104.04848423649048,0.008498522453010082,331.575008392334,94.24075693871217,-9.926083234138787,156.41505784551228,156.40737789549513,1,0.006455629077997836,0,0.09644431260175651,"{""type"":""MultiPoint"",""coordinates"":[]}"
000000000000000001b1,22 KK,TEBET,BUKIT DURI,3174011005,3.174011005E12,Sangat Tinggi,Bukit Duri 01,,≥ 1 hari,"2 RT Terdampak
  (RT 010 dan 011)",903,Meluapnya saluran/sodetan kalibata,001,5,2020,1577865600000,,200,100,-1.9545649053654426,-11.357459866538536,-16.32731455927296,2.187771196275047,15.07013999218223,-2.2201584210289838,-9.547901465942576,3.2114176445177094,JAKARTA SELATAN,1,0.9657816622691292,0,0.2217278451421594,3532.4332672578244,3252.189654898563,2987.3034691983003,368.64707479591334,159.88415186884177,-60.318462794739844,92.94941312190753,125.3275777105769,20,15.045143469656983,8,3.7041437079867414,-1.047418553950679,-8.22043507342537,2.129334572399556,2.163673145713437,1.0,7.200000762939453,3.710834606970834,0.0,4.39409875869751,1.0115166611006199,-2.6608307361602783,1.8867341971843465,1.9378223611509366,84638.8016032,84944.19814132432,7.034503936767578,2.4718507364254667,0.0,3.983774423599243,-0.7161809406427557,-3.2449069023132324,1.2371631626552868,1.2102937584231785,23.771762287302757,14.373740099109126,11.557929631777714,10.223751275942728,0.8505354609168629,-1.9856167714446862,3.5729928754810896,3.580336949058156,341.5347900390625,45.986875595283124,0.008498565293848515,331.7629108428955,36.16259648429628,-9.895232450217009,123.73860478970334,123.73613760447243,1,0.02976583113456464,0,0.20608041101101565,"{""type"":""MultiPoint"",""coordinates"":[]}"
0000000000000000013f,275,TEBET,MANGGARAI SELATAN,3174011006,3.174011006E12,Sangat Tinggi,Manggarai Selatan 02,,5-6 jam,± 5.000,665,"Curah hujan yang tinggi, Saluran air yang mengecil (akibat pembangunan hunian), Pendangkalan Kali Sodetan Kalibata, Sampah dari Rumah Tangga, Kurangnya daerah resapan air",002,5,2020,1577865600000,,150,0,-4.802715559295747,-12.520848088814693,-15.993253793380738,1.857340862528719,11.596021767452648,-2.5629963881003808,-8.671056511325864,3.064267749070304,JAKARTA SELATAN,1,0.9895807796028439,0,0.08804240366863003,3246.818481470479,3067.8680729342377,2881.732216143706,-15.326088843410162,-131.3353133563088,-239.69728119778256,46.637040426298505,81.11812564589701,23,15.78074691509357,10,5.841290569150722,-1.3925148503293645,-6.944899194202222,2.995563088414797,3.0375156731848727,1.0,4.500000953674316,1.5057980731157652,0.0,1.1869487762451172,-1.7033049446739401,-3.235978126525879,1.215858131125155,1.2507957838120916,85426.2690852,85775.34876763214,5.547544956207275,2.9113068041959655,0.0,1.8737766742706299,-0.7008111265844074,-3.651989698410034,1.2746778494102098,1.2818241480723638,22.114470038197446,13.987628889453397,11.379382734584862,8.676249762069896,0.5808895810438014,-2.003698827244957,2.4193184164157584,2.428333314746229,4.062180042266846,0.6225507285854924,0.008498472161591053,-5.646508693695068,-8.966354002680559,-9.721800588071346,1.153206261556696,1.2077737367767913,1,0.010419220397156165,0,0.08804240366863003,"{""type"":""MultiPoint"",""coordinates"":[]}"
00000000000000000140,155,TEBET,MANGGARAI SELATAN,3174011006,3.17401100601E12,Sangat Tinggi,Manggarai Selatan 06,,"1,5 jam",± 4.000,669,Kali Jane terlalu dangkal dan curah hujan yang tinggi,006,5,2020,1577865600000,,200,0,-6.837849991777989,-11.13501829551982,-15.144018534810137,1.8717367837700192,-0.6150887579544604,-4.269162692459763,-8.671056511325864,1.872015028912508,JAKARTA SELATAN,1,1.0,1,0.0,3087.875951668441,2966.7320689075405,2832.030467164061,-48.38073650749993,-123.28905565417485,-214.26225001747116,44.282807519778714,68.90594354809701,18,14.452434017595309,11,1.1979806987813788,-2.19612321891164,-5.83390132816389,1.613154930756545,1.5986105077709025,1.0,2.6999998092651367,0.7252084126850027,0.0,-0.4543781280517578,-2.3616775810264077,-3.0962066650390625,0.5479973772102349,0.570635689561888,29759.0559001,29887.68856500967,4.16019868850708,2.332841594352051,0.0,0.6877768039703369,-1.161540016428816,-3.575615882873535,0.9613652834239365,0.960181816346126,19.34698625499146,14.479665285345325,11.6685543916486,5.918162141413417,1.0579965094028234,-1.7557791340028608,2.754988933554986,2.7628900082678363,4.08767557144165,1.243200306532866,0.008498522453010082,-5.565734386444092,-8.411930233414376,-9.687023767270148,1.844345500756319,1.8817821658639144,0,0.0,0,0.0,"{""type"":""MultiPoint"",""coordinates"":[]}"
00000000000000000180,400,TEBET,MANGGARAI,3174011007,3.174011007E12,Sangat Tinggi,Manggarai 04,,1 hari,± 20.000,782,Intensitas Curah Hujan yang tinggi dan meluapnya tanggul Kali Ciliwung (kiriman Katulampa),004,5,2020,1577865600000,,150,0,-3.386141085674794,-10.165320844110312,-16.01781156324396,2.238273155004112,2.8775826791794508,-4.08759658058299,-8.841131155237147,2.5717957643753806,JAKARTA SELATAN,1,0.9114416404767092,0,0.2786560953350945,2729.913656091607,2384.5949985159846,2141.6750118583345,-3.4994360699306526,-247.302660222602,-396.5144254778952,87.65972876026676,136.44001284493578,16,11.89694122040016,8,1.531069847429002,-2.243818243877077,-5.944548842254335,1.578466271660194,1.7282187733496928,1.0,4.09999942779541,1.7397889063881107,0.0,1.3806886672973633,-0.9673533087093961,-2.853677272796631,1.2148915166948897,1.2103704823460326,112125.723878,112587.41706718074,4.7452592849731445,2.0921823115949287,0.0,1.389173984527588,-1.2226646264510348,-3.351452589035034,0.9028163268483591,0.8995358385520164,23.77851248754303,14.511098333352804,11.668588078328256,10.302335203751205,1.049912259900841,-1.795258221756539,3.6538805063529156,3.6541406658753557,348.4949951171875,34.072492727756526,0.00849867332726717,339.1895294189453,24.74825445558004,-9.390834711492062,109.66668279306998,109.6723740646838,1,0.014127018701185545,0,0.133608531424537,"{""type"":""MultiPoint"",""coordinates"":[]}"
00000000000000000182,115,TEBET,MANGGARAI,3174011007,3.17401100701E12,Sangat Tinggi,Manggarai 10,,4 hari,± 50.000,790,Intensitas Curah Hujan yang tinggi dan meluapnya tanggul Kali Ciliwung,010,5,2020,1577865600000,,200,0,-4.26980141165363,-11.349623179253713,-16.660117723092537,2.0258707575001393,6.095471824166129,-4.3925370480456225,-10.537821350561426,2.75350390278656,JAKARTA SELATAN,1,0.9417124964874956,0,0.2503061168843049,3376.7421908074275,3103.125590763148,2758.138671748824,399.6135381892591,141.6485331913419,-94.0452226225666,115.69500753527528,135.8957626016024,19,13.179318373409338,9,3.3553524221960735,-2.2508064857754957,-6.51670541772476,2.325107935742249,2.389272080307261,1.0,6.200000762939453,2.9209145744305047,0.0,3.5092883110046387,0.3295743927119714,-2.583148241043091,1.4678062402973615,1.527971365514747,87026.8376769,87364.90221049599,6.549088001251221,2.584616740121926,0.0,3.476099729537964,-0.551334605429069,-3.2219860553741455,1.3356085395386674,1.3283548839884547,26.5567899929664,14.192062740678573,11.48669690659411,13.010908404659501,0.6718465557674097,-2.0489332459133145,4.047296360842029,4.054456400685671,342.8945617675781,47.78593845487197,0.00849859043955803,333.373984336853,38.15999657892067,-9.808064062148333,126.67672082688723,126.68993213064778,1,0.05828750351250451,0,0.2503061168843048,"{""type"":""MultiPoint"",""coordinates"":[]}"
00000000000000000154,341,PASAR MINGGU,PEJATEN TIMUR,3174041005,3.174041005E12,Sangat Tinggi,Pejaten Timur 03,setiap tahun kena banjir,2 jam,1 hektar,706,luapan kali ciliwung dan air hujan,003,5,2020,1577865600000,3 m,300,0,-6.1408637874999545,-12.619075396188077,-20.355526203726196,2.2273951832714154,4.628628564935216,-5.621026764711481,-14.346666935205004,2.8675441592433177,JAKARTA SELATAN,1,0.6325051307803154,0,0.48722374967618387,4005.0958957172274,3743.061893304668,3403.396085266404,1069.1834643958764,896.4453373366672,586.807882631038,112.64955621466366,129.23806790827342,42,28.395426691701985,18,3.9992037455600524,-8.43180022129542,-19.034939643934486,5.224026939306389,5.452104528251656,1.0,11.899999618530273,3.7761884852878365,0.0,6.555679798126221,-1.4481268826560707,-5.335624694824219,3.822462472107891,3.835148207729628,239510.796775,240480.99851820443,16.9153995513916,4.858468698492779,0.0,13.718942403793335,1.6972246729548355,-3.2039716243743896,3.004200484112916,3.009621531054374,23.72749822493483,14.340415177636197,10.237848664618918,10.225088575151595,0.8400115027332077,-3.2655626036501637,4.022596988594483,4.022948427706518,326.56158447265625,54.015932853103806,0.008497288450598717,317.43577003479004,44.82651583700933,-9.45543092302978,126.37645159465254,126.36978559467967,1,0.3443663304368077,0,0.48,"{""type"":""MultiPoint"",""coordinates"":[]}"
00000000000000000155,300,PASAR MINGGU,PEJATEN TIMUR,3174041005,3.17404100501E12,Sangat Tinggi,Pejaten Timur 06,,1 hari,1 hektar,708,"pendangkalan saluran air, luapan kali ciliwung",006,5,2020,1577865600000,2 m,200,0,-2.003449823109865,-11.873083854835423,-17.38602077422278,2.488824238481397,8.771682332157102,-3.9350228677855186,-11.3267494982231,3.0459115923455133,JAKARTA SELATAN,1,0.8419451557131291,0,0.40210707932040574,4468.213922834007,4144.1241793813215,3767.0405300494886,737.716825606457,356.3221040182168,74.74313692868873,157.97814771388548,183.97716274940817,39,29.302825378066665,18,8.378634901404514,-2.1143494473407807,-14.545943880009816,5.504503087738312,5.524198663192388,0.9917632683019163,15.69999885559082,6.624936820292294,0.0,10.691975593566895,1.7175743785655944,-4.979322910308838,4.75110171983411,4.7798975222984454,318646.510623,319942.2213087265,15.699620246887207,4.091158584987431,0.0,12.665615320205688,1.0647079820308694,-3.0524673461914062,2.7708386740605615,2.7736453936520515,26.524605388183062,14.076385428871035,10.437589063026946,13.018338435038793,0.5886767958224892,-3.0494336291324196,3.853461200787489,3.8562670191900046,331.0906982421875,45.54179563030701,0.008497570641338825,322.7882823944092,37.672878496095706,-8.338176305405796,124.66881363666701,124.77109777406856,1,0.1543453045324229,0,0.3967805536575211,"{""type"":""MultiPoint"",""coordinates"":[]}"
00000000000000000157,200,PASAR MINGGU,PEJATEN TIMUR,3174041005,3.17404100501E12,Sangat Tinggi,Pejaten Timur 09,,setengah hari,2000 m,711,kali meluap dari kali,009,5,2020,1577865600000,500 cm,500,0,-3.586902007830618,-13.150457703996437,-17.369388761750685,1.598742793230999,3.053543631005647,-3.9698679345359675,-11.872771111175535,2.3582114351835615,JAKARTA SELATAN,1,0.8461445535703497,0,0.38805121695508055,4206.312360166264,3934.953439668746,3608.356420548421,1069.1834643958764,870.0609408787528,630.1851469490093,104.79794877807377,134.03790162523407,44,36.10717694101158,21,7.500907730017133,0.07343147843568763,-13.836927094968068,6.153984257290108,6.384089172749577,1.0,16.399999618530273,9.119503598451729,0.0,11.094881057739258,3.848505739622562,-5.150380611419678,5.1285979061704605,5.164795591113999,288701.386668,289875.7723551033,17.230485916137695,3.886842349725821,0.0,14.150918960571289,0.7292789228910448,-3.2376341819763184,3.315610524867362,3.3062673209788653,23.727862478829987,13.384221405343567,10.437536459917665,10.219665923235087,-0.11041480970899631,-3.0686052072731176,3.175517428453511,3.1789697335439735,326.8504943847656,27.32668279159452,0.008497360162436962,318.57317066192627,18.459961698554103,-9.27684770990163,101.54565782701617,101.4731423782901,1,0.15036422281013298,0,0.38370321746249053,"{""type"":""MultiPoint"",""coordinates"":[]}"
000000000000000001a5,40 KK,PANCORAN,RAWA JATI,3174081003,3.17408100301E12,Sangat Tinggi,Rawa Jati 06,,± 1 x 24 Jam,± 1.000 m²,876,Banjir kiriman yang diakibatkan karena Kali Ciliwung meluap,006,5,2020,1577865600000,,150,100,-5.041725327740048,-12.531280631118294,-18.78294906879165,1.7629416574560355,8.80407297223697,-4.4461554807164525,-12.501013349829257,2.7316563311921307,JAKARTA SELATAN,1,0.7618320848452758,0,0.4397599604670306,4361.000152658897,4074.2648965103303,3679.207876792152,199.78830542212563,35.94933485800994,-174.8026348516196,80.14493851042671,160.6368355903244,36,28.77268692280139,18,8.422205943226942,0.9358824786239803,-9.659553460537843,3.98752006777141,3.9507009567848224,1.0,10.899999618530273,5.703010339715107,0.0,6.4243998527526855,1.232178333854161,-4.439032554626465,2.5319128172011163,2.6056466339952835,223882.736435,224787.91340335074,8.517386436462402,3.113186538928645,0.0,5.491252660751343,0.04731550041660246,-3.093250036239624,1.7458573867705764,1.7373832628947103,23.745270218771896,13.434264329825966,11.055676653297189,10.221292517762256,-0.052286795492826346,-2.4560931872943517,2.7294491574381605,2.7369329014162616,332.917724609375,20.922690362685078,0.00849779974669218,324.599009513855,12.889136499222607,-8.45785117894411,84.07969224527749,84.16143170661506,1,0.21594430860755948,0,0.42581669449743625,"{""type"":""MultiPoint"",""coordinates"":[]}"
00000000000000000190,"± 400 KK 
  RT 008, RT 011",PANCORAN,PENGADEGAN,3174081005,3.174081005E12,Sangat Tinggi,Pengadegan 01,Warga pernah dilakukan pendataan normalisasi Kali Ciliwung dan menanyakan kapan proses normalisasi dilaksanakan,± 1 x 24 Jam,kurang megetahui detai luasannya,826,meluapnya Air Sungai Ciliwung,001,5,2020,1577865600000,,160,0,-2.023497440027967,-12.028113279359184,-18.23637659271321,2.496755068847357,7.967129305870413,-5.568189094695171,-13.905819285013319,2.8561122681303917,JAKARTA SELATAN,1,0.7779955303421006,0,0.43711632139386136,4751.950197313952,4429.455682751006,4027.5936021300267,683.0297485260471,409.8214969206001,101.36190165812513,132.34766120808823,171.51016817606555,30,22.06405363589477,15,6.425040608962242,-1.9248662740319091,-9.104818931758466,3.333205102064506,3.441493093294701,1.0,8.399999618530273,3.6707298899508403,0.0,4.5850396156311035,-0.09782877102409707,-3.896531581878662,2.6688590225701763,2.6926359550891137,202818.512744,203660.41195354183,9.195145606994629,3.4114593609616732,0.0,6.197284460067749,0.40768039298873154,-3.0202460289001465,1.9138213408913942,1.9113219837635664,26.542708236401694,14.256239740300217,10.922483250808195,13.02886542241289,0.7363231742463362,-2.593494754820016,3.9611107436483133,3.9606040278742025,336.89471435546875,51.65305025016553,0.008498021401464939,328.8573684692383,43.703310116497995,-8.130045024678111,127.59707861138442,127.59979197897805,1,0.21139762764311487,0,0.4287473633940007,"{""type"":""MultiPoint"",""coordinates"":[]}"
00000000000000000192,95 KK,PANCORAN,CIKOKO,3174081006,3.174081006E12,Sangat Tinggi,Cikoko 01,Banjir sudah rutin per 5 tahun,± 1 x 24 Jam,Berdasarkan informasi Ketua RW bahwa hampir seluruh warga di wilayah RT.02/01 terdampak banjir,834,Meluapnya Air Sungai Ciliwung dan kali di daerah tsb kurang tinggi,001,5,2020,1577865600000,,300,200,0.5253164066154536,-13.022201181330466,-18.118891986428196,2.8933830670264133,6.899580480265554,-5.55252256075032,-12.698906591558362,3.280707742716187,JAKARTA SELATAN,1,0.8622287658999299,0,0.3659934611732063,5222.99483232306,5012.147033168477,4760.092526326834,1142.9586528592658,944.332277061437,710.048070330984,98.89299756273958,104.38573559819241,53,21.567377084791573,11,30.765996751269075,-0.8499050568352717,-11.688377870509818,6.569872926718861,6.43773180352064,1.0,13.100000381469727,4.205684312262146,0.0,9.499532222747803,0.6135901625958421,-3.6190528869628906,3.1968513473969287,3.2058939056958504,144684.68446,145239.70417415223,26.216163635253906,5.66243023125832,0.0,23.188053131103516,2.6405014664985638,-3.019604444503784,5.436037343627959,5.4402507059988245,23.76358659826042,13.956991341348347,9.756045788507924,10.226666255545739,0.4081827054695865,-3.787904612801352,3.6243567249621687,3.621001654604915,338.5433349609375,39.46635063252596,0.008498139679431915,330.27902126312256,31.06824332407923,-8.802110699005425,110.32251801892863,110.33044739908709,1,0.08853274118413747,0,0.31948553318915673,"{""type"":""MultiPoint"",""coordinates"":[]}"
0000000000000000010d,10,JAGAKARSA,LENTENG AGUNG,3174091004,3.174091004E12,Sangat Tinggi,Lenteng Agung 04,,1 jam,200 m,538,luapan kali dari kali ciliwung,004,5,2020,1577865600000,500 m,500,0,-6.127598874664809,-13.317518283856009,-17.02395657345688,1.7882787801204678,1.549380177534801,-5.36111009587289,-12.415185757102808,2.2813441217388313,JAKARTA SELATAN,1,0.9148442071386776,0,0.3191176974288566,932.2891972324262,480.5627934041166,92.76624232772798,-136.46283937450153,-650.3859491906793,-1177.045764654326,281.09148154219196,233.3141628615954,61,47.32562902282038,33,7.9056597763771705,-5.052866349493341,-18.452272510144375,5.506529545271278,5.804201905789007,0.9932563349939879,13.200000762939453,5.002675477421861,0.0,6.178017616271973,-2.049237693939521,-7.118565559387207,3.9560563709778815,3.96852291657042,190747.908426,191556.89840595095,14.729968070983887,4.007395924287513,0.0,11.30654263496399,0.5660493365489495,-3.4597747325897217,2.487866306214414,2.4847026179535465,23.59035736624123,13.789365290044215,10.466435115809245,10.135670379161825,0.35607321547192544,-2.9548626597307717,3.4767737584007206,3.477843829761796,284.6748352050781,6.731185678575533,0.008496780879795551,276.70293712615967,-0.9194774919411343,-7.9967278353869915,43.1927932841073,43.24444821517406,1,0.08358323581041546,0,0.30929478706587094,"{""type"":""MultiPoint"",""coordinates"":[]}"
0000000000000000054f,994,JATINEGARA,KAMPUNG MELAYU,3175031001,3.175031001E12,Sangat Tinggi,Kampung Melayu 03,,< 24 JAM,6000,2485,BANJIR KIRIMAN DAN CURAH HUJAN TINGGI,003,5,2020,1577865600000,30 s.d. 150 cm,150,30,-2.5615130676975033,-11.440631361791226,-18.738451419249216,3.7680029746572385,5.400254632773101,-5.325704411364248,-14.34621891645758,4.1715196328500355,JAKARTA TIMUR,1,0.9551529169879208,0,0.22329687826943623,4049.966334915201,3940.0198866052456,3777.3065187347443,887.7780191044762,713.8200215812159,482.3208845796112,120.02000478341142,73.02994641942853,20,12.533603186841422,7,3.9476383093822633,-3.7378523233551806,-9.54196260790384,2.2555299060782845,2.206110878391255,1.0,4.59999942779541,1.8178873084192566,0.0,2.1246228218078613,-0.6620766280304643,-2.5180273056030273,1.4337686453941083,1.4469782592431568,54360.194133,54567.08627664517,8.516953468322754,2.6496358837054395,0.0,5.767071008682251,-0.18839983637122742,-2.8555078506469727,1.5821643083030295,1.573211677363757,26.555271092959725,14.391436303147707,11.639565030163812,12.953030255919726,0.7801042001518,-1.9709656468701606,3.6113483607576504,3.6099535942563796,341.0418701171875,38.04155224989809,0.008498522453010082,331.3120460510254,28.3179649239375,-9.944468507543206,113.23216266065205,113.25488777645455,0,0.0,0,0.0,"{""type"":""MultiPoint"",""coordinates"":[]}"
00000000000000000550,252,JATINEGARA,KAMPUNG MELAYU,3175031001,3.175031001E12,Sangat Tinggi,Kampung Melayu 05,,< 24 JAM,5000,2486,BANJIR KIRIMAN DAN CURAH HUJAN TINGGI,005,5,2020,1577865600000,30 s.d. 300 cm,300,30,0.5961496471873997,-9.127059547676787,-14.931209203742736,2.8507638162973317,2.8327818819683457,-3.5453579423410333,-9.060767957398168,2.3642802562387795,JAKARTA TIMUR,1,0.9944569008470353,0,0.10425091187368303,3759.0364889192397,3573.804189755425,3403.396085266404,709.8332739042867,521.8975355056709,352.9033138159257,102.19676320032166,95.00973690868538,19,16.30051071250623,10,3.6626429276587,0.8456326254356347,-5.6909895850021535,2.299436595839129,2.2018643778209044,1.0,4.59999942779541,3.5596290187094426,0.0,2.2369868755340576,1.1659808627663413,-2.537424087524414,1.3853374801282572,1.3531341735146478,55971.8570924,56246.55807161458,6.204805374145508,2.3324325493929936,0.0,3.2769129276275635,-0.575680057504727,-2.9145827293395996,1.3662799825025327,1.379579664092063,23.42230584493582,13.104881500017205,11.48669302887532,9.867443912370605,-0.4782809613333851,-2.0909156787430145,2.8796756187363117,2.8753261840199413,341.32232666015625,14.20954722396908,0.008498601615428925,331.575008392334,4.513617334544344,-9.803634216077626,90.9267136260567,90.94226005446954,1,0.005543099152964624,0,0.10425091187368284,"{""type"":""MultiPoint"",""coordinates"":[]}"
00000000000000000551,1424,JATINEGARA,KAMPUNG MELAYU,3175031001,3.17503100101E12,Sangat Tinggi,Kampung Melayu 07,,< 24 JAM,6000,2487,"PENYEMPITAN SUNGAI, BANJIR KIRIMAN DAN CURAH HUJAN TINGGI",007,5,2020,1577865600000,30 s.d. 200 cm,200,30,-10.229935671946,-13.203132340658684,-15.85285702570387,1.282577347323243,3.922028299204859,-3.7731329457162817,-8.939576657775174,2.29602737340257,JAKARTA TIMUR,1,0.9802458758011979,0,0.19230769230769215,3466.0328473612344,3337.6848554794788,3198.7543709788697,469.6024070046219,327.7297196218626,211.7751346193968,62.59709054319417,67.7050095924681,16,12.11495219081644,9,0.7247826225340948,-3.303195082101367,-6.51670541772476,1.8400654899925917,1.8504557250938336,1.0,3.0,1.270516019490282,0.0,0.5592062473297119,-1.2121544971277676,-2.5785744190216064,1.2814174210910063,1.2809295323822525,33175.3546128,33336.0404677326,4.745297431945801,2.1994764243177323,0.0,1.8012444972991943,-0.8063365505236946,-3.0165419578552246,1.1495416997667725,1.1323121871367212,26.5567899929664,16.50691847338436,11.536443929204722,13.010908404659501,2.95359853662591,-2.033242307720407,4.990172636399504,4.984927519846279,341.5602722167969,90.98783977253883,0.008498601615428925,331.9529838562012,81.24169711088089,-9.825066156685352,154.60191220015406,154.59070204532617,1,0.019754124198802146,0,0.19230769230769232,"{""type"":""MultiPoint"",""coordinates"":[]}"
000000000000000005d7,897,JATINEGARA,KAMPUNG MELAYU,3175031001,3.17503100101E12,Sangat Tinggi,Kampung Melayu 08,,< 24 JAM,7000,2706,"PENYEMPITAN SUNGAI, BANJIR KIRIMAN DAN CURAH HUJAN TINGGI",008,5,2020,1577865600000,30 s.d. 250 cm,250,30,-1.9545649053654426,-12.63211646797026,-16.32731455927296,2.313756027661519,4.415162819008419,-2.4485577420195392,-9.650170218193097,2.7621012936179326,JAKARTA TIMUR,1,0.9434100930916218,0,0.24384589675773363,3496.9305243137433,3366.039495893435,3257.4030848734587,384.7693872297609,291.6089607371372,206.83412418617627,55.5861318686058,72.2088337389364,16,12.130491589090315,10,0.34216644901390403,-3.7013539617920777,-6.115902793270951,1.509189299290302,1.4238015607358177,1.0,3.0,1.1964315222541277,0.0,0.48079752922058105,-1.3813892511221082,-2.648409128189087,1.3102945882853245,1.294485103155781,42785.0286645,42922.103629905374,4.719669342041016,1.9247768359374673,0.0,1.7114620208740234,-1.1404179172706277,-3.11924147605896,1.0773755206107734,1.0661045360191932,26.556541129037882,18.510127348934752,11.561718222039593,13.016090278686132,4.963964731162925,-1.9920520958422774,5.286699192364091,5.283789523460811,341.47528076171875,184.26144326047705,0.00849859043955803,331.69858837127686,174.4540358514221,-9.841497011482716,168.95189728172932,168.94567898833435,1,0.05658990690837826,0,0.24384589675773358,"{""type"":""MultiPoint"",""coordinates"":[]}"
000000000000000005d8,986,JATINEGARA,KAMPUNG MELAYU,3175031001,3.175031001E12,Sangat Tinggi,Kampung Melayu 04,,< 24 JAM,5000,2709,BANJIR KIRIMAN DAN CURAH HUJAN TINGGI,004,5,2020,1577865600000,30 s.d. 300 cm,300,30,-3.6795370698708862,-9.928949551583653,-18.738451419249216,3.097313716971688,1.9551594996509043,-3.9306762081526188,-12.795230824322559,3.062534118575136,JAKARTA TIMUR,1,0.9863295173397073,0,0.15612494995995987,3990.0269515220684,3735.057745799942,3520.231388768886,866.0002375614986,628.2759720046365,424.44233911922265,112.82424218707439,112.9507032876827,20,14.980081351952025,10,4.326878364164967,-0.7221827108014975,-5.902538459098665,2.1908680719412295,2.149353908090105,1.0,4.59999942779541,2.9964732762657187,0.0,2.2145040035247803,0.5960037394150218,-2.4875338077545166,1.4258868920454413,1.3979110947946745,83125.9077067,83457.7586258516,6.670129299163818,3.0565876553917124,0.0,3.8444600105285645,0.18822912733304986,-2.899841070175171,1.516649872352937,1.5186947942762001,23.765564519804272,13.653585085911034,11.312061079782705,10.174424541075938,0.06098074715430874,-2.28614268786559,3.427259392316803,3.4245798282100455,341.2628173828125,24.39467181546723,0.00849859043955803,331.5173120498657,14.717681182860682,-9.76651844382286,112.80847353421875,112.84328171508676,1,0.01069316895206944,0,0.09090593428863095,"{""type"":""MultiPoint"",""coordinates"":[]}"
000000000000000005e2,166,JATINEGARA,KAMPUNG MELAYU,3175031001,3.17503100101E12,Sangat Tinggi,Kampung Melayu 06,,< 24 JAM,2000,2725,BANJIR KIRIMAN DAN CURAH HUJAN TINGGI,006,5,2020,1577865600000,30 s.d. 175 cm,175,30,-3.315473289445706,-10.047253760274064,-15.151893390008835,2.272617045054325,6.095471824166129,-4.053743235657346,-10.181486113118128,2.964771750039174,JAKARTA TIMUR,1,0.9889051094890511,0,0.14986672195868136,3712.968124883651,3517.1794740978917,3352.4441657665852,719.2180155268338,527.8069186397228,370.5173172594755,82.22465019048487,85.18578262133116,19,15.331503649635035,10,3.6626429276587,0.23076397134975618,-4.9234003248809,1.9885380016640746,2.0837276677930405,1.0,4.500000953674316,1.4136995836244013,0.0,2.187869071960449,-0.9184331846028349,-2.40561842918396,1.121270359053541,1.1394732270259913,59768.4815363,59990.10098731746,6.685102939605713,2.2664080880053725,0.0,3.82550311088562,-0.636432430416998,-2.9145827293395996,1.242892529471303,1.2497492213779553,17.81883290073414,14.034212544905401,11.536443929204722,4.258427495684561,0.4508467070124705,-2.033242307720407,2.1012648789355617,2.1002636370382457,1.2747806310653687,0.342076457850635,0.008498619310557842,-8.245089054107666,-9.269809999049636,-9.787894775159657,0.5859156927833,0.5427117296677315,1,0.011094890510948906,0,0.1498667219586816,"{""type"":""MultiPoint"",""coordinates"":[]}"
00000000000000000510,103,JATINEGARA,BIDARA CINA,3175031002,3.175031002E12,Sangat Tinggi,Bidara Cina 01,,48,200,2370,Luapan Kali Ciliwung,001,5,2020,1577865600000,200,200,0,-4.610104215067432,-11.877242793956619,-18.41057345155148,2.6271149788744395,7.41385862496689,-5.341801209857738,-12.785991492531267,3.362184279115274,JAKARTA TIMUR,1,0.9206250353847025,0,0.30149231157300527,4503.703138716528,4323.823091006169,4142.404854298993,941.5237428437135,791.4640022896914,612.764422237673,81.00591405567957,91.65149747333932,25,18.82726603634717,10,7.3991782654271425,1.052324731911707,-7.809440392406671,3.603170368640866,3.5411267043228896,1.0,5.699999809265137,3.2028135662945973,0.0,3.1126506328582764,0.5967304729925358,-2.6731438636779785,2.080831456781027,2.051390501275624,61651.6224002,61857.59539838926,7.645296096801758,3.6450853336642313,0.0,4.875053882598877,0.9001849747754262,-2.7928500175476074,1.6997041394281707,1.7061502751174749,26.55225130612926,13.81933634073193,11.061034706775999,12.922512339924578,0.1696482375789858,-2.59340636143555,4.023536503923042,4.0145480397305615,340.3619689941406,50.50295602546185,0.00849843304604292,330.78603076934814,40.895517864514325,-9.651888580992818,130.65487831634604,130.65240901652996,1,0.037819170016418505,0,0.18047616184504506,"{""type"":""MultiPoint"",""coordinates"":[]}"
00000000000000000511,250,JATINEGARA,BIDARA CINA,3175031002,3.175031002E12,Sangat Tinggi,Bidara Cina 02,,48,1000,2371,Luapan Kali Ciliwung,002,5,2020,1577865600000,150,150,0,0.5064281361742862,-11.104271290922032,-16.15521485405918,2.7064832461590824,3.974447666412925,-3.888480870122002,-9.885053544021439,2.638715341844607,JAKARTA TIMUR,1,0.8954138051449188,0,0.33906619950530814,4583.25324652654,4397.372757950451,4195.0449745402975,922.8100507566182,782.8109351793875,623.6477336375297,71.70214544326026,88.76349643480903,20,16.145501105808396,9,1.8566423543526192,-2.112158597565353,-9.252285250195602,2.2772705417256818,2.2696697521574243,1.0,5.699999809265137,2.301961022058308,0.0,3.0929226875305176,-0.3726631097834652,-2.7517406940460205,1.5310974488983486,1.5077464082436418,59909.4632616,60161.04339966097,4.9861650466918945,2.420523510255659,0.0,2.191488265991211,-0.3368791919303515,-2.7722432613372803,1.2014271506537648,1.21046724512293,23.76774523946289,15.433610002624718,12.251048935566322,10.14205988466983,1.7915800214390287,-1.3994100395600277,3.574321035114182,3.5681658749171703,339.988037109375,60.99951168633317,0.008498397655785084,330.51717472076416,51.61892974058682,-9.608529543504119,133.9928316520087,134.08835119455617,1,7.566057502037014E-4,0,0.10910102576069176,"{""type"":""MultiPoint"",""coordinates"":[]}"
00000000000000000512,340,JATINEGARA,BIDARA CINA,3175031002,3.175031002E12,Sangat Tinggi,Bidara Cina 03,,48,1000,2372,"Luapan Kali Ciliwung , Pompa besar tidak berfungsi",003,5,2020,1577865600000,150,150,0,-5.63180291234735,-12.390657874232089,-17.02118287668742,2.105565610966719,5.3823311918158705,-3.7470738908711954,-10.63471847091812,2.6692519265694585,JAKARTA TIMUR,1,0.9532092669958219,0,0.23368863038546517,4768.22095132273,4559.524907673426,4361.000152658897,1040.0666569901468,876.9700327954961,701.2923792607917,83.68979121657017,100.43118732806677,24,17.27459172047094,14,5.153740803248979,-1.4314731447187767,-4.582794534522023,2.1687511285063366,2.2289647762930374,1.0,5.199999809265137,2.833839585216969,0.0,2.447596788406372,0.058159405262443946,-2.8819377422332764,1.9004493408036647,1.886279636884681,46137.5043874,46307.32221487623,6.549186706542969,2.5819962205698492,0.0,3.6816658973693848,-0.241208129983142,-2.7722432613372803,1.490921727690243,1.5016411785356083,23.76112285406509,14.617600584403334,11.212148722632405,10.178823547802999,1.010116487593407,-2.384400793311997,3.681740237254503,3.6759995109440022,339.69061279296875,51.82559737089476,0.008498361334204674,330.5863380432129,42.81036511129147,-9.388177283108234,119.4670295458685,119.53620197085029,0,0.0,0,0.0,"{""type"":""MultiPoint"",""coordinates"":[]}"
00000000000000000516,1518,JATINEGARA,BIDARA CINA,3175031002,3.17503100201E12,Sangat Tinggi,Bidara Cina 07,,48,2200,2376,Luapan Kali Ciliwung,007,5,2020,1577865600000,500,500,0,-6.601778789623355,-12.05184350617931,-15.270064275002465,1.5808247151519335,0.8117395866018502,-3.595093030397694,-9.177006653942975,1.9788489301944288,JAKARTA TIMUR,1,0.8863269831670193,0,0.35067325122623083,5352.379055826938,5205.3274368179,4961.910128403266,1413.3426781513826,1282.7087417059777,1093.5437579149666,79.2389005882192,103.35427940143691,24,18.423420018143332,14,3.231487084740433,-2.5072828137264356,-7.243176099640191,2.318055736562046,2.346488696855531,1.0,6.100000381469727,1.3308336273122603,0.0,2.8971433639526367,-1.7924705803568548,-3.22865891456604,1.355914213854195,1.3432288459653905,138400.394183,139000.70166294888,7.958510398864746,2.125437837008831,0.0,4.9517982006073,-0.8325172944536806,-2.989750862121582,1.3955937809245722,1.4031440292159714,26.54869585032876,15.559838879155736,11.541832969172352,13.005111469958896,1.9967609624124163,-2.015894466573675,4.271012455147838,4.2573273308727515,338.9512634277344,84.4610068809858,0.008498204872012138,330.20557403564453,75.64985623151742,-8.967261287383735,143.8597736556453,143.83536903924062,1,0.08985989315593185,0,0.3285254846778865,"{""type"":""MultiPoint"",""coordinates"":[]}"
0000000000000000051a,427,JATINEGARA,BIDARA CINA,3175031002,3.17503100201E12,Sangat Tinggi,Bidara Cina 11,,24,400,2380,Luapan Kali Ciliwung,011,5,2020,1577865600000,150,150,0,-4.9842244929686075,-12.791625085330413,-18.151912294520514,2.0907476652461066,11.931783380602077,-3.372821968685177,-12.121482545664419,3.6724922313256623,JAKARTA TIMUR,1,0.8458196965188931,0,0.38375973197681446,5313.65165615001,5033.620850313744,4690.890864729903,1338.7980867120946,1076.5927997590418,778.7961573578095,122.39437602484604,136.2820582438207,36,22.02719428741446,14,14.14491830428366,0.42974697656656446,-7.243176099640191,3.6209038833758713,3.774501131504741,1.0,8.600000381469727,3.306829755972813,0.0,5.284951210021973,0.06715542215753811,-3.4077141284942627,2.3422041274345697,2.3790449701123397,175819.809303,176543.0107331362,17.855907440185547,3.998313142111717,0.0,14.854323148727417,1.0222947967261717,-2.989750862121582,2.779309201683928,2.7861620222751093,26.54869585032876,13.591675463124925,10.443214101681859,13.005111469958896,0.03408772214055626,-3.107777514174943,3.365268449285112,3.36516753182034,338.8067932128906,32.25686454231739,0.008498162031173706,330.0129327774048,23.52074591850119,-8.893726356327534,109.85154659506128,109.88136603267276,1,0.10984825944659322,0,0.3390103898337393,"{""type"":""MultiPoint"",""coordinates"":[]}"
0000000000000000051c,100,JATINEGARA,BIDARA CINA,3175031002,3.17503100201E12,Sangat Tinggi,Bidara Cina 13,,48,200,2382,Luapan Kali Ciliwung,013,5,2020,1577865600000,150,150,0,-6.575653275981676,-10.95055204632345,-17.718583903850686,2.8023096293058276,0.9054558327979054,-5.260599267071366,-12.241218078734157,3.0285514190093865,JAKARTA TIMUR,1,0.7254740313272876,0,0.4714045207910316,4425.6401038404565,4329.935587702622,4195.0449745402975,846.8496737562505,759.4853020588494,633.9316267218301,63.76056666884825,73.68190389942285,21,15.887056883759278,12,3.0960601331212914,-2.1019158524755865,-6.1196929643083315,2.941521870977224,2.884000748519378,1.0,5.699999809265137,2.4210633311700147,0.0,3.1027579307556152,-0.20627568334169083,-2.685466766357422,1.7831146094876607,1.758916231228472,8463.28600724,8507.012878956535,5.400617599487305,3.0582759944938567,1.3153373003005981,2.683504819869995,0.3172863398026752,-1.402614712715149,1.0405373738659802,1.0542421995826523,13.920208925725452,12.911776744807012,11.40638301210173,0.25717479620169215,-0.7448223670317561,-2.2597962282873567,0.4941356171284318,0.4953311500595287,0.025495335459709167,0.021466803512407772,0.00849843304604292,-9.39223360735923,-9.564112750596466,-9.613219713792205,0.05923364506804504,0.0056366536106284984,1,0.1393239901071723,0,0.3499271061118826,"{""type"":""MultiPoint"",""coordinates"":[]}"
0000000000000000051d,230,JATINEGARA,BIDARA CINA,3175031002,3.17503100201E12,Sangat Tinggi,Bidara Cina 14,,48,5000,2383,Luapan Kali Ciliwung,014,5,2020,1577865600000,300,300,0,-7.056158764151472,-11.441839813162002,-16.23394228909646,1.8936630221943327,-1.4689810728681505,-4.701051135368087,-10.21799918071722,2.118435260041761,JAKARTA TIMUR,1,0.8329816588216199,0,0.36080121229410994,4824.736501687555,4751.066723148138,4621.58402781297,1073.0247364506586,1007.1116554489557,888.7973802779293,44.87001323704568,51.36848761958074,21,17.795974679435155,14,1.98850208617392,-1.333254210221189,-5.040322323801565,1.9052266220336875,1.8946618668626838,1.0,4.600000381469727,1.6176922427739169,0.0,1.749807596206665,-1.2790388835364592,-2.9465839862823486,1.3985160379844521,1.3711217564285625,21499.9586683,21576.03163112408,5.624479293823242,2.43643427921607,0.0,2.686349391937256,-0.4682138072478852,-2.918381452560425,1.1962421523634539,1.2019025803980343,23.76659454138057,16.150113989461968,11.66851621807924,10.2066161769079,2.5800645195663447,-1.9093450148753899,4.797783543560019,4.791865957119999,339.5631408691406,115.19280487139007,0.008498361334204674,330.81849670410156,106.38927962160112,-8.956255743280053,156.6938504449267,156.71047779080152,0,0.0,0,0.0,"{""type"":""MultiPoint"",""coordinates"":[]}"
0000000000000000051e,200,JATINEGARA,BIDARA CINA,3175031002,3.17503100202E12,Sangat Tinggi,Bidara Cina 15,,48,200,2384,Luapan Kali Ciliwung,015,5,2020,1577865600000,200,200,0,-8.081730549773084,-11.16864930989012,-15.555162938475302,1.7971441077994548,0.5892796061679033,-3.7034075902529673,-9.573714115307952,2.131927375405724,JAKARTA TIMUR,1,0.9793506493506493,0,0.14903269373413633,4768.22095132273,4591.930842405173,4418.829177362677,1043.888168749782,882.8712270599707,731.7128653202954,80.49870828475962,92.84603553111361,24,19.267402597402594,14,5.153740803248979,0.3686429715014411,-5.040322323801565,2.059319933719468,2.042927732204023,1.0,6.499999046325684,4.154597555507313,0.0,3.7402384281158447,1.3492854578154427,-2.9220149517059326,1.5396708098254048,1.5018081652713198,26822.6720948,26943.41414855437,5.9390153884887695,2.4866703630964473,0.0,3.1427712440490723,-0.34950132887858854,-2.8274424076080322,1.3174479634468552,1.3038253215330728,22.960835377078272,13.033560511124065,11.310724280250346,9.390009895719821,-0.5631178213781333,-2.29835873631138,2.7897763669184217,2.7834712954310836,339.588623046875,10.463962705176106,0.008498361334204674,330.558632850647,1.6659528321203132,-9.148378789424896,85.52629681805153,85.58797155084166,0,0.0,0,0.0,"{""type"":""MultiPoint"",""coordinates"":[]}"
0000000000000000051f,68,JATINEGARA,BIDARA CINA,3175031002,3.17503100202E12,Sangat Tinggi,Bidara Cina 16,,48,200,2385,Luapan Kali Ciliwung,016,5,2020,1577865600000,200,200,0,-10.383869669761165,-13.278539056388066,-17.542108130508474,1.6813352505120216,2.284368132616318,-3.8938286338494783,-11.232095635999238,3.2159290964876264,JAKARTA TIMUR,1,0.6782255953938758,0,0.46351240544347894,5030.804923627973,4856.6610087259005,4690.890864729903,1136.5509668786854,960.1922120725173,778.7961573578095,103.47471649720403,97.48861197231986,28,21.816016749542005,18,6.0259578940535015,0.27882234482751544,-3.178074338325363,2.0282186794215153,2.176958728491558,1.0,3.3999996185302734,2.603560218072256,0.9000015258789062,0.19520926475524902,-0.5313499188179809,-2.1874239444732666,0.5896623283945421,0.6255792502116417,26654.2642891,26778.08328935867,11.142607688903809,2.5663474039456133,0.0,8.174315929412842,-0.35938071134482896,-2.914693832397461,2.0494681239410006,2.0615898201402345,17.341655704300468,13.185520000939803,10.672336545139055,3.7359423833899275,-0.4127515178444105,-2.8918091038955556,1.3283217425909435,1.3348601903542803,0.09348005801439285,0.022726670716779765,0.008498162031173706,-8.321471244096756,-8.715832396641714,-8.947865473106503,0.18195188673057336,0.021734806140248978,1,0.3217744046061241,0,0.46351240544347894,"{""type"":""MultiPoint"",""coordinates"":[]}"
00000000000000000521,53,JATINEGARA,BALI MESTER,3175031003,3.17503100301E12,Sangat Tinggi,Bali Mester 06,Tahun 2020 air meluap ke Jl. Raya Jatinegara Barat,5 Jam,350 m2,2391,Luapan Kali Ciliwung,006,5,2020,1577865600000,"1,6 m",160,0,2.0628353209647905,-11.109117376793485,-19.459606351081685,3.0323756742744634,8.674913863423235,-3.797144145742881,-14.455680385549329,3.54794546191454,JAKARTA TIMUR,1,0.9583947838236435,0,0.20588221630999573,4019.037897083563,3848.5326396104824,3584.4280636387275,920.1485278821879,807.2001000772524,620.4106316991915,80.95438125676226,101.75708269463263,28,17.715322518047053,12,12.721088002028873,2.4004643223151687,-3.925980189200283,3.0426659883548375,3.0689272158171694,1.0,4.800000190734863,1.5826262185766604,0.0,2.456486463546753,-0.6967575400084581,-2.2889511585235596,1.4398888874658293,1.4767189319818435,179657.821808,180388.90495753323,9.214407920837402,3.104701824841929,0.0,6.551379919052124,0.362474576422982,-2.7692246437072754,1.7934982179062033,1.777987674006043,18.03095847461791,12.93044393332542,11.061055701003166,4.417320501722639,-0.6852942804292581,-2.5570481160394465,1.815354819455495,1.819598021457746,1.1642980575561523,0.14533171605618503,0.00849859043955803,-8.183181881904602,-9.302223106664368,-9.594986488111317,0.41836105299476717,0.37754722734294327,1,0.03170845300007763,0,0.1870115907307295,"{""type"":""MultiPoint"",""coordinates"":[]}"
00000000000000000455,311,KRAMAT JATI,BALE KAMBANG,3175041005,3.175041005E12,Sangat Tinggi,Bale Kambang 01,,7 - 12,850,2035,Luapan Sungai Ciliwung,001,5,2020,1577865600000,80-250,250,80,-4.01800887070109,-13.254632519124693,-18.367935482865434,1.6559683663812195,6.570441442672736,-4.977176952071552,-12.58166067619261,2.774449009785908,JAKARTA TIMUR,1,0.7652222884781021,0,0.438835758128824,3937.924255178528,3494.33909696669,3194.7163878362667,150.96797750390897,-127.43114877048616,-340.56351789337896,121.56494344785878,174.7267066902615,36,28.080688619448306,14,5.971462241598321,-1.5448302035700254,-15.08567697552435,4.959846352264918,4.827584863276743,1.0,12.600000381469727,6.959713620551255,0.0,8.349008083343506,2.481596886483748,-4.779721260070801,4.300833400299185,4.223305605218427,315997.47081,317257.5850927129,18.23781394958496,4.0518853137843776,0.0,15.270496129989624,1.070585212734584,-3.0125153064727783,2.8963556198230185,2.8985279338987384,26.52778622098349,14.088904627676056,10.513308425223416,12.995740822188905,0.5572497469173907,-3.007719450938371,3.7974806101997336,3.794044171779251,331.7960205078125,46.57846309733085,0.008497660048305988,323.35631275177,38.0679578729608,-8.715714971534908,121.89882045214898,121.85692447447754,1,0.22027871640274735,0,0.429635466204854,"{""type"":""MultiPoint"",""coordinates"":[]}"
00000000000000000456,67,KRAMAT JATI,BALE KAMBANG,3175041005,3.175041005E12,Sangat Tinggi,Bale Kambang 02,,7 - 12,300,2036,Luapan Sungai Ciliwung,002,5,2020,1577865600000,80-250,250,80,-6.350317022557912,-13.494643887945118,-18.0239473280433,1.4529644930300236,5.162037108502821,-4.13533368213503,-10.790621417796324,2.4785882953496112,JAKARTA TIMUR,1,0.8912744812924317,0,0.3329155802415108,4283.350023716669,3664.1752391396662,3339.584723798207,582.3729303317086,287.9092757209271,1.4262054518994773,134.55863960784106,237.87311434817505,41,34.425325163710056,18,8.970220084700998,1.5804268209206642,-14.340796891443915,3.98799986148856,4.263182069246979,1.0,15.80000114440918,6.455650893690229,0.0,10.842052936553955,1.6141962549598667,-4.956986427307129,4.265811948408604,4.273846377684575,347729.590627,349164.9005844385,12.896014213562012,2.9048432474643526,0.0,9.858140707015991,-0.11594884704193385,-3.036681890487671,2.0947300918513787,2.098528630939198,26.523757159919768,13.269454390580883,10.603102473849447,13.031185576792419,-0.24601482584305312,-2.8979044554970184,2.3500131364718837,2.345821118263532,330.4618835449219,13.711383293294054,0.008497517555952072,322.7584481239319,5.4391213479606995,-8.735877643339336,66.5700337233307,66.476779711553,1,0.10469419067579903,0,0.32527380252930294,"{""type"":""MultiPoint"",""coordinates"":[]}"
00000000000000000458,492,KRAMAT JATI,BALE KAMBANG,3175041005,3.175041005E12,Sangat Tinggi,Bale Kambang 05,,12 - 24,1000,2039,Luapan Sungai Ciliwung,005,5,2020,1577865600000,100-250,250,100,-3.381119173110452,-13.676713894315661,-18.148838888930094,1.7190490153397453,5.162037108502821,-6.557586316762099,-12.716736195029213,2.5195542598799125,JAKARTA TIMUR,1,0.5445736273739094,0,0.4983946961145444,4206.312360166264,3881.4934229123023,3442.3651404797974,1056.858023492035,723.4885223913499,276.579758752353,169.30312861108945,178.24136141756964,41,29.187281228019362,17,6.305761696954917,-5.717275990413969,-19.034939643934486,5.407066616947111,5.041472204609305,1.0,16.399999618530273,6.138128536126039,0.0,11.447870254516602,1.0737747608986459,-5.253451347351074,5.07015968853888,5.036590721198656,421450.969844,423193.40427078016,16.297557830810547,5.235873936845757,0.0,13.15218210220337,2.144310525143922,-3.0387327671051025,2.7520510520391452,2.7527922191170133,23.737287176858604,14.51801094578688,10.40832122201483,10.24354213145545,1.0127416820895547,-3.11290232989316,4.445933800175301,4.444717927531001,329.7310791015625,76.18683905230083,0.008497367613017559,321.9891881942749,67.64772412851309,-9.185249199159443,143.10617354801664,143.09040513475495,1,0.4485828954445782,0,0.4972929221875356,"{""type"":""MultiPoint"",""coordinates"":[]}"
000000000000000004af,329,KRAMAT JATI,CILILITAN,3175041006,3.175041006E12,Sangat Tinggi,Cililitan 05,,48 Jam,5000,2196,Luapan kali Ciliwung dan Kali Item,005,5,2020,1577865600000,100 - 300 Cm,300,100,-4.08868298262307,-12.877050288678971,-16.032935544767327,1.6610538836023654,5.067408594436141,-4.159401398490852,-9.63668310202657,2.341612746338483,JAKARTA TIMUR,1,0.9780049698260561,0,0.14517078291797464,3321.497865031356,3078.458687491202,2675.787546757929,-236.27063140787595,-336.7902147194997,-480.6784872718431,46.31273408663745,134.5004728971256,35,29.256187433439848,19,7.12147657417874,1.2827459171261995,-8.433831257779456,3.2607886635181087,3.463943096407327,1.0,12.600000381469727,6.523861150826216,0.0,8.482970237731934,2.4036958789046814,-4.047093868255615,4.00039322108231,4.052066509527882,245560.266995,246586.5728786126,8.536334037780762,2.8641723164058055,0.0,5.611186981201172,-0.09261952034327675,-2.9738035202026367,1.6609370869315607,1.6562492788430287,17.90122383468737,13.094274258094298,10.946278005418602,4.364288685672751,-0.443854961205943,-2.5866554409337024,1.4217969791705711,1.4221744391822344,2.243385076522827,0.05195526017401769,0.008497760631144047,-5.5886571407318115,-8.406824945755398,-8.767175112850964,0.42653857185935085,0.25106918400651723,1,0.02199503017394392,0,0.14517078291797475,"{""type"":""MultiPoint"",""coordinates"":[]}"
000000000000000004b0,529,KRAMAT JATI,CILILITAN,3175041006,3.17504100601E12,Sangat Tinggi,Cililitan 06,,50 jam,8400,2197,luapan kali ciliwung krn air kiriman dari bogor,006,5,2020,1577865600000,250 cm,250,0,-4.745975653731223,-13.514680583931913,-18.61694731516192,1.5609477196385702,2.595502700412654,-4.827103962849495,-12.080441893929144,2.5426387727288198,JAKARTA TIMUR,1,0.7417460294096003,0,0.4521661132064003,4091.1911183486804,3521.999240338099,3151.3226391168187,49.70287428603933,-200.95761647184807,-352.8119635382877,85.60523802609887,230.14384709702009,33,23.70600703593035,15,4.972099245134466,-3.750376106665797,-12.229066471334715,3.029353934872145,3.1552138445937334,1.0,11.80000114440918,3.6668099672440575,0.0,7.6389031410217285,-0.47711070313463455,-4.349004745483398,2.952778636266137,2.9575702871481497,236935.268854,237910.0712017401,11.51754379272461,3.264682258843468,0.0,8.488880634307861,0.2802125612418,-3.0313613414764404,1.830809489103145,1.8378118080887889,23.74695620987108,14.119524502100393,11.139912576976364,10.217248433918058,0.589110158183618,-2.3607235846850116,3.1971058440061144,3.1970357369932647,332.95172119140625,30.22951672555196,0.00849779974669218,324.91433334350586,21.878761150381504,-8.745675859972835,95.8865715129684,95.8848828182333,1,0.24160619397382885,0,0.4414629935316682,"{""type"":""MultiPoint"",""coordinates"":[]}"
000000000000000004b1,901,KRAMAT JATI,CILILITAN,3175041006,3.17504100601E12,Sangat Tinggi,Cililitan 07,,34 jam,3 ha,2198,meluapnya kali ciliwung,007,5,2020,1577865600000,500 cm,500,0,-6.2593101611741755,-12.762119633472379,-18.1129886702212,2.0372145997315996,7.640719804761,-4.933335923262013,-11.412027763842783,2.794015134127375,JAKARTA TIMUR,1,0.8888273550878987,0,0.3392675929394975,3870.698557220822,3538.6959608869984,3083.6927807006746,-3.0796154426234352,-176.4448603683128,-371.7544627017928,69.45377411525689,157.06304771089853,30,22.88940955951265,14,3.3326750963316663,-3.7183543670790993,-12.158295378554104,3.170515875143877,3.2095441423331574,1.0,7.5,2.393781629783768,0.0,3.529218912124634,-1.6242418063604072,-4.1276140213012695,2.2314776167976875,2.210519282187306,245531.438668,246518.01572725267,9.131183624267578,3.3704342175711934,0.0,6.147810459136963,0.38222146654392436,-3.011380434036255,1.873770959030272,1.8695739314535056,26.539447959181874,14.436868515553519,11.079367398330849,13.03138544654846,0.9233478682732073,-2.4377248611093876,3.670668941343381,3.6704916342445615,335.7984619140625,37.123105796751595,0.00849785003811121,327.69271183013916,29.07779297338503,-8.417614324949682,111.37494369774717,111.377602571961,1,0.10755161739229215,0,0.33589550272624175,"{""type"":""MultiPoint"",""coordinates"":[]}"
000000000000000004b3,516,KRAMAT JATI,CILILITAN,3175041006,3.17504100602E12,Sangat Tinggi,Cililitan 16,,,4.6 ha,2206,Saluran air tdk menampung dan luapan kali ciliwung krn air kiriman dari Bogor,016,5,2020,1577865600000,250 Cm,250,0,-9.477243610620063,-13.555524045992248,-17.10645940252087,1.1299538761866499,4.589280803753526,-4.505651215327012,-12.080441893929144,2.8066972474345264,JAKARTA TIMUR,1,0.6787264833574527,0,0.46787632899722714,3993.260798022001,3591.235715698197,3216.1937146508,14.388048833383891,-174.19501371382577,-329.71585611978253,80.22390505219248,201.52757706138087,33,25.41180254060137,18,4.972099245134466,-2.683832845240471,-10.340542090025096,3.2824677085043508,3.3558018913324075,1.0,11.80000114440918,5.107600544009041,0.0,7.631905555725098,0.8504310326997614,-4.439032554626465,3.615556720442469,3.5744188298305897,151823.974201,152464.40812869396,7.943521976470947,2.8424808827274166,0.0,4.96318793296814,-0.16109969409846844,-3.0345888137817383,1.5809197024534956,1.5823253236002959,26.52870777293326,14.586715373059567,11.060953425387398,13.014789036622929,1.0526230707038495,-2.4560931872943517,3.8443433363788007,3.8391624223035965,332.3738708496094,52.98418943676588,0.008497778326272964,323.9970512390137,44.46024748095148,-8.710389910265803,121.57731942896002,121.52491374029546,1,0.3072611582018238,0,0.45804642767665926,"{""type"":""MultiPoint"",""coordinates"":[]}"
00000000000000000577,151,KRAMAT JATI,CAWANG,3175041007,3.175041007E12,Sangat Tinggi,Cawang 01,RW 001,20 Jam s.d 36 Jam,± 500 M,2534,Luapan Sungai Ciliwung,001,5,2020,1577865600000,270 cm,270,0,-2.130595178506348,-12.996337677804998,-18.249409271304273,2.9389550269324225,8.560432404660636,-5.588114964941726,-13.698364512550382,3.6873820352065945,JAKARTA TIMUR,1,0.7437155119558556,0,0.4389966322998829,5028.238404496413,4748.821766918604,4439.230607744934,1014.6226248349521,792.0999439675554,554.6174728595101,99.21701030850191,130.08969727762636,29,19.490950791379984,13,6.97082523806727,-2.8244368923121708,-9.629582444195208,4.186730974012379,4.035772522133488,1.0,7.0,2.174743951589196,0.0,3.617403030395508,-1.2081460698893924,-3.527353048324585,2.307280884390678,2.2935313337570085,153653.893305,154257.88312220626,12.325596809387207,4.137899145208194,0.0,9.348257541656494,1.1481269966392795,-2.9572534561157227,2.3649989979396495,2.362765248164802,23.76358659826042,13.79706756771357,10.568559381994694,10.226666255545739,0.25222075383130027,-2.9778492156255165,2.9802621355427594,2.9793324577313305,338.5433349609375,15.912448468540052,0.008498118259012699,330.13457012176514,7.596698999880775,-8.68555071670562,71.80653505572171,71.86557691353944,1,0.18720621295728596,0,0.40281572248105735,"{""type"":""MultiPoint"",""coordinates"":[]}"
00000000000000000578,119,KRAMAT JATI,CAWANG,3175041007,3.175041007E12,Sangat Tinggi,Cawang 02,RW 002,24 Jam s.d 48 Jam,± 900 M,2535,Luapan Sungai Ciliwung,002,5,2020,1577865600000,400 cm,400,0,-5.955858344187908,-12.657427086483743,-16.73885889605713,1.7093830111212585,0.9964845009772344,-5.175121023968387,-10.498597597034845,2.2115125245771736,JAKARTA TIMUR,1,0.605355533418718,0,0.48737477273829644,4916.610843369583,4582.668224194056,4234.8577061483975,878.9448316111293,622.960937549366,351.9502407280411,117.24283101064384,155.1677292853704,32,21.423153550590577,11,8.735452431748165,-1.486572313133133,-11.688377870509818,4.80645757310573,4.9638052747026045,1.0,7.899999618530273,2.804508746662738,0.0,4.381771802902222,-0.6993258411543544,-3.6316781044006348,2.5401053302889665,2.5252252388943104,146894.345195,147547.28461279688,9.597299575805664,3.3170802802176826,0.0,6.5988781452178955,0.3080854935910928,-3.0202460289001465,1.942936000087848,1.9420274780487319,26.5430362981752,14.692737507920361,11.214967978632298,13.012803837942599,1.1598939660415626,-2.3230525101928254,3.943511298626071,3.9420739425051408,338.4923400878906,57.02372409711064,0.008498072624206543,330.27902126312256,48.90463013484846,-8.230912290513515,122.1206529319055,122.1310838250284,1,0.36397704093733674,0,0.4797727806060519,"{""type"":""MultiPoint"",""coordinates"":[]}"
00000000000000000579,195,KRAMAT JATI,CAWANG,3175041007,3.175041007E12,Sangat Tinggi,Cawang 03,RW 003,24 Jam s.d 48 Jam,± 800 M,2536,Luapan Sungai Ciliwung,003,5,2020,1577865600000,470 cm,470,0,-1.2795931193464436,-11.015546512392472,-15.92877419856923,2.898667737449784,13.044103486974322,-2.146236406224635,-8.610746698692985,4.317364984729745,JAKARTA TIMUR,1,0.9215686274509804,0,0.2910731121943447,4145.519835203624,3965.458477279951,3753.3088663802037,194.33457497544305,63.75833637488662,-59.608380500069416,46.639261316927865,86.17903061223605,29,24.630502200880354,17,3.811096601572366,-0.7700021707072834,-8.589706022882506,3.3630152187969298,3.2564696049112345,1.0,9.5,6.193427172790961,0.0,5.668656349182129,2.251525936316566,-3.991464138031006,3.4591242185335,3.427862999083833,69739.5280761,70018.33072710376,6.567941188812256,2.771446400756191,0.0,3.553602933883667,-0.23727158237011645,-3.0071277618408203,1.5143344469397422,1.516438312102995,22.950107687058907,13.372230605386951,11.219196660632567,9.451965291270277,-0.12753699129808535,-2.2774551245084513,3.509390049402971,3.5088696519941456,336.49530029296875,30.483273608926876,0.008497943170368671,328.5598621368408,22.498427628121775,-8.087204228155315,116.6307407908389,116.66089127503054,1,0.0784313725490196,0,0.2910731121943446,"{""type"":""MultiPoint"",""coordinates"":[]}"
0000000000000000057a,161,KRAMAT JATI,CAWANG,3175041007,3.175041007E12,Sangat Tinggi,Cawang 05,RW 005,24 Jam s.d 48 Jam,± 400 M,2539,Luapan Sungai Ciliwung,005,5,2020,1577865600000,410 cm,410,0,-4.644090599003173,-12.266999220426626,-18.23637659271321,2.244852201758226,14.205153170846932,-2.907224169010383,-13.905819285013319,3.4426211663691335,JAKARTA TIMUR,1,0.9153301145087593,0,0.2646098363117119,4174.480904747759,3900.150514492758,3551.8690852957257,244.03722446659594,53.82770189836533,-163.55506235831035,88.9830963057969,127.68673441823783,32,25.492184175962418,14,6.9794247857938885,0.3512223309302125,-12.086600630648153,3.705785473890328,3.421691779323577,1.0,9.5,6.067707739256179,0.0,5.749966621398926,2.2296139768061,-4.026250839233398,2.7331861979918037,2.702030066812377,123281.147828,189392.52703269187,7.436324119567871,2.6196322179326663,0.0,4.422456502914429,-0.3872437933257099,-3.0142157077789307,1.5105697357971717,1.5105900794023654,23.062373789508392,13.761889527261435,11.11211383765157,9.555411558059781,0.2509418058888104,-2.4057603121777813,2.8115451994179717,2.810207157759947,336.5632629394531,26.432953583493404,0.008497925475239754,328.69814920425415,18.457359576254227,-8.144719582051039,94.73674134283198,94.76840688761905,1,0.06580091385019514,0,0.23860629921247914,"{""type"":""MultiPoint"",""coordinates"":[]}"
0000000000000000057b,37,KRAMAT JATI,CAWANG,3175041007,3.17504100701E12,Sangat Tinggi,Cawang 12,RW 012,20 Jam s.d 30 Jam,± 200 M,2545,Luapan Sungai Ciliwung,012,5,2020,1577865600000,230 cm,230,0,5.685254276303004,-11.875175810992447,-16.054180492278476,2.4539872645620155,14.205153170846932,-3.9280203681510946,-10.247790531501531,3.157809733426794,JAKARTA TIMUR,1,0.7911040900451706,0,0.4110888989503812,4534.172513765277,4276.664032222506,4013.6813201368936,575.32502686004,346.4593853588758,142.5972288758826,107.40801942715436,131.7907489579371,30,22.77866363883197,14,6.650093958008544,-1.045982097776723,-10.093607669535949,3.571620538830973,3.4766280791578725,1.0,7.899999618530273,4.949506989252302,0.0,4.371324777603149,1.313265246210108,-3.776465892791748,2.7583214579916517,2.7355655924164313,141436.644407,141979.1300221955,8.51725959777832,2.8772601702393765,0.0,5.501738786697388,-0.13774472406933128,-3.0209619998931885,1.639475056353502,1.6390657742558667,26.542708236401694,14.200935133597755,11.083805469553548,13.016388482205613,0.6781915261501968,-2.4423079187102577,3.983481029578263,3.983422451052718,336.80120849609375,56.15165743540323,0.008498021401464939,328.85963916778564,48.21649480792719,-8.097426513209939,130.62559493582117,130.63410617382434,1,0.1966035593513192,0,0.4037952755903493,"{""type"":""MultiPoint"",""coordinates"":[]}"
000000000000000005e8,657,KRAMAT JATI,CAWANG,3175041007,3.17504100701E12,Sangat Tinggi,Cawang 08,RW 008,24 Jam s.d 48 Jam,± 1500 M,2733,Luapan Sungai Ciliwung,008,5,2020,1577865600000,490 cm,490,0,-1.5857424913867826,-13.144865038611266,-18.016060683168174,1.801238406327055,1.304013159316395,-4.374935617645133,-12.173264691333728,2.4187917219274273,JAKARTA TIMUR,1,0.7840779545084413,0,0.45875184373714667,4537.966801051652,4321.411577626683,4075.384783197904,443.77396928913095,271.55333598689083,107.69160314564442,73.49956846621029,104.37227275467194,24,19.258075023071495,11,-0.98617702329609,-5.436567216663094,-14.059942032692067,2.4177799004716594,2.400331147522898,1.0,6.69999885559082,1.5277396879200826,0.0,2.81533145904541,-2.3801434519339977,-3.9679906368255615,1.5645918038965079,1.554950312097166,128465.565706,129003.75451024827,9.504671096801758,3.2256579649826307,0.0,6.496820688247681,0.22169853851484694,-3.012144088745117,2.038506066344856,2.0394134900449243,23.75162406207997,14.811958904629805,10.834797101886753,10.249366510749223,1.3012373677539886,-2.668403470700392,3.612245114486183,3.6096549109387595,336.49530029296875,54.97155140242216,0.008497979491949081,328.5634684562683,47.02837844512438,-8.007864168845117,123.02492003461829,123.02048703735927,1,0.19502198577710225,0,0.4482158732221166,"{""type"":""MultiPoint"",""coordinates"":[]}"
0000000000000000045a,25 KK,PASAR REBO,GEDONG,3175051001,3.175051001E12,Sangat Tinggi,Gedong 01,,3 jam,800 m2,2050,Luapan Sungai Ciliwung Rt. 010/001 Kel. Gedong,001,5,2020,1577865600000,100 - 200,200,100,5.688535885038992,-11.935347771495158,-20.61642382967833,3.729227671372175,10.343574504462964,-5.225444183356111,-14.031249566183199,3.4834651910646985,JAKARTA TIMUR,1,0.8391717647058822,0,0.3905164832608977,3613.123075758068,3438.7553550775565,3111.4743579302713,1021.9011743253532,890.7899613301332,588.885904601927,99.93976162220572,116.16010361891794,45,38.773684705882346,24,6.016753192956962,0.3227201543571633,-15.40803261460485,4.190228981564047,4.042555799584354,1.0,15.299999237060547,8.94176077615177,0.0,10.071219444274902,3.719793690418917,-5.4208526611328125,4.428153359147071,4.452006892012119,185225.178124,185950.93304571355,10.515218734741211,2.808370153242,0.0,7.338932514190674,-0.3233673096970952,-3.139181613922119,1.7865572916049244,1.7964665681408667,23.017510239563595,13.293754896805435,11.02044649326855,9.485028236451837,-0.22841988976126035,-2.507594429517674,2.3936796422104143,2.39606551801172,323.0182189941406,16.742315904365032,0.008497227914631367,313.59876251220703,7.895319745792103,-9.380261431448162,74.79296625985556,74.93471694712416,1,0.13682823529411764,0,0.373285334373018,"{""type"":""MultiPoint"",""coordinates"":[]}"
0000000000000000045b,41 KK,PASAR REBO,GEDONG,3175051001,3.175051001E12,Sangat Tinggi,Gedong 03,,3 jam,1500 m2,2052,"Luapan Sungai Ciliwung Rt. 001/03, Rt. 012/03, Rt. 013/03 Kel. Gedong",003,5,2020,1577865600000,100 - 200,200,100,-3.1889432331960004,-13.090170639748871,-20.460365760713596,2.5307398654096267,5.846204113329804,-6.677019419882169,-15.464268859602859,2.8750034932240314,JAKARTA TIMUR,1,0.5910445465556691,0,0.49219508327491446,3756.7464877996586,3368.9392096740667,2987.3034691983003,1013.5612291288026,677.4183839001543,311.26104563810304,171.47807851844368,211.76583879735279,44,34.078134312575706,19,7.1703665955132365,-3.0376761006189232,-17.905341274663783,5.941912620610505,5.432488932340313,1.0,16.100000381469727,4.710814215230114,0.0,11.011096954345703,-0.43391442903495886,-5.485830307006836,4.609146279898261,4.5463803905498175,362983.671871,364425.86317289993,15.540666580200195,4.04961525402867,0.0,12.350528478622437,0.925500444681265,-3.1618125438690186,2.561323744546489,2.578358973675585,26.50760780654192,13.720813388293294,10.441098165048516,12.999078509759503,0.2127825217037155,-3.050498812528879,3.10667742100545,3.1047561978711067,325.1679992675781,34.17459758784715,0.008497260510921478,316.02210330963135,25.082331576151123,-9.539676632732153,98.2707649811517,98.32305920029576,1,0.3784630765385577,0,0.48488761584515644,"{""type"":""MultiPoint"",""coordinates"":[]}"
0000000000000000045c,20 KK,PASAR REBO,GEDONG,3175051001,3.17505100101E12,Sangat Tinggi,Gedong 09,,3 jam,700 m2,2058,Luapan Kali Baru di Rt. 001/009,009,5,2020,1577865600000,100 - 200,200,100,-6.255842666446912,-12.998290764509566,-17.369878108277014,1.689991800714172,2.8664154985030064,-4.771945776008009,-10.311090204836606,2.338539085981044,JAKARTA TIMUR,1,0.9668708093553665,0,0.23648262545110654,3151.3226391168187,2864.5147155592795,2623.82556060524,835.362833422429,564.9966973138319,363.15143623670974,116.00548473063832,131.58322908839088,48,39.478828995301214,30,10.091569258187839,1.6263357540760373,-7.198426601289036,3.7820673289657445,4.022892853426922,1.0,11.100000381469727,3.5576286003246125,0.0,6.3314619064331055,-1.2846833829435176,-5.035089492797852,3.281789257592986,3.2613646845347946,132085.623756,132597.37555529948,7.479633808135986,3.1119870091339314,0.0,4.38888955116272,0.012964937148933237,-3.105649471282959,1.4412789809388653,1.4406322533452305,18.910734815424444,13.642781365489423,11.077837177929789,5.407299251886217,0.12823362072017813,-2.4503600662630767,2.4245269828161002,2.419641367551604,2.6424989700317383,0.5822199671155299,0.00849720649421215,-3.9296984672546387,-6.45440395651611,-7.496661146171391,1.1843552473647674,1.0482393285682985,1,0.033129190644633336,0,0.23648262545110657,"{""type"":""MultiPoint"",""coordinates"":[]}"
0000000000000000028f,70,GAMBIR,KEBON KELAPA,3171011005,3.171011005E12,Sedang,Kebon Kelapa 03,Batu tulis raya,4 -5 jam,4 m,1323,Curah hujan tinggi,003,3,2020,1577865600000,"± 40 Cm
(Sedengkul Orang dewasa)",40,0,-1.774955893966896,-10.474092147978485,-17.3656911430418,2.8098852080820724,10.119149040155893,-2.384649313099237,-11.930138534822445,3.833522575010217,JAKARTA PUSAT,1,0.9899098545380044,0,0.1045352924222345,1328.210458360942,1080.4737881229428,840.0340520953622,141.1176639861112,-38.11332426286627,-224.54517215134968,84.81195780837871,106.8642354615432,53,6.638368162261833,-1,46.03048061916262,-0.29507119510103524,-8.016434691217388,7.3613858426954835,7.3745296746039415,0.5852910635585579,5.300000190734863,1.6105306061216371,0.0,3.521314263343811,-0.15432201322535224,-1.7945505380630493,1.3608463690973958,1.3678590389853256,136325.504674,136806.49055752502,38.78722381591797,6.357122355047442,0.0,34.9111864566803,2.4888097980464,-3.85495924949646,6.535391657387098,6.538732763773369,22.791161968735132,12.726205548240271,9.26633692942165,9.41887839105471,-0.6530249090231413,-4.120687202517178,2.7496181417852226,2.7483668045809493,363.1382141113281,10.154100688246112,0.00849937740713358,352.76735401153564,-0.23852256331932367,-10.485666981898248,82.947147309427,82.9408255097078,0,0.0,0,0.0,"{""type"":""MultiPoint"",""coordinates"":[]}"
0000000000000000029a,-,SAWAH BESAR,PASAR BARU,3171021001,3.17102100101E12,Sedang,Pasar Baru 07,Sudah dihubungi,5 Jam,200 m,1348,"1. Intensitas hujan tinggi;
2. Meluapnya air sungai ciiwung;
3. Kurangnya resapan air disekitar wilayah;
4. Sempitnya saluran air di sekitar wilayah",007,3,2020,1577865600000,50 cm (Jl. Lause dan jl krekot bunder 4) perbatasan kelurahan),50,0,2.9586749350648236,-8.803687459979624,-17.2069420799559,3.1707436770954684,10.609217699795458,-2.7448330785386235,-11.728401750388233,3.5895946535466434,JAKARTA PUSAT,1,1.0,1,0.0,1577.0261195713756,1469.0104538969442,1302.0362575498923,436.93779685849495,338.5235913961542,191.81482961980714,58.25821213012754,69.59023333374901,24,9.942187752464047,4,17.44010574258218,3.403911755439599,-2.632098608152,3.6022754561605685,3.5853556843766,1.0,3.6000003814697266,2.744611556434848,1.0999999046325684,1.8494189977645874,0.9875024800578736,-0.6462593078613281,0.681482340927631,0.684763286378633,107900.807588,108375.05123399913,15.068674087524414,4.505119709166134,0.0,11.089322566986084,0.5385201483651921,-3.9711012840270996,3.38792875202228,3.3903718335899327,16.648659309536438,12.164299179931904,10.359933051654611,3.3180701653056364,-1.1723368585081464,-2.9650805787103245,1.07941678275274,1.0816159156546095,0.05949627608060837,0.012572739952457395,0.008499441668391228,-10.010125368833542,-10.225946452205534,-10.381518067792058,0.08342688915334312,0.009986677574537584,0,0.0,0,0.0,"{""type"":""MultiPoint"",""coordinates"":[]}"
0000000000000000029c,37,SAWAH BESAR,PASAR BARU,3171021001,3.171021001E12,Sedang,Pasar Baru 01,Sudah dihubungi,dari malam hingga pagi,200,1350,"1. Intensitas hujan tinggi;
2. Meluapnya air sungai ciiwung;
3. Kurangnya resapan air disekitar wilayah;
4. Sempitnya saluran air di sekitar wilayah",001,3,2020,1577865600000,Sepaha orang dewasa,75,0,-0.47865244657066375,-9.720625408158881,-17.094303508323932,3.4763224006512305,17.500209281432248,-1.4107841137419295,-10.088162774705221,4.0714541132802475,JAKARTA PUSAT,1,0.966871514149969,0,0.17622734816346616,1878.3732438998293,1609.4544431929617,1379.069335874412,532.283973410018,286.22196011839424,19.047541919338983,138.2010993965344,129.31077916265122,16,8.379260483371207,2,9.30388253654329,1.5227523639102418,-4.8677580660620805,2.846605086208421,2.7662207912159467,1.0,3.40000057220459,2.0986806711451718,0.0,1.641463041305542,0.31341603471582224,-1.8342963457107544,1.106727464346921,1.094485942818641,135129.838878,135642.22376780657,10.479788780212402,3.364571539805561,0.0,6.533003091812134,-0.5729594616339834,-3.9412741661071777,2.1478546121308257,2.150627469567994,18.034947096168366,12.996814910350121,10.789455117164067,4.669540715317407,-0.3613096218776168,-2.557868918402285,1.3556395007526483,1.3559856158421169,0.34847524762153625,0.03998698152932519,0.008499356918036938,-9.663428515195847,-10.165459553956236,-10.355734578333795,0.12158356605103503,0.05259651898556634,1,0.03312848585003098,0,0.1762273481634661,"{""type"":""MultiPoint"",""coordinates"":[]}"
0000000000000000029d,72,SAWAH BESAR,PASAR BARU,3171021001,3.171021001E12,Sedang,Pasar Baru 02,Sudah dihubungi,setengah pagi hingga sore,3 m2,1351,"1. Intensitas hujan tinggi;
2. Meluapnya air sungai ciiwung;
3. Kurangnya resapan air disekitar wilayah;
4. Sempitnya saluran air di sekitar wilayah",002,3,2020,1577865600000,30-40 Cm,40,30,-1.8253485014967765,-10.348796300883665,-18.195175491399386,3.103935195286784,5.891875295157638,-3.770378031988182,-14.673315512108374,3.335884997261439,JAKARTA PUSAT,1,0.9688093518444213,0,0.19542481274908904,1692.8250687230054,1519.7092070671063,1318.4560267800225,441.64196840676505,288.7156712759743,41.764044612468524,97.34420848199643,92.17834189195978,18,9.415803975068885,5,11.46584068541107,2.7559223801048405,-1.8207153549750137,2.9512821515214682,2.903264540077156,1.0,3.6000003814697266,2.5925475422772175,1.0,1.8545055389404297,0.8390876517117136,-0.7573813199996948,0.6698615532940677,0.6716659363702604,130512.74089,130965.52111923954,10.479788780212402,3.3571488408532404,0.9274099469184875,6.52886700630188,-0.5949677954999977,-3.0334235429763794,2.1903699863578954,2.1935091707828422,15.368478687807032,12.435070196411091,10.763500558676649,2.022690821971887,-0.9146366123691709,-2.573733283863193,0.8955712404937106,0.8969322086265172,0.09349377453327179,0.017647760136289287,0.008499406278133392,-10.00908849388361,-10.301583464469706,-10.427750301547348,0.08815556830483907,0.02123541461933824,1,0.017548083353395933,0,0.1661385399683346,"{""type"":""MultiPoint"",""coordinates"":[]}"
0000000000000000029f,243,SAWAH BESAR,PASAR BARU,3171021001,3.171021001E12,Sedang,Pasar Baru 04,-,6 Pagi hingga 3 Sore,-,1353,"1. Intensitas hujan tinggi;
2. Meluapnya air sungai ciiwung;
3. Kurangnya resapan air disekitar wilayah;
4. Sempitnya saluran air di sekitar wilayah",004,3,2020,1577865600000,"50 - 60 cm
bervariasi",60,50,1.2062649653558624,-7.73429708670424,-15.79402918986078,3.4976153060085355,13.399857331883908,-3.1538066339294297,-10.233837771671995,3.184784645623799,JAKARTA PUSAT,1,0.9650597301543757,0,0.24505752379442983,1466.7630786537025,1187.496798665883,875.1549798115764,87.51954364043718,-189.92241841227766,-511.097173974367,156.709014292314,143.48748211482857,12,7.546125645310125,2,5.357008631393116,0.9153849578513954,-4.814409019974845,2.133597609030852,2.122152609852853,1.0,3.0,1.8242163658142097,0.0,1.2352548837661743,0.039734095231694216,-1.7977514266967773,0.8879817966767724,0.8838645363685961,139858.573327,140450.59893415635,7.8801188468933105,2.7551518229813072,0.0,3.955720901489258,-1.1526192938204933,-3.8966009616851807,1.371221823109667,1.3702824884683427,17.65805086866086,13.236712887255225,11.406532369312783,4.282735389970547,-0.1303089112941625,-1.9605597919098,1.5340133357636585,1.533059640815508,1.096421480178833,0.10445398591784155,0.008499406278133392,-8.524286031723022,-9.836159491940194,-10.055689515545964,0.36633827349630693,0.2953150176077445,1,0.011247724268648528,0,0.10286301637257403,"{""type"":""MultiPoint"",""coordinates"":[]}"
000000000000000002a1,80,SAWAH BESAR,PASAR BARU,3171021001,3.17102100101E12,Sedang,Pasar Baru 06,-,hingga saat ini RT 07 dicekungan,Sepanjang gang,1355,"1. Intensitas hujan tinggi;
2. Meluapnya air sungai ciiwung;
3. Kurangnya resapan air disekitar wilayah;
4. Sempitnya saluran air di sekitar wilayah",006,3,2020,1577865600000,"70 cm, 40 cm",70,40,2.7813334204968747,-8.724483684168092,-15.164045870525458,2.85773679889047,3.379059470428795,-3.376629933994562,-10.498823903974683,2.5199463627604706,JAKARTA PUSAT,1,1.0,1,0.0,1495.8107119745314,1330.8169373651322,1173.410462922962,317.2649203352273,160.68799452936634,-22.836116800305263,85.54302658075275,81.22850344484173,18,7.976566698914328,2,11.46584068541107,1.5252375778178193,-4.305729846805309,2.893776549731692,2.9130744247558567,1.0,3.5,2.457067852979782,1.700000286102295,1.7339330911636353,0.681841217592482,-0.08968985080718994,0.40214233724587006,0.3964195628506613,64953.1369053,65188.147181214896,12.190571784973145,4.089987145147567,0.0,8.225951910018921,0.1126214784216551,-3.981811761856079,2.587189120690813,2.583008508854737,15.955513115145958,12.788732450198548,10.763500558676649,2.6223012786402613,-0.5400299564814521,-2.573733283863193,1.0327868770207564,1.0314331810514057,0.12749247252941132,0.02978656446254081,0.008499459363520145,-9.66383309662342,-10.043293243096148,-10.31983982026577,0.16102776244812975,0.029949796971757706,0,0.0,0,0.0,"{""type"":""MultiPoint"",""coordinates"":[]}"
0000000000000000020a,229,SAWAH BESAR,GUNUNG SAHARI UTARA,3171021004,3.171021004E12,Sedang,Gunung Sahari Utara 03,biasanya tidak pernah banjir,cukup lama,Cukup luas,1122,"1. Curah hujan tinggi;
2. Dataran rendah",003,3,2020,1577865600000,40 Cm,40,0,5.492290551233959,-10.056695382725,-17.424186224575326,4.13433914630906,9.096068179905348,-4.745470941177275,-12.232677411335395,3.617501748457234,JAKARTA PUSAT,1,0.9052742907067642,0,0.27722670540030714,1057.6978978086688,870.9385244314893,524.765112121048,96.35141011574024,-120.08286543114261,-540.0205087182179,141.02044452787487,117.07748440427919,23,5.927208350577093,-2,17.523393954832258,0.3056435719264189,-7.44838678855085,3.311351778072729,3.287571750129828,1.0,3.1999998092651367,1.0565273243368567,0.0,1.4230811595916748,-0.7250976019232638,-1.7898461818695068,0.9828075870937911,0.9843441005805934,227522.144051,228472.59756722915,16.29625701904297,4.026855767111258,0.0,12.66685175895691,0.35599628034625946,-3.6908299922943115,2.8490376844610217,2.834502813562441,20.17503793310794,13.073836229487593,10.277588682621488,6.739511419192297,-0.35182211418969617,-3.1447416384588713,1.8925010155693411,1.893782985205733,0.6544702649116516,0.12512998864928543,0.008499613963067532,-8.496092975139618,-9.434925348902475,-10.156140812672675,0.44015212844610746,0.21780422516305403,1,0.049202188807651634,0,0.20425742004742553,"{""type"":""MultiPoint"",""coordinates"":[]}"
0000000000000000025e,40,SAWAH BESAR,MANGGA DUA SELATAN,3171021005,3.17102100501E12,Sedang,Mangga Dua Selatan 11,-,3 Jam,300,1259,curah hujan intensitas lebat dan ekstrim,011,3,2020,1577865600000,RT 02 (30 CM) dan titik terdalam 50 CM,50,30,2.7632951971315034,-10.788196770288128,-19.190371092052807,3.2205087707018483,12.089458538277846,-2.702119968695919,-14.190133834630931,3.9873647012426154,JAKARTA PUSAT,1,0.9940237829047668,0,0.14400547006751196,473.0168798317619,306.09557568734357,92.76624232772798,-415.51107350424513,-587.073453877824,-816.7585662615377,99.38463719738967,92.17429477293017,14,8.009940034556351,0,9.330541134499835,3.50401130138077,-4.780201930124303,2.7445702146056337,2.7666960716921762,1.0,5.199999809265137,3.20624446333854,0.0,3.542999267578125,1.523629403632883,-1.7456127405166626,1.1380793449241835,1.1276366988643935,171617.131953,172308.14539489042,10.49409008026123,3.5808504864008563,0.0,7.654316663742065,0.565263959027267,-3.2227728366851807,1.769908746393875,1.7437424810177486,15.95555902573679,12.201634223526332,10.733950200469359,2.485753346383575,-1.2838860792045699,-2.7493161492621994,0.8841153099367202,0.8830024395460905,0.9179623126983643,0.01397758651316917,0.008499781601130962,-7.151446104049683,-8.199723242994782,-8.47713307198137,0.1783167401026212,0.06051894033853156,1,0.005325744486228272,0,0.12908090009938827,"{""type"":""MultiPoint"",""coordinates"":[]}"
0000000000000000025f,Perkantoran dan ruko2,SAWAH BESAR,MANGGA DUA SELATAN,3171021005,3.17102100501E12,Sedang,Mangga Dua Selatan 12,-,jam 4 pagi sampai 3 Sore,400,1260,"curah hujan intensitas lebat dan ekstrim
2. Jalan raya akses ruko dibangun jembatan (dibawah bibir kali)",012,3,2020,1577865600000,"Mangga dua dalam sekitar 60 cm , mangga dua raya 40 cm",40,30,7.3433471085545365,-10.29861422382477,-16.86241502168532,4.257804523171919,10.513721373238756,-2.6434411311897184,-9.95772453909062,4.050176922325722,JAKARTA PUSAT,1,0.938792896887729,0,0.27569005414087633,855.2624952764933,609.5531646346504,371.0649693109119,-32.58402084444083,-281.50062356724743,-535.2971552285829,117.90188850574903,116.63406625184308,29,10.799233247251136,1,24.45058445074035,6.268422948945062,-3.25314520495896,5.02843346534203,5.054261292951043,1.0,9.300000190734863,5.347570616674447,2.200000047683716,7.678396224975586,3.7116189289199633,0.5602709054946899,1.6305709472243743,1.6246037694910394,131048.39101,131563.4525074943,19.9021053314209,6.0640747981414105,0.0,17.077897787094116,3.2076222322856816,-2.9435222148895264,4.15732833963169,4.122402343513536,15.95555902573679,11.960012731609867,10.063812765470697,2.4726027111101345,-1.5544834051597411,-3.476188605024392,1.2329693083020896,1.2185562046562062,0.1104981079697609,0.01602028480535988,0.008499824441969395,-7.799839340150356,-8.293668562498464,-8.608997619710863,0.22485364334954094,0.016892729576551798,1,0.05441814648172305,0,0.26714292604942724,"{""type"":""MultiPoint"",""coordinates"":[]}"
000000000000000002a7,46,MENTENG,PEGANGSAAN,3171061002,3.171061002E12,Sedang,Pegangsaan 01,Belum kirim data,-,-,1374,"1. Curah hujan tinggi;
2. Hulu Kali Ciliwung meluap;
3. Rembesan dari mikrobiologi UI saluran airnya jebol (kerumah warga)",001,3,2020,1577865600000,20 - 60 cm,60,20,11.614392409507783,-9.608634548530565,-16.928421605106394,3.7757430856768996,13.84157293084132,-3.6226865770860806,-11.590953417663119,4.03660939316197,JAKARTA PUSAT,1,0.9292281879194632,0,0.27084393610189494,2163.661985914175,1805.6916436324807,1521.4794995326806,-116.65742583665678,-413.65173652907504,-649.9712323204128,123.47234388749774,155.4166386535339,30,12.512046979865763,3,18.590151925336308,1.1758670312766148,-7.851418925381722,3.4405214201308936,3.5297424269348734,1.0,3.299999237060547,1.3451558256629326,0.0,0.7671654224395752,-1.1379537131122293,-2.4103736877441406,0.9458798417310295,0.9872852293039642,207817.484003,208695.91734979232,19.0362606048584,3.957498072067762,0.0,14.972737789154053,0.016420228807318138,-4.239019393920898,2.901606876388833,2.91768274685773,23.816822052939578,13.718928982529924,10.11179672125586,10.355111207950555,0.3112320505576244,-3.2612753663340257,3.4601025310107696,3.476833557680984,357.290771484375,40.37408503684321,0.0084988409653306,346.91907691955566,29.993492081980364,-10.49260833952576,115.85846037511836,115.85239112573923,1,0.053305369127516766,0,0.2194348395612568,"{""type"":""MultiPoint"",""coordinates"":[]}"
00000000000000000031,700-800,TANJUNG PRIOK,PAPANGGO,3172021003,3.17202100301E12,Sedang,Papanggo 06,,,,77,"saluran dangkal tidak berfungsi , waduk penuh lumpur sampah dan enceng gondok",006,3,2016,1451635200000,51 - 60 cm,60,50,-1.3558236523690814,-12.823458847322007,-16.254180863092294,2.5116198087551473,2.3685627726033305,-4.601314726066439,-9.41980429086,2.389432877138717,JAKARTA UTARA,1,0.9823104250888152,0,0.18467177069477,1416.0152335820305,1128.4039689862252,747.9053559872657,668.5486811237612,395.00196388527036,16.927454177472328,168.64371413603985,170.94752806482083,8,1.97336763444812,-15,4.469503455741726,-1.4315670789152082,-18.339045131702814,3.83421986533281,3.8664444802802858,1.0,4.900000095367432,1.4545461572225693,0.0,3.187446355819702,-0.29257820637278964,-1.8037797212600708,1.3421361520630812,1.3399046519150757,142341.615727,142949.0513998608,16.816743850708008,3.637930765024049,0.0,13.70537543296814,0.5075701796014008,-3.1566336154937744,3.148106397387962,3.143580274012843,21.3074332964077,13.925993622519481,10.946678813487447,7.89097413174658,0.5098302269975663,-2.462132131377354,2.2617370538590293,2.2633387154975684,2.2694931030273438,0.46072478799922256,0.00849994271993637,-0.737349271774292,-2.410327567798034,-3.0777992382645607,0.796488817635046,0.7934127381220438,1,0.01768957491118461,0,0.18467177069476992,"{""type"":""MultiPoint"",""coordinates"":[]}"
00000000000000000321,224,TAMAN SARI,MAPHAR,3173031003,3.173031003E12,Sedang,Maphar 01,Nihil,2 jam,5.345 m,1623,"Intensitas hujan yang tinggi, air tidak tertampung ke saluran dan adanya limpahan dari wilayah Kel. Kebon Pala Jak Pus dan masih adanya pendangkalan dan penyempitan Kali beton yang dikarenakan bangunan di bantaran Kali Beton yang memakan badan kali",001,3,2020,1577865600000,5 - 75 cm,75,5,-5.9908121983272,-10.260394758331609,-16.312174345488,2.5686464176541435,3.883950622712075,-2.782119045746808,-8.33650390726239,2.523865618646389,JAKARTA BARAT,1,1.0,1,0.0,1147.455046826599,917.9118593102709,706.486653451565,108.85679278565794,-80.88941523966247,-261.03932731344196,86.79291669816004,111.5055878938942,11,6.201769911504426,2,4.452431760991612,-0.36091299391393067,-4.608370226459463,2.0061621156798175,2.0065815203767845,1.0,4.600000381469727,1.6199313556879142,0.0,2.9097591638565063,-0.09040092556196856,-1.7409306764602661,1.082115590524867,1.0738886847365694,61060.3017028,61396.84172190527,6.7241621017456055,2.7782993612580738,0.9274099469184875,2.8707306385040283,-1.065581149589393,-2.976240575313568,1.396513428063448,1.3992023340467579,16.864828659808378,13.226770704796175,11.185673392734452,3.496356987107994,-0.17061838039720958,-2.2121312212591135,1.5424042270195062,1.538553160263458,0.5949616432189941,0.0733850364735743,0.008499459363520145,-9.801103115081787,-10.335858629369174,-10.471049588173628,0.20083882757821173,0.19110051723302485,0,0.0,0,0.0,"{""type"":""MultiPoint"",""coordinates"":[]}"
00000000000000000322,127,TAMAN SARI,MAPHAR,3173031003,3.173031003E12,Sedang,Maphar 02,Nihil,2 jam,4.226 m,1624,"Intensitas hujan yang tinggi, air tidak tertampung ke saluran",002,3,2020,1577865600000,20 - 40 cm,40,20,0.39237166917442,-8.576959989432327,-15.299629220339117,2.899830200688388,10.788346733524715,-2.057724152038772,-8.917744539507233,3.088114121465049,JAKARTA BARAT,1,1.0,1,0.0,955.0869205754603,726.816103017102,463.8312116386399,0.9059218439671213,-212.27278831418042,-464.17946450313394,125.35613020701564,139.9947749041097,11,7.23539595666257,2,4.463037869855509,0.6874086066103754,-4.646271936813915,2.116901902542734,2.1010032310140683,0.8388213751509289,4.800000190734863,2.887775176412684,0.0,3.116549491882324,1.2114858485048448,-1.6992006301879883,1.7175294430221697,1.7188096599208418,62533.3509655,62738.416979437985,8.339978218078613,2.5214070477199915,0.0,4.65646505355835,-1.2290266740093096,-3.7167890071868896,1.4254003774356356,1.4249734845742164,23.83500958840857,14.276975802725193,11.310936308408547,10.394972853192682,0.8566882892700171,-2.1174366185541054,3.566009463778837,3.5755982612339334,363.5801696777344,43.603883578662206,0.008499491959810257,353.0602283477783,33.185642800280185,-10.47833850234747,121.25484125661583,121.29920875392838,0,0.0,0,0.0,"{""type"":""MultiPoint"",""coordinates"":[]}"
00000000000000000323,366,TAMAN SARI,MAPHAR,3173031003,3.173031003E12,Sedang,Maphar 03,Nihil,2 jam,6.727 m,1625,Intensitas hujan yang tinggi air tidak tertampung ke saluran dan adanya limpahan dari wilayah Kelurahan Kebon Kelapa Jakarta Pusat dan masih adanya pendangkalan dan penyempitan Kali Beton yang dikarenakan bangunan di bantara Kali Beton yang memakan badan,003,3,2020,1577865600000,20 - 50 cm,50,20,-0.0010129603311827932,-10.153353826552884,-15.51207224475596,2.832254438094596,9.161854441589831,-2.3575972489661776,-7.374514986297715,3.039262718576751,JAKARTA BARAT,1,1.0,1,0.0,1394.5824148206966,1204.01612444992,968.5080035813519,303.35907940614334,147.00820054887353,-40.24284350050982,84.09446159329684,108.03116830709017,11,7.198155902381254,3,4.535369621296747,0.6458176834756041,-3.5432366149678884,1.9010275570975614,1.8928493028221982,1.0,2.6999998092651367,1.6482425585508256,0.0,0.9624898433685303,-0.08700060802068127,-1.7428321838378906,0.9771027629924305,0.9836077603753768,82495.3559843,82807.33860470194,7.034380912780762,2.223128744920881,0.0,3.1059513092041016,-1.696962005902591,-3.9490013122558594,1.2600834076158447,1.2557767022868302,19.998562520215145,13.850719558998538,11.140136792088427,6.635565460305548,0.4798090846196896,-2.220826358036362,1.7313322326573166,1.735656929255783,0.5949616432189941,0.12037493176996997,0.008499441668391228,-9.83191168308258,-10.234067858280463,-10.42091966047883,0.19607641464947487,0.21235858990070855,0,0.0,0,0.0,"{""type"":""MultiPoint"",""coordinates"":[]}"
00000000000000000325,532,TAMAN SARI,MAPHAR,3173031003,3.173031003E12,Sedang,Maphar 05,Nihil,2 jam,8.709 m,1627,"intensitas hujan yang tinggi, air tidak tertampung di saluran",005,3,2020,1577865600000,15 - 50 cm,50,15,4.042319175177454,-9.581836991460465,-15.498466239334856,3.0190264382638112,3.2470178390083886,-3.758184120911147,-10.912834284961196,2.481502654962651,JAKARTA BARAT,1,1.0,1,0.0,1081.8309929570876,899.8849917276034,622.2948715860543,218.75146806550413,33.19884045532265,-254.6543945780486,108.61644069680577,104.09933880785036,13,8.276646086731487,4,6.7563461477166,2.0137275521751064,-2.395515495115564,1.9819635355542133,1.9620458863518906,0.8131666975997365,4.5,2.2549447496169424,0.0,2.9053125381469727,0.6420665877491819,-1.6079721450805664,1.5513960840783094,1.5502873883223136,94362.8435387,94743.32598099815,7.436302185058594,3.0310815854907114,0.0,3.94592022895813,-0.5087166775056953,-3.6590094566345215,1.5177139710471852,1.4911808166599358,26.619522806713306,14.323318305057901,11.083986220407464,13.142603006745054,0.8544924272641171,-2.3983918745073325,4.141570539505005,4.154447388513239,363.8521728515625,67.74048642911552,0.008499545976519585,353.4895610809326,57.396545801927985,-10.488961786031723,146.28260853146412,146.32443480182638,0,0.0,0,0.0,"{""type"":""MultiPoint"",""coordinates"":[]}"
00000000000000000329,44,TAMAN SARI,MAPHAR,3173031003,3.17303100301E12,Sedang,Maphar 09,Nihil,2 jam,8.543 m,1631,"intensitas hujan yang tinggi, air tidak tertampung di saluran",009,3,2020,1577865600000,10 - 40 cm,40,10,0.5895676178295647,-9.18012442640228,-15.974443065770668,3.086458239732622,9.366278787739596,-3.9139682283726147,-10.090997862604716,3.3577971088013103,JAKARTA BARAT,1,0.9920305028596431,0,0.08032023946008404,1288.7498256496885,1091.3776844553713,798.0053903044136,498.87735807947377,275.02766575474817,-33.56154021808766,118.98873278506983,108.66843150016842,22,8.415632715567082,2,15.98229130171232,2.4817388220380754,-4.001369557605439,3.3829885827454125,3.3931973358312146,0.6903367417873729,4.40000057220459,2.4805388823410057,0.0,2.838561534881592,0.8932202338844506,-1.6496831178665161,1.633464118705271,1.6324656743900086,111615.45457,112071.13694623916,14.630192756652832,4.484839703469148,0.0,11.335796356201172,1.2162098421448253,-3.2824437618255615,2.893395659132605,2.89932652093329,23.830263809211093,14.169800928618423,10.390845071210187,10.285471553388028,0.6508635082794109,-3.131596184502058,4.107312919260688,4.116590642606454,364.013671875,65.5548600716647,0.008499596267938614,353.608775138855,55.260484660661724,-10.450885304249823,140.26789418012729,140.3248209062457,1,0.007969497140356909,0,0.0803202394600843,"{""type"":""MultiPoint"",""coordinates"":[]}"
00000000000000000343,50,TAMAN SARI,MANGGA BESAR,3173031005,3.173031005E12,Sedang,Mangga Besar 01,,1-2 jam,700 m2,1657,Intensitas Hujan yang tinggiMeluapnya kali anak ciliwung,001,3,2020,1577865600000,60 cm,60,0,0.09205588985347618,-10.838927750270443,-15.433462353888386,3.3343270148153583,5.628060414080914,-2.6243176356146747,-7.910951809297334,2.8160128481004802,JAKARTA BARAT,1,1.0,1,0.0,1147.455046826599,944.4363906721011,764.9700312177328,328.2037034941484,114.00460213379262,-79.92702267902939,127.36994163290011,117.17975645752384,10,5.82260101010101,1,4.938274357418785,0.7729839340752415,-3.9990444947007635,2.0472092385938385,2.0719062795333962,1.0,2.8999998569488525,0.9407038927605055,0.0,1.3507009744644165,-0.6235990031537684,-1.5909100770950317,1.1429757422427926,1.1406248090566926,44284.6538219,44461.37672881121,7.605895042419434,2.350318020458963,0.0,4.756506443023682,-0.5428992229645525,-2.90136981010437,1.4569987135169846,1.4486112326822942,23.83154239839048,16.761793056592207,11.536712759154948,10.218089008621565,3.175014016574242,-2.044385510059943,4.09841427411352,4.104108234040173,368.0934753417969,69.8852065478776,0.008499767631292343,359.1959581375122,60.83917328579998,-9.426273677498102,150.109055544086,150.13612202676453,0,0.0,0,0.0,"{""type"":""MultiPoint"",""coordinates"":[]}"
00000000000000000344,312,TAMAN SARI,MANGGA BESAR,3173031005,3.173031005E12,Sedang,Mangga Besar 02,,1 jam,700 m2,1658,Meluapnya kali anak ciliwung,002,3,2020,1577865600000,40 cm,40,0,-0.31704752611878734,-10.573719409930334,-19.304314016815464,3.5303220011792913,9.023758112352308,-3.216605628072779,-11.964930674196577,3.4094853178392976,JAKARTA BARAT,1,0.9193001491930015,0,0.24726647766958781,1085.8010282911528,892.7932492442789,675.3484381614854,283.8468190583128,74.27578332930959,-153.5603800871063,119.86144478321695,111.26409613025797,10,4.7860210678602115,1,4.785552759813777,-0.4336563690646456,-4.288467050996266,2.0953392954562347,2.0962098068172645,1.0,2.8999998569488525,1.6082959735612872,0.0,1.3507009744644165,0.04373551592095387,-1.590125322341919,0.987366119712246,0.9857123907892243,77150.1334106,77488.54802502363,12.72712230682373,2.8050357093565923,0.0,9.783897161483765,-0.16793810780965981,-2.9883460998535156,1.7480739980973086,1.7425656053564893,23.83154239839048,13.92689884826796,11.31098546968419,10.224009303369018,0.3396821536565219,-2.266997459443793,3.7394604709878054,3.74550191552552,364.41314697265625,32.55966546101795,0.008499746210873127,354.9756841659546,22.91701590646269,-9.907929773442447,118.84729319374591,118.87927978797667,0,0.0,0,0.0,"{""type"":""MultiPoint"",""coordinates"":[]}"
00000000000000000345,153,TAMAN SARI,MANGGA BESAR,3173031005,3.173031005E12,Sedang,Mangga Besar 03,,1-2 jam,500 m2,1659,Meluapnya kali beton dan anak kali ciliwung,003,3,2020,1577865600000,50 cm,50,0,2.7805720852648026,-9.413342515939602,-15.05485875455321,2.835587697152959,9.023758112352308,-2.316391523483875,-8.485926510842972,3.4349538941608966,JAKARTA BARAT,1,0.9864238939466541,0,0.10368904363227674,1037.1581193100906,810.0160690753819,649.3636962940959,241.4260604239347,-2.2945877246328483,-175.93094432769954,114.8521032483625,105.48485167694749,9,5.131288931480595,1,3.5057489569024476,-0.26152381593191737,-4.317418861678846,1.635705260821206,1.6669816967548534,1.0,2.500000238418579,1.9399829835789681,0.0,0.9400745630264282,0.37152983380958304,-1.556196689605713,0.8201146734418863,0.8234476186521155,65550.4590614,65812.51870274715,5.938421249389648,2.1499042989429196,0.0,2.910168170928955,-0.8980986162990782,-3.038231134414673,1.1976489280896376,1.1948743465005762,23.836994724942592,13.688365960804914,11.31098546968419,10.245916655301507,0.10989209283001751,-2.2621101088826965,3.5662990215276142,3.57290349547351,364.3536376953125,30.54173120438308,0.008499713614583015,354.41215896606445,20.500780658579455,-10.291043667122722,122.6153844943103,122.68894393859901,1,0.013576106053346113,0,0.1036890436322767,"{""type"":""MultiPoint"",""coordinates"":[]}"
00000000000000000346,360,TAMAN SARI,MANGGA BESAR,3173031005,3.173031005E12,Sedang,Mangga Besar 04,,2 jam,800 m2,1660,Meluapnya kali beton dan anak kali ciliwung,004,3,2020,1577865600000,60 cm,60,0,5.451893382269194,-10.069181194725253,-16.282534820941812,3.7010387748950655,18.48851404566569,-1.6217107116859368,-10.165057635899894,4.959819545388259,JAKARTA BARAT,1,0.9521747316889475,0,0.2219221752030527,946.0337596635238,811.0297629663473,649.3636962940959,149.31262380629028,0.8569794394398805,-175.66202859673558,105.60872606404187,96.2945285080725,10,6.546789681792506,4,4.480905819023016,0.9829976248096632,-1.61939038762101,1.3234271992267748,1.315476079179282,1.0,2.799999952316284,1.2062386157545137,0.0,1.2403573989868164,-0.3715796495407216,-1.5647292137145996,1.1807556689296468,1.1791364145188328,55539.1451464,55760.01364033082,5.579408168792725,2.2064258891191066,0.0,2.5172934532165527,-0.9085309251900681,-3.147068738937378,1.415225471762334,1.4019829515434115,23.836878110510735,15.006799013988056,11.486837333149227,10.253714167560036,1.4541162677823287,-2.02971783323979,4.3104028621922055,4.325568798063487,364.3026428222656,78.95028893071577,0.0084996921941638,353.9626874923706,68.76820884160134,-10.34584847651422,159.5998123668674,159.71380155336846,1,0.047825268311052535,0,0.22192217520305274,"{""type"":""MultiPoint"",""coordinates"":[]}"
00000000000000000347,178,TAMAN SARI,MANGGA BESAR,3173031005,3.173031005E12,Sedang,Mangga Besar 05,,2 jam,700 m2,1661,Meluapnya kali beton dan anak kali ciliwung,005,3,2020,1577865600000,60 cm,60,0,5.1345229454962436,-9.858962691665702,-14.006878653640012,2.8676547892607855,9.907601839438037,-3.0258014722347384,-8.695804049386691,2.800511709697057,JAKARTA BARAT,1,1.0,1,0.0,1081.8309929570876,873.2582090935681,675.3484381614854,274.269599605443,58.887238873087625,-148.5775125494032,94.34160276982081,88.30401687066137,10,6.039370078740157,2,4.318915819978408,0.29909075113950373,-3.6574194986826285,1.5403354645197278,1.5534590810612998,1.0,4.0,1.4621723389988155,0.0,2.409300208091736,-0.1384487944556574,-1.6419944763183594,1.163118671137027,1.1500671448117457,64659.06705,64944.47282990077,6.204643249511719,2.3935310473984446,0.0,3.0057873725891113,-0.8052884781358057,-3.2106592655181885,1.2393240299298935,1.2429375997231453,23.027377676514195,12.940026140825172,11.486837333149227,9.462833908377135,-0.5790481006398557,-2.0246253493171906,1.989694446695232,1.988890117776868,364.2006530761719,6.008253109428407,0.008499649353325367,353.88590145111084,-4.097127019735112,-10.327043954282999,53.35136943871406,53.38455526630056,0,0.0,0,0.0,"{""type"":""MultiPoint"",""coordinates"":[]}"
00000000000000000134,-,TEBET,KEBON BARU,3174011004,3.174011004E12,Sedang,Kebon Baru 03,,"0,5- 1 Jam",± 5.000,634,"Gorong2 tersumbat kabel, daerah cekungan, dan limpahan dari Kali Ciliwung",003,3,2020,1577865600000,± 30-40 cm,40,30,-4.385434121305217,-10.398443968775224,-14.947114507830706,1.9926122438338394,5.021678018584554,-3.745787103760836,-9.655192323572336,2.414080797006984,JAKARTA SELATAN,1,0.956594817236475,0,0.19786448397617676,4529.425184944165,4253.523032409173,3990.0269515220684,854.4715855162399,632.9615974393797,408.46563291805205,90.7912717533935,123.37207101732432,26,19.16069152767773,14,7.026148995114227,0.8392638034676723,-3.7811892856130846,2.0318117608723982,2.213870928892633,1.0,5.200000762939453,2.952557546836452,0.0,2.2533817291259766,0.05201740080907646,-2.988715410232544,1.1496555961398636,1.1373495866237346,188877.993871,189599.5015220167,6.226744651794434,2.6056411031325557,0.0,3.2821178436279297,-0.4106157439911567,-3.1255719661712646,1.3055497112267587,1.2994468792420075,17.747149890121307,12.787881148346033,11.263058413616866,4.140767454801292,-0.8062781061718747,-2.3447134977669943,1.2500658854030444,1.251492962453992,1.1642662286758423,0.01896708319943289,0.00849838275462389,-8.639506697654724,-9.709557485529203,-9.852258455008268,0.10520267594511587,0.10485642578477301,1,0.043405182763524855,0,0.1978644839761767,"{""type"":""MultiPoint"",""coordinates"":[]}"
00000000000000000135,100,TEBET,KEBON BARU,3174011004,3.174011004E12,Sedang,Kebon Baru 04,Tertinggi tahun 2017,2 jam,± 9.000,635,Banjir Kiriman,004,3,2020,1577865600000,,75,0,-3.8221894221287274,-10.538464569598753,-18.298605264406326,2.2050892791863776,3.1853124737140526,-3.9519688520928673,-11.833600122535934,2.4158090374154955,JAKARTA SELATAN,1,0.9886456725914919,0,0.14055181498333377,4941.054371809356,4660.3435910976195,4288.369772332095,1138.276745107485,883.9730404552413,563.6344962879784,142.52983643207455,158.6471587116726,26,20.4973995542093,14,7.026148995114227,1.1697970488781901,-5.4921170812624425,3.0112957941755747,2.9682431861056564,1.0,6.600000381469727,3.047872988095916,0.0,3.5886712074279785,0.03555337407671584,-2.9584386348724365,1.7498635669141682,1.7557097921073972,183021.344122,183802.9336194379,7.605971813201904,2.685692226218382,0.0,4.637627601623535,-0.29790379126217154,-3.0036840438842773,1.4051828290095847,1.4030301408401507,26.550925748594167,13.502978473649778,11.310723956782688,12.977180018347166,-0.055469494484753724,-2.271314905856169,3.3137086459929357,3.3166063835161492,339.5631408691406,29.002644481918765,0.008498329669237137,330.8193111419678,19.95810124687193,-9.725492307916284,105.82607796933827,105.74692797454053,0,0.0,0,0.0,"{""type"":""MultiPoint"",""coordinates"":[]}"
00000000000000000136,234,TEBET,KEBON BARU,3174011004,3.174011004E12,Sedang,Kebon Baru 05,,1-2 jam,± 23.000,636,"Saluran di bawah Stasiun Tebet kecil, terlalu jauh pembuangan sementara lebih dekat ke Kali Ciliwung",005,3,2020,1577865600000,,70,20,-5.70175702828014,-11.347089960746999,-14.947114507830706,1.7815561986415602,1.7113516909920639,-4.105652864055951,-9.451562559358095,2.2803818900592177,JAKARTA SELATAN,1,1.0,1,0.0,4599.185265779298,4275.606840419386,3936.8314497585184,771.5813668493047,569.9384738143555,403.7013336802138,87.9090809014873,177.78803534787605,23,18.685889431263476,14,3.924101028747984,-0.18068354537368403,-3.95509125076925,1.6731217183234302,1.7650996867670319,1.0,2.0,1.2302132679149718,0.0,-0.999169111251831,-1.841217099490291,-2.999207019805908,0.48567837376158784,0.4843557021065118,61359.0002408,61637.51264483963,7.446422100067139,3.006445182321804,0.0,4.309900283813477,-0.134856745280991,-3.1747665405273438,1.5644049226058492,1.569955599207211,17.054000590862113,13.01859804906708,11.082469382574434,3.5287118614515816,-0.5356854924321034,-2.482515999776693,1.3445563001763907,1.343476301865214,1.1642662286758423,0.0557012038001128,0.008498329669237137,-8.639506697654724,-9.479971911209473,-9.852258455008268,0.34883564174119847,0.1947756579251825,0,0.0,0,0.0,"{""type"":""MultiPoint"",""coordinates"":[]}"
00000000000000000137,1147,TEBET,KEBON BARU,3174011004,3.17401100401E12,Sedang,Kebon Baru 06,,1-2 jam,± 23.000,637,Saluran air RW lebih rendah daripada saluran air di got besar dan luapan dari saluran got sebelah timur (Jl. Raya Asem Baris),006,3,2020,1577865600000,,70,20,-3.5200126693225084,-10.517723490002938,-13.64119848830854,1.9686852162450388,-0.4499747328283654,-4.3168165375763845,-9.602668994342238,1.6839303456348234,JAKARTA SELATAN,1,1.0,1,0.0,4788.930912227905,4657.295772972797,4462.432319477128,882.810379535978,774.0364010743667,615.3003175627896,65.3688230145828,88.91133406341224,21,18.632469715411812,16,1.2931808771410438,-1.3799356007756591,-3.635379176367241,1.0409237416844557,1.00081092052791,1.0,2.0,0.6691992637047468,0.0,-1.142927646636963,-2.515053170595019,-3.2210116386413574,0.6846496458070029,0.6765771656770773,60075.1198508,60336.19471480901,4.160283088684082,1.6276557662932964,0.0,0.9670407772064209,-1.5112116684611274,-3.199492931365967,0.9207707814930838,0.9147037279713289,20.18947576370822,14.8657152762907,11.722957432493722,6.656285702248885,1.3377334187184795,-1.817794795854045,2.4177041367419596,2.4177379691990515,0.8073346614837646,0.2511860285031393,0.008498290553689003,-8.101442575454712,-8.65923887110406,-8.958651433698833,0.2822790129400387,0.28355598199944304,0,0.0,0,0.0,"{""type"":""MultiPoint"",""coordinates"":[]}"
0000000000000000013c,150,TEBET,KEBON BARU,3174011004,3.17401100401E12,Sedang,Kebon Baru 13,,1 jam,± 20.000,644,Got/saluran pembuangan air yang tidak layak/terlalu rendah dan gorong-gorong di sisi rel kereta api,013,3,2020,1577865600000,± 50 cm,50,0,0.9520328429425768,-11.182383293072315,-14.207640976532574,2.2173988676975256,4.916466952153435,-4.440025110987462,-7.760521181865741,1.9588105831336642,JAKARTA SELATAN,1,1.0,1,0.0,5123.183183588168,4989.863472369582,4792.523509066431,1112.6211509761292,989.886715987721,808.1651679448187,72.34976300826465,84.21058896750297,23,20.216195063214936,16,2.2056884415579283,-0.6658776918442639,-5.203522629563604,1.8106812854209604,1.7907441006115326,1.0,2.8999996185302734,1.8146238003201982,0.0,-0.33302903175354004,-1.4538985970506895,-3.2774596214294434,0.8741251493598876,0.8712795202918696,57866.9192146,58088.52656875958,5.400654315948486,2.504441902886523,0.0,2.348033905029297,-0.6098682524962716,-3.086664915084839,1.2453092735720173,1.247081151019388,16.932310628323854,13.699019618667547,11.557861644118717,3.389522838075406,0.14571137776809337,-1.9941905237094026,1.5489392749766167,1.5490222490470178,0.36542320251464844,0.09526327397082225,0.008498218841850758,-8.56543293595314,-8.793235576087426,-8.937794622965157,0.11793415436299758,0.11163021599530902,0,0.0,0,0.0,"{""type"":""MultiPoint"",""coordinates"":[]}"
00000000000000000178,46 KK,TEBET,BUKIT DURI,3174011005,3.174011005E12,Sedang,Bukit Duri 03,berdasarkan informasi Pak RW bahwa Pemda dan Kem PUPR akan membangun Rumah Pompa dan tanggul di sekitar Sodetan Kalibata,1 - 2 Jam,700 m²,773,Meluapnya saluran/sodetan kalibata,003,3,2020,1577865600000,,70,0,-7.9089848409576815,-12.955030441447379,-15.216039623038672,1.3809508658525556,7.355536235653514,-1.4786637468197417,-7.258643577884474,2.7241017388990802,JAKARTA SELATAN,1,0.9857769600905746,0,0.15245533898649627,3568.788598263841,3239.5924228178324,2946.697455974605,307.9121406001368,65.00946252323872,-113.78809267295264,117.1534234606315,168.4680550292091,22,17.387489385791113,12,5.335987514719321,0.7127513692600006,-4.618657833562313,1.7152557557834878,1.7077836348058437,1.0,5.09999942779541,2.743292257936285,0.0,2.3612091541290283,-0.17336525721014157,-3.0437302589416504,2.0062794567961424,1.9613133991553215,49325.9788704,49562.6845701967,4.745345592498779,2.4995436872659567,0.0,1.4158332347869873,-0.8328993825282515,-3.2956483364105225,1.0926139952507319,1.1317473334300552,18.997452705962075,12.957960223085,11.536422336687892,5.5613305170898855,-0.5282471439639518,-1.960222587199377,2.0164215527309057,2.0034771751872262,4.08767557144165,0.4112969610293494,0.008498522453010082,-5.568526744842529,-9.423771134453464,-9.935604718513787,1.3647295524002052,1.3196977822705505,1,0.014223039909425417,0,0.1524553389864964,"{""type"":""MultiPoint"",""coordinates"":[]}"
00000000000000000179,165 KK,TEBET,BUKIT DURI,3174011005,3.174011005E12,Sedang,Bukit Duri 04,Telfn tidak Diangkat,,,774,Meluapnya saluran/sodetan kalibata,004,3,2020,1577865600000,,70,0,-9.625418031749883,-12.910512240156043,-15.563151148189666,1.2891731334804617,5.421411574849626,-1.0315756914269778,-7.855006943351837,2.739200965072059,JAKARTA SELATAN,1,0.9799387741809418,0,0.15157763207911915,3568.788598263841,3309.4482770890468,3038.713994907392,295.19923443519565,85.53765270787777,-100.81645942346177,104.45535434692954,143.193437930237,20,15.878069432684168,11,3.2784660954754195,-0.9846511730813099,-5.8861037678875086,1.9871203187644066,1.9724749528058294,1.0,5.000000953674316,0.5896242535914815,0.0,2.130685329437256,-2.354221048847687,-3.0877187252044678,1.142926710175172,1.1251367493361624,53591.346961,53770.181609862026,4.745355129241943,2.163885969234539,0.0,1.3777544498443604,-1.1731502311606907,-3.4334192276000977,1.1029179336998702,1.1178660501183297,19.334823757837267,14.33321293720405,11.53641812603958,5.892508623875006,0.8405452700824549,-1.9494096444065931,2.68163246119504,2.6664760328414645,4.079177379608154,0.7850370922768334,0.008498522453010082,-5.6553263664245605,-9.08040774882418,-9.939814236946404,1.3837376411078046,1.3437499229027232,1,0.020061225819058164,0,0.15157763207911912,"{""type"":""MultiPoint"",""coordinates"":[]}"
0000000000000000017a,± 1.000 KK,TEBET,BUKIT DURI,3174011005,3.17401100501E12,Sedang,Bukit Duri 06,,1 - 2 Jam,hampir seluruh wilayah RW 06,775,Meluapnya saluran/sodetan kalibata,006,3,2020,1577865600000,,60,40,-4.33154808005838,-11.769888859694515,-16.540697544803994,1.8481515080158735,4.352786246263727,-4.486472427961083,-9.23090893122508,2.439264137225786,JAKARTA SELATAN,1,0.9753901316057532,0,0.15872372965105136,3936.8314497585184,3707.1934233927286,3473.473355775263,434.6820948458826,281.26631406661664,108.03632331703193,82.26202824450753,108.30111445329335,22,16.32954406551766,14,4.2846131795905755,-1.2004366740726498,-3.808803388871574,1.470880125740579,1.451658611020122,1.0,1.3000011444091797,0.4641691513381707,0.0,-1.563317060470581,-2.4804251833008277,-2.976876735687256,0.4282250655061718,0.41237097232067516,85769.6088279,86068.45884977418,6.670167922973633,2.0829008817065584,0.0,3.5172083377838135,-1.1555801959748482,-3.2916195392608643,1.274188533138891,1.2578535348910038,21.024282555979145,14.238671709139387,11.321374017726955,7.486174020666034,0.7043806988716347,-2.2407200830124197,2.4918933023158547,2.4953885948776957,1.3767273426055908,0.37475770406929837,0.008498458191752434,-8.395623803138733,-9.437093375949445,-9.948748297058046,0.5835927102185743,0.5817861190326755,1,0.020739110948131845,0,0.13016955922880602,"{""type"":""MultiPoint"",""coordinates"":[]}"
0000000000000000017b,± 600 KK,TEBET,BUKIT DURI,3174011005,3.17401100501E12,Sedang,Bukit Duri 07,Telfn tidak Diangkat,,,776,Meluapnya saluran/sodetan kalibata,007,3,2020,1577865600000,,60,40,-1.006550036739478,-11.523313251503913,-15.563151148189666,1.8966137351213048,2.8823408181649706,-4.441741941167617,-8.260015714854568,2.264679780647877,JAKARTA SELATAN,1,1.0,1,0.0,3786.408475349806,3570.1625842002068,3325.381902060976,397.4116993671396,242.3232995699609,79.40783617895568,79.20800378658794,102.25601342320087,20,16.330674401740392,12,3.100391757162594,-0.7859212106055417,-5.124247539585724,1.8937949618254735,1.8357898521109117,1.0,1.5,0.38852025754095193,0.0,-1.2682900428771973,-2.496519171866448,-2.9746217727661133,0.5975430125915782,0.5497669403893437,62414.5146645,62702.90770844588,4.986158847808838,2.5240563454820566,0.0,1.8012688159942627,-0.7031309753764442,-3.267263174057007,1.07932168647013,1.0684243969620322,21.164867219805338,14.496921242385083,11.555797508697573,7.644408709519933,0.9629015268359852,-2.0237912723411586,2.2164209232568712,2.207847057852737,1.5636942386627197,0.4514990375145692,0.008498483337461948,-8.334769010543823,-9.474073337807821,-9.970568351447582,0.6580295735063149,0.6558718955022934,0,0.0,0,0.0,"{""type"":""MultiPoint"",""coordinates"":[]}"
0000000000000000017c,146 KK,TEBET,BUKIT DURI,3174011005,3.17401100501E12,Sedang,Bukit Duri 08,,1 - 2 Jam,8 RT Terdampak,777,Meluapnya saluran/sodetan kalibata,008,3,2020,1577865600000,,40,20,-2.1593091169134677,-11.628803823016288,-14.442482825742381,1.7113685467966917,5.979888003167467,-3.7131268565999815,-7.582092848937949,2.1335585821379066,JAKARTA SELATAN,1,0.9869512406732605,0,0.11702985796078294,3820.3476823018414,3561.514185039964,3155.4161536882916,457.5947970679317,325.18223462309703,74.60109275216473,95.27824246106424,162.86390188514991,21,16.82974145410376,11,4.016148039609927,0.2701105544780107,-5.266840780977219,1.6944245395575113,1.8920393457331863,1.0,5.90000057220459,4.314079842144639,0.7000007629394531,3.2382431030273438,1.6299014622689783,-2.063992738723755,1.4484345228666318,1.4330909955235214,100476.853581,100909.71451832967,7.034503936767578,1.8864574663096698,0.0,3.983774423599243,-1.206502452968993,-3.171445369720459,1.2190436934578195,1.2093163577275727,17.901315828625354,13.154004819930522,11.555797508697573,4.3679437225330044,-0.40785731301291067,-2.0237912723411586,1.1986155953291802,1.1907488811091458,0.05948982387781143,0.015409156211973295,0.008498497307300568,-9.778893310576677,-9.88233089705394,-9.972931556403637,0.045591242880200306,0.013236292091190663,1,0.007947249696338714,0,0.0830434773826486,"{""type"":""MultiPoint"",""coordinates"":[]}"
000000000000000001b2,± 174 KK,TEBET,BUKIT DURI,3174011005,3.174011005E12,Sedang,Bukit Duri 05,,1 - 2 Jam,"7 RT Terdampak
  (RT 001, 003, 004, 005, 008, 010, 011)",904,Meluapnya Sodetan Kalibata dan Pendangkalan saluran wilayah RW karena terhambat dengan saluran penghubung di Kelurahan Manggrai,005,3,2020,1577865600000,,70,50,-5.065081193265648,-12.672214237750621,-16.151314648293987,1.5496059687331776,6.867725879177847,-2.317897745657779,-7.639990205731946,2.5253717296745894,JAKARTA SELATAN,1,0.9961458642158315,0,0.11042310999998986,3580.8250189382416,3340.5077809232794,3087.875951668441,173.30760510675418,35.7981705849131,-109.91743307550132,71.63793546227507,119.59433292844342,19,15.669997035280167,10,1.440105742574353,-1.6442557092083359,-6.944899194202222,1.553690614307044,1.629208699846131,1.0,2.40000057220459,0.9529944970351172,0.0,-0.6623365879058838,-2.1406487972065555,-3.245033025741577,0.7788671856136535,0.8013879110585805,117617.716504,118125.01003385137,5.580226898193359,2.2346233150476937,0.0,2.0252187252044678,-1.214513945355105,-3.5197556018829346,1.179105330131301,1.1930858942601315,22.114470038197446,13.899496577602987,11.373471685294325,8.676249762069896,0.4312532735765688,-2.0623362764548663,2.431625393506446,2.426318835773646,4.062180042266846,0.45541478879965136,0.008498458191752434,-5.672844409942627,-9.360527426660394,-9.915580469183624,1.1588007656646888,1.141038467938419,1,0.003854135784168395,0,0.11042310999998961,"{""type"":""MultiPoint"",""coordinates"":[]}"
00000000000000000141,112,TEBET,MANGGARAI SELATAN,3174011006,3.17401100601E12,Sedang,Manggarai Selatan 09,,"0,5- 1 Jam",± 10.000,672,Pendangkalan saluran air RW 09 dan Kali Sodetan kalibata,009,3,2020,1577865600000,,60,0,-9.565422579818275,-12.368097485689479,-14.610525793107508,1.052818952102312,2.654878795483386,-2.3098345048719384,-6.425773228254632,2.076318955096656,JAKARTA SELATAN,1,1.0,1,0.0,2532.025653133678,2392.8954112657098,2212.8200519202283,-282.09883519370396,-382.35273926042225,-488.6814276286045,45.520552180626254,86.99625130083851,18,13.821203509205489,11,2.2909513647700663,-2.039722278747568,-4.991145650868667,1.9150449891746717,1.827457249841974,1.0,1.4000005722045898,0.4448044464759917,0.0,-1.856081247329712,-2.7382217831684104,-3.193830728530884,0.4146770667859422,0.4373054549493513,28263.047864,28404.168623775247,5.93892765045166,2.756643105353059,0.9274099469184875,2.204468011856079,-0.9635279936105821,-2.8339902758598328,1.3881383738307584,1.37966049647271,19.40749044997247,14.554718718208576,11.36553554793659,6.048639724411412,1.1961235792945448,-1.9882340337128177,2.7703846627662485,2.7774887701828623,4.3936238288879395,1.4247866295412486,0.00849859043955803,-4.779994487762451,-7.687164342829754,-9.227327901870012,2.015345655561084,2.0842909797565694,0,0.0,0,0.0,"{""type"":""MultiPoint"",""coordinates"":[]}"
00000000000000000143,62,SETIA BUDI,MENTENG ATAS,3174021005,3.17402100501E12,Sedang,Menteng Atas 07,Mudah mudahan segera di TL,8 jam,± 20.000,677,"Pendangkalan Kali PHB Menteng Pulo, Saluran Got Rusak/Tidak berfungsi dan Pintu Air Jl. Minangkabau tidak berfungsi",007,3,2020,1577865600000,,60,0,-0.9567726532611438,-11.078337743339958,-14.23361949606487,2.4529221626621847,10.12545339728026,-4.115249665014962,-8.396279280736415,2.6075947762879914,JAKARTA SELATAN,1,1.0,1,0.0,2245.632955170002,1989.7559551338286,1801.1946160211965,-472.9828646932533,-599.5920938474715,-699.4069709425057,45.516226767264115,97.10184891147496,17,12.840434502256834,10,1.4625919673755483,-2.877016578012006,-5.357581934589403,1.4296235870428826,1.486446705914413,1.0,3.3999996185302734,0.8943106174161529,0.0,0.01645970344543457,-2.551748598220891,-3.4644649028778076,0.8823881449883767,0.8914101095873231,70130.5799441,70450.96248940458,7.645186901092529,2.221318008398751,0.0,3.661407470703125,-1.9113695534423532,-4.239880561828613,1.4325754983799712,1.4101233140685572,22.48769205829646,15.510343617253751,11.055845003664924,9.179899928756663,2.2099717768832026,-2.244140084150853,3.343472021155807,3.3467035158452183,5.8807148933410645,2.624122809170582,0.008498565293848515,-2.8501358032226562,-6.130321822312583,-8.918528129346669,2.8285740771519743,2.8415208462734864,0,0.0,0,0.0,"{""type"":""MultiPoint"",""coordinates"":[]}"
00000000000000000145,501,SETIA BUDI,MENTENG ATAS,3174021005,3.17402100501E12,Sedang,Menteng Atas 09,,1 jam,± 40.000,679,"Hujan yang cukup lama, kapasitas saluran dan Luapan dari bangunan Kokas dan Apartemen",009,3,2020,1577865600000,± 60 cm,60,0,-5.5452413822553215,-11.304436923729368,-14.319790579440806,1.60082382339315,4.05747109452742,-2.5358240161971177,-7.217435112604589,2.121375918433345,JAKARTA SELATAN,1,0.9917592479550724,0,0.14986672195868136,2492.6342825749775,2202.329175762442,1972.237364886451,-402.9833324567653,-540.1600026765964,-640.4891441730965,49.13426432588142,120.60132143768188,18,13.49505554877304,9,1.4350734146464283,-2.9988498007327054,-7.230563429637606,2.4712926137866944,2.5483564812863384,1.0,3.299999237060547,1.163801596723856,0.0,-0.28900623321533203,-2.489917973126701,-3.7620697021484375,1.2062911899573832,1.1893613125023135,56942.0705692,57137.644203087184,6.226653099060059,2.8293537266335047,0.0,1.7996525764465332,-1.453044392718833,-4.074191570281982,1.219241549731182,1.2473667109841398,17.054015860008025,13.249343355995995,11.482406704405776,3.765892063294066,-0.02881450884295874,-1.7924461578851574,1.4979500904052312,1.4965106998185884,0.6373876929283142,0.07370168592458146,0.008498511277139187,-8.2614666223526,-8.699540801532827,-9.096563973464072,0.2547493090377382,0.11222655154698524,1,0.00824075204492736,0,0.1498667219586816,"{""type"":""MultiPoint"",""coordinates"":[]}"
00000000000000000147,21,SETIA BUDI,MENTENG ATAS,3174021005,3.17402100501E12,Sedang,Menteng Atas 14,,2-3 jam,± 10.000,684,"Rumah rendah, curh hujan tinggi dengan durasi yang lama",014,3,2020,1577865600000,30-50 cm,50,30,-8.127752136617143,-12.61433206474466,-14.717446246581499,1.387966036490522,5.516859797248884,-2.6852341583873565,-7.049979272372461,2.4635648395212146,JAKARTA SELATAN,1,1.0,1,0.0,2034.5225285572158,1882.8809589034065,1781.981323992732,-572.6548628900052,-646.1655701813387,-713.574078642604,31.444464270596892,55.24452364608811,17,13.668253779311991,11,1.5531420199284192,-1.9671443494430323,-4.712838806265413,1.5931011477389905,1.6457330179137044,1.0,2.6999998092651367,1.3215686819437305,0.0,-0.8011214733123779,-2.217410532041272,-3.394897699356079,0.5301876699014423,0.5385593939849075,29348.1612142,29464.502412882535,5.415506839752197,2.357100267762756,0.9274099469184875,1.220837116241455,-1.9163852151327654,-3.3890021443367004,1.1862770919239798,1.170208224268257,19.710688101453066,13.782769017082323,11.406406594880007,6.394195240812888,0.4927201403062765,-1.888153619557734,2.035855075656444,2.0379146637693184,5.8807148933410645,0.3826835127653808,0.008498565293848515,-3.031742572784424,-8.394282151627214,-8.929490615613759,1.5110785473455772,1.5449059750847003,0,0.0,0,0.0,"{""type"":""MultiPoint"",""coordinates"":[]}"
00000000000000000148,-,SETIA BUDI,MENTENG ATAS,3174021005,3.17402100502E12,Sedang,Menteng Atas 15,,2-3 jam,± 10.000,685,Saluran air kecil dan kiriman dari RW 09,015,3,2020,1577865600000,,50,30,-5.163148002347745,-11.337763969189423,-15.423416490902662,1.9304733078690215,0.2513061534326414,-3.4811588715423114,-7.768423724553637,1.9009767630057712,JAKARTA SELATAN,1,1.0,1,0.0,2245.632955170002,2079.53692383546,1903.4041547370969,-472.9828646932533,-573.9822872363707,-666.4871917221847,47.330160945816964,99.64875756569445,18,13.06860968885388,11,1.9160110838510818,-3.0387897645453417,-5.137720164357454,1.3287083963539386,1.299038105676658,1.0,3.3999996185302734,0.7186371974937551,0.0,0.016469240188598633,-2.824695890820274,-3.6718955039978027,0.7989975708613334,0.8179085607459246,44483.2801718,44624.000797053865,5.931299686431885,1.988116808851293,0.0,1.97147798538208,-2.245311580933469,-4.406219959259033,1.3475347325976006,1.3247926057042718,19.688772213731962,14.904776541653336,11.312056420588515,6.391560789412512,1.6181025106500881,-1.9941671406166517,2.7578926800617225,2.7639407022301454,5.753235816955566,1.4742328504776094,0.008498547598719597,-2.915952682495117,-7.218960246616292,-8.887968661263585,2.4182044777257525,2.4702245502139126,0,0.0,0,0.0,"{""type"":""MultiPoint"",""coordinates"":[]}"
000000000000000001a2,± 17 KK,PANCORAN,RAWA JATI,3174081003,3.174081003E12,Sedang,Rawa Jati 01,,± 1 x 12 Jam,1 RT terdampak,870,Meluapnya Kali Ciliwung,001,3,2020,1577865600000,,40,0,-5.910426917381184,-12.165939163600973,-18.1129886702212,1.8565393774033696,1.9761604867615103,-4.095919507843401,-11.212380856174459,2.307727837018711,JAKARTA SELATAN,1,0.9638963360142985,0,0.21012603181315218,4206.312360166264,3974.5268228863692,3744.1264456109648,142.75764740604473,0.18404442462649065,-135.0802953159191,55.81681133074164,108.00527344933123,34,27.43833780160857,14,8.072936904785227,1.2376325151503997,-12.158295378554104,5.339796527883221,5.323486279952222,1.0,13.399999618530273,8.41446798212087,0.0,9.334432601928711,4.358859497143604,-4.0686116218566895,4.626338609466951,4.639792840471812,78077.419033,78381.73729214689,8.277466773986816,3.182146319856164,0.9274099469184875,5.267800807952881,0.17270090605021576,-2.0878447890281677,1.7898383620984737,1.7901531901382965,23.062373789508392,14.068954011309694,11.180396497233348,9.555411558059781,0.5607623189693222,-2.3319753405881567,3.759620624785108,3.7593176144832037,335.7984619140625,51.12524250304896,0.008497900329530239,327.7389307022095,43.16694407973526,-8.04560595098883,130.3536501495417,130.4156701412556,1,0.03610366398570151,0,0.21012603181315215,"{""type"":""MultiPoint"",""coordinates"":[]}"
000000000000000001a3,± 350 KK,PANCORAN,RAWA JATI,3174081003,3.174081003E12,Sedang,Rawa Jati 03,,± 1 x 12 Jam,"4 RT Terdampak 
  (001, 003, 004 dan 010)",872,Meluapnya Kali Ciliwung,003,3,2020,1577865600000,,50,0,0.02998842807153826,-12.103359845585414,-17.66273758342399,2.585794133823514,5.825330555841548,-4.841864330234218,-11.412027763842783,2.7091529945944846,JAKARTA SELATAN,1,0.7622520283262206,0,0.4384235813529999,4119.4896906263175,3831.8524832795556,3563.962647985464,67.90085582623033,-85.5179627571317,-227.33302243227172,60.99230668569868,126.92725859597287,34,24.42475261454767,15,7.402522533984865,-2.432281137921365,-12.21113482181385,5.123272999089881,4.981212391184966,1.0,11.69999885559082,4.951085136569935,0.0,7.590781211853027,0.8140618212534007,-4.252447605133057,4.119702483368777,4.117871903462253,148642.472286,149222.37017979316,9.597321510314941,3.828746893462604,0.0,6.592567682266235,0.8272975473730871,-3.011380434036255,2.047018432813772,2.0493721242960836,26.539447959181874,14.424136325195535,10.82489956590984,13.03138544654846,0.9115098970572838,-2.6821963602254932,4.003018239560641,4.006160828310726,335.68798828125,48.72886071980971,0.00849785003811121,327.61536502838135,40.76498988364338,-8.233690603636205,129.18250815456184,129.24504153578522,1,0.21863715237067965,0,0.4117529545275057,"{""type"":""MultiPoint"",""coordinates"":[]}"
00000000000000000191,± 275 KK,PANCORAN,PENGADEGAN,3174081005,3.174081005E12,Sedang,Pengadegan 02,,± 1 x 24 Jam,"4 RT Terdampak banjir yaitu : RT 006, 007, 008, 009",827,meluapnya Air Sungai Ciliwung,002,3,2020,1577865600000,,60,0,-8.558041748823026,-12.955136892496135,-15.997993607313825,1.3217209076116878,6.113995626785304,-4.883098554035733,-10.745920375396448,2.4211760236323667,JAKARTA SELATAN,1,0.793454492443753,0,0.4037952755903493,4972.305202915262,4749.274881417805,4554.057254208852,850.6738165046436,658.5881004940045,445.770258453902,90.75681782622432,93.3172068151185,33,22.53663929248262,14,9.494983597145847,-0.8393279573829806,-8.907156734732578,3.2938843749271287,3.4728362639169075,1.0,8.700000762939453,5.647944356535639,0.0,4.967317342758179,1.8917510500512182,-3.960585355758667,2.1933824934885577,2.2177796390635893,143458.858017,144016.92853647892,10.408730506896973,3.055817465037157,0.0,7.393306255340576,0.03666822771369385,-3.0416910648345947,1.9315374413796285,1.930494874868593,22.66016797061065,12.60829370428406,10.742090277492538,9.127556288661786,-0.916842889400509,-2.7715665613563196,1.4835872103245178,1.4849202323179211,336.89471435546875,1.220813950054339,0.008498039096593857,328.7551202774048,-6.827129354545489,-8.23298279568553,33.9309705221481,33.94143038164486,1,0.1808153943340298,0,0.3837597319768145,"{""type"":""MultiPoint"",""coordinates"":[]}"
000000000000000001c2,13,JAGAKARSA,SRENGSENG SAWAH,3174091002,3.174091002E12,Sedang,Srengseng Sawah 01,,1 jm,6000 m,945,intensitas hujan yang sangat lebat dan terjadi merata selama satu hari,001,3,2020,1577865600000,60 cm,60,0,-3.751848179499917,-13.450838993920021,-22.476082069342365,1.9619464667729696,5.255200173890284,-5.026361332977172,-17.33948321661976,2.720241440899419,JAKARTA SELATAN,1,0.7819611802686293,0,0.44426370796468717,1128.550045815337,620.9004300659416,334.4734433447411,219.5588854586838,-342.48809008504014,-686.9788728411759,228.54086912476697,203.5604836828048,69,58.50897423974706,41,3.174316017407847,-6.266386845221033,-23.647609644276827,6.17245576984989,6.3572663653600525,0.9237725919124522,20.700000762939453,11.188949370789336,0.0,13.476616382598877,3.907985856379711,-7.355295181274414,6.725684719893306,6.708086979157892,262141.962447,263189.55490162584,24.5480899810791,4.229916846002585,0.0,20.99165916442871,0.6973849112653884,-3.5509862899780273,3.587699622184807,3.590435569708438,23.204066633280448,14.169335886134396,9.831040027535686,9.8339301622633,0.7988499123790531,-3.5446066519187447,3.571836754683703,3.572897958482179,274.7852478027344,44.79376812574162,0.008496361784636974,267.8617296218872,38.030049516170635,-7.021685985848308,105.32030150118213,105.36918538270115,1,0.20565689309295734,0,0.4313012418781967,"{""type"":""MultiPoint"",""coordinates"":[]}"
00000000000000000110,12,JAGAKARSA,LENTENG AGUNG,3174091004,3.17409100401E12,Sedang,Lenteng Agung 08,setiap tahun kena banjir,1 hari,5000 m,542,"Got kecil dan gorong penuh kabel,dan luapan kali ciliwung",008,3,2020,1577865600000,40 cm,40,0,2.836199688786186,-13.25512841749388,-17.316508400809496,2.0524380240589015,11.592739996201889,-4.182331110027582,-11.114274492420602,2.9920359013042406,JAKARTA SELATAN,1,0.7403932452918417,0,0.45403846103567264,1403.8079779207503,1067.7669355067262,764.9700312177328,480.2186554226703,127.34374885121939,-255.33412800414828,152.61917182411005,148.18099522187615,64,57.00838681941936,34,7.944485141854862,-0.039588484598766634,-23.15396375453747,5.921156649140784,5.94954655787175,1.0,24.0,14.626817116307494,0.0,16.76718759536743,7.38251072861143,-7.259986877441406,6.148348783723412,6.160466726132774,462127.530099,464170.52474136825,15.62314510345459,3.576197334441899,0.0,12.14056134223938,0.10386754355834717,-3.500866651535034,2.934338942579877,2.933561286383952,22.782045952490623,13.079181484662072,10.600753956646274,9.349884539739325,-0.32815150156009465,-2.828680380177927,2.261646044354713,2.2641925494786825,284.1820373535156,11.023544085265504,0.008496562950313091,276.31037187576294,3.4856331651245998,-7.928220320492983,63.52127496029494,63.58601453215593,1,0.2546365083076273,0,0.4483262433581153,"{""type"":""MultiPoint"",""coordinates"":[]}"
0000000000000000048a,323 KK,MATRAMAN,PAL MERIAM,3175011004,3.175011004E12,Sedang,Pal Meriam 01,Dibantu Bersama PPSU,jika hujan berhenti maka air akan surut,1 RW,2133,Hujan Besar ( 2 Kali Banjir ),001,3,2020,1577865600000,20-70,70,20,2.9830654776190846,-8.625467049215215,-17.10229596964892,3.7710151064910145,9.893993928891046,-3.0544035810620507,-11.587124692450882,4.339443541600315,JAKARTA TIMUR,1,0.9993179812244242,0,0.1235455616318547,3403.396085266404,3108.2888760918463,2857.742352646719,813.2968201116805,516.6289425511151,274.32235862276866,145.43409848518658,150.59944918454207,25,13.033178207494172,7,12.813772016427682,1.091312196379053,-4.971430391445647,3.3565568572575732,3.403056629474753,1.0,2.8999996185302734,1.0998759452980817,0.0,0.8347480297088623,-0.8785667609491246,-1.9402618408203125,0.9160586771878995,0.9556060857554896,86977.4679907,87314.0562763016,13.936491966247559,3.7697529964167513,0.0,11.078174114227295,0.9742344020386331,-2.805246591567993,3.2249014195041634,3.2584597330588343,17.90135133389271,12.956817610103666,10.441404572030228,4.326747361396425,-0.6158868513391303,-3.132993613485013,1.9466798615045195,1.9469256487742284,0.5609215497970581,0.056216098783238945,0.0084988409653306,-8.193832516670227,-8.960422182932673,-9.26480607315898,0.24786671699187654,0.15143222333124118,1,6.820187755757037E-4,0,0.12354556163185447,"{""type"":""MultiPoint"",""coordinates"":[]}"
0000000000000000048b,350 KK,MATRAMAN,PAL MERIAM,3175011004,3.175011004E12,Sedang,Pal Meriam 02,KK AKTIF,jika hujan berhenti maka air akan surut,1 RW,2134,Curah Hujan Tinggi. Kali Baru tidak dapat menampung air di karenakan penghubung di Anderpas Pramuka agak agak Tersendak atau Kurang Lancar.,002,3,2020,1577865600000,20-60,60,20,-1.7301358125923314,-7.546399839308668,-15.004119780576179,3.123855141774064,8.53508296387298,-1.2332245650897895,-11.32122577925394,4.369221757454233,JAKARTA TIMUR,1,1.0,1,0.0,3311.118158822334,3127.577733741242,2929.12256289489,672.9075245160734,507.6319418630678,317.96549818798803,82.42310970655578,85.3121944580637,17,11.259379954201163,8,4.743542376653146,-0.986776670051566,-4.432812052114025,1.5342040725977288,1.5508943992096949,1.0,2.8999996185302734,1.7070638341804572,0.19999980926513672,0.8347480297088623,-0.29021509511172194,-1.755801796913147,0.7119557147409225,0.7357350803515436,39641.9542198,39797.93656440494,13.936491966247559,2.1925415683899288,0.0,11.078174114227295,-0.6041929810604032,-2.813986301422119,2.6775701946225263,2.702566341951532,17.34173460668073,13.333337246810332,10.441404572030228,3.770780826333816,-0.238894519663693,-3.132993613485013,1.5126854185743557,1.5123460635501293,0.05949193611741066,0.017011912156950294,0.008498823270201683,-8.809411339461803,-8.995744505130794,-9.176919288001955,0.09807627190803142,0.011128611644953186,0,0.0,0,0.0,"{""type"":""MultiPoint"",""coordinates"":[]}"
0000000000000000048c,20 KK,MATRAMAN,PAL MERIAM,3175011004,3.175011004E12,Sedang,Pal Meriam 03,Segera,jika hujan berhenti maka air akan surut,10 Rt di RW.04,2135,Tidak adanya pembuangan langsung ke kali,003,3,2020,1577865600000,30-46,46,30,-2.387196506303133,-9.610574485059514,-16.124133019820697,2.7020463085385975,5.941320200064838,-3.9217164648445104,-10.532906671220427,3.217886943147873,JAKARTA TIMUR,1,0.9826095086718716,0,0.16507964236126804,3402.131587327433,3242.003779295226,3004.5380552876145,765.909207508983,589.0879078103253,366.1746696900532,108.38087134022436,111.15384227209567,20,14.313870319293166,10,7.389241010280372,1.7835279336974317,-2.4111857820882037,1.6599983015277333,1.681515938421649,1.0,4.300000190734863,1.9138282935307611,0.19999980926513672,2.266573429107666,-0.07488487863110417,-1.7462434768676758,1.3637961042267581,1.4072526773099736,74624.04157,74937.80974205986,6.530695915222168,2.5284161007753756,0.0,3.69620943069458,-0.22986650601503797,-2.828468084335327,1.4251827575806277,1.432076107769783,16.808760968325334,13.237238721236713,11.215052630021905,3.230875851743791,-0.33511075598312834,-2.3546725448998753,1.6849132175729027,1.6861333375568277,0.39094364643096924,0.08014022759986286,0.008498815819621086,-8.326094508171082,-8.808194154092503,-9.089256608858705,0.2082735585779039,0.14910921752883124,1,0.017390491328128657,0,0.16507964236126815,"{""type"":""MultiPoint"",""coordinates"":[]}"
0000000000000000048f,260 KK,MATRAMAN,PAL MERIAM,3175011004,3.17501100401E12,Sedang,Pal Meriam 10,-,jika hujan berhenti maka air akan surut,1 RW,2142,Hujan Besar 2 Kali Banjir,010,3,2020,1577865600000,20-50,50,20,0.2855326877726081,-7.190587818692197,-11.035223350566827,2.303422489358524,7.7492780843230085,-0.9747052056591254,-6.976228735775679,3.6447306234752803,JAKARTA TIMUR,1,1.0,1,0.0,3421.049981105973,3312.907268179689,3220.204766362868,797.585420356676,689.9457420355307,588.9784499068883,57.724270341266774,59.656333506439914,16,13.89889732206788,11,3.950632226001982,1.780484964750657,-1.0171353951083155,1.1534222963047709,1.1763446978129175,1.0,2.3000001907348633,0.5198051714033347,0.0,0.3546295166015625,-1.40782576180556,-1.933656096458435,0.5747722794059865,0.581693595068259,24403.2670767,24470.998555858365,4.637139797210693,1.9689130865365,0.0,1.9436213970184326,-0.7438354853758851,-2.746814250946045,1.0255177543547884,1.0216005590818258,17.06299747775601,13.468411226906387,11.74905954160215,3.4907648290888798,-0.1031134471128156,-1.8246297336602808,1.808486255880502,1.8081765708854478,0.4419368505477905,0.10500014213356733,0.00849885493516922,-8.24996531009674,-8.697360948787518,-8.965416233986616,0.23874008082979573,0.1934070631864063,0,0.0,0,0.0,"{""type"":""MultiPoint"",""coordinates"":[]}"
000000000000000005d9,317,JATINEGARA,KAMPUNG MELAYU,3175031001,3.175031001E12,Sedang,Kampung Melayu 01,,< 24 JAM,1000,2710,"KEBOCORAN TANGGUL / PINTU AIR, DAYA HISAP POMPA PENYEDOT KURANG BESAR",001,3,2020,1577865600000,30 s.d. 75 cm,75,30,2.025332051382434,-11.27128934731116,-18.75981992706923,3.862158878944605,4.97890801941335,-6.325348073914512,-13.736724558288751,3.715326683791039,JAKARTA TIMUR,1,0.9183504471679365,0,0.3194855331891567,4407.128814786838,4172.833235661586,4024.3873442763816,911.3951212520719,806.2522160350451,648.2220169141333,58.934150644892085,85.03994238845203,23,17.184564425306394,11,5.943879988522244,0.23100922870098392,-5.962958244429885,2.809831428291314,2.824145388062123,1.0,6.59999942779541,2.878396702792005,0.0,4.123386859893799,0.3413619690598459,-2.6439945697784424,1.9151466519907718,1.893493767920971,69775.4223253,105802.03652690123,7.062941551208496,3.233337200118359,0.0,4.311647653579712,0.4742502915144521,-2.789663314819336,1.3400000061977946,1.3393796766066126,26.553924535739934,14.9106577457962,11.135928301573486,12.9311390614211,1.2775346653242758,-2.516094472069554,4.21688800110619,4.215560826238307,340.58294677734375,74.98917767232798,0.008498458191752434,331.02424716949463,65.37783008412724,-9.741762759163976,140.55761043646757,140.55458185408258,1,0.008578999668764492,0,0.11249954342810413,"{""type"":""MultiPoint"",""coordinates"":[]}"
00000000000000000513,20,JATINEGARA,BIDARA CINA,3175031002,3.175031002E12,Sedang,Bidara Cina 04,,24,400,2373,Luapan Kali Ciliwung,004,3,2020,1577865600000,50,50,0,1.9378059179298681,-9.90310388208773,-17.3176612905591,3.4777190334374675,14.684158756759482,-1.61183362043602,-10.23546876217836,4.923806049629058,JAKARTA TIMUR,1,0.9855748215066297,0,0.16007269816574257,4824.736501687555,4657.36893822902,4477.833339614565,1064.1604947839337,909.2090727738462,764.4947640567711,68.6757659130556,83.24453906790608,26,22.149060177764824,15,6.88387425548958,2.9595227366674877,-4.382998375653607,2.8328456147782703,2.8278149508271997,1.0,7.699999809265137,4.553868939156403,0.0,4.906274318695068,1.7066198225603595,-2.9248719215393066,2.2723728300181416,2.24605039000661,47802.3978867,47990.57576436558,8.71943473815918,2.7255985561585123,0.0,5.839929103851318,-0.12660702220139136,-2.8014779090881348,1.6424602684182996,1.648982430439993,23.766469420855273,13.04726744200019,11.135891116396587,10.196639840509551,-0.5477733334505951,-2.4599165412685853,2.8439347629489204,2.8376046496865026,339.5376281738281,14.557506217938394,0.008498343639075756,330.81849670410156,5.773857023762098,-8.813122579827905,91.54796259778345,91.54696486761306,0,0.0,0,0.0,"{""type"":""MultiPoint"",""coordinates"":[]}"
00000000000000000517,70,JATINEGARA,BIDARA CINA,3175031002,3.17503100201E12,Sedang,Bidara Cina 08,,2,400,2377,Luapan Kali Baru,008,3,2020,1577865600000,50,50,0,0.18677720264787806,-10.951997266778214,-15.986430804445394,2.4072736365643856,6.490089134357465,-4.2871021081646825,-9.627937815976637,2.5529967300838243,JAKARTA TIMUR,1,0.9571825418024467,0,0.19436903249445142,5048.734026429516,4767.551378103891,4460.503453028908,1206.559009723414,964.7362086040889,724.5827981857115,118.05484955911943,146.38384959258877,28,23.71758640953044,19,8.35356881229422,3.6731745078885063,-1.0281555562760758,1.9023634816113297,1.7641165089612925,1.0,7.100000381469727,2.294622762252,0.2999992370605469,4.212234020233154,-0.6427362209087554,-2.737281322479248,2.153528066952782,2.128865916129606,130496.850277,131068.6271260974,7.223128318786621,2.519043736945898,0.0,4.387491226196289,-0.3157367352791288,-2.852151393890381,1.4798566487714893,1.4852444147050528,18.951104838786183,12.93215083799446,11.113241737163989,5.325157637017481,-0.6908568483606206,-2.5090349597707657,1.543018100668305,1.546322498349428,0.22095462679862976,0.031060066973961988,0.008498204872012138,-8.539853364229202,-8.867579253162372,-8.998934665694833,0.09233585044067909,0.060243469952739215,1,0.04281745819755331,0,0.19436903249445162,"{""type"":""MultiPoint"",""coordinates"":[]}"
00000000000000000518,101,JATINEGARA,BIDARA CINA,3175031002,3.17503100201E12,Sedang,Bidara Cina 09,,2,400,2378,Luapan Kali Ciliwung,009,3,2020,1577865600000,50,50,0,-5.138799220038278,-10.993682818721135,-15.341370664044515,1.9445929912024353,3.4971677026463293,-3.605200708337654,-8.593077762373108,2.1169406129213955,JAKARTA TIMUR,1,1.0,1,0.0,4661.445986162131,4420.567416044195,4145.519835203624,900.4507674418865,725.8326765747356,527.9938543805692,79.93767395546146,117.68656102426317,26,21.718291853665157,14,7.035258145670227,2.806604074581178,-4.567729400910565,2.475624734480695,2.687087794681549,1.0,7.699999809265137,3.235571643684602,0.0,4.923295021057129,0.47422878057733286,-2.744746446609497,2.5365612884674373,2.5584943661656183,128188.91798,128707.63016197894,4.719674587249756,2.3274470963154497,0.0,1.9575910568237305,-0.4500311582927945,-2.807960033416748,1.0783648037298625,1.074116458083418,19.133437237598933,12.805886808810618,11.555769212681515,5.488701932222982,-0.8246101038540652,-2.0752362152588066,1.242457118802275,1.244976590684525,0.2039605677127838,0.017805064538655622,0.008498329669237137,-8.427737087011337,-8.732908587396784,-8.839364867657423,0.07898633695864812,0.03678598159417051,0,0.0,0,0.0,"{""type"":""MultiPoint"",""coordinates"":[]}"
00000000000000000519,67,JATINEGARA,BIDARA CINA,3175031002,3.17503100201E12,Sedang,Bidara Cina 10,,2,400,2379,Luapan Kali Ciliwung,010,3,2020,1577865600000,50,50,0,2.522762384530521,-11.411805993278126,-15.583537599868798,2.3176107344778267,8.899385840286222,-3.3943337167133274,-8.206482893379583,2.596559086978492,JAKARTA TIMUR,1,1.0,1,0.0,4361.000152658897,4164.509153102445,3897.2863813230247,727.2697526905422,582.2534621219188,391.2074314198312,74.09425742706115,101.65873710530427,24,20.45383914060332,14,6.011370513093919,2.2750153263464217,-4.509188776010099,2.175160369451049,2.103821487705095,1.0,6.199999809265137,2.7624052121219904,0.0,3.598050594329834,0.12111165902794818,-2.674905300140381,2.0234343998412676,2.019659290281109,88045.5874465,88391.24539881127,5.624477863311768,2.0755601995892077,0.0,2.9082677364349365,-0.6477665708196115,-2.7186052799224854,1.0804619284863737,1.0817544723478523,16.648538770388793,13.054340443167183,11.365516515853495,2.998218837277955,-0.5944442241729933,-2.29837937311415,1.2968229681962424,1.2950166945308867,0.2974432408809662,0.02700975152082469,0.008498397655785084,-8.233669862151146,-8.792389429817469,-9.473751780577004,0.2795931295636459,0.05998463996765626,0,0.0,0,0.0,"{""type"":""MultiPoint"",""coordinates"":[]}"
00000000000000000520,52,JATINEGARA,BALI MESTER,3175031003,3.175031003E12,Sedang,Bali Mester 03,"RT 04,05,06,07,08",2 Jam,330 m2,2388,Saluran Primer lebih tinggi dari saluran sekunder,003,3,2020,1577865600000,50 cm,50,0,3.987729160163548,-10.553844529001147,-16.083174692991566,3.0043421717513525,7.881498239615709,-3.5754815841143763,-9.582865906932717,3.181449506369587,JAKARTA TIMUR,1,0.9447985776852693,0,0.21059035204970727,4200.170260476811,3962.191956588772,3693.215064037931,790.9176011300601,619.0591862879069,449.8628669895784,84.6229039724353,113.24999845273574,26,20.94215341919257,16,8.883587603899478,4.070805823976278,-1.3917890244411169,1.9817356058935034,1.9407669947350372,1.0,6.199999809265137,4.419704068994735,0.7999992370605469,3.7347545623779297,1.948632161758194,-1.599029302597046,1.6573138733275938,1.6775816581188205,160978.644743,161543.77286277997,6.724222660064697,2.798052535273249,0.0,4.023003101348877,0.1007754830127008,-2.7546119689941406,1.3808771092767387,1.3833348344108325,17.341696580894094,12.50739278483868,11.185547709788421,3.694422750730153,-1.1470111469329864,-2.4872721472464647,0.8588118185957032,0.8555460740708366,0.05948929861187935,0.012837692173718423,0.008498458191752434,-9.397470366209745,-9.557122052004743,-9.642698950134218,0.053795182972306094,0.008229412662319559,1,0.055201422314730485,0,0.21059035204970736,"{""type"":""MultiPoint"",""coordinates"":[]}"
0000000000000000044c,210,KRAMAT JATI,KAMPUNG TENGAH,3175041002,3.175041002E12,Sedang,Kampung Tengah 01,,2,300,2021,"Saluran terlalu kecil, sehingga air tidak lancar dan tidak bisa menampung apabila hujan, selain itu dipengaruhi juga oleh genangan di Perumahan Bulak Rantai dan Paspampres",001,3,2020,1577865600000,60,60,0,1.7744166084169843,-12.417259945897948,-15.708158877760138,2.1805691705614474,5.581276451225789,-5.373360456148719,-10.17595598247313,2.1491904741528103,JAKARTA TIMUR,1,0.9471517485835501,0,0.2392855715896167,2212.8200519202283,1882.7884408864527,1601.393631575576,-51.91097632069386,-355.4775173234176,-667.2603606181701,152.29044379060446,129.78862695105235,40,32.686580702782685,28,5.094244673034147,-1.4827064905600946,-6.835366436306863,2.2460400277464343,2.474377922531204,1.0,6.100000381469727,3.221809029549221,0.0,1.4174795150756836,-1.442328867197217,-4.534856796264648,1.3758787372169834,1.3915453264862947,249582.898024,250598.81134479254,7.3788604736328125,2.2665886415658423,0.0,4.293710708618164,-0.8081345747782109,-3.0871479511260986,1.2417636202549518,1.2443120426251795,21.898073877074033,13.02273293033864,11.091572679264349,8.375536763452482,-0.4908823835139732,-2.432532261460773,1.5242943759956682,1.5252339360843241,3.288506269454956,0.09666459314931307,0.008497367613017559,-4.425855398178101,-7.6583029877393,-8.374828098341823,0.6740292965433471,0.5846918341433207,1,0.052848251416450394,0,0.23928557158961689,"{""type"":""MultiPoint"",""coordinates"":[]}"
0000000000000000044d,598,KRAMAT JATI,KAMPUNG TENGAH,3175041002,3.175041002E12,Sedang,Kampung Tengah 02,,2,400,2022,Curah hujan yang tinggi dan saluran air/got dibeberapa tempat tidak lancar,002,3,2020,1577865600000,60,60,0,1.7744166084169843,-12.444547008167334,-17.233723798965556,1.838349294967688,5.26478377911761,-4.449319338889773,-9.02609630023236,2.1406721692380657,JAKARTA TIMUR,1,0.959221387212024,0,0.19722323674765432,2532.025653133678,2112.4965747288397,1855.3248465545596,-149.665795125994,-403.49378976272357,-647.4461222147706,103.08356572467915,163.37879999820456,38,31.559987269516633,26,5.53342676049725,-1.3607485054401145,-6.785489059486267,2.590031805094007,2.5724940882229657,1.0,6.500001907348633,2.253526239628948,0.0,1.9852838516235352,-2.286392640261712,-4.712246417999268,1.511735117419486,1.533753554696443,339602.234396,341031.1945092481,7.95896053314209,2.709696934559101,0.0,4.961196660995483,-0.3008661978979392,-3.0420773029327393,1.5076465955262992,1.5002406634114778,21.691843050787988,13.499112839141267,11.01499678788815,8.166155233524085,-0.03144447287967969,-2.523802853824229,2.4824964199710897,2.4812080953040967,2.6681840419769287,0.46669449210563924,0.008497428148984909,-5.77258038520813,-8.007635283059614,-8.738288613967597,0.9788232617426842,0.9541968624608236,1,0.03554268818529011,0,0.18637982761781263,"{""type"":""MultiPoint"",""coordinates"":[]}"
0000000000000000044e,778,KRAMAT JATI,KAMPUNG TENGAH,3175041002,3.175041002E12,Sedang,Kampung Tengah 04,,3,1200,2023,Pendangkalan Kali Induk,004,3,2020,1577865600000,70,70,0,1.6661846093631487,-10.513823541806694,-16.30516880555087,2.5950989098516133,10.77536850045393,-4.017927821767586,-9.728479758024704,2.814821577948623,JAKARTA TIMUR,1,0.9548930856875293,0,0.2006275022909803,2821.3751145383426,2489.8328817751435,2157.6877582595803,305.3944841016428,46.017103224020474,-200.68003665891,112.27031130499603,163.24121444380748,42,32.95639534883722,28,6.152912698643284,-2.4627387493973103,-7.816988884310966,2.978913642847043,3.134107377168279,1.0,8.499998092651367,2.289346009720799,0.0,3.687480926513672,-2.533191148894652,-4.872959136962891,2.2240938430698733,2.2338630709306013,178579.558645,179301.8749882755,7.64622688293457,2.648517972654665,0.0,4.569749116897583,-0.41186331491612116,-3.0740420818328857,1.4456682027616938,1.4457991138040218,21.148226601055725,13.93295329098981,11.05556422453028,7.604802077508646,0.39084173677227085,-2.4968251126235153,2.5524124542817717,2.5508263591964533,2.1073498725891113,0.44544390690670954,0.00849734153598547,-6.031584739685059,-7.901189179436245,-8.716572632081807,0.8304132345749202,0.7647500093519844,1,0.04013188699859529,0,0.1907488985347255,"{""type"":""MultiPoint"",""coordinates"":[]}"
00000000000000000450,562,KRAMAT JATI,KAMPUNG TENGAH,3175041002,3.17504100201E12,Sedang,Kampung Tengah 06,,2,750,2025,Penyumbatan saluran air,006,3,2020,1577865600000,40,40,0,-4.711478806657216,-10.755958767941447,-14.47849682562989,2.120843840243282,5.264688200640668,-4.783940503009587,-9.184007555613851,2.159975333364677,JAKARTA TIMUR,1,1.0,1,0.0,2291.157171937385,2104.361899570188,1912.425078044332,-17.832789171163313,-213.0116473582904,-392.0289821871322,76.1896046156668,81.50486182642688,36,31.038504589209765,28,0.9992037455576721,-3.7108094478214175,-6.851864827872895,1.6574929733590245,1.781751995223825,1.0,3.999998092651367,2.285038040499306,0.0,-0.7569818496704102,-2.490915248041926,-4.8051533699035645,1.211721159747449,1.2137691737440839,93430.0649432,93870.73082229329,7.3788604736328125,2.1764660622502294,0.0,4.295670747756958,-0.890564780210027,-3.074395179748535,1.2269329367470996,1.2335711215377188,21.51595010418805,13.692849052378307,11.091572679264349,7.991896719411994,0.1695101314552682,-2.4336943811318648,2.5398960636607115,2.542799376780337,2.2093188762664795,0.31059155924066134,0.008497381582856178,-5.99824333190918,-7.721905724397986,-8.1534574450925,0.777678412878341,0.8337535397076837,0,0.0,0,0.0,"{""type"":""MultiPoint"",""coordinates"":[]}"
00000000000000000451,200,KRAMAT JATI,KAMPUNG TENGAH,3175041002,3.17504100201E12,Sedang,Kampung Tengah 07,,2,700,2026,"Curah hujan tinggi, saluran/got kecil dan merupakan dataran rendah",007,3,2020,1577865600000,50,50,0,-2.564699565549096,-12.53651979420386,-18.256577827674697,2.3820871282497484,5.249359447119604,-4.786591479813151,-12.974234041152702,2.7418718655557917,JAKARTA TIMUR,1,0.9232131608497585,0,0.29610400790667285,2767.4830418432575,2401.584058108068,1912.425078044332,455.4782352864431,154.2754346059075,-208.87264473332402,152.28495635718687,195.91323468671615,43,33.41582296393,24,5.897856483081647,-2.953476938190446,-11.929802210425017,3.4025215946893392,3.6742131202664785,1.0,9.69999885559082,2.5419782223793725,0.0,4.90613317489624,-2.2217750373925726,-4.814530372619629,2.543420922746343,2.5564398245697033,382283.488146,383751.0073505571,8.720192909240723,2.778983724188344,0.0,5.621763467788696,-0.316371182916446,-3.107717990875244,1.5826590638787483,1.5824283655169444,21.79293433759354,13.535869627271497,10.922327728651771,8.301195425694864,0.015040305611208024,-2.6319340210547733,2.18008240229484,2.176748104530544,2.9144132137298584,0.3210378538183266,0.008497260510921478,-3.213465452194214,-6.899562848604356,-8.466901686042547,1.3161493292714788,0.8900877656189152,1,0.07678683915024147,0,0.29610400790667274,"{""type"":""MultiPoint"",""coordinates"":[]}"
00000000000000000452,21,KRAMAT JATI,KAMPUNG TENGAH,3175041002,3.17504100201E12,Sedang,Kampung Tengah 08,,2,400,2027,Meluapnya kali induk,008,3,2020,1577865600000,40,40,0,0.7721257196422552,-12.104766650333858,-16.785678563638385,3.0961682939464534,8.62270050507101,-4.081107888395062,-8.45950935945549,3.1046452220339678,JAKARTA TIMUR,1,0.9656713542670006,0,0.18885257457751045,1822.5674819397511,1624.8545983489544,1484.2598772436477,-591.0177436766241,-707.0870562236689,-808.443428564005,48.581930449532585,77.54925512029428,36,30.37091119244847,24,4.693633149644317,-1.2189813935713572,-7.331910692124069,2.3793322937313435,2.3710184299287373,1.0,5.30000114440918,2.219884711941458,0.0,1.0156521797180176,-2.0601608910374143,-4.393101215362549,1.9219210843807821,1.9358984047053251,90637.9155937,91042.54095671992,6.227239608764648,2.589652779090384,0.9274099469184875,3.1928937435150146,-0.4503511525261403,-2.1282649636268616,1.1063081845871767,1.097785325027196,19.087220275495998,14.42034534206205,11.40342072023005,5.562070964676709,0.8935149017828106,-2.125627527818855,2.7467051580637,2.7460925712051427,3.2375214099884033,1.139647939155911,0.008497503586113453,-4.813463926315308,-7.042508075125778,-8.383476892486215,1.5555153026990824,1.498587047068511,1,0.034328645732999416,0,0.18885257457751053,"{""type"":""MultiPoint"",""coordinates"":[]}"
00000000000000000453,188,KRAMAT JATI,KAMPUNG TENGAH,3175041002,3.17504100201E12,Sedang,Kampung Tengah 09,,3,700,2028,"Saluran air kurang berfungsi, kecil dan dangkal, pendangkalan kali induk saluran di Jl. Al Bariyah lebih tinggi dibanding Jl. Pelita, Jl. Pendidikan dan Jl. Kober",009,3,2020,1577865600000,50,50,0,-1.9936284214878555,-11.408311949823657,-16.177610039530563,2.5769856943169676,9.60219314000311,-3.8961743530477935,-9.245729555392513,2.6316607807638075,JAKARTA TIMUR,1,0.9283833000679025,0,0.25420840580171017,3071.1090804960018,2748.4489171995947,2377.7853656614247,453.29359759517547,91.32210008263785,-204.6246341179558,139.87777878968595,162.7808623866638,41,33.59361303730528,26,5.583718189613293,-1.2574355513889244,-8.126508902147506,2.92199118575922,3.1035753918053985,1.0,8.400001525878906,2.519985457806358,0.0,3.4952335357666016,-2.2947470375229715,-4.892922878265381,2.16247057633339,2.2037112627349362,338866.462865,340288.3809384364,6.568332195281982,2.181842222786181,0.0,3.5695934295654297,-0.8360092027472764,-3.0347557067871094,1.3575227049067844,1.3568077884499747,21.073263451974945,13.967994026679849,11.209094616418321,7.530746247088404,0.41497900735919385,-2.3619544770020866,2.199225671783745,2.1981614969428227,1.4700486660003662,0.1809500694549149,0.008497360162436962,-6.938117265701294,-8.608350463437404,-9.042133101262152,0.4345812387193925,0.3429187798068621,1,0.06636967838844417,0,0.24619881111682093,"{""type"":""MultiPoint"",""coordinates"":[]}"
00000000000000000454,300,KRAMAT JATI,KAMPUNG TENGAH,3175041002,3.17504100201E12,Sedang,Kampung Tengah 10,,3,1000,2029,Jembatan terlalu rendah dan pendangkalan kali induk,010,3,2020,1577865600000,40,40,0,-1.080214009203352,-10.215399802203237,-15.271007120336307,2.3093434561669937,6.723098664780466,-3.8373096650515044,-8.137853814374855,2.4803520209305563,JAKARTA TIMUR,1,0.9875752186517894,0,0.10075324463788939,2587.496455406664,2325.4954167010073,2115.3957956173376,-49.81394576864432,-192.09530545064513,-345.3242343877123,67.21642276699836,103.0198760341573,35,31.203474066314225,27,1.1630729050311714,-2.8728703573756857,-6.611523393978388,1.9538598372197484,2.010321819971955,1.0,3.3999996185302734,1.8385286315145493,0.0,-1.2033767700195312,-2.8225254289246644,-4.7860941886901855,1.1962393236204036,1.1891773183793615,143298.640671,143871.38677538178,5.400792121887207,2.309262315496608,0.0,2.364949941635132,-0.7160358618353421,-3.042546272277832,1.3029311209056564,1.3027625738523818,21.54998023188078,13.869118574352344,11.406233553272873,8.009194157819644,0.32465791374826003,-2.133560135845652,2.7239604184691504,2.720299725483195,2.2857961654663086,0.4359261588971874,0.00849741417914629,-6.032205104827881,-8.144686415928351,-8.910741590894759,1.017507196898897,0.9077822902604291,1,0.012424781348210588,0,0.10075324463788975,"{""type"":""MultiPoint"",""coordinates"":[]}"
0000000000000000045f,60 KK,PASAR REBO,GEDONG,3175051001,3.17505100101E12,Sedang,Gedong 12,,3 jam,200 m2,2061,Luapan waduk surilang di Rt. 009/012 Kel. Gedong,012,3,2020,1577865600000,50,50,0,-4.824740064774885,-11.93618492347874,-21.98261884692471,2.3023637308012206,6.855463892343517,-5.2920340400025365,-16.254380447846692,2.63504264175754,JAKARTA TIMUR,1,0.8731298203222678,0,0.32260113544524655,3651.0322901167087,3237.3202609297405,2779.8933419494465,1004.6181968352757,657.3600034047396,232.14110762440896,187.07349142201542,226.29975764085108,45,37.56027422277789,31,8.44389591360109,0.5155898238979311,-6.167086027347963,3.2209196116255723,3.2169112013484136,1.0,16.999998092651367,3.461989240594246,0.0,11.903772354125977,-1.5034665263781148,-5.0464630126953125,3.197737905772129,3.2271882649856245,248208.64324,249233.1768656919,8.777689933776855,3.3957036707024892,0.0,5.703585386276245,0.29928687673171533,-3.1181585788726807,1.6605967262636054,1.6584589788936968,20.21793537753442,12.771377047395799,10.91565462511544,6.6688604928939235,-0.7542424845577337,-2.6267850648625792,1.6082500309914178,1.6096510208576877,0.628798246383667,0.054973978950238124,0.008497278206050396,-8.043500542640686,-8.746771062931197,-9.094817068427801,0.22294528695836022,0.15315352226471235,1,0.09462933565598527,0,0.2882414985322975,"{""type"":""MultiPoint"",""coordinates"":[]}"
000000000000000005b3,40,PASAR REBO,CIJANTUNG,3175051003,3.17505100301E12,Sedang,Cijantung 06,,3 Jam,50 M2,2652,Kiriman Hujan Dari Bogor sehingga saluran Kali Gongseng tidak lancar dan tidak dapat nempung depot air yang tinggi,006,3,2020,1577865600000,30 cm s.d 50 cm,50,30,-2.939160797314581,-14.310515229521194,-19.061565369248633,2.0016730011733106,5.049586056418454,-6.312170319945523,-12.182329982291947,2.6959839022007936,JAKARTA TIMUR,1,0.5239109875460047,0,0.49891014722053256,2758.138671748824,2438.656017843454,2092.901822648123,635.141621370657,347.092631520618,61.34295481240815,156.93630691441396,177.53884163502903,54,40.31758258035846,28,7.678599866198354,-5.472603476742034,-18.264260916678033,5.937998867753231,5.883581583327842,0.9995499027917225,13.299999237060547,4.255097493702333,0.0,7.097259998321533,-2.074796241993101,-6.521298408508301,3.9848435662877413,3.9707461835351685,305963.934959,307241.16888944403,9.104012489318848,3.1249990538405306,0.0,5.874973297119141,-0.11473241209306026,-3.2526936531066895,1.5700534416334484,1.5701864532872216,21.884775890594195,13.967357939032143,10.878504124366195,8.332690604741469,0.44296993090397546,-2.624320996130434,2.6963020579478933,2.6998708051409857,3.5686190128326416,0.7184646618550222,0.00849690567702055,-4.684203863143921,-7.16496531952132,-8.411608953028917,1.2423579548732813,1.2997636025756352,1,0.4119617606508437,0,0.4915805336484804,"{""type"":""MultiPoint"",""coordinates"":[]}"
000000000000000001ee,57,GAMBIR,GAMBIR,3171011001,3.171011001E12,Tidak Diketahui,Gambir 01,Sudah Telepon RW,-,-,1069,Debit air melebihi turap kali ciliwung,001,0,2020,1577865600000,-,0,0,14.206740465314331,-8.690925936748515,-17.08305393330648,5.604826457297421,28.596571381766594,-2.547823869709635,-12.445729949625218,5.8737660171241615,JAKARTA PUSAT,1,0.8842787935614939,0,0.33577878475307144,2857.742352646719,2444.3808194035782,1866.8846147581628,1157.101937828029,866.9239469176142,467.46025380596234,159.2181628060251,243.15832156734405,39,9.028702401416888,-5,30.52871293435142,0.8047384629658146,-12.86199318406739,4.778579795973822,4.828128466579562,1.0,6.90000057220459,2.2387501371833944,0.0,4.85100531578064,0.25576867765246064,-2.063627243041992,1.8551051641889822,1.8757986693068507,401724.063428,403398.5475030602,28.617029190063477,5.97117855650451,0.0,24.713746070861816,2.0439818663020093,-3.8970980644226074,4.028249079627732,4.032112947684864,23.82542621516703,13.60680105106847,9.653588583514155,10.518044276994175,0.2742976045027568,-3.67448435451859,4.23167127274282,4.229613919392902,360.146484375,58.983637477510555,0.008499130606651306,350.21027660369873,48.983710824464595,-10.12100969441235,143.92333232510663,143.88943795708536,1,0.06355159660363598,0,0.25594784049128877,"{""type"":""MultiPoint"",""coordinates"":[]}"
0000000000000000028d,50,GAMBIR,KEBON KELAPA,3171011005,3.171011005E12,Tidak Diketahui,Kebon Kelapa 01,Tidak diangkat,-,-,1321,Curah hujan tinggi,001,0,2020,1577865600000,-,0,0,16.993779061940426,-8.285891526068564,-16.119924770973032,4.2944939747295905,22.93179116166356,-2.2342050445675876,-9.368114392423685,3.979589620956872,JAKARTA PUSAT,1,0.9950429610046265,0,0.06441510347391806,1209.523820209072,696.0164122691824,382.4850156088664,129.98556567058336,-297.4542601886866,-584.8701353967172,158.8925119578717,186.43232782239963,18,8.508009019867034,2,11.24922763320864,1.7773384690797194,-4.891581998284886,3.009063477175976,3.0299431604496396,0.7322116474508512,5.300000190734863,2.7578885136150815,0.0,3.5946651697158813,1.0422095253198655,-1.7432430982589722,1.5716444177286182,1.5634255766851934,179458.670031,180173.15190861563,14.28170394897461,3.4093438773973057,0.0,10.560040950775146,-0.39631197831641,-3.908687114715576,2.163860281178323,2.1422806875921356,23.834775798456235,12.864683233039784,10.962168002090033,10.41728912951196,-0.5288545051269271,-2.42681955288538,2.8800334499995235,2.8843434860723858,363.52069091796875,18.305018352717997,0.008499431423842907,353.1600332260132,7.931901678832033,-10.460643094033003,100.44876906296217,100.45427596257888,0,0.0,0,0.0,"{""type"":""MultiPoint"",""coordinates"":[]}"
00000000000000000290,50,GAMBIR,KEBON KELAPA,3171011005,3.171011005E12,Tidak Diketahui,Kebon Kelapa 04,Tidak diangkat,-,-,1324,"1. Curah hujan tinggi;
2. Kiriman anak sungai ciliwung",004,0,2020,1577865600000,-,0,0,2.087496587345746,-11.45639034769149,-17.753116584486392,2.920048321705319,12.511366575553414,-1.8971373180647682,-9.80137661673735,3.8021886818488233,JAKARTA PUSAT,1,0.9116965130113793,0,0.29102793983826,1791.6137256454913,1430.0086477145496,1205.9611502604637,471.9308366124146,231.1707921559372,71.82462988428483,98.33560155657416,143.99695737486172,53,8.601208090545777,2,46.03048061916262,1.6943597731731503,-4.954645348286506,6.227324414428417,6.225410675437299,0.8999740031167505,5.300000190734863,1.5647045911902235,0.0,3.5224608182907104,-0.20944951859935643,-1.8301080465316772,1.159631370698434,1.1544108634363406,228577.194735,229593.2939285605,33.69878387451172,5.6405335411412585,0.0,29.81326413154602,1.7102979130784066,-3.9490013122558594,5.264455467251402,5.255467585693311,23.83255202152646,12.814071627427412,9.452885462983993,10.457903990608797,-0.5624873960701916,-3.9383336914746003,2.78967222530647,2.789851366084636,363.0447082519531,14.947593198205213,0.008499356918036938,352.6440362930298,4.539059053327127,-10.5042559877038,82.99352718997687,82.98813240278884,1,0.06760425882424724,0,0.2416701742592972,"{""type"":""MultiPoint"",""coordinates"":[]}"
0000000000000000029b,12,SAWAH BESAR,PASAR BARU,3171021001,3.17102100101E12,Tidak Diketahui,Pasar Baru 08,Tidak diangkat,-,-,1349,"1. Intensitas hujan tinggi;
2. Meluapnya air sungai ciiwung;
3. Kurangnya resapan air disekitar wilayah;
4. Sempitnya saluran air di sekitar wilayah",008,0,2020,1577865600000,-,0,0,20.391049012899202,-11.289220766261392,-19.882249974109463,4.51035723150253,17.055113449208513,-5.678580693667024,-14.398939630892048,4.193573745120963,JAKARTA PUSAT,1,0.7485916371014362,0,0.4296403214992015,2435.003422595757,1808.6746743818237,1037.1581193100906,785.739072684054,270.569822575004,-434.154456454296,286.52683863854867,292.6252503215596,48,8.852188960550729,-3,40.655508488067184,1.5247033584887015,-10.818836194546062,5.725534318333176,5.779372841621994,1.0,8.800000190734863,2.2683243800836665,0.0,6.938048362731934,0.42896540633580044,-1.9433035850524902,1.6700817525613076,1.667516796654721,923038.337782,926794.8951409508,36.77738571166992,5.662272857660724,0.0,32.86025834083557,1.7290670729700413,-3.9619507789611816,4.781750789026233,4.782782886828989,23.482642361165567,12.874278463580158,9.40115302175617,10.143126704801944,-0.46204246076560446,-3.9206470424874915,2.5831088293865694,2.589530739445028,362.58575439453125,12.37976344587329,0.008499238640069962,352.48230838775635,2.7264310945578956,-10.366582699120045,74.86994662794115,74.95379793892535,1,0.18758902629321916,0,0.38609231059437304,"{""type"":""MultiPoint"",""coordinates"":[]}"
0000000000000000029e,167,SAWAH BESAR,PASAR BARU,3171021001,3.171021001E12,Tidak Diketahui,Pasar Baru 03,Tidak diangkat,-,-,1352,"1. Intensitas hujan tinggi;
2. Meluapnya air sungai ciiwung;
3. Kurangnya resapan air disekitar wilayah;
4. Sempitnya saluran air di sekitar wilayah",003,0,2020,1577865600000,-,0,0,-0.37337645945895137,-9.236472413431219,-17.62215449080893,3.505361887751435,7.064201249295026,-4.133632341776149,-10.43941673086648,3.060476293039183,JAKARTA PUSAT,1,0.8991023717391877,0,0.28529933709058547,1391.4936349159198,1062.1999223122255,724.5275140752155,136.7930201441079,-225.62844454588182,-560.2096580082064,184.86047090933633,169.98798543541085,22,8.400879201874224,0,15.463133420385734,1.9505895880670998,-6.455648628854611,3.731601994454604,3.7649901179563177,1.0,3.5,2.055292436274434,0.0,1.737149953842163,0.27362624508893546,-1.793400764465332,0.8849765385926006,0.8800040587212694,132455.106927,133060.7699622268,14.382662773132324,4.0792369679180975,0.0,10.426086664199829,0.1609704031261196,-3.9261090755462646,2.766031558971082,2.7778628802914764,17.97506570303043,13.40878222037763,10.557282452947,4.5700592858646925,0.03477764008057476,-2.7954950842398407,1.867119676066258,1.8773566909714672,1.5298954248428345,0.22615817237325994,0.008499431423842907,-8.263605117797852,-9.853185106663204,-10.199059172533453,0.5080261898096824,0.45931406534041636,1,0.09552765274158308,0,0.27708596128798313,"{""type"":""MultiPoint"",""coordinates"":[]}"
0000000000000000024c,100,SAWAH BESAR,KARTINI,3171021003,3.171021003E12,Tidak Diketahui,Kartini 01,-,-,-,1241,Curah Hujan Tinggi,001,0,2020,1577865600000,-,0,0,3.4451520874439785,-9.162145352844673,-14.816613449661652,3.6304715041955453,9.678661021703178,-2.1722722621619193,-8.449151737213354,3.221761997208327,JAKARTA PUSAT,1,0.9995639534883721,0,0.16216216216216237,875.1549798115764,671.573528976824,463.8312116386399,-83.91732310095767,-260.0172538824793,-444.96719209016516,83.44847695085666,96.5392685446625,13,7.883357558139535,2,7.320157976872421,2.153341886737129,-3.852979584041142,2.1430592934224855,2.112434922126391,1.0,1.9000000953674316,0.9574636267714721,0.0,0.10095560550689697,-0.8334345139736352,-1.814702033996582,0.6777897602332519,0.6839227006231354,48023.0847525,48233.37475980434,7.467730522155762,3.0945654046050337,0.0,3.8376007080078125,-0.5761502650761329,-3.7153449058532715,1.73834433899312,1.7212508822203045,20.11440858032839,12.995661621677076,11.079732571106065,6.756337813263242,-0.37341682430420886,-2.2646317579428583,1.9466355230816152,1.943333832198431,0.5609714388847351,0.09547873924961477,0.008499649353325367,-9.01031094789505,-9.448284772014432,-9.806888076476753,0.23938098686381248,0.20942253345012438,1,4.360465116279069E-4,0,0.16216216216216217,"{""type"":""MultiPoint"",""coordinates"":[]}"
0000000000000000024d,987,SAWAH BESAR,KARTINI,3171021003,3.171021003E12,Tidak Diketahui,Kartini 02,-,-,-,1242,Curah hujan yang tinggi dan Air Cliliwung meluap,002,0,2020,1577865600000,-,0,0,2.26113101163547,-10.621553895300009,-15.67507677267428,3.121626654102215,8.025956842422254,-3.766027412267837,-12.431050020475848,3.275568776954136,JAKARTA PUSAT,1,0.9842196763696341,0,0.16145661892879587,1037.1581193100906,864.7141718661122,655.95639015131,54.679755680235644,-93.94112786787979,-275.7673403097426,78.88071925499301,92.95805097547898,11,7.014576739624661,1,5.313087237629808,1.29477796339485,-4.670446220980892,2.0036014996023206,2.012080860143325,1.0,2.0,0.9527748408938457,0.0,0.22212624549865723,-0.8291735929635718,-1.7874159812927246,0.594689680054696,0.5947018748561489,78341.5413547,78653.71621112207,7.605902194976807,2.544998428035409,0.0,3.952472686767578,-1.1515589039680585,-3.742762804031372,1.539857916986516,1.530796232585826,16.524273521135466,12.93428249228258,11.668792644027354,3.1589347708957405,-0.472656146808831,-1.7470616441027929,1.0786304792925434,1.0827131717346232,0.5439721345901489,0.028422064471587828,0.008499624207615852,-9.155521273612976,-9.835575225869347,-10.012197015807033,0.14367288338973605,0.09735641618286295,1,0.015156243034814781,0,0.13243211584099399,"{""type"":""MultiPoint"",""coordinates"":[]}"
0000000000000000024e,40,SAWAH BESAR,KARTINI,3171021003,3.171021003E12,Tidak Diketahui,Kartini 03,-,-,-,1243,Saluran air tersumbat serta rendahnya jalan,003,0,2020,1577865600000,-,0,0,-2.7564441310148915,-8.555518358571312,-15.365010495131997,2.5181967944934307,6.215218260166376,-3.0802117617183087,-9.310003904948253,2.8839239168000814,JAKARTA PUSAT,1,0.9985332568076015,0,0.10975609756097544,1128.550045815337,1019.6136765340616,913.6415294927517,120.33356147211828,17.6283301388888,-111.82707247713779,54.87898932356537,54.09496303613511,13,7.370320770359031,3,7.213300633814111,1.5495114430434336,-2.8721533904557806,2.0407740265363206,2.022663089255187,1.0,2.0999999046325684,0.6414641444837094,0.0,0.325508713722229,-1.1301937497214813,-1.783396601676941,0.7614141673220857,0.7645825832533067,54729.5311695,54948.11510880524,5.655066013336182,2.802394420826482,0.9274099469184875,1.9020557403564453,-0.9550648922215049,-2.84220027923584,1.20599796565293,1.202678600195675,16.485454422576716,13.153608807551592,11.360196607640496,3.1136170716126514,-0.24743293041763278,-2.0560791040997657,1.4017171298369857,1.4034082917613788,0.467475563287735,0.08190995545913021,0.008499596267938614,-9.404202789068222,-9.958027456646409,-10.236568936146796,0.17668277154031592,0.15463468015193296,0,0.0,0,0.0,"{""type"":""MultiPoint"",""coordinates"":[]}"
0000000000000000024f,20,SAWAH BESAR,KARTINI,3171021003,3.171021003E12,Tidak Diketahui,Kartini 04,-,-,-,1244,Curah Hujan yang tinggi,004,0,2020,1577865600000,-,0,0,2.1742391384578332,-8.392373430894352,-16.607323601514437,3.0603123689128657,6.215218260166376,-3.2590127941406104,-10.038586466628491,2.58213084238128,JAKARTA PUSAT,1,0.9937363759278167,0,0.16706255004308782,1128.550045815337,946.951501294421,742.1299386218238,117.10813376250485,-113.06410388579648,-384.12562105532584,134.23220126437025,114.9442046198975,13,7.40034767252559,1,6.978373729969671,1.5089846733180103,-4.851323374849187,2.0408203998809125,2.05056472602073,1.0,2.0,0.7944510710337759,0.0,0.23159849643707275,-0.9714695455117422,-1.7812498807907104,0.5485503148936473,0.5455779285694891,126400.938873,126941.71762513259,9.29229736328125,2.889192579073217,0.0,5.5300164222717285,-0.8987291728120336,-3.8003761768341064,1.7245734163963289,1.7233931347048468,18.899962411547513,12.987019825301266,11.08264843873465,5.473407565030888,-0.42474641620396225,-2.3396662095882235,1.3303680921142362,1.3336385409949674,0.34848251938819885,0.04140911191620269,0.008499552495777607,-9.842373460531235,-10.06794836640696,-10.236872240900993,0.09108211766290404,0.0749577393132799,0,0.0,0,0.0,"{""type"":""MultiPoint"",""coordinates"":[]}"
00000000000000000250,375,SAWAH BESAR,KARTINI,3171021003,3.171021003E12,Tidak Diketahui,Kartini 05,-,-,-,1245,Saluran air tidak bisa menampung air hujan,005,0,2020,1577865600000,-,0,0,-3.9969648517544627,-9.295385738061162,-16.492707782808864,2.6068043543720147,3.2328767218411305,-3.974205130888372,-11.592451883740084,2.5192082271222174,JAKARTA PUSAT,1,1.0,1,0.0,1057.6978978086688,871.9039627397096,655.95639015131,-71.06975340292342,-265.49781093095265,-504.87844749723274,117.59197988292333,108.49339222580271,12,7.036595417330625,3,5.809790744333979,0.9772788514852282,-2.975730165306932,1.859496031478992,1.884012680615058,1.0,2.8000001907348633,0.8853947188384036,0.40000009536743164,1.006529450416565,-0.8980776266682522,-1.3842437267303467,0.5315862817213381,0.5330212308394568,63509.0834375,63776.971691849496,11.119087219238281,2.8113729029024315,0.0,7.317394256591797,-1.0287384384215172,-3.8523666858673096,1.7627761227486594,1.7575112595106581,17.341819091077497,13.356490267978426,10.67466735882586,3.938272977912048,-0.03955571652064045,-2.749062134293874,1.2621991978586051,1.268498566136251,0.09349489957094193,0.033558213940742106,0.008499509654939175,-9.830818765796721,-9.977591112159228,-10.148906289599836,0.06299045394430636,0.025598001729666604,0,0.0,0,0.0,"{""type"":""MultiPoint"",""coordinates"":[]}"
00000000000000000251,849,SAWAH BESAR,KARTINI,3171021003,3.17102100301E12,Tidak Diketahui,Kartini 06,-,-,-,1246,hujan deras,006,0,2020,1577865600000,-,0,0,-4.954769900174631,-9.743461893693029,-13.722563727284122,2.1295295426532026,3.2328767218411305,-3.444601856246012,-7.7467244388635805,1.99619619059989,JAKARTA PUSAT,1,1.0,1,0.0,1205.9611502604637,1094.986858175318,1020.4286656050078,146.28915190769135,-9.38416813690668,-96.358625218003,57.33004300455113,44.7411339147912,13,8.00141489804411,5,6.978373729969671,1.8864659532896997,-1.1141510335427958,1.6473542643896073,1.6371536607305786,1.0,2.6999998092651367,1.0934332374528302,0.40000009536743164,0.9053505659103394,-0.6809584609578163,-1.3688504695892334,0.5668491334404611,0.5748223888773296,41918.3932514,42049.77139534996,6.566720008850098,2.643922103086313,0.0,2.7275454998016357,-1.2228278749295685,-3.8852434158325195,1.6662357349769392,1.652606546212257,15.95552538739574,12.609019498067372,11.321621266022772,2.6128115334995528,-0.7501074142923512,-2.0738724324356834,0.9438446940771476,0.9368255052391772,0.03399822488427162,0.01052061886942503,0.008499509654939175,-9.714441888965666,-9.857053315202245,-10.018891870044172,0.06837630927952079,0.004470509203968459,0,0.0,0,0.0,"{""type"":""MultiPoint"",""coordinates"":[]}"
00000000000000000252,448,SAWAH BESAR,KARTINI,3171021003,3.17102100301E12,Tidak Diketahui,Kartini 07,-,-,-,1247,Hujan deras,007,0,2020,1577865600000,-,0,0,-3.1119569492188073,-10.075040102632997,-13.722563727284122,2.3544727295363015,5.454583070775619,-3.741843127764162,-7.7467244388635805,2.2010814592382704,JAKARTA PUSAT,1,1.0,1,0.0,1261.7573092267978,1188.3513961818044,1113.1949079327358,166.8355537880566,100.29579370408817,8.62240139388632,52.118552164786074,43.99880533528565,9,6.168494290251833,2,3.052106889188722,0.020823121916306163,-4.305729846805309,1.68565132575806,1.64946688273209,1.0,2.200000286102295,1.149534960859781,0.40000009536743164,0.41623103618621826,-0.6246999516876943,-1.3679077625274658,0.682065321483019,0.6938292592858465,46135.245153,46350.785802695435,5.247210502624512,2.29860284923831,0.0,1.3029069900512695,-1.5849088677784446,-3.9077677726745605,1.1606320612943084,1.1749498013789237,15.95552538739574,12.750993155721057,11.435492932267074,2.622849470135412,-0.5888835508835305,-1.8883456128594904,1.075708600229681,1.0790393160081038,0.050997085869312286,0.014426015586138178,0.008499509654939175,-9.714441888965666,-9.80357956730221,-9.88708267454058,0.04033504077829607,0.011984721761541393,0,0.0,0,0.0,"{""type"":""MultiPoint"",""coordinates"":[]}"
00000000000000000253,40,SAWAH BESAR,KARTINI,3171021003,3.17102100301E12,Tidak Diketahui,Kartini 08,-,-,-,1248,Curah Hujan Tinggi,008,0,2020,1577865600000,-,0,0,-4.238369194081893,-10.128349694479828,-12.976700637764523,1.6855651480086444,3.4454817645121882,-4.011709365208843,-7.8205978580096005,2.0736050023820294,JAKARTA PUSAT,1,1.0,1,0.0,1162.3576847727466,1053.2445079944416,798.0053903044136,146.89514696741549,45.025082905322584,-161.87887966334085,80.46442052661975,105.29250282593692,10,6.435802848652527,2,4.073637608684229,0.5299646113780135,-3.860050323283743,1.9110964177629626,1.937896304104246,1.0,0.7999997138977051,0.3738907154300977,0.0,-0.9543622732162476,-1.3842288640840512,-1.7738701105117798,0.2899639172632875,0.28372493478568694,34094.3853105,34226.90056388808,4.145432949066162,2.1338895546606986,0.0,0.3854691982269287,-1.6465338112597265,-3.8284192085266113,1.0907321893014486,1.0852076396107835,20.08265954976022,13.732202275855151,11.67224871092317,6.72072402629,0.3636175385599904,-1.7001768292300898,2.11550672208939,2.1138852052161874,0.5439721345901489,0.13075422670149006,0.008499563671648502,-9.13780677318573,-9.715453290380443,-9.968802522867918,0.25574988480290817,0.21234772498041105,0,0.0,0,0.0,"{""type"":""MultiPoint"",""coordinates"":[]}"
00000000000000000254,30,SAWAH BESAR,KARTINI,3171021003,3.17102100301E12,Tidak Diketahui,Kartini 09,-,-,-,1249,Curah Hujan Tinggi,009,0,2020,1577865600000,-,0,0,2.26113101163547,-9.498548571099025,-13.1968685007608,2.651220164052064,6.845273738869803,-5.1027798882207955,-8.360740564721768,2.326340402078849,JAKARTA PUSAT,1,1.0,1,0.0,1049.530224242096,961.2284076888818,855.2624952764933,61.643194914083665,-18.492593317262166,-112.8912899123792,47.51843713307984,54.747135550637914,10,6.974733517568102,3,4.227919864950825,1.1768863799450116,-2.8104277478784425,1.875909554274931,1.8616122045152164,1.0,2.0,0.631530393125321,0.0,0.2232569456100464,-1.1440479163669222,-1.7814950942993164,0.7707924632872022,0.7741731257546695,26467.3591073,26589.224133450953,5.655063152313232,3.186551736536614,0.0,1.9057116508483887,-0.5554157939768571,-3.742762804031372,1.319375673060937,1.3245353626541747,16.485454422576716,12.533872496794572,11.365659302909352,3.1136170716126514,-0.8594413707181864,-2.010696564671715,1.1625728422359383,1.165578131442016,0.467475563287735,0.0253735168930523,0.008499613963067532,-9.423425048589706,-9.901553372688397,-10.044856546446681,0.108237150555199,0.09729997979586567,0,0.0,0,0.0,"{""type"":""MultiPoint"",""coordinates"":[]}"
00000000000000000208,113,SAWAH BESAR,GUNUNG SAHARI UTARA,3171021004,3.171021004E12,Tidak Diketahui,Gunung Sahari Utara 02,Tidak diangkat,-,-,1120,"1. Curah hujan tinggi;
2. Dataran rendah",002,0,2020,1577865600000,-,0,0,0.18439708608128727,-11.820530530998235,-19.139256167661742,2.958354498290492,15.884890409206122,-4.539153220082235,-13.880633441062752,4.046558296695028,JAKARTA PUSAT,1,0.9357471171679704,0,0.2599996661322643,1147.455046826599,1037.8723150721232,798.0053903044136,195.16012697752342,84.05245545313905,-202.59062870553805,84.77201896721147,83.73893406550374,15,4.541166034997179,-2,9.949995222469646,-0.563350013667647,-7.234226199959379,2.5374233952624,2.5371634933170917,1.0,4.400000095367432,1.6826384967492967,0.0,2.5881458520889282,-0.11905056063892976,-1.819279432296753,0.8459971186062338,0.844898634218669,216293.837121,217172.48590712016,11.918478012084961,3.6477260805572125,0.0,8.42358946800232,0.13545570850237723,-3.6301701068878174,2.0982019049703804,2.107279961128888,17.654168899647196,12.989846631038105,10.710619992449343,4.321649261256695,-0.3755699398887266,-2.640620726431491,1.5432982930854362,1.538452938952761,0.7564793229103088,0.06719647300371889,0.00849967822432518,-4.160978734493256,-6.881300263275607,-8.697819005697966,1.1330918124595166,0.17583609384900833,1,0.05160874123054592,0,0.23567668367574052,"{""type"":""MultiPoint"",""coordinates"":[]}"
0000000000000000020b,269,SAWAH BESAR,GUNUNG SAHARI UTARA,3171021004,3.171021004E12,Tidak Diketahui,Gunung Sahari Utara 04,Tidak diangkat,-,-,1123,"1. Curah hujan tinggi;
2. Dataran rendah",004,0,2020,1577865600000,-,0,0,-1.0255216532700113,-9.485764265049786,-17.393014208819675,3.2612543544213546,5.385751124460513,-4.372000572216044,-12.380219901229719,3.0078840137637384,JAKARTA PUSAT,1,0.9653630095045396,0,0.18146272071217381,880.0578471922215,591.8969259408107,293.3526157307405,-157.27913331357217,-502.0824936512897,-868.3495747682632,144.05740249612447,121.98215418037249,14,6.470275019301935,1,8.066280217850721,0.6331612818583584,-4.794375258787101,2.382030628834015,2.40618794864717,1.0,1.8000001907348633,0.7502782773465028,0.0,0.019559383392333984,-1.0332285429335089,-1.786374568939209,0.6190402154974629,0.6199504626349452,131068.810605,131592.34959196192,9.29229736328125,2.7439205288150714,0.0,5.5300164222717285,-0.9990137970814743,-3.772139310836792,1.51865075228831,1.5256593459211303,18.899962411547513,12.967397836021128,11.312221506225,5.473407565030888,-0.4581163761243891,-2.1140224512987302,1.2682797761216695,1.2704080675847895,1.750883936882019,0.038807797491275116,0.008499563671648502,-7.479281544685364,-9.765514220823201,-10.198179315775633,0.3168832114823281,0.14624914527015398,0,0.0,0,0.0,"{""type"":""MultiPoint"",""coordinates"":[]}"
0000000000000000020c,214,SAWAH BESAR,GUNUNG SAHARI UTARA,3171021004,3.171021004E12,Tidak Diketahui,Gunung Sahari Utara 05,Tidak aktif,-,-,1124,"1. Curah hujan tinggi;
2. Dataran rendah",005,0,2020,1577865600000,-,0,0,5.6815518454740905,-10.125854475888215,-17.62215449080893,3.618587267418247,8.52934869242953,-4.797179580833791,-11.821435539459237,3.6190367854502252,JAKARTA PUSAT,1,0.9200756680066209,0,0.261891400439462,798.0053903044136,521.188146080243,278.29872698318394,-384.12562105532584,-689.9515302930845,-960.3517146957986,138.07700800512137,126.78258317989845,19,7.8111094391538956,0,12.797974328752868,1.7444520850482919,-6.0923973628099555,3.936036685246247,3.956941492357058,1.0,3.1999998092651367,1.0580903086105387,0.0,1.3861671686172485,-0.7476845145515097,-1.8131096363067627,1.0291954138257606,1.0321623886329108,162316.531025,162924.48729642792,12.801006317138672,4.203360897221522,0.0,8.981520891189575,0.4234298733799888,-3.753810405731201,2.6015123110391474,2.6121320567277206,18.422965296627915,13.806879446535648,10.529631586330208,5.026299731441991,0.4036951740701324,-2.8545874470356303,2.3920895436049876,2.3943433854273457,1.750883936882019,0.5257078634765641,0.008499491959810257,-7.479281544685364,-9.067444839509523,-10.076199185103178,0.6997436153235328,0.7147812193641014,1,0.04604570175627162,0,0.19982631347136331,"{""type"":""MultiPoint"",""coordinates"":[]}"
00000000000000000256,-,SAWAH BESAR,MANGGA DUA SELATAN,3171021005,3.171021005E12,Tidak Diketahui,Mangga Dua Selatan 02,Tidak aktif,-,-,1251,"curah hujan tinggi, saluran air tidak berfungsi",002,0,2020,1577865600000,-,0,0,-6.765844722705701,-11.673341637010857,-13.96727099696707,1.546137663336457,0.5279878881258198,-4.185703729589369,-7.822907820835108,1.8202646666546818,JAKARTA PUSAT,1,1.0,1,0.0,131.191278030262,68.55815633847885,0.0,-731.7985753029731,-796.2413040289865,-867.9626638500154,48.24950913843193,48.12195437229576,7,5.388984353803022,2,1.8184858425924082,0.12490292961850895,-3.056725164828557,1.3523699611912783,1.3819554831542165,1.0,2.000000238418579,0.4949082596625257,0.0,0.3166799545288086,-1.2305351896916503,-1.7821143865585327,0.648561897939277,0.6368859241802657,38597.2408924,38778.38143716153,4.636961460113525,1.7873254602572315,0.0,1.4402835369110107,-1.4949694963543867,-3.2530477046966553,1.0142810976853311,1.0125772765130505,21.84993288378409,15.024916370667283,11.559774321539711,8.342802766370179,1.545142293793674,-1.9541201469751641,2.8346269812040186,2.8402416260397616,3.127855062484741,1.0898933291348991,0.008499706164002419,-6.371919393539429,-8.294187609801368,-9.547321658581495,1.38515002725941,1.390715835978453,0,0.0,0,0.0,"{""type"":""MultiPoint"",""coordinates"":[]}"
00000000000000000257,62,SAWAH BESAR,MANGGA DUA SELATAN,3171021005,3.171021005E12,Tidak Diketahui,Mangga Dua Selatan 03,Tidak diangkat,-,-,1252,curah hujan tinggi,003,0,2020,1577865600000,-,0,0,-6.945403600420972,-10.89523352931227,-14.484596739000386,1.9256518597890582,2.0719489981560075,-2.70468725213631,-7.032899634255453,2.212238454103909,JAKARTA PUSAT,1,1.0,1,0.0,293.3526157307405,134.7529996739931,0.0,-558.5127553634754,-725.118899486901,-865.007999248825,64.40356653820042,61.386248711747264,8,4.756932275023194,1,2.739752205620672,-0.6081488347343569,-4.359620345897063,1.4462076893763909,1.4406400615636954,1.0,2.200000047683716,1.0573137049551613,0.0,0.5125511884689331,-0.6671136275184194,-1.7568652629852295,1.018210484850484,1.001367447000273,33845.6409893,33967.23559663175,5.24714469909668,2.5867693343183182,0.9274099469184875,1.9702770709991455,-0.6865578375272121,-2.3967997431755066,1.0905757278728818,1.10138017950717,18.844593028746498,13.206591975126349,11.435529539757743,5.392857961405655,-0.26698159109593533,-2.033977025075295,2.2663756300339912,2.2588963474644563,2.5243723392486572,0.42037873351139105,0.008499706164002419,-6.855367422103882,-9.062510849680276,-9.688612535595894,0.9958002719330284,0.9768988118008526,0,0.0,0,0.0,"{""type"":""MultiPoint"",""coordinates"":[]}"
00000000000000000259,-,SAWAH BESAR,MANGGA DUA SELATAN,3171021005,3.171021005E12,Tidak Diketahui,Mangga Dua Selatan 05,sudah cukup baik,-,-,1254,curah hujan intensitas lebat dan ekstrim,005,0,2020,1577865600000,tidak ada genangan,0,0,-4.201049454294923,-11.560030121624544,-14.18870277949015,1.9948621783310785,0.13220036448633163,-3.967533237137737,-7.898804308839935,2.047071582680035,JAKARTA PUSAT,1,1.0,1,0.0,262.382556060524,144.88795714596435,92.76624232772798,-592.1787677667971,-715.9851230628765,-769.8124729366903,51.20401410341644,49.37987988365038,8,6.062954602457988,2,2.9270630951962744,0.9290716614478451,-3.056725164828557,1.423705091510671,1.4670868242881878,1.0,2.200000047683716,1.2332582364322726,0.0,0.506840705871582,-0.45018282333112825,-1.6794469356536865,0.9580906415588648,0.9656604805850623,13891.0648444,13947.356346511684,5.654966354370117,2.100794313304969,0.0,2.482064723968506,-1.097416558659163,-3.2401328086853027,1.4158321754525307,1.402969073928421,19.07935725251942,14.851083483852618,11.559774321539711,5.561796938636718,1.3390842882151304,-1.9541201469751641,2.4625903974240995,2.469437105688435,3.2468514442443848,0.9474025373149719,0.008499732241034508,-6.388068437576294,-8.640146313007417,-9.701430659741163,1.4114553184962992,1.454483128502669,0,0.0,0,0.0,"{""type"":""MultiPoint"",""coordinates"":[]}"
0000000000000000025b,70,SAWAH BESAR,MANGGA DUA SELATAN,3171021005,3.17102100501E12,Tidak Diketahui,Mangga Dua Selatan 08,Tidak diangkat,-,-,1256,curah hujan sangat tinggi,008,0,2020,1577865600000,-,0,0,4.874911432729144,-8.825014542030297,-14.758924484171445,3.4946983192882195,8.795608593956706,-2.8425280745824097,-8.900528638658217,3.5135607384642307,JAKARTA PUSAT,1,0.9983868927125507,0,0.10814004072483467,463.8312116386399,145.57774412532277,0.0,-425.1064179223018,-727.7853750391898,-869.4940031278107,108.90363863610719,114.96112840202947,11,5.342263410931174,1,5.81877249418333,0.10985521777218371,-4.07398796063709,1.9649159438578425,1.9930378453371944,1.0,1.8999998569488525,0.3611273302768285,0.0,0.1956465244293213,-1.396074414988489,-1.7937349081039429,0.522831425964235,0.5192637488762962,110353.156345,110787.6298542598,7.4362993240356445,2.2974207778894886,0.0,4.105438709259033,-1.048613335096432,-3.4200830459594727,1.4987367826577398,1.49906447575448,21.84993288378409,14.663762362314417,11.08400808557436,8.342802766370179,1.207977149804107,-2.3757427305964143,2.5549382484119487,2.565269910287697,3.127855062484741,0.6719488132153405,0.008499713614583015,-6.1909778118133545,-8.543659871274016,-9.430204758420587,1.1342259971174462,1.171010730508908,1,9.48886639676113E-5,0,0.07669515619417586,"{""type"":""MultiPoint"",""coordinates"":[]}"
0000000000000000025d,3,SAWAH BESAR,MANGGA DUA SELATAN,3171021005,3.17102100501E12,Tidak Diketahui,Mangga Dua Selatan 09,Tidak diangkat,-,-,1258,curah hujan intensitas lebat dan ekstrim,009,0,2020,1577865600000,-,0,0,-1.8948662669305127,-9.991977868877582,-13.978457755892396,2.5952359027563876,5.661519588069293,-3.2632470561611835,-8.153030545772019,2.4224231131665186,JAKARTA PUSAT,1,0.9732580961727184,0,0.3027019790651292,499.5615034733919,400.4500479457589,293.3526157307405,-397.2574825888246,-491.11284754041196,-594.1309446198525,60.95534241767748,64.40743862875081,9,6.66658488714426,3,3.644074274608135,1.3357338111902706,-2.3810236646854603,1.578395409522714,1.5978431943725224,1.0,1.5,0.4824092955537821,0.0,-0.287941575050354,-1.3184065733386443,-1.810786485671997,0.43903886137805276,0.43518710387711534,28401.5572991,28544.470334115813,4.719645023345947,2.581454419199162,0.0,1.2426927089691162,-0.8922691853009568,-3.483503818511963,1.1025916191356144,1.1090000358637142,15.955543028490945,12.96981830855487,11.559766777316788,2.533916900206801,-0.4486551472409536,-1.8648184258770844,1.0123120891211315,1.0019855626471594,0.11049593240022659,0.03000751370838291,0.008499706164002419,-8.996845833957195,-9.276368926542926,-9.430204758420587,0.13688612013044898,0.037031802050346244,1,0.026741903827281654,0,0.3027019790651291,"{""type"":""MultiPoint"",""coordinates"":[]}"
000000000000000002b5,120,SAWAH BESAR,MANGGA DUA SELATAN,3171021005,3.17102100501E12,Tidak Diketahui,Mangga Dua Selatan 07,-,-,-,1424,-,007,0,2012,1325404800000,-,0,0,-1.9407809908754377,-11.424606385448044,-18.120439623270073,3.018006598938499,10.68524001552208,-1.2663127889373995,-9.532222059068703,3.681172773281818,JAKARTA PUSAT,1,0.9540633543886113,0,0.2188895466135808,586.705231461481,284.28426367478045,92.76624232772798,-297.9925610123714,-588.3243523063845,-778.0671125233457,101.03619498151384,104.3439120214743,14,5.450056566418403,-1,9.227696913714272,0.5733909432239062,-5.914482275380387,2.983564338526792,2.932868395817696,1.0,6.0,1.6106462841592724,0.0,4.362946271896362,-0.07381233947490834,-1.7887595891952515,1.291030297564518,1.2827847059987016,147961.899949,148612.8577364378,6.756767272949219,3.0039308106496354,0.0,3.6006829738616943,-0.1312283175449811,-3.2227728366851807,1.5058261586793744,1.5141372735256962,19.116695506811126,13.261079390974144,11.180829035395373,5.591061018772036,-0.2262799792883539,-2.2886406878138494,1.771777948778966,1.7784837329620966,3.2468514442443848,0.18757908669159196,0.008499746210873127,-6.1041038036346436,-8.521743149080804,-9.784543376415968,0.6937833984701789,0.8185670375524992,1,0.032549259922692565,0,0.18801744524696512,"{""type"":""MultiPoint"",""coordinates"":[]}"
00000000000000000292,750,KEMAYORAN,KEMAYORAN,3171031001,3.17103100101E12,Tidak Diketahui,Kemayoran 07,-,-,-,1338,Terendam bankir dan saluran kurang lancar,007,0,2020,1577865600000,-,0,0,-3.287228551465791,-10.558912498257342,-14.793598926544824,2.191269490486172,1.7819638578508492,-5.722132712678174,-9.996035393684725,1.736373915652379,JAKARTA PUSAT,1,0.9923537803138373,0,0.14430489325798446,1244.5897431721087,1054.8644467474155,798.0053903044136,-508.05843105218605,-627.5138664765968,-785.9450071430206,67.38256465254615,116.78952040448029,11,6.984422253922973,4,4.733445870620005,0.570153947211424,-2.5645125330492062,1.2394661504088371,1.2274217107962508,1.0,3.9000000953674316,2.867138443346882,0.3000001907348633,2.218798041343689,1.1910751827365158,-1.3739464282989502,1.121479449598039,1.1219571717935903,61123.3915948,61370.22382850704,5.247225761413574,1.9782583303492354,0.0,1.7261323928833008,-1.5629522360340509,-3.566370725631714,1.1978980622088566,1.19523062690847,17.054122518352518,13.111603982302166,11.435484090970238,3.650375095940536,-0.28886543822584093,-1.968337910984994,1.0517507453521244,1.0521008431388554,0.05099664628505707,0.015395971109370542,0.008499406278133392,-6.273179711773992,-6.749364609075936,-7.2110874289646745,0.2570261446047157,0.00978579234602898,1,0.007646219686162628,0,0.14430489325798443,"{""type"":""MultiPoint"",""coordinates"":[]}"
00000000000000000293,450,KEMAYORAN,KEMAYORAN,3171031001,3.171031001E12,Tidak Diketahui,Kemayoran 01,-,-,-,1339,"Lokasi rendah dan cekung, luapan anak kali ciliwung",001,0,2020,1577865600000,-,0,0,-2.981403125583622,-9.61046749065134,-14.492304091673681,2.423570119766341,3.705589358679733,-4.470135945143685,-8.847690669399654,2.306877734263116,JAKARTA PUSAT,1,0.9995980101502437,0,0.09534224628819535,1487.155996831178,1148.5179520737784,840.0340520953622,-260.9635933695406,-489.76550900930926,-689.8354104745744,110.7645898752403,185.03520339760968,14,8.199738706597662,3,7.216453801313822,1.3937890974135803,-4.013122272833397,2.395897589850564,2.3693182317051984,1.0,4.400000095367432,2.177136908559415,0.5,2.645485281944275,0.4060848715209368,-1.2943276166915894,1.1873968280778402,1.1784488809567915,69440.5759472,69725.24067197843,6.757055282592773,2.5962347068455247,0.0,2.9352335929870605,-1.1953041035082765,-3.8313956260681152,1.419428385342228,1.42678198295167,17.054113752342314,12.476528711464026,11.180740211853628,3.6870499360306503,-0.9060823946938841,-2.199396931267234,0.9732382177745493,0.9732138048428637,0.042496804147958755,0.009782356601750367,0.008499367162585258,-8.487077590078115,-8.80920971184581,-9.084978782571852,0.15834615710916503,0.0069165782227759345,1,4.019898497562937E-4,0,0.09534224628819508,"{""type"":""MultiPoint"",""coordinates"":[]}"
00000000000000000294,350,KEMAYORAN,KEMAYORAN,3171031001,3.171031001E12,Tidak Diketahui,Kemayoran 02,-,-,-,1341,"Lokasi rendah dan cekung, Hujan deras",002,0,2020,1577865600000,-,0,0,-0.7518737643989362,-10.465531885660292,-14.939898775441725,2.0225844642619935,1.611027502369068,-4.520640185816172,-9.827997957126483,2.2808472439371297,JAKARTA PUSAT,1,0.9885506465517241,0,0.09128386967395155,1495.8107119745314,1135.4819934014824,834.8961809495518,-283.73428795186146,-529.3106746534869,-728.0042029762716,126.96571165449646,203.1422023140006,12,7.128367456896553,3,5.4872440041995185,0.35803272640654454,-4.013122272833397,1.7803112282119251,1.7417068722653253,1.0,4.400000095367432,2.594665954788697,0.0,2.6554607152938843,0.8409561839586274,-1.7860528230667114,1.5801136314055808,1.5681483544250365,77717.3488107,78028.85615259984,6.54877233505249,2.586556952377118,0.0,2.8479630947113037,-1.1574605329486745,-3.8173556327819824,1.408367084072763,1.4074387940310686,17.564939434548627,12.870968177140686,11.26328214025846,4.200643720745234,-0.5161683353402206,-2.145300442246553,1.1354548001301343,1.1325257102313468,0.220982626080513,0.019522421897891457,0.008499367162585258,-8.088951990008354,-8.503438055064766,-8.858893108554184,0.14230892790556374,0.03790759274336256,1,0.011449353448275862,0,0.0912838696739514,"{""type"":""MultiPoint"",""coordinates"":[]}"
00000000000000000295,500,KEMAYORAN,KEMAYORAN,3171031001,3.171031001E12,Tidak Diketahui,Kemayoran 03,-,-,-,1342,"Lokasi rendah dan cekung, Hujan deras",003,0,2020,1577865600000,-,0,0,-0.7518737643989362,-9.944526821632651,-13.291748557737545,1.8832372543736373,4.178976352342714,-4.03787196775842,-7.302360003080506,1.9254319809822824,JAKARTA PUSAT,1,0.9877167630057804,0,0.09758549581819431,1529.9400624354655,1340.1188001458597,1117.0534807085016,-299.14859460614275,-433.43785956261837,-586.435982071142,79.87546893181192,115.63777472198375,9,6.486030828516374,3,2.144536102170619,-0.4155947793496157,-3.914673376441998,1.3528846342782659,1.3570983664905667,1.0,4.0,0.5879769139896234,0.0,2.2714812755584717,-1.1419249032676104,-1.7860528230667114,0.47158150385390385,0.4641592432106484,72401.4609272,72714.35228122093,5.624460697174072,2.0717812805707503,0.0,1.9799473285675049,-1.611132716216677,-3.6912946701049805,1.1534043361833577,1.1582304752423072,19.762163300860692,13.972004984259085,11.365629497881345,6.37184427990975,0.5766925670178602,-2.0281483577616335,1.7267138229085792,1.7237682323356498,0.3909703195095062,0.08792539397214207,0.008499367162585258,-7.444343954324722,-8.053503772716018,-8.408767439424992,0.21310669265211188,0.12066765767557625,1,0.012283236994219647,0,0.09758549581819442,"{""type"":""MultiPoint"",""coordinates"":[]}"
00000000000000000296,200,KEMAYORAN,KEMAYORAN,3171031001,3.171031001E12,Tidak Diketahui,Kemayoran 04,-,-,-,1343,"Lokasi rendah dan cekung, Hujan deras",004,0,2020,1577865600000,-,0,0,-1.0418411631484212,-9.283372973946035,-13.722348683086448,2.1865941074852815,3.302715379243395,-4.332023601555248,-9.965276347680138,2.252850344219166,JAKARTA PUSAT,1,1.0,1,0.0,1147.455046826599,986.4579231272479,764.9700312177328,-546.1278627377812,-651.7370696632164,-803.0136807290299,61.767167403909106,104.4122269356142,11,6.55081195845527,3,4.55900245245897,-0.028586492248401922,-3.473421027491379,1.775569548600184,1.7666551932670636,1.0,4.300000190734863,3.093751136835385,0.8000001907348633,2.5902953147888184,1.3751036965197854,-0.9073095321655273,1.219476174231277,1.2235475420536244,60782.747703,61062.93583753359,6.54877233505249,2.6126098712401644,0.0,2.8479630947113037,-1.0597059052550197,-3.6994025707244873,1.345383927651311,1.341065006682994,17.0541197424576,12.976161865481723,11.486800724127074,3.649755892644917,-0.4328092153450015,-1.922191017892434,1.1545829072048466,1.1548129590433254,0.15298984944820404,0.027948565023157686,0.008499406278133392,-7.928693309426308,-8.222805011927868,-8.487103201448917,0.15825120320657898,0.04281648837756411,0,0.0,0,0.0,"{""type"":""MultiPoint"",""coordinates"":[]}"
00000000000000000297,234,KEMAYORAN,KEMAYORAN,3171031001,3.171031001E12,Tidak Diketahui,Kemayoran 05,-,-,-,1344,"Curah hujan, saluran kurang lancar",005,0,2020,1577865600000,-,0,0,-3.7362384120755694,-10.18643887668282,-13.66102789073157,1.9851910284752665,-0.36789135835232656,-5.549609222789223,-9.53904142787853,1.859459011167725,JAKARTA PUSAT,1,1.0,1,0.0,1120.898770843552,949.0033800152894,764.9700312177328,-582.6885016837318,-689.8443549359276,-803.0136807290299,52.94797094847853,88.65173806708299,12,8.246008279124778,4,5.603178647636874,1.7959770763480807,-2.320221677234902,1.6141456429031615,1.6232207717395404,1.0,4.300000190734863,3.645449811944324,1.0999999046325684,2.6002581119537354,1.9487644788650078,-0.5979617834091187,0.8962309448345647,0.8966740703797391,53081.1832962,53311.50647654142,6.22611665725708,2.3690907133221666,0.0,2.648834466934204,-1.224886388136856,-3.566370725631714,1.2808876764463482,1.288971956411821,15.955509827910623,12.582246204457176,11.541981227575075,2.546567977495476,-0.8320206057098827,-1.86524181248525,0.8279370763740735,0.8273172168168597,0.15298984944820404,0.01276786455043638,0.008499420247972012,-6.9908862970769405,-7.613124829816178,-8.109904661774635,0.3071472287864275,0.020114432282650054,0,0.0,0,0.0,"{""type"":""MultiPoint"",""coordinates"":[]}"
00000000000000000298,520,KEMAYORAN,KEMAYORAN,3171031001,3.17103100101E12,Tidak Diketahui,Kemayoran 08,-,-,-,1346,Terendam bankir dan saluran kurang lancar,008,0,2020,1577865600000,-,0,0,-1.109719579755601,-10.313074977055397,-15.21609852761523,1.9564074050546167,6.577316496735257,-4.694224761318649,-10.896879451609017,2.5492132750766165,JAKARTA PUSAT,1,1.0,1,0.0,1187.987549328488,1041.6805340911656,855.2624952764933,-469.05897836336317,-605.7642661944254,-742.978501942655,64.85815878779458,91.10955867330892,11,6.003571235322766,2,4.7635442876662095,-0.2741746697828594,-4.181514157408152,1.8968034203731312,1.920173422434084,1.0,3.5999999046325684,2.721725101872418,1.9000000953674316,1.9379971027374268,1.0792177679618584,0.2591139078140259,0.523000995570545,0.5338773143855791,64524.9913798,64778.795013101146,7.4777069091796875,2.594445905568802,0.0,3.9627981185913086,-0.9106899093971398,-3.51920485496521,1.3253912886290495,1.3266989143224122,17.341807366691512,13.044564385600536,11.078358272578635,3.934399805513939,-0.3621755534539919,-2.323179367882373,1.1440964152236377,1.1457531452585197,0.09349386394023895,0.024365127239432547,0.008499431423842907,-5.509955003857613,-6.1089255649609155,-6.560990514233708,0.227251017927001,0.022453906752533854,0,0.0,0,0.0,"{""type"":""MultiPoint"",""coordinates"":[]}"
00000000000000000299,296,KEMAYORAN,KEMAYORAN,3171031001,3.17103100101E12,Tidak Diketahui,Kemayoran 09,-,-,-,1347,"Curah hujan yang tinggi, saluran kurang lancar",009,0,2020,1577865600000,-,0,0,-0.2157332801422856,-10.91725053216968,-14.757836470775331,2.199437487300026,3.429082434705028,-4.598992139520062,-8.840811583121265,2.1555055565132277,JAKARTA PUSAT,1,1.0,1,0.0,1585.1902437742829,1410.9101011404537,1261.7573092267978,-287.75434876419195,-412.2396454466095,-521.6684399174098,64.53007406235204,93.07288462098187,13,7.314980882864094,3,6.325827308336865,0.4663047680597209,-4.01178456540913,2.324071655445312,2.266150037525947,1.0,1.9000000953674316,0.8817658067702586,0.0,0.21203935146331787,-0.8159897179084804,-1.7402364015579224,0.4760826518676789,0.46749644598286777,50171.4584062,50334.9529217441,6.684700965881348,3.146614648419865,0.0,3.1275460720062256,-0.4476477300619391,-3.645275354385376,1.5806726404940905,1.570422798909865,19.784142205885544,12.599391018211588,11.266752195759345,6.400472176598566,-0.8055400620593158,-2.1423029004039,1.7067003528125335,1.7033705347858221,0.39946967363357544,0.047992289024296746,0.008499367162585258,-7.0225539188832045,-7.471833012910119,-7.833871142938733,0.22782453421855442,0.12307709187768705,0,0.0,0,0.0,"{""type"":""MultiPoint"",""coordinates"":[]}"
00000000000000000291,720,KEMAYORAN,KEBON KOSONG,3171031002,3.171031002E12,Tidak Diketahui,Kebon Kosong 01,-,-,-,1325,Curah yang tinggi,001,0,2020,1577865600000,-,0,0,-3.90331431347301,-10.43374936618279,-13.502224469330887,1.8335427406647822,-0.8251373242783648,-5.417597651959983,-7.982842676206865,1.6791324689065645,JAKARTA PUSAT,1,0.9674512688488416,0,0.1766846959694085,1596.0107806088272,1430.1694663554679,1261.7573092267978,-255.85280595694326,-377.5965296835305,-501.3429704622097,54.33905681389113,82.62351287369934,9,5.76783744023538,3,2.4956206006896737,-0.8177049480731307,-3.6776762111076744,1.4050127197894169,1.377781927048529,1.0,1.5999999046325684,0.5135897058211252,0.0,-0.04032254219055176,-1.1372760547658627,-1.6596649885177612,0.5403818240693491,0.5403802911044405,38001.2369804,38109.75479405527,5.006972312927246,1.9487135949304495,0.0,1.4775111675262451,-1.5555257437782892,-3.5122342109680176,1.1174526799719704,1.120280224516362,18.52045568740474,14.288966013987647,11.482595399414514,5.1118900313529405,0.8771264317986338,-1.924424244008062,2.2530572051117126,2.2539318320551334,1.946332335472107,0.42963613776201337,0.008499392308294773,-4.454146504402161,-6.015113276435381,-6.62342285271734,0.7250040311589927,0.7521324393539474,0,0.0,0,0.0,"{""type"":""MultiPoint"",""coordinates"":[]}"
000000000000000002b6,665,KEMAYORAN,KEBON KOSONG,3171031002,3.17103100201E12,Tidak Diketahui,Kebon Kosong 06,"1. Air kali item masuk;
2. Pompa Kapasitas rendah",-,-,1425,"1. Sheet pile turap berongga, saluran rusak parah;
2. wilayah lebih rendah dari saluran utama;
3. Saluran rusak parah, saluran utama penuh",006,0,2020,1577865600000,-,0,0,7.002237411910325,-11.136721754532013,-17.830718040509012,3.520257300564542,13.327654757180854,-4.4583064936404755,-13.262763767838395,3.730717133883762,JAKARTA PUSAT,1,0.9192016604121682,0,0.27352183275488523,1620.0927730411177,1318.2926564311158,968.5080035813519,150.35264265513774,-193.18524286908817,-517.9812261977731,169.20701222756057,164.0828063385775,19,4.1573617895553365,-4,12.982355002065756,-1.9283056340417013,-10.160747842155072,3.427085479438014,3.4210239587277176,1.0,4.599999904632568,1.1812786224885627,0.0,2.8747936487197876,-0.5415773329143693,-1.8019620180130005,1.0729575806545144,1.067125878889039,166358.421122,167168.07927301055,17.7784423828125,4.031989614879412,0.0,14.397518396377563,0.6652348678480263,-3.367351770401001,2.9538007431283604,2.9642609320553306,22.741064530261717,13.192565544735285,10.305211743816912,9.317149754033363,-0.20400072761799026,-3.089731593695465,2.5570048420891163,2.5590657790908016,7.8702287673950195,0.9582678785069598,0.008499491959810257,5.6132972240448,-2.6838100430894776,-4.9556275717914104,3.1547389830102297,2.675286638500285,1,0.07048365793832158,0,0.24358857617547097,"{""type"":""MultiPoint"",""coordinates"":[]}"
00000000000000000239,700,KEMAYORAN,HARAPAN MULIA,3171031003,3.17103100301E12,Tidak Diketahui,Harapan Mulia 07,-,-,-,1208,"1. Saluran kecil;
2. Kurang dalam; dan
3. Banyak lumpur mengendap",007,0,2020,1577865600000,-,0,0,-10.830919367530168,-13.550613978050379,-16.431947220992523,1.0676590355305953,1.7638129296498863,-2.8362283501413,-6.725839321111494,1.972175869884176,JAKARTA PUSAT,1,1.0,1,0.0,2506.4058475021416,2331.1924246164413,2189.361932982521,606.5712023881526,464.5345519805734,342.67796973117925,63.251905066683044,72.28096261548387,9,5.99934719761261,3,2.4035417396520087,-0.6327071000910454,-3.5321527534524053,1.3899629900837378,1.3960176462355243,1.0,2.1999998092651367,1.6420593718411618,1.200000286102295,0.5979677438735962,0.03775622443811312,-0.4088764190673828,0.2512437814495988,0.24663195024225373,37484.3972885,37594.52941142127,4.64456033706665,2.3975225688805724,0.0,1.3925070762634277,-0.8720876735325991,-3.288658857345581,1.2305386111463816,1.228902885411667,18.89993417586519,13.847657986534227,11.558080080589091,5.428775960949059,0.3807924875652102,-1.9258821094740828,1.519395578763661,1.5229141416150007,0.2974761724472046,0.06300580163273423,0.008499338291585445,-2.808070666156709,-3.92390463527731,-5.250971332192421,0.6413416283284853,0.07763941992648968,0,0.0,0,0.0,"{""type"":""MultiPoint"",""coordinates"":[]}"
0000000000000000023a,250,KEMAYORAN,HARAPAN MULIA,3171031003,3.17103100301E12,Tidak Diketahui,Harapan Mulia 08,-,-,-,1209,Kebanjiran,008,0,2020,1577865600000,-,0,0,-2.0415387858783705,-11.71866193247311,-15.559651695843089,2.387154375518641,5.626568227250081,-3.88267416640053,-7.41123829561798,2.101782076113547,JAKARTA PUSAT,1,1.0,1,0.0,2623.82556060524,2415.147388084951,2165.6497327605125,624.2674500370033,445.12704376528046,212.03681218847169,94.91456081397985,103.08689324821019,11,6.864376341987114,3,4.068000127395888,-0.13121753204312536,-4.114915437785567,1.473379787517705,1.4881381491261128,1.0,3.500000476837158,2.450283246372631,1.3000001907348633,1.8969905376434326,0.8502984200886579,-0.3046531677246094,0.454215194722638,0.4562949246807302,89395.8080636,89708.70185707884,6.50221586227417,2.3942899969832716,0.0,3.202127456665039,-0.8780644473283986,-3.320780038833618,1.2903314623288344,1.2960393847534406,18.845866549611102,13.701671312852968,11.312182252190219,5.341454616008527,0.19499864090598312,-2.1909413506776936,1.6629551461407999,1.6638299459550214,0.15298746526241302,0.05038829049029703,0.008499305695295334,-4.030055873095989,-5.633301225332597,-6.243544723838568,0.4550229187820839,0.04847960681092309,0,0.0,0,0.0,"{""type"":""MultiPoint"",""coordinates"":[]}"
0000000000000000023b,149,KEMAYORAN,HARAPAN MULIA,3171031003,3.17103100301E12,Tidak Diketahui,Harapan Mulia 09,,-,-,1210,"1. Drainase kurang lancar;
2. Ada penyumbatan di daerah kelurahan cempaka baru yang menyebabkan dampak di wilayah RW 09",009,0,2020,1577865600000,-,0,0,-2.5900539982311006,-12.223357384543183,-15.101626691276971,2.0414797863766903,1.8703679293936215,-3.694607065704096,-7.171884121828017,1.8493857724593032,JAKARTA PUSAT,1,1.0,1,0.0,2365.0843991588094,2141.8998928147134,1972.237364886451,474.35202243800313,267.12890529295936,93.0796814386224,96.07109294692876,98.7999346662033,10,7.3606620035928625,3,3.4769563971033817,0.6980230786482572,-3.785903111767002,1.6420763144782622,1.6680250874335467,1.0,2.6999998092651367,2.0885640598786006,1.0,1.1020795106887817,0.4891897127933877,-0.6050450801849365,0.37794585575984985,0.3749279675419671,91394.9558609,91774.2729431239,6.226160526275635,2.2131961878343978,0.0,2.950312852859497,-1.1049184602220834,-3.34360671043396,1.4005680903143722,1.401683723279732,15.95550226722834,12.989275989361495,11.373678702567965,2.481338619970936,-0.4922523019587192,-2.1198124495501993,1.0872346522265817,1.0891506871421603,0.15298746526241302,0.02302649560129684,0.008499338291585445,-3.2096834406256676,-5.238156600024954,-6.167390502989292,0.7976884134234055,0.039331903703664454,0,0.0,0,0.0,"{""type"":""MultiPoint"",""coordinates"":[]}"
00000000000000000245,1058,KEMAYORAN,SERDANG,3171031004,3.171031004E12,Tidak Diketahui,Serdang 01,-,-,-,1221,"1. Curah hujan sangat tinggi;
2. Kali hitam tidak mampu menampung debit air; dan
3. berkurangnya tanah resapan",001,0,2020,1577865600000,-,0,0,0.07806947090141843,-11.357090301097053,-15.741304485337356,2.2385155921270847,0.4494024295253344,-4.8054957505957505,-10.291160277114072,1.8863578351588712,JAKARTA PUSAT,1,1.0,1,0.0,2092.901822648123,1928.9267216665091,1672.3672167237055,717.8961133987382,515.1746979344732,275.43455284431593,99.62005827557019,91.36924755954244,11,5.349657415301065,2,5.2187151638649345,-0.40825615714922,-3.785552759822126,1.4506141155417516,1.4559219198970221,1.0,4.900000095367432,2.972167070421376,0.0,3.1634806394577026,1.158492649675398,-1.8832118511199951,1.5602997796548106,1.5498172685992453,110460.91677,110913.49217934825,6.724159240722656,2.229089806201517,0.0,3.404430389404297,-1.0867402835951612,-3.3287737369537354,1.1948605285809946,1.1959306303055859,22.18885613785648,13.864503756634646,11.406544238178222,8.763440081144184,0.4398629056756811,-2.021126353793754,2.3404805859891447,2.3410633727442454,99.41658020019531,3.0581654142362535,0.008499491959810257,96.976731300354,0.684690254959111,-2.4249182334169745,17.56003294040392,17.57414621072417,0,0.0,0,0.0,"{""type"":""MultiPoint"",""coordinates"":[]}"
00000000000000000246,1256,KEMAYORAN,SERDANG,3171031004,3.171031004E12,Tidak Diketahui,Serdang 02,-,-,-,1222,"1. Selokan / got;
2. Kali sentiong tidak dapat menampung air",002,0,2020,1577865600000,-,0,0,-5.0848292460135465,-11.859452986249666,-14.978682732777497,1.948389084976794,3.259430164103813,-4.918255195325081,-9.591274859746456,2.1519604853158945,JAKARTA PUSAT,1,1.0,1,0.0,1937.0160071627038,1722.6881527601706,1498.6845104201757,454.1927480258721,201.36467281124223,-101.20448453560425,124.12187591531205,99.96421619358401,10,5.502826589434409,1,3.989553142015538,-0.5073704306155282,-4.99777048763063,1.8734697077492555,1.881398347021926,1.0,2.3000001907348633,1.2250162075660684,0.0,0.6019397974014282,-0.5147085692995478,-1.8353474140167236,0.6323540287765285,0.6162663887225855,125339.098957,125787.72223122984,8.735748291015625,2.793355386374824,0.0,5.366429090499878,-0.5408531901694247,-3.344622850418091,1.485750579299882,1.486952428586187,19.65800827556572,13.609745848124824,11.26329307481124,6.255721363776544,0.19936287607830797,-2.148828439252476,2.1466492766942418,2.144681624255255,7.912726402282715,0.7601124716900028,0.008499459363520145,5.607826471328735,-1.6643912602613502,-3.757487445138395,2.5951195600487034,2.6087394100746737,0,0.0,0,0.0,"{""type"":""MultiPoint"",""coordinates"":[]}"
00000000000000000247,1446,KEMAYORAN,SERDANG,3171031004,3.171031004E12,Tidak Diketahui,Serdang 03,-,-,-,1223,Saluran air (got) tertutup / sempit,003,0,2020,1577865600000,-,0,0,-5.658602844557047,-12.020638545249383,-15.478970831330045,1.6314662347205233,4.348272224254311,-4.163450885014753,-8.115598853219796,2.1156163438525337,JAKARTA PUSAT,1,1.0,1,0.0,2230.251726514454,2005.4940007737919,1705.4866143934057,713.9249125627246,436.2226130569763,85.69267447258949,137.88486849617425,116.2542584960697,9,6.382479338842975,4,3.0159250883798787,0.3791445683787073,-2.2008153645297632,1.1618650988423957,1.1192539690197165,1.0,5.0,1.949319485249508,0.40000009536743164,3.306478261947632,0.26390288112577337,-1.2464566230773926,1.2440529426015268,1.2585321539781817,116118.92681,116550.77249681421,4.145447731018066,1.4649586556962697,0.0,0.8595108985900879,-1.8489684729859133,-3.344622850418091,0.8557045978053726,0.8507046248415346,18.034954656825793,13.25464285809398,11.672228696628803,4.610828173696353,-0.1756199576662149,-1.7709984121771463,1.1241084307276188,1.1222105788397918,0.0849946066737175,0.013792516487649875,0.008499441668391228,-2.1530065163969994,-2.2888176101825395,-2.903586789034307,0.12105611662291393,0.015543884715181332,0,0.0,0,0.0,"{""type"":""MultiPoint"",""coordinates"":[]}"
00000000000000000248,1757,KEMAYORAN,SERDANG,3171031004,3.171031004E12,Tidak Diketahui,Serdang 04,"Mengapa pompa air kali sunter/ serdang tidak berfungsi (mati) dan baru dihidupkan pada pukul± 18.00 WIB, sehingga air tidak kunjung surut",-,-,1224,Pompa air dipintu air kali sunter / Serdang tidak berfungsi dengan baik (petugasnya tidak cekatan dalam berkoordinasi dengan pihak terkait,004,0,2020,1577865600000,-,0,0,-1.2965734100691426,-11.49228078423502,-18.997905911563734,2.3125195178086195,1.5745870021952915,-4.742769584737495,-13.455374561653372,2.2460917702074825,JAKARTA PUSAT,1,1.0,1,0.0,2533.7244293416434,2316.7002486418105,2084.662019700414,911.4736817007126,754.3069370619181,479.99406288945215,98.8216113649881,101.30170414108403,10,4.707883002040662,2,4.1155524413117766,-1.2123098913579609,-3.974902060710769,1.2348843239255212,1.2370773186284902,1.0,1.4000000953674316,0.28417362999946705,0.0,-0.27097487449645996,-1.3784732175660812,-1.6999682188034058,0.3652793823474862,0.37011104125186756,138385.072279,138993.36435678418,4.744836807250977,1.6386087732265444,0.0,1.4605026245117188,-1.6227467984784751,-3.2784390449523926,0.9789082322085334,0.9824873741208762,20.966138505134627,14.462230353725177,11.536639851346873,7.5037988792442345,1.012923289054185,-1.90729765361165,1.9981904014813865,2.0012930978013443,1.2749062776565552,0.2185587230553848,0.008499420247972012,-1.0544759035110474,-2.0538016130485235,-2.338979153893888,0.41446583999077447,0.41304312365361934,0,0.0,0,0.0,"{""type"":""MultiPoint"",""coordinates"":[]}"
00000000000000000249,850,KEMAYORAN,SERDANG,3171031004,3.171031004E12,Tidak Diketahui,Serdang 05,Banjir besar,-,-,1225,-,005,0,2020,1577865600000,-,0,0,-2.50118563745159,-11.52557341196491,-15.047244429421664,1.8521692420290632,7.99387576706473,-4.598164983165833,-8.842785369889976,2.3849601055040233,JAKARTA PUSAT,1,0.9856765713643768,0,0.109977090492306,2296.7842549240313,2036.3536736710532,1772.2965711743798,820.2730833963085,624.9448159142366,404.6639394657848,103.75798904604974,143.78094811486565,10,4.420266247261697,0,4.31209988215028,-1.2175748739931729,-5.503806096127836,1.6873774084966862,1.7181394972309507,1.0,4.400000095367432,1.7893950473269213,0.0,2.66426420211792,-0.00424291415988506,-1.889218807220459,1.763995857071016,1.7770410563549668,186294.791843,187083.55991008616,5.938532829284668,2.1421704938117574,0.0,2.667769193649292,-1.1225902047339238,-3.2872703075408936,1.1386360339590105,1.1350063216324942,25.319587942351436,14.664725773610442,11.310936631902111,11.895091512602828,1.2196373795661624,-2.1395776044868313,3.4112042854936235,3.4086054030867827,99.18708801269531,15.348412396569167,0.00849947426468134,96.73651957511902,12.953805992273498,-2.4402728844434023,36.070335404871464,36.09118705651265,1,0.014323428635623206,0,0.10997709049230595,"{""type"":""MultiPoint"",""coordinates"":[]}"
0000000000000000024a,2000,KEMAYORAN,SERDANG,3171031004,3.17103100401E12,Tidak Diketahui,Serdang 06,-,-,-,1226,"1. Curah hujan tinggi, saluran air tidak berfungsi dengan baik
2. Stasiun pompa air tidak bekerja dengan maksimal",006,0,2020,1577865600000,-,0,0,-5.72251294084715,-11.788710011046506,-16.150897819566598,1.6936179060329555,1.311464962951197,-5.253925041144538,-9.990783363171637,1.9131790726463558,JAKARTA PUSAT,1,1.0,1,0.0,2205.0284078255804,2073.6562294372056,1878.3732438998293,770.4494259845212,684.8385167416293,501.49676911239044,58.146853481547055,74.92292346528204,9,5.138324275077755,1,3.1868649870964454,-0.514153797406493,-4.497531611304471,1.6182240810466,1.6862181536168832,1.0,4.900000095367432,3.250350364337395,0.0,3.1736663579940796,1.423709799917482,-1.8960570096969604,1.63780847226616,1.6082469202181449,111046.38202,111517.41093455319,6.226082801818848,2.208074514829398,0.0,2.9137496948242188,-1.093666502639278,-3.30938458442688,1.0267222084976153,1.0279709416680471,22.538157673941267,14.494233348721922,11.55974038491282,9.114516661315534,1.0649477866201877,-1.8694937986233384,3.560851009359609,3.558987794362366,99.41658020019531,15.845646305532977,0.008499491959810257,96.97234058380127,13.444999607414246,-2.441554139368236,38.62098297253895,38.64874272603028,0,0.0,0,0.0,"{""type"":""MultiPoint"",""coordinates"":[]}"
0000000000000000024b,444,KEMAYORAN,SERDANG,3171031004,3.17103100401E12,Tidak Diketahui,Serdang 07,-,-,-,1227,"1. Curah hujan sangat tinggi secara berkala;
2. Kondisi rumah lebih rendah daripada jalan",007,0,2020,1577865600000,-,0,0,-8.64319246381027,-13.50045996448198,-16.244521034486755,1.4415686369425875,-1.6499100239966185,-6.998243041471431,-10.401425545963784,1.8045163385133,JAKARTA PUSAT,1,0.9974483596597814,0,0.1428261375083549,2042.9645670126718,1984.114719562867,1855.3248465545596,766.6941408933212,674.1411309672575,514.2288127376414,64.09742050485511,55.86950180360598,7,2.9823815309842043,0,1.3906424180612138,-2.546698613081775,-5.487371404915376,1.6518466999589725,1.6873713942763824,1.0,3.8000001907348633,1.6701579194746796,0.0,1.927445411682129,-0.21887219831401789,-1.901079773902893,1.6117234521814665,1.6101875336352638,28707.2365165,28832.711916902917,5.415041923522949,2.4302714269476993,0.0,2.122979164123535,-0.8650842719205529,-3.299884080886841,1.314274840485166,1.3136921524997538,22.53832866900401,17.351473588135505,11.536664633699676,9.113154122307927,3.9238871725497115,-1.8928938438136722,4.12964762126557,4.1301177745614535,99.55257415771484,47.33711095748136,0.008499563671648502,97.09489274024963,44.87111438954202,-2.501716896891594,49.529349178803514,49.53381346607156,1,0.002551640340218712,0,0.1428261375083551,"{""type"":""MultiPoint"",""coordinates"":[]}"
0000000000000000026c,500,KEMAYORAN,GUNUNG SAHARI SELATAN,3171031005,3.171031005E12,Tidak Diketahui,Gunung Sahari Selatan 01,-,-,-,1282,Meluapnya kali ciliwung,001,0,2020,1577865600000,-,0,0,12.370066093474389,-9.524429118129213,-17.62215449080893,4.059906398470374,23.639632275738045,-3.7605772155172827,-10.886063215379512,4.681077267288783,JAKARTA PUSAT,1,0.9612853271389856,0,0.2043556149658968,1037.1581193100906,783.85171756344,499.5615034733919,-396.38913069968476,-620.2079521596175,-866.645250159002,105.15072121623103,130.41361905118268,14,7.83183568677792,1,7.692199891704706,1.4417231756425202,-5.273147115971165,2.741735346380878,2.733756989964824,1.0,3.9000000953674316,1.6552804536238628,0.0,2.138010025024414,-0.12652431953982513,-1.79984712600708,0.9426757217247346,0.936847057221012,171092.396086,171897.2146690305,12.801006317138672,3.3325251394972635,0.0,8.981520891189575,-0.45764855668745746,-3.8128087520599365,1.9878499773917029,2.004391077282486,18.025267677009747,12.945955528419002,10.529631586330208,4.645612933721781,-0.44914255073787857,-2.8545874470356303,1.8042425271943265,1.8009580394439615,1.5298954248428345,0.17993514653773718,0.008499431423842907,-8.222703337669373,-9.230357075088293,-9.695401798933744,0.3816796446441421,0.4598979041071179,1,0.020783666483281373,0,0.13100436681222707,"{""type"":""MultiPoint"",""coordinates"":[]}"
0000000000000000026d,405,KEMAYORAN,GUNUNG SAHARI SELATAN,3171031005,3.171031005E12,Tidak Diketahui,Gunung Sahari Selatan 02,-,-,-,1283,Saluran air tidak lancar,002,0,2020,1577865600000,-,0,0,-1.8908524861373839,-10.641739852997363,-16.498401107890317,2.6769480138027832,8.3128690271947,-4.830529803088817,-11.721171563288632,3.2935211950442445,JAKARTA PUSAT,1,0.9994110087813236,0,0.10205641805086993,668.9468866894822,471.62583487511296,278.29872698318394,-665.7324482230676,-876.7169718145304,-1061.2987143146906,90.8868931532574,86.7709371353621,11,6.1226708074534155,1,4.842723827112627,-0.0777427120801283,-5.129534668922021,2.1119309450152577,2.1025245345257093,1.0,3.1999998092651367,0.6684299701795661,0.0,1.3879094123840332,-1.1222507675663262,-1.805331826210022,0.7051641793788048,0.7066474202975425,65138.0840171,65428.74614074402,9.949081420898438,2.932580145817545,0.0,6.3104493618011475,-0.7702677247291407,-3.6961796283721924,1.8063389583408451,1.8055675336268333,16.64866413080014,13.432817205978665,11.185677842820445,3.238159235134413,0.03211007807598172,-2.1940288964378816,1.1930916297459808,1.1971000246073746,0.18698875606060028,0.05243094478768546,0.008499491959810257,-8.093003862537444,-8.874496899376494,-9.432223927229643,0.34994716887335586,0.05509486775268146,1,5.889912186763761E-4,0,0.10205641805087008,"{""type"":""MultiPoint"",""coordinates"":[]}"
0000000000000000026e,250,KEMAYORAN,GUNUNG SAHARI SELATAN,3171031005,3.171031005E12,Tidak Diketahui,Gunung Sahari Selatan 03,-,-,-,1284,Banjir karena hujan,003,0,2020,1577865600000,-,0,0,-0.5647507282236457,-9.304683045104762,-16.206689320734377,3.206807160922601,6.5123812044607625,-4.339404581143632,-10.146614913090374,3.0019029072994945,JAKARTA PUSAT,1,0.9588753897430384,0,0.17399263633843817,524.765112121048,393.56238486378953,262.382556060524,-897.6177524997787,-995.263183880837,-1090.7535329498178,46.79713566194006,71.15571944673496,19,7.049564562950222,1,12.904513170043511,0.9304353649277218,-5.087683536648189,2.613037648675008,2.6244832494014676,1.0,4.700000286102295,2.0435597541806207,0.0,3.007854461669922,0.31409186204906786,-1.7712870836257935,1.6808076744781493,1.6654003710545333,64946.3144123,65159.72282271573,19.806137084960938,3.6921790046578336,0.0,16.1753146648407,0.11463290500058987,-3.5261073112487793,2.755072135515942,2.7686215825538913,15.955519032142334,12.524398751193694,10.86868212189328,2.540378073791855,-0.8852599183730557,-2.5329253066020705,1.0687210168535246,1.066972130397905,0.23798587918281555,0.037727772350643424,0.008499491959810257,-6.333832838572562,-7.48005122421138,-8.360499035567045,0.5425568002300355,0.07357192352447404,1,0.04112461025696162,0,0.17399263633843817,"{""type"":""MultiPoint"",""coordinates"":[]}"
0000000000000000026f,280,KEMAYORAN,GUNUNG SAHARI SELATAN,3171031005,3.171031005E12,Tidak Diketahui,Gunung Sahari Selatan 05,-,-,-,1286,Tingginya curah hujan,005,0,2020,1577865600000,-,0,0,-0.9663640494473863,-9.440663749507504,-13.009888609541958,2.1781669883502746,0.5981383836644649,-4.582692025589414,-8.549166144856828,1.7407089396312574,JAKARTA PUSAT,1,1.0,1,0.0,855.2624952764933,591.6621748507895,414.86324772403617,-711.0740403945598,-886.1076605695051,-1009.0238284932182,60.796454110384595,97.09195367819451,11,7.018251414623319,4,4.905850877467815,0.782821968486787,-2.2655030735466832,1.3831694778535721,1.3595524330013136,1.0,4.599999904632568,3.2038001508383687,0.8999996185302734,2.927496075630188,1.4881519059434942,-0.8100969791412354,0.7456778585917029,0.746636260917468,62913.4651989,63144.74819752684,5.006920337677002,1.957411392420467,0.0,1.5020129680633545,-1.6265032112062752,-3.5718159675598145,1.135114160877873,1.138497496942202,16.055832296935733,13.134053125055338,11.482617557557802,2.6274636624982115,-0.29193498843057797,-1.9443112329358545,1.2170601311134084,1.2187233167655083,0.1614893227815628,0.026057584752271545,0.00849947426468134,-6.231321447528899,-7.639449389432767,-8.48730785958469,0.5804827601945172,0.04742436509049306,0,0.0,0,0.0,"{""type"":""MultiPoint"",""coordinates"":[]}"
00000000000000000270,158,KEMAYORAN,GUNUNG SAHARI SELATAN,3171031005,3.17103100501E12,Tidak Diketahui,Gunung Sahari Selatan 07,-,-,-,1288,Curah hujan yang tinggi,007,0,2020,1577865600000,-,0,0,7.278488403409714,-9.585204007763203,-18.6401066041471,3.8364581967212197,14.09470744299755,-3.3904212024691294,-13.220187864593246,3.7036371374320716,JAKARTA PUSAT,1,0.9588357668451669,0,0.255077649667683,1601.393631575576,1273.1205990732578,946.0337596635238,-72.63203881307118,-350.8092017068956,-602.4543317935634,119.063389035214,184.80130453734074,15,6.71531764071349,-1,7.824123323879605,-0.21383369696885546,-7.773226741413201,2.642548868995878,2.710431901246931,1.0,2.8000001907348633,1.6247506428422553,0.0,1.0269867181777954,-0.16652688648473202,-1.7953945398330688,0.5459601998767601,0.5440288680753583,181066.959235,181802.42446133564,10.096575736999512,3.512547051983051,0.0,6.213766098022461,-0.34241858316702317,-3.8638622760772705,1.9299944355371468,1.9333232118795673,17.152856444786593,12.795999157944648,10.77334757943893,3.7839537909500063,-0.5746538206557154,-2.5809983372572187,1.5013260168253375,1.4971307565033278,1.0199264287948608,0.05174950823361771,0.008499338291585445,-8.569937944412231,-9.115638976007128,-9.652211857028306,0.1787251446180516,0.15422703935853693,1,0.03625226335863159,0,0.24800854606287018,"{""type"":""MultiPoint"",""coordinates"":[]}"
00000000000000000271,350,KEMAYORAN,GUNUNG SAHARI SELATAN,3171031005,3.17103100501E12,Tidak Diketahui,Gunung Sahari Selatan 08,Sekarang kami memohon perbaikan saluran Got air kotor / Normalisasi saluran,-,-,1289,Hujan deras dan kiriman dari Bogor,008,0,2020,1577865600000,-,0,0,-3.7392256040577756,-10.15145679176775,-15.205620021068775,2.175979026296014,6.509718776688711,-3.804760125076178,-9.470483934064237,2.765395659573711,JAKARTA PUSAT,1,0.8886393910561368,0,0.32273860680187716,1864.5783944648524,1713.977695973859,1487.155996831178,99.66522825333459,-61.510857198271005,-256.6877444488871,85.73070918163717,103.46102004790643,13,5.98241674595623,2,5.826830588904921,-1.4070369289666462,-5.516100264361478,2.441376742661907,2.435401376028133,1.0,2.8000001907348633,1.1911475011533377,0.0,0.9750773906707764,-0.627261157235455,-1.8141447305679321,0.7682849703748075,0.7737501678014392,91692.2879444,92050.09208565776,10.096575736999512,3.366271166481594,0.0,6.213766098022461,-0.5037698876279292,-3.882044553756714,1.9605240956520762,1.9645854978133281,17.747257499527322,12.697189447567421,10.77334757943893,4.3986511190057005,-0.6483700284828576,-2.5809983372572187,1.435265299415349,1.4348992177586815,0.13598905503749847,0.027316540751418365,0.008499305695295334,-8.443781033158302,-8.865492945565148,-9.105814722366631,0.1826780184345556,0.03860961901937544,1,0.11136060894386299,0,0.3227386068018771,"{""type"":""MultiPoint"",""coordinates"":[]}"
00000000000000000272,160,KEMAYORAN,GUNUNG SAHARI SELATAN,3171031005,3.17103100501E12,Tidak Diketahui,Gunung Sahari Selatan 09,-,-,-,1290,Curah hujan yang tinggi,009,0,2020,1577865600000,-,0,0,-4.250266360175633,-11.69876349891103,-16.598189497018165,2.278650578780208,0.3007862231249181,-6.1863301382399625,-11.601453206266852,2.4588505522318256,JAKARTA PUSAT,1,0.8690082138040948,0,0.3726779962499649,747.9053559872657,565.4903850116505,334.4734433447411,-716.8746898219049,-863.2850222713336,-1034.7318670906006,63.576044620872004,88.40572026647672,11,5.7360549221527535,-1,4.905850877467815,-0.3004923318138368,-7.062139694879856,2.3184002074343946,2.32148962068688,1.0,4.599999904632568,3.450839926072074,1.8000001907348633,2.9278687238693237,1.7863352891275572,0.14572739601135254,0.8700970642880828,0.8772856353827658,56899.5521161,57141.33287348284,8.73574447631836,3.51054617858655,0.0,5.277740001678467,0.03217836556458599,-3.487396240234375,2.005057728050031,1.998730216894888,15.955519032142334,12.668500125943554,11.215136836239077,2.5517489795912365,-0.7361819197769814,-2.1830038158586955,1.0164127897794701,1.0156938173787444,0.07649581879377365,0.02118941724036184,0.008499491959810257,-5.042937107384205,-5.603926424141969,-6.701952056959271,0.4464166783900109,0.02071376736441883,1,0.022373421601078834,0,0.27638539919628335,"{""type"":""MultiPoint"",""coordinates"":[]}"
0000000000000000023c,84,KEMAYORAN,CEMPAKA BARU,3171031006,3.171031006E12,Tidak Diketahui,Cempaka Baru 01,-,-,-,1211,Curah hujan tinggi selama 4 Jam dan saluran air tidak dapat menampung air hujan,001,0,2020,1577865600000,-,0,0,0.11187341394204739,-10.77453667207317,-15.076433269495533,2.602437583167319,1.8342057733557948,-4.428566219262561,-9.41254975713905,2.4097204099669645,JAKARTA PUSAT,1,1.0,1,0.0,2767.4830418432575,2622.180160795315,2435.003422595757,690.7020485288831,564.653400041131,393.93107178442233,68.61209796882011,80.10605312595682,12,9.190073688773298,7,4.678918367991978,1.875033164607121,-0.24607446571821523,1.1777133200549976,1.2293584233020691,1.0,4.700000286102295,3.973204956632046,2.5,3.0760743618011475,2.3597354258851597,0.8762906789779663,0.5388485688962379,0.543016242361984,48278.7077607,48480.90469917718,3.353797435760498,1.8123746480431586,0.0,0.20434999465942383,-1.3989244680230004,-3.260373830795288,0.7321151706575786,0.7318989554102475,15.955495035217883,13.195614000494158,11.88696844276232,2.4395654459766405,-0.3307294038850904,-1.6391425892551048,0.7867571661293761,0.7852223864292888,0.05099572241306305,0.01810012349650035,0.008499263785779476,-5.401577312499285,-6.0235578033258586,-6.674511314369738,0.2951623355822761,0.011936104476021602,0,0.0,0,0.0,"{""type"":""MultiPoint"",""coordinates"":[]}"
00000000000000000240,910,KEMAYORAN,CEMPAKA BARU,3171031006,3.17103100601E12,Tidak Diketahui,Cempaka Baru 06,-,-,-,1216,"1. Curah hujan tinggi;
2. Luapan kali utan kayu",006,0,2020,1577865600000,-,0,0,-7.194057732450657,-13.791206532983916,-15.846603195529468,1.4328810536564112,4.108411276372799,-1.845929284739682,-7.049204115179922,2.109441018767189,JAKARTA PUSAT,1,0.9749223160751017,0,0.16216216216216217,2827.4688043900096,2640.110648677863,2435.003422595757,899.517350325732,698.298553929904,510.07905441901926,85.36923236750556,85.51827758043257,11,6.390651669657315,2,4.036309201511247,-0.48185533874892456,-5.019683409247752,2.0694324805296587,2.092690212453404,0.9678366211145694,3.3000006675720215,1.9888618886953395,1.1000003814697266,1.691987156867981,0.3754465426390288,-0.5243109464645386,0.5527735599148571,0.5514190944262648,79665.5191169,80046.0295505246,6.66995096206665,3.0239275420456573,0.0,3.4717257022857666,-0.1660450110889806,-3.2310469150543213,1.3240690983542285,1.3185984465777956,18.152721122271043,13.000706072737593,11.43545623297356,4.678392081485407,-0.4942103771576233,-2.0847432386909546,1.0886988734198837,1.086178958898463,0.18698440492153168,0.03362559088529403,0.008499305695295334,-1.9413193613290787,-3.9015909294470266,-5.401577312499285,0.9476881731701559,0.04238858621495729,1,0.013917458094446148,0,0.13301642396606667,"{""type"":""MultiPoint"",""coordinates"":[]}"
00000000000000000241,520,KEMAYORAN,CEMPAKA BARU,3171031006,3.17103100601E12,Tidak Diketahui,Cempaka Baru 07,-,-,-,1217,Curah hujan lebih tinggi,007,0,2020,1577865600000,-,0,0,2.8387947411141123,-11.759615299825361,-15.136079519063525,2.336909959187563,5.016455763100704,-3.108065093625558,-8.99474902931004,2.281465145788543,JAKARTA PUSAT,1,1.0,1,0.0,2753.454594768097,2514.830815910188,2341.3141034131877,951.6290540545479,691.5994994598625,516.3562537274258,108.15169080918996,107.3384047135281,10,4.717519169771811,1,3.486192948366269,-1.770200781398395,-5.61407140810097,1.8628247333583534,1.907716432160669,0.9198301236807072,1.9000000953674316,0.8725773618214892,0.0,0.289620041847229,-0.7500190527523622,-1.6341402530670166,0.653897536786903,0.6494659398907658,113315.528894,113747.39272710212,7.222747802734375,2.5712610997719167,0.0,3.979990005493164,-0.654407825308225,-3.2626688480377197,1.3828848202247275,1.38412676651838,19.90674242881349,13.84883084808584,11.185659789658873,6.454771748042816,0.3998392905852485,-2.2600375509619184,1.7639878116103875,1.7645973490509173,0.7734391689300537,0.1149692437609082,0.008499338291585445,-1.343527615070343,-2.3681147276728067,-4.030055873095989,0.5585977679494386,0.18186933014540574,0,0.0,0,0.0,"{""type"":""MultiPoint"",""coordinates"":[]}"
00000000000000000243,431,KEMAYORAN,CEMPAKA BARU,3171031006,3.17103100601E12,Tidak Diketahui,Cempaka Baru 09,-,-,-,1219,Curah hujan,009,0,2020,1577865600000,-,0,0,2.8387947411141123,-10.997583984595488,-14.679098570940958,2.6311314270896813,1.8061846865308029,-4.420748313382771,-7.5819758042473255,1.6689274610665437,JAKARTA PUSAT,1,1.0,1,0.0,2533.7244293416434,2328.5974261210526,2119.459960354695,894.710998840495,626.0209208486209,415.97213398575354,112.13583180791379,99.90769026281306,9,5.707569267835631,1,2.893811510649523,-0.49133161479811677,-5.1901137051355,1.5687462435688884,1.596125582036197,1.0,1.6000003814697266,0.6873077755232216,0.0,-0.021297931671142578,-0.9443934006259201,-1.6304328441619873,0.4589572186488478,0.4587912792921874,104212.84704,104663.47263393349,5.00696325302124,2.0065836142905664,0.0,1.775320291519165,-1.2459067858764563,-3.2881991863250732,1.1916351737762862,1.1834498686704338,17.79621575710461,13.709727705748836,11.754301126976697,4.331381051063145,0.26373569011684733,-1.6961084124106822,1.6813580053165873,1.6831277228237547,0.8669326305389404,0.08401854243035996,0.00849937740713358,-1.3270354270935059,-2.1801056893558726,-3.0182347213849425,0.33904734792440394,0.23563689160399184,0,0.0,0,0.0,"{""type"":""MultiPoint"",""coordinates"":[]}"
00000000000000000244,135,KEMAYORAN,CEMPAKA BARU,3171031006,3.17103100601E12,Tidak Diketahui,Cempaka Baru 10,-,-,-,1220,Hujan lebat Tahunan,010,0,2020,1577865600000,-,0,0,-4.583405687841061,-11.84341005256161,-15.673180200720765,2.113108444976009,2.20977244828224,-3.7527531431513146,-6.753602617488712,2.1570281745133952,JAKARTA PUSAT,1,0.979788372369516,0,0.12170236132510295,2291.157171937385,2121.749782665577,1912.425078044332,602.4695728600705,396.9716144880415,212.94651390260015,84.68667607446471,78.87220158747446,9,5.90345975508263,3,2.7071376246093353,-0.39601007977697356,-3.4541835207231353,1.4776207172304947,1.5170465607217911,1.0,2.1999998092651367,1.0490391123938758,0.40000009536743164,0.5902599096298218,-0.5897023559906382,-1.2401025295257568,0.4628834207744036,0.45309471857792455,88038.0018245,88388.8332328792,4.637037754058838,1.9552843883247983,0.0,1.3633291721343994,-1.341958381418372,-3.31667160987854,1.0004307301719533,1.0026916960809895,17.05412069210673,13.084940684523449,11.886982061009268,3.618028037776803,-0.35639492374911386,-1.5705376390646144,1.1326123572444282,1.1317241222313439,0.042497195303440094,0.014921895322997676,0.00849937740713358,-2.1408950686454773,-2.7594132404132945,-4.331200597807765,0.5539527040908698,0.009057016384910814,1,0.020211627630483887,0,0.12170236132510259,"{""type"":""MultiPoint"",""coordinates"":[]}"
00000000000000000260,-,KEMAYORAN,SUMUR BATU,3171031007,3.171031007E12,Tidak Diketahui,Sumur Batu 01,-,-,-,1261,Kali serdang tinggi hingga keluar dari got beton,001,0,2020,1577865600000,-,0,0,-1.2609502718967853,-10.816026358748342,-15.449481789320952,2.4000339579656806,9.76086563761076,-4.022238998052727,-8.794396926888922,2.6373595203672284,JAKARTA PUSAT,1,1.0,1,0.0,2599.1107973211338,2182.1379376860164,1710.5249905529865,954.5679931671241,681.8706675844542,349.4485392045592,164.52978282644506,250.47322475621618,11,5.307820299500833,0,5.3001560658620805,-0.4690552205665436,-5.614007707746806,1.6768820640505468,1.6927357814478865,1.0,4.0,0.7851627589133899,0.0,2.224065899848938,-0.9219219611894723,-1.8659299612045288,1.1222085812776008,1.1436157095236077,121678.226576,122164.27374654138,5.938530921936035,2.361316288862918,0.0,2.7161221504211426,-0.8497951771540093,-3.2336232662200928,1.314363777286147,1.3176084628594564,22.51425196125563,14.33586011729757,11.310936955395778,9.07604903491455,0.8704929866220003,-2.148067061290874,2.8474013790552033,2.840433645388939,97.61470031738281,6.497226384144158,0.008499406278133392,95.18942332267761,4.173989633310035,-2.4147273413836956,25.026304097482964,25.05403010290501,0,0.0,0,0.0,"{""type"":""MultiPoint"",""coordinates"":[]}"
00000000000000000267,-,SENEN,SENEN,3171041001,3.171041001E12,Tidak Diketahui,Senen 02,-,-,-,1270,Pintu air Latuharhari jebol RW 02 ikut terdampak banjir,002,0,2013,1357027200000,-,0,0,2.715718584597019,-10.8414122252566,-16.888297505234213,3.6532193546812572,8.428670944979467,-4.655488164706361,-13.051454776343338,4.140351390305137,JAKARTA PUSAT,1,0.810642601524817,0,0.42469124587279605,2274.192385239133,2088.068368251148,1956.9060257061412,520.7587142070868,304.67453200011226,148.55951000262826,101.70487445840695,92.49325117127155,48,21.288548311809542,4,40.10679364269953,13.44773859507316,-3.7441475300239313,11.797429993053395,11.822952867459671,1.0,8.80000114440918,2.2261790021389176,0.10000038146972656,6.937138319015503,0.36196832490297515,-1.792683720588684,2.6295424861803482,2.6295066107949934,44858.9793679,45024.663258105335,32.17049026489258,17.339671510494153,0.932817816734314,28.291527032852173,13.447663477944678,-2.967464566230774,8.990825390615559,8.987448818605186,16.256465341511593,11.493464298282769,9.51133571213067,2.9285494680852313,-1.8411773341246476,-3.825178872466811,1.733040952007237,1.7311825717479665,0.28897562623023987,0.05315589862993738,0.00849925260990858,-8.944598317146301,-9.229262121964808,-9.46273946389556,0.13461408798968805,0.07950768586954557,1,0.16951921580830864,0,0.41573970964154905,"{""type"":""MultiPoint"",""coordinates"":[]}"
00000000000000000268,-,SENEN,SENEN,3171041001,3.171041001E12,Tidak Diketahui,Senen 04,-,-,-,1272,"Jalan lebih tinggi dari pemukiman, sehingga terjadi genangan",004,0,2020,1577865600000,-,0,0,5.567460432710732,-10.87304916570048,-17.137616561750985,3.3944873415974617,7.609749550812646,-5.5433962912972445,-12.793382722519011,3.064790413738545,JAKARTA PUSAT,1,0.9354759820830978,0,0.24583065414294653,2599.1107973211338,2120.175176478839,1484.2598772436477,653.7690336807786,214.9976551196504,-308.9359591633911,208.48489668664413,250.2766160714087,32,7.591335015188182,-1,24.23151893492495,-0.30304924521429244,-9.47666974552244,3.6578415973068514,3.6835772450893893,1.0,3.200000286102295,1.1418024232911317,0.0,1.3603085279464722,-0.6773641447675268,-1.8133357763290405,0.7067465071212559,0.7212168604026937,271001.127554,272108.01677437796,29.33263397216797,4.309643862732087,0.0,25.468555212020874,0.5027782925922127,-3.839663505554199,3.2941498969932326,3.299439086434926,19.17436379458051,12.487756765336364,9.62412691015029,5.804446224132647,-0.8636459984628969,-3.716044536713948,1.2833148293873082,1.2866166855594978,0.21248114109039307,0.027976953565712552,0.008499198593199253,-8.319687247276306,-8.858445906457064,-9.296521133743227,0.23170114145663825,0.041806130666511454,1,0.048113061833908274,0,0.2191011235955056,"{""type"":""MultiPoint"",""coordinates"":[]}"
00000000000000000269,-,SENEN,SENEN,3171041001,3.171041001E12,Tidak Diketahui,Senen 05,Banjir surut seiring surutnya kali ciliwung,-,-,1273,Luapan air kali Ciliwung,005,0,2020,1577865600000,-,0,0,13.97704115783051,-11.015016367717616,-17.019199418134463,3.3575570281792597,22.451102837490865,-5.453631693508067,-11.951302855070304,3.7568082580963504,JAKARTA PUSAT,1,0.7918317152103557,0,0.4077820768771259,2904.042734068253,2585.116512270355,2157.6877582595803,1157.101937828029,888.3457125976496,589.2108521351647,144.3737611084868,210.35353725239318,29,8.471533980582526,0,21.13396184348302,0.1761072986017978,-8.221804631021051,4.69059634275886,4.590900371628884,1.0,4.899999618530273,0.851847380215296,0.0,3.0262982845306396,-1.1234192873065914,-2.05879545211792,0.8656991914506148,0.8512892630135764,269517.555922,270580.7232157991,20.302040100097656,5.340360053463659,0.0,16.374557971954346,1.4327074828471946,-3.88647198677063,3.4740343137141676,3.4848539499495743,26.606064699202822,14.904807908774306,10.0421146580459,13.282943120246065,1.589225027447104,-3.2509046732577804,4.744133101918578,4.74534193491116,360.10400390625,97.1238255860591,0.008499141782522202,350.2098550796509,87.30637795908719,-9.99559973552823,161.79278559749253,161.83542592410035,1,0.16847896440129448,0,0.3666060555964672,"{""type"":""MultiPoint"",""coordinates"":[]}"
000000000000000002af,35,SENEN,KENARI,3171041002,3.171041002E12,Tidak Diketahui,Kenari 02,-,-,-,1407,Saluran air tidak lancar,002,0,2020,1577865600000,-,0,0,6.623618548164885,-8.718583707121615,-15.911472665673163,3.336370319264906,10.646283875185366,-3.549466465743129,-10.64795025685285,3.3210295987601395,JAKARTA PUSAT,1,0.9801826598273489,0,0.183779759494891,2696.6111102062355,2373.183494339396,1930.3404582761361,445.35849351966135,139.77852341131086,-278.597996649032,170.62784335830713,182.5717310014093,17,11.02231952958839,6,7.186068732675285,0.8174304162732611,-4.1114756186960495,2.2781921638128537,2.1587033144922905,1.0,4.599999904632568,0.8677340267328869,0.0,2.6237568855285645,-1.20678859506309,-2.256467342376709,0.8430050091255696,0.8125452051097234,139391.55437,140007.62221169838,7.3788604736328125,3.230594790908013,0.0,3.663961410522461,-0.42625505580004847,-3.524951934814453,1.6338710695826033,1.6329082870751428,23.81770241899767,13.201782734724802,11.136039094006819,10.387880336884596,-0.26162500270541644,-2.313045761022817,2.76153745400438,2.7564273037914018,357.6732482910156,20.878642305048867,0.008498926647007465,347.61290740966797,10.884124379333505,-10.39642737340182,91.08426846477758,91.17272967719367,1,0.017340172651069685,0,0.13999999999999999,"{""type"":""MultiPoint"",""coordinates"":[]}"
000000000000000002b0,78,SENEN,KENARI,3171041002,3.171041002E12,Tidak Diketahui,Kenari 03,-,-,-,1408,Naiknya permukaan air Kali Ciliwung ditambah curah hujan tinggi,003,0,2020,1577865600000,-,0,0,1.0991553893367296,-8.876697302755199,-14.932241117794259,3.4343179350561632,3.8445190954796247,-3.5934121898376983,-10.05338086810095,3.224726623604119,JAKARTA PUSAT,1,0.7153552444411171,0,0.4096611065529924,2709.346062320677,2501.026751829682,2304.2656566744567,389.27531491500076,208.28947620509962,39.092738726149946,83.67649748891185,99.22621263908938,16,12.137306281350602,8,5.5862025034174305,1.8622700233027794,-2.2792623499124947,1.7571576039184913,1.8093092604637842,1.0,2.299999237060547,1.2271691435351022,0.09999942779541016,0.27036571502685547,-0.7799107999049091,-1.978769302368164,0.5356799182613485,0.5487861233805436,46612.7844161,46797.14692358622,6.548962593078613,2.2211845238122914,0.0,2.9343364238739014,-1.2728971501100719,-3.5839312076568604,1.4946939471466452,1.4938357229643096,17.564897619624894,12.86310160252587,11.486742561694228,4.06146978094935,-0.631521524847617,-2.017190326840062,1.1862858633616382,1.1841185692637914,0.07649079710245132,0.01273224285523509,0.008498962968587875,-9.553571447730064,-9.824917522939089,-10.132132712751627,0.13124704093954817,0.013878755972259646,1,0.021262259489406306,0,0.16110727964792765,"{""type"":""MultiPoint"",""coordinates"":[]}"
000000000000000001e6,36,SENEN,PASEBAN,3171041003,3.171041003E12,Tidak Diketahui,Paseban 01,-,-,-,1053,Saluran air mampet (gorong-gorong),001,0,2020,1577865600000,-,0,0,4.02781780396173,-8.400419490271732,-18.218089442675364,3.5550143299728494,14.058349684706364,-2.9073943096399812,-13.922616246483063,4.3278217158789865,JAKARTA PUSAT,1,0.9906843196682085,0,0.16058749209247875,3100.391600158396,2829.8588038605735,2599.1107973211338,741.8116858733656,488.2310297404705,249.17545805614282,122.91425911976327,136.02000555067175,21,9.39977667889616,6,10.55129470967919,-0.6256339327100544,-4.254610313093602,2.241291492486863,2.271281820629774,1.0,4.599999904632568,1.0263775304927267,0.0,2.6970345973968506,-0.8521907821418868,-1.9459694623947144,0.9794035801584993,0.9727825171242799,109267.122907,109792.48980410604,10.408181190490723,2.5987862334237715,0.0,7.0815863609313965,-0.6461374018652088,-3.3635473251342773,2.057306480859641,2.0679500486209847,21.03684997393869,13.708998882285305,10.742251079406957,7.520603341155024,0.20479174966754116,-2.7641721568708135,2.0474368633421838,2.051749281311854,1.4193147420883179,0.19405254114741297,0.008498980663716793,-7.644429802894592,-9.185460693666363,-9.745463028550148,0.5834804289938516,0.48234255999090253,1,0.0011804115488913702,0,0.13954508281924158,"{""type"":""MultiPoint"",""coordinates"":[]}"
000000000000000001e7,60,SENEN,PASEBAN,3171041003,3.171041003E12,Tidak Diketahui,Paseban 02,-,-,-,1054,Saluran air / got mampet,002,0,2020,1577865600000,-,0,0,-4.433535271293172,-9.545649803526079,-13.982858666643976,2.055176542085387,4.606341636425077,-3.548744274188241,-7.94324101543999,2.4770113383383165,JAKARTA PUSAT,1,0.9067713444553483,0,0.25613577714208524,3192.0215612176544,3007.0474058402715,2804.549198011076,788.5458158394104,611.3837273175335,417.88041540968516,92.76067775809742,97.07747476226919,13,8.840836604514227,5,2.7952989139026485,-1.2526036230248259,-4.883141701442598,1.7980021396635828,1.9084224177491413,1.0,2.1999998092651367,0.9541155332671996,0.0,0.38219237327575684,-0.8569439533326529,-1.8962385654449463,0.8976681730594557,0.8982535637498454,56860.2438794,57017.751075822314,6.757325172424316,1.8493665110308883,0.0,3.686805486679077,-1.2032655025846064,-3.1154778003692627,1.137837635678549,1.1394244075546778,21.102941144387078,14.918980805345335,11.723084371507152,7.571858352264925,1.392149105580892,-1.8212198500529944,2.5205641172638606,2.5165779758962668,1.4618098735809326,0.523661594428908,0.00849900208413601,-7.537383317947388,-8.641952125049883,-9.368196630850434,0.6420815869923823,0.6516749133458071,1,0.0932286555446516,0,0.2561357771420852,"{""type"":""MultiPoint"",""coordinates"":[]}"
000000000000000001e8,100,SENEN,PASEBAN,3171041003,3.171041003E12,Tidak Diketahui,Paseban 03,-,-,-,1055,Karena trotoar di Jalan salemba raya,003,0,2020,1577865600000,-,0,0,5.066315430253965,-8.873854916330027,-14.576063686074521,3.0170399441355937,11.998227933158452,-3.3029921415487005,-8.219345683527845,2.967515109297662,JAKARTA PUSAT,1,0.9997691064419303,0,0.07392101124765756,3166.3063194646634,2892.2331019198764,2577.499651299377,715.3053805837726,469.00000000926696,190.4524208533876,128.45051739846872,156.4771876845346,25,11.445958079991795,5,14.496385004930293,0.9429555048504955,-5.676211102978048,3.488275609531049,3.5024100247060863,1.0,2.5,1.0159187870323638,0.0,0.564929723739624,-0.8563430438478046,-1.9359174966812134,0.8728206297979241,0.8795403917390306,135922.107514,136483.62955289788,12.481634140014648,3.1751151411281175,0.0,9.120416641235352,0.11208892453948992,-3.162702798843384,2.4916479514614434,2.5729978084393124,18.17513479367252,13.38336428062917,10.650469084505623,4.658048746369353,-0.1624152519753292,-2.8634300052758164,1.9717783326888543,1.976586370806898,1.2663326263427734,0.18595741269843616,0.00849895179271698,-8.204063415527344,-9.383292270820561,-9.82493418827653,0.4131193670415071,0.39963591683594174,1,2.308935580697299E-4,0,0.07392101124765775,"{""type"":""MultiPoint"",""coordinates"":[]}"
000000000000000001e9,20,SENEN,PASEBAN,3171041003,3.171041003E12,Tidak Diketahui,Paseban 05,-,-,-,1057,Pendangkalan,005,0,2020,1577865600000,-,0,0,5.690159943446287,-8.17730059400101,-16.17565582340184,3.4673315331155177,9.794253271848032,-3.0251582823610117,-11.40789757156344,3.3038117177642774,JAKARTA PUSAT,1,0.9821694578612377,0,0.1786858200459983,3083.6927807006746,2783.0554134048607,2572.4866812680666,551.5339970936498,306.03469140749763,113.11087222937203,98.58553272906288,126.95053402088402,21,13.851690515957195,7,9.446698729171239,2.6773357565300464,-4.273051565442723,2.8250226457383056,2.752789937243711,1.0,3.6999998092651367,1.772410211178678,0.0,1.688138723373413,-0.22150195705289577,-1.949457049369812,1.0237490706486174,1.0573131518420626,154539.692066,155193.65243369644,8.535260200500488,2.7607197279946885,0.0,5.521438121795654,-0.24588356405565198,-3.046703815460205,1.544602748006456,1.565204542498553,17.85667481014686,12.909616756876646,11.209436927980402,4.284782146639586,-0.6470264415417276,-2.3455671727380487,1.6038946381246777,1.6102380192390264,0.9603697657585144,0.09386699273068237,0.008498894982039928,-8.275750756263733,-9.381171473397629,-9.786436919122934,0.38808236021297216,0.27474481967853287,1,0.017830542138762243,0,0.17868582004599823,"{""type"":""MultiPoint"",""coordinates"":[]}"
000000000000000001ea,121,SENEN,PASEBAN,3171041003,3.17104100301E12,Tidak Diketahui,Paseban 06,-,-,-,1058,Curah hujan tinggi dan gorong-gorong mampet,006,0,2020,1577865600000,-,0,0,-1.260662029491449,-10.546695913808437,-17.10229596964892,2.8190443845454474,6.015196296948965,-4.856368342674602,-11.587124692450882,3.1338176989051965,JAKARTA PUSAT,1,0.800117254772636,0,0.3682348242808504,3315.014357258475,3013.6375842937437,2728.337038197414,739.4519533717134,457.3688769688317,201.65629215416857,138.86576607387374,150.9150944770593,18,11.044630097834451,7,6.338408128158424,-0.586941048004392,-4.971430391445647,1.7747863695080308,1.741250371046989,1.0,2.5,0.6668611659418688,0.0,0.4356403350830078,-1.3085682659752655,-1.9278466701507568,0.6031080663340307,0.6432235197739888,95207.9216657,95596.12849968464,8.776223182678223,2.2208093925423276,0.0,6.054821014404297,-0.6168872936771097,-2.954462766647339,1.6476658147239052,1.6464530653529192,18.951175675080556,13.967182432619119,11.020811757988831,5.371450938515347,0.39221485272854867,-2.547653862602516,1.6573399134220776,1.65831975231694,0.8668817281723022,0.09973903390830467,0.008498866111040115,-8.226907849311829,-9.10912346038884,-9.362382185645401,0.2742871643442054,0.1965213201730368,1,0.10644534828331684,0,0.2836367870880281,"{""type"":""MultiPoint"",""coordinates"":[]}"
000000000000000001eb,121,SENEN,PASEBAN,3171041003,3.17104100301E12,Tidak Diketahui,Paseban 07,-,-,-,1059,Luapan Kali Sentiong,007,0,2020,1577865600000,-,0,0,-2.6619654846486505,-10.392929163466745,-14.688012651074608,1.9920316886775788,3.3411025566983543,-3.8216027831345407,-9.124053651173117,2.401713297940296,JAKARTA PUSAT,1,0.9295672564485186,0,0.26646935501059643,3325.381902060976,3187.5577688550256,3010.2609901026703,856.794957201429,744.7469530199525,581.9373486695013,65.98078234720285,65.5295063147141,14,9.451929226177793,5,3.473707679071177,-0.7833004858786846,-4.759722266464642,1.832861833949304,2.0233693851195476,1.0,3.40000057220459,1.6121255822182727,0.0,1.6317265033721924,-0.15949992328990226,-1.7615728378295898,0.935668778193602,0.9488892329887254,81905.2199953,82290.15416332138,6.684918403625488,2.3430235798667414,0.0,3.7201266288757324,-0.5990420067267134,-3.03159761428833,1.3584598171346365,1.352464085554036,21.102941144387078,13.849885932364444,11.310837979000274,7.571858352264925,0.30457112651928414,-2.2518718642318234,1.9789126304875335,1.974061020127425,1.5383012294769287,0.2151823434263605,0.008498980663716793,-7.3765709400177,-8.878126800850083,-9.355302015319467,0.5422751800745641,0.4828404710398532,1,0.07043274355148157,0,0.2664693550105965,"{""type"":""MultiPoint"",""coordinates"":[]}"
000000000000000001ec,25,SENEN,PASEBAN,3171041003,3.17104100301E12,Tidak Diketahui,Paseban 08,-,-,-,1060,"Saluran air terlalu kecil GG VI & GG VII rt 005, debit air kali sentiong terlalu tinggi, sehingga saluran air dari warga tertahan",008,0,2020,1577865600000,-,0,0,6.0913877638479645,-10.279047965235499,-17.244868113487456,3.2016199051197014,8.424129750330302,-3.486081917770606,-11.519148620457791,3.0596675527139814,JAKARTA PUSAT,1,0.9522768904457369,0,0.23246226230439074,3463.5491259047867,3250.2850477599377,2997.3690208403514,895.592092217546,709.1712198302396,469.98779803094067,91.30758993354257,100.366248796756,16,11.385159237715717,7,4.372137465356236,0.20972514363345626,-4.221422428901018,1.8311620981132501,1.900566928919974,1.0,4.199999809265137,1.369643881452969,0.0,2.3580403327941895,-0.500404186170167,-1.9228684902191162,1.3847924013967954,1.3576325008864962,108592.478694,108983.72206395562,7.943168640136719,2.337653455068959,0.0,5.226109504699707,-0.4493736681569779,-2.803889513015747,1.2493328902629781,1.248780149395219,17.85667481014686,13.480445645733322,11.310837979000274,4.284782146639586,-0.08418358041184436,-2.2518718642318234,1.6290570940780205,1.6313904403980373,0.926374077796936,0.12573203505289074,0.008498908951878548,-8.193832516670227,-8.915034714326216,-9.234588466584682,0.264491517420287,0.2534956743737439,1,0.023138477359642633,0,0.1917186871756995,"{""type"":""MultiPoint"",""coordinates"":[]}"
0000000000000000026a,720,SENEN,KRAMAT,3171041004,3.171041004E12,Tidak Diketahui,Kramat 05,-,-,-,1278,"Dataran rendah, masuknya air dari pintu pertamina",005,0,2020,1577865600000,-,0,0,11.985689775342575,-7.138321206824966,-14.045276627077055,4.552481676608842,14.285120998377785,-2.686969139314662,-8.059243149326427,3.790233085758155,JAKARTA PUSAT,1,1.0,1,0.0,3083.6927807006746,2883.587026462974,2690.2210275041116,858.6108816725673,654.7257748582997,460.2976943318881,94.88361580543547,104.01440732410761,17,9.349623115577893,4,7.596012357862712,-0.11747388326108131,-5.506991113806574,2.5454053588357923,2.529452487260707,1.0,4.0,2.9241624484709168,1.799999713897705,2.0337769985198975,1.0287690919098544,-0.07094025611877441,0.5866087112733839,0.6193404198114552,83357.6391172,83634.99587448446,7.6447672843933105,3.1298151851798615,0.9274099469184875,4.221131086349487,-0.27676011160190783,-2.5799004435539246,1.5581313818072302,1.558602680635146,15.594295026120315,12.992644910168629,11.136049783399125,2.1278379175876623,-0.47027733459064935,-2.3212407138916014,0.9869708121415692,0.9888051657922653,0.13598473370075226,0.02746281797082711,0.008499037474393845,-9.317124053835869,-9.629395790939556,-10.00331980921328,0.15198958263130743,0.02153151876630309,0,0.0,0,0.0,"{""type"":""MultiPoint"",""coordinates"":[]}"
0000000000000000026b,88,SENEN,KRAMAT,3171041004,3.17104100401E12,Tidak Diketahui,Kramat 06,-,-,-,1279,-,006,0,2020,1577865600000,-,0,0,-4.756585769683321,-10.586230167903054,-14.519549641580138,2.0443519444910683,4.130526946808187,-3.4639885280622797,-7.112993974874355,2.0670492604513067,JAKARTA PUSAT,1,1.0,1,0.0,3346.0206224714725,3150.307216745523,2952.532506156306,1027.1733627770254,854.6104347330731,658.966935164844,76.9890967913584,87.75438021105226,11,8.026492572618032,3,1.7316941108965729,-1.3636270478099726,-6.420263082465924,1.7363928930707155,1.7320508075688772,1.0,3.0999999046325684,1.3822735859436615,0.10000038146972656,1.2880432605743408,-0.40168171243530415,-1.6377038955688477,0.5605955929629641,0.5915984449651047,73749.2630589,74095.95956554155,7.421597957611084,2.672059711150994,0.0,4.259880065917969,-0.5447634452281941,-3.3526957035064697,1.5217967470292604,1.5149399194165896,17.34176178272584,13.19087006391241,11.180662384163524,3.89264966014108,-0.29417105315938313,-2.3207158355287056,1.4803860420327142,1.474640971128067,0.14448383450508118,0.04005949417645003,0.008499052375555038,-8.88976772967726,-9.168039176668605,-9.44838222116232,0.15734281212157142,0.048402652018311704,0,0.0,0,0.0,"{""type"":""MultiPoint"",""coordinates"":[]}"
000000000000000001e2,67,SENEN,KWITANG,3171041005,3.171041005E12,Tidak Diketahui,Kwitang 01,-,-,-,1044,-,001,0,2020,1577865600000,-,0,0,-3.1296647951333476,-10.93491375034464,-17.514442264617387,3.3367086272044295,6.12192837043518,-4.054071490218998,-11.022331864880517,3.382138536343588,JAKARTA PUSAT,1,0.9412148922273025,0,0.23974163519328018,2821.3751145383426,2688.2523505921286,2572.4866812680666,984.9534790874773,870.6593943705496,764.0078651665249,73.96454712215838,68.91773006399195,12,8.298171129980405,3,3.1343440456038536,-0.6068312277219102,-5.9289741058119265,2.2694137804733088,2.280423906755559,1.0,1.8000006675720215,0.6850423426143282,0.0,-0.2759366035461426,-1.3890653701226174,-2.0934102535247803,0.5395075606840518,0.5433251771704699,32089.2749486,32206.42193289839,6.567040920257568,3.2671839544943353,0.0,2.6769230365753174,-0.6393230611232533,-3.933306932449341,1.680236062526217,1.6828822504504954,22.77887931859816,13.908145602800873,11.20949033009262,9.453493699042506,0.5745905368759568,-2.1209973419478843,4.0536346012654825,4.051081527236823,358.7101135253906,55.72956085610863,0.008499115705490112,348.88202381134033,45.585670596093664,-10.575981169939041,144.65100861470447,144.55878491898682,1,0.05878510777269758,0,0.2397416351932802,"{""type"":""MultiPoint"",""coordinates"":[]}"
000000000000000001e3,526,SENEN,KWITANG,3171041005,3.171041005E12,Tidak Diketahui,Kwitang 02,-,-,-,1045,-,002,0,2020,1577865600000,-,0,0,-7.304492499841357,-11.918941364310113,-15.815530659142158,2.23185424787916,10.761003183656051,-2.1244883377494292,-8.854420792504442,3.447545884326435,JAKARTA PUSAT,1,1.0,1,0.0,2656.420916721884,2560.5381203144125,2449.0990739000135,802.5301970868225,716.2224310194433,595.8702151222953,53.99817190500108,53.432339829673765,11,8.030514270682628,4,1.9549319998668775,-1.0228629684511945,-4.98643182470231,1.644629798119238,1.6519348924485169,1.0,1.8000006675720215,0.797659262095598,0.0,-0.28203272819519043,-1.312748330150265,-2.139481544494629,0.5044477749828177,0.4946331035051184,26509.3110479,26623.637462826453,10.260502815246582,2.8609470204273437,0.9328364133834839,6.266739130020142,-1.0817457594307702,-3.0446430444717407,1.8340012784739743,1.8426389312836235,23.81507191962775,13.773741392316039,11.486757962346239,10.473542895342035,0.42333449464690964,-1.8646138069376903,3.534178757547113,3.5288288694337147,358.4891357421875,48.99895275180053,0.008499091491103172,348.05080223083496,38.341865149670596,-11.006845528259873,121.91163285295515,121.85835560623379,0,0.0,0,0.0,"{""type"":""MultiPoint"",""coordinates"":[]}"
000000000000000001e4,186,SENEN,KWITANG,3171041005,3.171041005E12,Tidak Diketahui,Kwitang 03,-,-,-,1047,-,003,0,2020,1577865600000,-,0,0,7.058123823070678,-10.880740001936276,-15.815530659142158,3.5057383047771835,12.884727326058503,-2.5020178600685643,-9.927136839979717,4.25098582503818,JAKARTA PUSAT,1,1.0,1,0.0,2572.4866812680666,2452.1744295430663,2365.0843991588094,705.0534658442255,592.9171424492972,489.2325302669192,62.28205570570944,52.535267803011834,30,9.872183866279066,5,20.908685543198963,0.6973575920902318,-4.005955983061405,3.916439894152445,3.8972698805761263,1.0,1.1000003814697266,0.4060685729911161,0.0,-1.0211162567138672,-1.7329558669047986,-2.1562728881835938,0.4318722530434763,0.42866572405158854,38406.318638,38566.68273455572,22.11515235900879,3.8221614945160094,0.9274099469184875,18.106149196624756,-0.15268939997740938,-3.0603845715522766,4.073861389342404,4.086670680428409,23.82090812124936,17.516145725782096,10.96815099001549,10.477884520157563,4.15981669803746,-2.3745685889250403,5.136236916407084,5.135630783892284,358.4891357421875,176.5721802808898,0.008499091491103172,348.05080223083496,165.69977110368214,-11.033744964748621,177.38474368193008,177.38049666144775,0,0.0,0,0.0,"{""type"":""MultiPoint"",""coordinates"":[]}"
000000000000000001e5,144,SENEN,KWITANG,3171041005,3.17104100501E12,Tidak Diketahui,Kwitang 06,-,-,-,1049,-,006,0,2020,1577865600000,-,0,0,-4.352182104213828,-9.96512419094355,-15.496223632814763,2.350057801420824,0.0955466458779539,-4.062315010042634,-9.417829825744777,1.9019112412746029,JAKARTA PUSAT,1,1.0,1,0.0,2675.787546757929,2568.414165470202,2394.016170913241,671.9039050757215,581.708629318077,383.6920963684388,69.87977154074136,65.3391280983282,11,8.157630863358259,5,1.729528298876163,-1.1599103892845801,-4.44157085072419,1.606982700613741,1.5339299776947408,1.0,1.0,0.5712529745821558,0.0,-1.0639903545379639,-1.5280177097673888,-2.1490302085876465,0.3581569617907991,0.3446076736076955,41046.5549838,41201.30567860955,4.159983158111572,1.7551011082106585,0.0,0.3037281036376953,-2.0859729247705854,-3.859099864959717,1.051991442834631,1.0413030163163206,26.604713676351313,15.836471103928716,11.749108098685666,13.212653158633259,2.447626243078844,-1.6343451471389479,4.7402002625009905,4.741175010116143,358.3956604003906,81.15370104161998,0.008499076589941978,347.56890392303467,70.3720256544942,-10.891730461269617,160.71851632792317,160.75449263160218,0,0.0,0,0.0,"{""type"":""MultiPoint"",""coordinates"":[]}"
00000000000000000235,35,SENEN,BUNGUR,3171041006,3.171041006E12,Tidak Diketahui,Bungur 01,-,-,-,1192,Curah Hujan tinggi,001,0,2020,1577865600000,-,0,0,-0.7518737643989362,-10.351832519013284,-15.258485258239947,2.5219954370261912,14.883764635834929,-3.6073258908786907,-8.306150246287697,2.9365027741951657,JAKARTA PUSAT,1,0.9988423413645902,0,0.08574694002066809,1772.2965711743798,1630.5363148416648,1487.155996831178,-93.24335094694288,-245.16342052253674,-338.5295839152652,57.81531539873857,71.59738239265687,10,6.855654438897332,3,2.6523553205671027,-0.3234552398724926,-4.01178456540913,1.4884141791397374,1.5632964362523996,1.0,1.5999999046325684,0.6786592542137567,0.0,-0.19762098789215088,-1.0746890146043524,-1.8035131692886353,0.5560867094919779,0.5735294721730317,96399.2689397,96850.77482401468,4.637045383453369,2.1705744716811655,0.0,1.0702083110809326,-1.506725288338345,-3.8173556327819824,1.0151200911525509,1.0190906411634826,21.197235002582577,14.2216387526054,11.723140468362384,7.807158998686523,0.8454297091617787,-1.6518071938064125,2.2154051444382654,2.224099933147053,1.6913508176803589,0.31395907733568795,0.00849931687116623,-5.20774233341217,-7.529231008853244,-8.536907956935465,0.9657945151846591,0.5945273257170816,1,0.0011576586354098838,0,0.08574694002066834,"{""type"":""MultiPoint"",""coordinates"":[]}"
00000000000000000236,320,SENEN,BUNGUR,3171041006,3.171041006E12,Tidak Diketahui,Bungur 02,-,-,-,1193,Tidak berfungsi saluran air dengan baik,002,0,2020,1577865600000,-,0,0,-1.8924275700027713,-11.022228809015084,-17.249891634979058,2.55937593772218,6.901776579330022,-2.774461982244821,-10.577525149328801,2.7230204973476337,JAKARTA PUSAT,1,0.9696734059097981,0,0.22003937400865128,2006.8406600684468,1801.7067139707074,1620.0927730411177,23.75095211912071,-149.47166696091287,-293.9595324666234,71.00332414939119,91.13085680551602,12,7.583562627108506,3,4.916520686684954,0.5209672277940771,-4.015765837505209,2.026125370095141,2.021567385440701,1.0,2.3000006675720215,1.173441850735477,0.0,0.6337935924530029,-0.51252575844209,-1.736465334892273,0.7637193610018477,0.754837317863622,58268.0513846,58559.54366852523,5.6244611740112305,2.6098285155485152,0.9274099469184875,2.095329999923706,-0.9190640447812588,-2.652547538280487,1.1314894800394804,1.1329668865391835,19.473499222634864,13.593059078763865,11.365626015708182,6.0272450640063315,0.18206903141239086,-2.036851472044278,2.367337913839161,2.36272401926055,4.665979862213135,0.38087345171504333,0.00849932711571455,-1.9683914184570312,-6.534859986970274,-7.192923191934824,1.048471736616634,1.0546941246770691,1,0.025062806555808115,0,0.19786448397617667,"{""type"":""MultiPoint"",""coordinates"":[]}"
00000000000000000238,25,SENEN,BUNGUR,3171041006,3.17104100601E12,Tidak Diketahui,Bungur 08,-,-,-,1199,Saluran kurang lancar,008,0,2020,1577865600000,-,0,0,1.58683062439182,-10.69919049688229,-16.87619119447365,2.9986495496232957,6.9166645031193985,-2.457837684324961,-10.577525149328801,3.070465915292993,JAKARTA PUSAT,1,0.9916565738124076,0,0.16507964236126804,2163.661985914175,1991.353689797814,1827.2830589855034,130.88914449894105,-15.557906098639409,-148.55502555113003,63.8693087317299,83.44012667628608,13,9.044722558650697,5,5.826098034839232,1.7974151569168748,-2.392139376378509,1.8650444768388228,1.8174146183075492,1.0,2.3000006675720215,1.2632935906046896,0.0,0.6300863027572632,-0.42684861139189617,-1.6830780506134033,0.6322124867743911,0.6360965932416168,77836.1098249,78112.62602607966,5.5796637535095215,2.5263131342366067,0.9274099469184875,2.044459342956543,-0.9699394916673156,-2.601421296596527,1.1640109972824622,1.159934348994919,19.466183669372743,13.064057416979162,11.373672530058524,6.024359249025004,-0.3580788965742718,-2.0201550523486116,2.1238972983903524,2.1319053373478516,4.640481948852539,0.5235906343297851,0.008499305695295334,-2.0580759048461914,-6.441906383090303,-7.28433545306325,1.5903975122128091,1.5555998647225808,1,0.00318485623289822,0,0.09622084243913084,"{""type"":""MultiPoint"",""coordinates"":[]}"
00000000000000000231,38,CEMPAKA PUTIH,CEMPAKA PUTIH BARAT,3171051002,3.171051002E12,Tidak Diketahui,Cempaka Putih Barat 01,-,-,-,1187,Saluran air tidak jalan,001,0,2019,1546329600000,-,0,0,-3.8296462576217407,-11.633040200359734,-15.41347096629407,2.319772012785906,2.599384105575038,-4.321539542186419,-10.027425577935968,2.285686751528422,JAKARTA PUSAT,1,0.9640083573146214,0,0.1930216991936238,3173.093693426007,2931.758949567985,2696.6111102062355,981.6585499348394,790.0591379419515,584.003002906974,92.56642618357938,125.54958939072493,14,9.845665628572558,6,6.342102748665202,2.158727826264925,-1.448577889612265,1.660301074232183,1.619468717062896,0.5740191253457665,4.700000286102295,3.4218712242136395,1.8000001907348633,3.0760743618011475,1.7846040574152853,0.14623379707336426,1.1382364979848654,1.1308576752100783,88477.7595077,88867.04714464197,5.931114673614502,2.5554667039010965,0.0,2.861022472381592,-0.5304629521962622,-3.146578311920166,1.3427901605677024,1.3444738484656549,17.05409461295299,12.954043661542485,11.312165750076856,3.471700993381491,-0.6011304961458261,-2.248947959354501,1.1787263671691794,1.1825848727338826,0.11898878961801529,0.022394107177115777,0.00849922001361847,-4.963496007025242,-6.617425913652458,-7.485178377479315,0.7056577372867184,0.02711417274680693,1,0.03599164268537864,0,0.19302169919362375,"{""type"":""MultiPoint"",""coordinates"":[]}"
00000000000000000201,217,CEMPAKA PUTIH,RAWASARI,3171051003,3.171051003E12,Tidak Diketahui,Rawasari 04,-,-,-,1106,Antrian air menuju kali sentiong,004,0,2020,1577865600000,-,0,0,12.738755653005558,-10.31793081916966,-15.772889091762151,3.6209731851186984,9.157771553533252,-4.895618543091623,-10.073386745643582,2.50160084077967,JAKARTA PUSAT,1,0.8818386210342242,0,0.31325600594324693,3693.215064037931,3387.47923717976,3118.3810797648875,1150.8939789687306,889.7687992242454,656.820755455446,119.25849021845538,134.73805464760872,17,9.727504371721206,6,6.11036086249619,-0.8129901326604981,-4.834187979749892,2.1213252945934378,2.2156523834819097,1.0,3.90000057220459,1.1768106755194625,0.0,2.1460782289505005,-0.5179429860642751,-1.629528284072876,0.9198161166516683,0.9267226357790654,209441.198344,210284.86819020877,13.598706245422363,2.6540415188575106,0.0,10.928390741348267,-0.04886137738256831,-2.7477409839630127,1.620566225461112,1.6183132394491304,18.788667255083098,13.532249165120549,11.136030796303329,5.21186912301021,-0.04028078748571328,-2.437529743614288,1.5747862636187182,1.5737154899030603,0.41644978523254395,0.06875402939042344,0.00849895179271698,-6.3514039516448975,-7.502242809566037,-8.36890616454184,0.4767973802989283,0.09449444922987524,1,0.10117411941044216,0,0.2940257209284148,"{""type"":""MultiPoint"",""coordinates"":[]}"
000000000000000002b9,97,CEMPAKA PUTIH,RAWASARI,3171051003,3.171051003E12,Tidak Diketahui,Rawasari 03,-,-,-,1432,Antrian air menuju kali sentiong,003,0,2020,1577865600000,-,0,0,-0.4081275670501056,-9.83975965146109,-15.178377508921766,2.7940977263078444,9.817224215040422,-3.6117215038314217,-10.543691212458448,2.9058376275944804,JAKARTA PUSAT,1,0.9183289817232375,0,0.2874797872880344,3694.3799324043957,3638.113252135268,3485.83891056898,1196.1783695831932,1110.7095047786438,952.6608167026507,48.74539451404393,47.954260696993614,19,11.309869451697129,7,7.944867344007145,0.5476398129140084,-3.57183807370782,2.594094457024194,2.705832887529812,1.0,3.90000057220459,2.7090725722947884,1.6999998092651367,2.1460782289505005,0.9858000341055186,-0.04719901084899902,0.5268538143251271,0.555062485488737,100196.399538,100605.39920250735,8.276663780212402,3.1144104959800822,0.0,5.588684558868408,0.3874897455422125,-2.7881526947021484,1.5376332703157283,1.5280429431956641,19.213551551797714,13.336525218908292,10.975496614245113,5.6398880717156015,-0.24067252481604562,-2.595705361101622,1.59240925408548,1.59393164630477,0.22097310423851013,0.058360405964104134,0.00849895179271698,-7.75067578908056,-8.292433711285337,-8.6807433757931,0.2175773698999657,0.06437187178145716,1,0.08167101827676239,0,0.28747978728803447,"{""type"":""MultiPoint"",""coordinates"":[]}"
000000000000000002ac,700,MENTENG,MENTENG,3171061001,3.171061001E12,Tidak Diketahui,Menteng 02,-,-,-,1380,"1. Curah hujan tinggi;
2. Saluran tidak normal;
3. Sumbatan sampah;
4. Pintu Alhuda jebol",002,0,2020,1577865600000,-,0,0,-3.2261068381898026,-10.107534367250274,-15.061312241992475,2.1671101225146665,1.6186898575257112,-4.461935878940442,-8.853177816360503,2.3710174639172434,JAKARTA PUSAT,1,0.9102986385595081,0,0.2959780897768947,1784.3942991319204,1577.7867694803024,1419.0506394952858,-534.9587016454952,-674.4806290380136,-799.4154124856514,61.78269399921411,87.39883671077902,17,10.7364953886693,5,4.664299136852831,-1.6351813215343596,-7.3831894767089,2.875392071352366,2.875643409170807,1.0,2.6999998092651367,1.0483271684745732,0.0,-0.2146768569946289,-1.8227094926486482,-2.9085614681243896,0.7987034971466089,0.8376050028417753,95233.9516234,95715.99203877321,9.067163467407227,3.410429723055815,0.0,5.267687082290649,-0.5256544102723352,-4.037080764770508,1.7841736016041307,1.7441661706621479,16.902976230463953,13.288260223981755,10.882852594621907,3.501994378721486,-0.1037372763170565,-2.533129317658368,1.429338281590851,1.4319660291754424,0.356950044631958,0.07640535373127823,0.008498772978782654,-9.081977605819702,-9.67988253679918,-10.064237899146974,0.20579033457842905,0.10902111515095331,1,0.08966476357780706,0,0.28553920104043273,"{""type"":""MultiPoint"",""coordinates"":[]}"
000000000000000002a8,2,MENTENG,PEGANGSAAN,3171061002,3.171061002E12,Tidak Diketahui,Pegangsaan 02,-,-,-,1375,Akibat tinggi permukaan kali ciliwung sejajar dengan air pembuangan dari saluran air (got) serta curah hujan tinggi,002,0,2020,1577865600000,-,0,0,0.49625931559641734,-11.37071784406035,-19.450913344330445,2.6837794278880285,9.528177033541349,-5.551832806559957,-13.47188080029571,2.932691965242867,JAKARTA PUSAT,1,0.7376179090359712,0,0.4321847677433666,2408.35172520937,2006.3712179263675,1643.822002134209,-35.82355121835053,-355.71246414818313,-623.8233268992426,147.81279349424173,189.44022420685582,21,13.435836464436806,6,8.469248654322657,1.373247002445296,-6.155588113521201,2.950232835868279,3.0446058020367643,1.0,5.199999809265137,2.27758720842675,0.0,2.680265426635742,-0.20965217422983606,-2.774669647216797,1.142991033677399,1.1327886433404812,265422.558626,266591.5394939568,13.33207893371582,3.8935845336359316,0.0,9.58948302268982,0.2981459292947264,-3.5534210205078125,2.1791294862891832,2.2144923725384347,23.81622678581705,12.997002086784386,10.487454809983728,10.345509916580982,-0.44002571436794136,-2.9199057668825414,3.145594512095894,3.158298005127136,356.9508361816406,21.783214890186855,0.00849878415465355,347.35454845428467,12.25173256658869,-10.178808502852917,104.24299912467984,104.27549471957592,1,0.17039333666149936,0,0.3666060555964672,"{""type"":""MultiPoint"",""coordinates"":[]}"
000000000000000002a9,46,MENTENG,PEGANGSAAN,3171061002,3.171061002E12,Tidak Diketahui,Pegangsaan 03,-,-,-,1376,"1. Ketinggian air kali ciliwung mengalami peningkatan;
2. Drainase kurang baik;
3. Permukaan badan jalan lebih tinggi dari rumah",003,0,2020,1577865600000,-,0,0,-2.813784755539567,-9.381995265979796,-15.55479217088794,3.0194083180093494,7.108512803028221,-2.49974983898525,-10.661109731248391,3.4769203334643044,JAKARTA PUSAT,1,1.0,1,0.0,2497.8075173669595,2331.9670602552983,2074.316238620181,14.734307904859634,-135.57183157589154,-346.6289011742233,79.7554809140809,97.43688533830009,15,10.807984256395844,5,2.6661464471055663,-1.4413854570875326,-7.1640602605415715,2.140519613396031,2.1992067982793904,1.0,3.8000001907348633,1.5401291110189173,0.0,1.365283489227295,-0.8028329306316405,-2.3368921279907227,1.225216606351256,1.2796494733818222,62050.2446186,62266.73265543677,6.53069543838501,2.264285424045878,0.0,3.337998867034912,-1.0233183436424578,-3.298492431640625,1.1793354385203012,1.168838610925518,23.815917041799054,14.948579663230833,11.536493156506276,10.322453472866721,1.4642059092843902,-1.944521504967378,3.7615392573250945,3.7733854653808603,356.704345703125,60.1779423058483,0.008498815819621086,347.2992124557495,50.78344310767042,-9.411530799232423,136.9257119661109,136.93848563518677,0,0.0,0,0.0,"{""type"":""MultiPoint"",""coordinates"":[]}"
000000000000000002aa,52,MENTENG,PEGANGSAAN,3171061002,3.17106100201E12,Tidak Diketahui,Pegangsaan 06,-,-,-,1377,"1. Banyak rumah / bangunan berdiri di atas saluran air;
2. Saluran air merembes ke rumah warga",006,0,2020,1577865600000,-,0,0,-4.92970821237253,-11.218119294455942,-15.966217105860107,2.1036530110195306,5.350494044702373,-2.102966202984413,-8.094161198452312,2.63125645775916,JAKARTA PUSAT,1,0.987785016286645,0,0.09534224628819535,2234.1069614170033,2081.2202541288693,1857.6425549492312,-262.4242200648205,-386.71044002229746,-538.3056962155772,61.81340338801641,92.52964718535836,17,13.315146579804559,9,4.289645507525099,0.13407639335217342,-4.213013982235388,1.659364079794471,1.557310737328377,1.0,4.199999809265137,2.8652996950209833,0.0,1.6200461387634277,0.188303125740628,-2.7529923915863037,1.4587212388259236,1.4348963372690975,72867.7153008,73127.67272174696,6.549026012420654,2.0076135722932786,0.0,3.061333656311035,-1.45329745689453,-3.5140271186828613,1.1883255586329202,1.1728334298679808,23.463556346320722,13.83808799960307,11.212220705868445,9.998434124268954,0.38966722939768184,-2.2344889243473727,3.0206378165821146,3.023184946515705,355.6929931640625,12.828917689980843,0.008498740382492542,346.4368896484375,3.563904458121557,-9.313589468598366,80.16461303036735,80.16605506695461,1,0.012214983713355046,0,0.09534224628819508,"{""type"":""MultiPoint"",""coordinates"":[]}"
000000000000000002ab,3,MENTENG,PEGANGSAAN,3171061002,3.17106100201E12,Tidak Diketahui,Pegangsaan 07,-,-,-,1378,Curah hujan tinggi dan sungai meluap,007,0,2019,1546329600000,-,0,0,-2.7118332262604468,-12.211061884300989,-15.896375222688324,2.2439600383943823,13.975651999215206,-1.959974367480625,-10.209962632832724,3.3649246594697364,JAKARTA PUSAT,1,0.9850445017265695,0,0.14139190265868368,2974.311993662356,2630.854451246122,2411.9223005209274,304.5564873001299,16.437490697779896,-173.3006729833237,127.19220183864786,172.06147658882972,14,11.087544380137157,6,1.265789725125499,-2.0963207264826385,-7.527215976056681,2.1206524712873653,1.9832899919082243,1.0,3.09999942779541,1.631571720873392,0.0,0.7247054576873779,-0.7441479382617696,-2.5064432621002197,1.2104227956784874,1.2245955345689619,143385.789461,143951.51430403246,6.204781532287598,1.8753582253761558,0.0,3.1698129177093506,-1.2541320052547433,-3.2412614822387695,1.1208743266204235,1.0918726703739259,26.598671020712406,16.122371267170703,11.406433846643852,13.11018544137117,2.619118462403093,-2.0854353687136875,4.817571541889724,4.819000357392435,356.1689453125,108.01719520001718,0.008498772978782654,346.99931621551514,98.74917761705916,-9.315170649439096,163.24872305909892,163.26133581091727,1,0.005252662808229174,0,0.10049854899791943,"{""type"":""MultiPoint"",""coordinates"":[]}"
000000000000000002b7,12,MENTENG,PEGANGSAAN,3171061002,3.17106100201E12,Tidak Diketahui,Pegangsaan 08,-,-,-,1429,Akibat tinggi permukaan kali ciliwung sejajar dengan air pembuangan dari saluran air (got) serta curah hujan tinggi,008,0,2020,1577865600000,-,0,0,-5.80008983185729,-12.115142532422613,-16.585661043093808,1.9568743497411134,8.078336179877187,-1.846501898253586,-9.707187528390175,3.721382732483148,JAKARTA PUSAT,1,1.0,1,0.0,2991.621423949063,2722.3767098613084,2440.2988331759434,345.542441149918,119.20621480143237,-97.5583144879356,118.29112280279651,155.88657183691603,14,10.186627153176511,5,1.265789725125499,-2.6279352939222154,-7.73322291939461,1.8703309144563123,1.8907504850644004,1.0,3.09999942779541,1.2006703997656336,0.0,0.7247054576873779,-1.0716187438781135,-2.3271777629852295,0.8711478745806179,0.9039349317228523,94215.5890832,94587.03572851738,6.22649621963501,2.4531127709573144,0.0,3.2224628925323486,-0.6034351662080099,-3.079329013824463,1.2391746054530874,1.217512390166,23.815130488851864,14.708169872756333,11.723048914697667,10.285773733801477,1.1840140397702568,-1.8009478782214092,4.224522577019279,4.2353222853228045,356.42388916015625,71.57808767690612,0.00849878415465355,347.17594146728516,62.36447238399152,-9.35579590126872,149.08900110978865,149.06102586457703,0,0.0,0,0.0,"{""type"":""MultiPoint"",""coordinates"":[]}"
000000000000000002ba,10,MENTENG,PEGANGSAAN,3171061002,3.171061002E12,Tidak Diketahui,Pegangsaan 05,-,-,-,1434,"1. Curah hujan tinggi;
2. Saluan air (got) lingkungan kurang memadai",005,0,2020,1577865600000,-,0,0,1.5618007135416747,-11.139552104510612,-15.8663308013992,2.8270327489869116,3.903977850090225,-3.0525969661278567,-8.43239680434726,2.862967204347231,JAKARTA PUSAT,1,0.957046503372382,0,0.24816680858541135,2348.6536640603117,2130.502292474393,1857.6425549492312,-135.46836783758317,-319.2632616138818,-534.6825653142826,85.69567693282839,113.33024534156877,20,14.037628682996095,10,7.404943147427092,1.3153230382527672,-2.7883874255577243,2.071248633278069,2.021380704892527,1.0,5.199999809265137,3.746390761658788,1.5,2.680265426635742,1.2039567317331827,-1.1739885807037354,0.8164626659475821,0.7965160935801089,57354.0614578,57584.33673494739,6.724203109741211,2.955946327532385,0.0,3.2388463020324707,-0.4583007228076846,-3.336749792098999,1.5334065376063297,1.5386429935902173,15.955435752675792,12.53866684058421,11.185588122132156,2.4912181685738783,-0.9159357848447983,-2.2566300822783756,0.9284806991693441,0.9308642617145605,0.04249391704797745,0.01428985414678746,0.008498772978782654,-9.180343210697174,-9.289882324026177,-9.355055529624224,0.03867910786250778,0.010580257599738761,1,0.04295349662761804,0,0.24816680858541132,"{""type"":""MultiPoint"",""coordinates"":[]}"
000000000000000002ad,60,MENTENG,CIKINI,3171061003,3.171061003E12,Tidak Diketahui,Cikini 01,-,-,-,1401,Luapan kali ciliwung,001,0,2010,1262332800000,-,0,0,6.190476966045189,-9.98631423815595,-15.913746687340774,3.2371373106635337,6.075599369986355,-3.468463458325529,-10.240373558917135,2.955056584472734,JAKARTA PUSAT,1,0.9954410866193542,0,0.13185543739602976,2449.0990739000135,2173.6736259836757,1956.9060257061412,414.06136664430915,251.29672243583957,38.294864921697354,90.28534832682055,105.76797383466152,20,10.398270432861773,6,10.672070579985794,0.842741633091929,-3.408924419536479,2.3287744461912254,2.3070713293874685,1.0,3.5,1.5838232323231087,0.0,1.3014490604400635,-0.6308290321486173,-2.1745898723602295,0.6880406964221084,0.6929231691002454,74243.0299265,74537.13462181747,18.64970588684082,2.9282770876026794,0.0,14.585202693939209,-1.0971218694974736,-4.075507640838623,2.566718352380913,2.578505951239118,23.813998706492807,13.233206062616818,10.133891297607601,10.416027390970786,-0.13398855238279053,-3.2218916071660963,2.8232192167425025,2.8310366543331735,358.106689453125,11.617554412337379,0.00849903468042612,347.27770042419434,0.624327304824946,-11.051968657411635,91.87788976337335,91.8420623275574,1,0.002208958029797433,0,0.0936549136660032,"{""type"":""MultiPoint"",""coordinates"":[]}"
000000000000000002ae,103,MENTENG,CIKINI,3171061003,3.171061003E12,Tidak Diketahui,Cikini 03,-,-,-,1403,Adanya luapan sungai Ciliwung yang masuk melalui saluran penghubung,003,0,2020,1577865600000,-,0,0,-5.701752030951403,-9.887669286447261,-15.602480393603397,2.2780255649499646,7.336303017144171,-3.849754782825567,-10.076162290776061,2.6950971547005,JAKARTA PUSAT,1,0.9626171814968496,0,0.17205233083335322,2365.0843991588094,2150.7055994669813,1912.425078044332,182.17067585552695,-22.271205921022975,-268.4353804275986,110.73943678640735,118.2478610615776,13,9.114530505609347,6,2.6881867694301125,-1.2010343351088677,-4.267891836806143,1.5551798406872588,1.5850681373183053,1.0,1.5999994277954102,0.3584139162042787,0.0,-0.7070331573486328,-1.8395628690609682,-2.2710323333740234,0.3619429718059457,0.3917450618511894,90800.2146285,91183.05701760817,6.670033931732178,2.5019256923240665,0.0,2.8839571475982666,-1.3521474071232908,-3.9558768272399902,1.5561211844836471,1.5377361577995152,26.602980737054487,16.623294676269634,11.21506552653779,13.18446633430871,3.2041005487819314,-2.1784834553823753,4.5036729237948565,4.509217052510117,357.80072021484375,119.03209268577285,0.008498926647007465,347.6213159561157,108.86340603072037,-10.425638417713344,162.25978941596247,162.25480930699828,1,0.00979714153988013,0,0.0870362919923006,"{""type"":""MultiPoint"",""coordinates"":[]}"
000000000000000002b4,81,MENTENG,KEBON SIRIH,3171061005,3.17106100501E12,Tidak Diketahui,Kebon Sirih 09,Cepat surut,-,-,1419,Kondisi wilayah seperti mangkok/piring cekungan,009,0,2020,1577865600000,-,0,0,9.194667119765926,-7.813980688916697,-17.32063140434625,5.1062523567412805,14.43759992087018,-2.363978432839,-10.9650321439009,4.864290073863046,JAKARTA PUSAT,1,0.9547246083880748,0,0.24128076806256418,2464.860331787253,2233.0735426661086,1965.6814330677876,777.0806072753778,511.11247371223453,279.06889258846354,108.60179791923422,102.28758942007396,30,10.456594239514908,4,20.903271013148306,1.3404341030433964,-5.022072172506235,3.7608627897102025,3.7770191897277856,1.0,5.400000095367432,3.2023042489608096,1.0,3.1866517066955566,1.0098812617937565,-1.1953818798065186,1.4703191101948199,1.4816587958362757,103659.044332,103981.43365567575,17.965681076049805,4.48270401311519,0.0,13.902820110321045,0.38317076252911125,-4.187509536743164,3.2303183203548205,3.2167336342897372,17.341759043238635,12.59180225171547,10.325368925100141,4.013929467687841,-0.7382203283638409,-3.0092455089234313,1.2822217671132994,1.2803651400957459,0.09348959475755692,0.026502709252847974,0.008499052375555038,-9.926619999110699,-10.442637932099528,-11.09055345878005,0.32166086814764505,0.025162893416639857,1,0.03547246083880748,0,0.21434855541958692,"{""type"":""MultiPoint"",""coordinates"":[]}"
000000000000000002b8,273,MENTENG,KEBON SIRIH,3171061005,3.17106100501E12,Tidak Diketahui,Kebon Sirih 08,1 Hari surut,-,-,1431,Air kiriman dan hujan deras,008,0,2020,1577865600000,-,0,0,-7.528404332720198,-10.6345738609977,-14.52170959142152,1.786509651675907,1.8305578354954992,-3.7412903475185417,-8.640409219000556,2.285086602892424,JAKARTA PUSAT,1,1.0,1,0.0,2547.273854450575,2434.548679342386,2264.7125924720826,566.4608303861394,453.0984841263671,267.2325905958496,82.71159206558764,80.27247205309,13,7.949710777948294,5,3.394910341746307,-1.4888039108903606,-4.44157085072419,1.903349886364479,1.9294951572348302,1.0,1.6000003814697266,0.34889658118572103,0.0,-0.5792078971862793,-1.7911296156217995,-2.166630744934082,0.43874219741754966,0.44879020917691226,29558.3599022,29664.815121126343,4.719659328460693,2.5333571571440276,0.0,0.8028326034545898,-1.3741852664325496,-3.854194164276123,1.1514587743497267,1.1520083435864796,26.604713676351313,18.35407262869658,11.672172442234569,13.212653158633259,4.968474290969009,-1.7130884834372857,5.217118056810398,5.220487839412744,358.38714599609375,190.72833058189417,0.008499037474393845,347.56890392303467,179.85323120961579,-10.944630824029446,178.77572015303457,178.76966431621997,0,0.0,0,0.0,"{""type"":""MultiPoint"",""coordinates"":[]}"
000000000000000001fa,77,JOHAR BARU,JOHAR BARU,3171081001,3.171081001E12,Tidak Diketahui,Johar Baru 01,-,-,-,1092,Tidak efektifnya saluran Gendong pada pembangunan Sheedfile,001,0,2020,1577865600000,-,0,0,-3.367869216640525,-12.251415698237935,-14.937964290908216,1.7839188771325991,3.5524559812194294,-4.123800282830404,-7.814243316360033,2.2777710849402717,JAKARTA PUSAT,1,1.0,1,0.0,3482.1338548783433,3330.1445888482476,3139.010065987322,1132.360967618682,1003.1000539898474,843.8722999978195,78.87513848398639,97.0093957233287,11,7.19214274774085,3,1.6892059750873827,-1.8750902972568337,-6.051151383895787,1.712469277962287,1.700509727503296,1.0,1.299999713897705,0.29959406800137894,0.0,-0.33273279666900635,-1.3566285530902622,-1.7063286304473877,0.5193924973030313,0.5105186365046971,45560.9926821,45769.77528383506,5.4005045890808105,2.61502092007675,0.0,2.373162031173706,-0.4529924894441853,-3.0499472618103027,1.1582811192907774,1.1504939420093379,21.278459756711673,16.24305621199195,11.40648153764533,7.753239191414028,2.722967838139697,-2.12147509691329,2.7963039945095916,2.796048692154802,3.2806107997894287,1.5819082003010347,0.008499076589941978,-5.07623028755188,-7.04641905538327,-8.792800972238183,1.139333122431288,1.1554737945499003,0,0.0,0,0.0,"{""type"":""MultiPoint"",""coordinates"":[]}"
000000000000000001fb,207,JOHAR BARU,JOHAR BARU,3171081001,3.171081001E12,Tidak Diketahui,Johar Baru 02,-,-,-,1093,Intensitas hujan cukup tinggi,002,0,2020,1577865600000,-,0,0,-5.930425284036023,-11.318695348235071,-13.728807181599162,1.6103277273194778,1.359750945801074,-4.985304910461345,-8.091120798297775,1.746735704248532,JAKARTA PUSAT,1,1.0,1,0.0,3240.1855460822353,3168.0249156283294,3033.0447474416887,936.1316556016336,873.3237559649831,756.7794706643576,42.677310134925015,52.97446869984959,11,7.44409090909091,5,2.4031595375301062,-1.2265888352154186,-3.698506226714903,1.2253092822183442,1.1867602959317443,1.0,1.9000000953674316,1.2254319612546398,0.0,0.2760136127471924,-0.40951991047371505,-1.6445043087005615,0.44554643951566686,0.44197740747359904,30738.1227537,30838.6731394546,4.145479202270508,1.8445756752043965,0.0,1.048774003982544,-1.2576334033025938,-3.08186411857605,1.0956898474169061,1.105351649577352,19.21357414202485,14.807352649048596,11.672184041591757,5.700354571382068,1.2962474453526447,-1.8472049692732337,2.398841824985418,2.395253228835597,3.2806107997894287,0.3358665299623021,0.008499141782522202,-5.0222389698028564,-7.8990230143946505,-8.372777879238129,0.847262426075331,0.8664333832474955,0,0.0,0,0.0,"{""type"":""MultiPoint"",""coordinates"":[]}"
000000000000000001fc,150,JOHAR BARU,JOHAR BARU,3171081001,3.171081001E12,Tidak Diketahui,Johar Baru 03,-,-,-,1094,-,003,0,2020,1577865600000,-,0,0,9.082077681170048,-9.505307827290896,-13.870299097369129,3.1703630762506374,7.886060453618776,-4.100310690984455,-7.390727095273844,2.4109104934157117,JAKARTA PUSAT,1,0.9914466843323385,0,0.08362212737350672,3693.215064037931,3483.3682701784646,3318.9059817922894,1295.0755984972257,1128.3787692341361,979.563100648917,64.54507817397602,80.73843121003533,13,9.143494448730417,6,3.8795744816326696,0.19755912329661177,-3.2591330381941255,1.3362949244242408,1.3261892852206585,0.7231272893378219,2.700000286102295,1.3090935709235512,0.0,1.051670789718628,-0.34438665714970224,-1.6415421962738037,0.571671699135327,0.5736096421084856,104116.141509,104546.66955167182,7.034433364868164,2.139241197488446,0.0,4.111027479171753,-0.8103277752413279,-2.9827773571014404,1.2379379574789657,1.2282026361390994,17.58388122012736,13.44936981143498,11.191547801573337,4.046254640917645,-0.09800078623222874,-2.3398150638330364,1.3873863561388906,1.3865711382041053,0.9943874478340149,0.05733763119339845,0.008499091491103172,-7.167995631694794,-7.876776790691644,-8.367617661133409,0.24924791908932692,0.16608456262690308,0,0.0,0,0.0,"{""type"":""MultiPoint"",""coordinates"":[]}"
000000000000000001fd,174,JOHAR BARU,JOHAR BARU,3171081001,3.171081001E12,Tidak Diketahui,Johar Baru 04,-,-,-,1095,-,004,0,2020,1577865600000,-,0,0,-4.293554353012953,-10.17172013378713,-12.745538651366253,1.850910267355533,0.03377178136873226,-4.224495085741004,-6.6389784064716295,1.5872126224598402,JAKARTA PUSAT,1,1.0,1,0.0,3693.215064037931,3563.5318746569424,3463.5491259047867,1295.0755984972257,1176.9489537214606,1084.1259121045105,65.9837427775471,70.27333883508041,14,10.571050308914385,6,4.773290441756208,1.3896515205478628,-3.2591330381941255,1.979007103120571,1.9626706612591616,0.7270005645495057,2.0,1.4458253515366422,0.0,0.3742523193359375,-0.19329633912678224,-1.6325572729110718,0.5396597657509049,0.5376242291090038,19835.2673886,19877.08339173817,4.159976482391357,2.4852876319889465,0.9274099469184875,1.2469141483306885,-0.42547161251911514,-1.9976925253868103,0.9056733431611927,0.9049726531029106,17.225813186799453,13.514286751298561,11.672176208866864,3.6797169331917132,-0.025289381823456927,-1.8647001527998732,1.6702988569027475,1.6704415306055767,0.9858883619308472,0.08385546831389445,0.008499101735651493,-7.303320050239563,-7.717791511574456,-8.210375875234604,0.2010595988354964,0.22788110664136657,0,0.0,0,0.0,"{""type"":""MultiPoint"",""coordinates"":[]}"
000000000000000001fe,600,JOHAR BARU,JOHAR BARU,3171081001,3.17108100101E12,Tidak Diketahui,Johar Baru 06,-,-,-,1097,-,006,0,2020,1577865600000,-,0,0,-3.4539883574762094,-11.246436102493359,-15.869142076556528,1.9364839544752648,0.819632335472319,-4.766879973690476,-9.587923915074633,1.8967110720210165,JAKARTA PUSAT,1,0.9908505977913664,0,0.11951030798891775,3777.3065187347443,3650.7557892047903,3442.3651404797974,1363.7634360288012,1229.8200302356818,998.8225288284225,67.94182352918801,71.68596090350763,15,7.533015423929911,3,5.398987164372858,-2.0118400089026784,-6.875242857604002,2.3612711606667927,2.317662744342527,1.0,1.8000001907348633,0.6271699861180255,0.0,0.17522072792053223,-1.003641317268135,-1.655422568321228,0.5045757574919915,0.501767585503989,152875.750726,153489.829609005,9.067116737365723,2.7367465777073283,0.0,6.156288385391235,-0.1612362235245984,-2.9595022201538086,1.5803156376989342,1.585719440771119,18.89990335561562,14.026807153215708,10.882888518128887,5.337053293144242,0.476622837907419,-2.6622358715892567,2.1527250841264363,2.1528967605178377,1.1303731203079224,0.26248420896262775,0.008499037474393845,-7.2097207903862,-8.028648578358618,-8.681929741054773,0.4695892391081066,0.391398555290013,1,0.007506616774664602,0,0.09781863155225404,"{""type"":""MultiPoint"",""coordinates"":[]}"
000000000000000001ff,515,JOHAR BARU,JOHAR BARU,3171081001,3.17108100101E12,Tidak Diketahui,Johar Baru 08,-,-,-,1099,Bankir / air tidak lancar,008,0,2020,1577865600000,-,0,0,4.097908931640655,-9.437907000092935,-14.172123617685543,2.9256902768714945,11.03897331664056,-3.1231079485578235,-8.772120578297162,3.190614227591305,JAKARTA PUSAT,1,0.9851732184527016,0,0.12125430454680514,3583.2274512909826,3405.807775127133,3192.0215612176544,1208.1241599749674,1014.4527966068994,772.4934791475221,119.1165621321927,109.35914433216776,11,6.773541554478549,0,1.6892059750873827,-2.792421376506764,-9.611300442723413,2.2198831707288633,2.188998190133789,1.0,1.6000003814697266,0.5633172204006169,0.0,-0.0654454231262207,-1.1297440099964404,-1.7352486848831177,0.42121246301459164,0.41775856723139065,97198.3944709,97612.02505941881,8.776071548461914,2.957834241217331,0.0,5.8258678913116455,-0.031970881420755874,-3.0352511405944824,1.79352193105934,1.7872379217257246,21.19189009828642,13.462686407170816,10.916045662416064,7.659362835577207,-0.07444599604453798,-2.6282164547625477,2.290015553793253,2.2883484000845065,1.682785153388977,0.20347317423747704,0.00849906262010336,-7.118036150932312,-8.60304989680234,-8.960011828690767,0.5549136472802039,0.5408738539082215,1,0.014826781547298511,0,0.12125430454680537,"{""type"":""MultiPoint"",""coordinates"":[]}"
00000000000000000273,257,JOHAR BARU,KAMPUNG RAWA,3171081002,3.171081002E12,Tidak Diketahui,Kampung Rawa 01,-,-,-,1292,Tingginya curah hujan dan antrian air yang menuju Kali Sentiong,001,0,2020,1577865600000,-,0,0,-4.471315212133238,-11.32558367937828,-14.779436955207476,2.4031830454066574,2.6719888216020364,-2.8289146725383345,-6.832841208278346,2.000098706531039,JAKARTA PUSAT,1,1.0,1,0.0,2987.3034691983003,2882.747941782566,2779.8933419494465,741.26907369831,651.7124255151197,563.4071082965897,45.408939633484486,55.24603462834512,12,9.800793301013663,5,3.7356435328164554,1.552948045946263,-3.332961747942905,1.8581265980919262,1.8585159758939547,1.0,2.9000000953674316,2.3329367936051537,1.0999999046325684,1.2667293548583984,0.6951718965220489,-0.5379050970077515,0.6867857331187832,0.6836484402156884,23782.8452172,23896.07347348588,3.9402973651885986,2.3511549090435455,0.0,0.738283634185791,-0.8533839564220451,-3.192038059234619,0.9950552093644813,1.009615357123882,15.955480790195834,12.408786155672864,11.723119693085877,2.4324606190239333,-1.1073544029066897,-1.7978620049650225,0.8810076981926741,0.8871045339269289,0.016998406499624252,0.008782628308382393,0.008499184623360634,-7.820593304000795,-7.869208981403681,-8.144325217232108,0.08933882470023545,0.002494888626711502,0,0.0,0,0.0,"{""type"":""MultiPoint"",""coordinates"":[]}"
00000000000000000274,857,JOHAR BARU,KAMPUNG RAWA,3171081002,3.171081002E12,Tidak Diketahui,Kampung Rawa 02,-,-,-,1293,Tingginya curah hujan dan antrian air yang menuju Kali Sentiong,002,0,2020,1577865600000,-,0,0,-5.299584775871014,-12.148977879213646,-14.428758898157733,1.5603447357584697,0.8499554390199209,-4.357626580264545,-6.283308607590086,1.528502045617837,JAKARTA PUSAT,1,1.0,1,0.0,3071.1090804960018,2969.0054975321127,2911.441581050983,805.0717247927091,718.0057961427074,663.5913526570171,38.28494911555112,47.18779308435758,12,8.601766304347828,5,3.698761028118531,0.212679810687016,-3.3707042074135742,1.8394818615150932,1.8091767757001593,1.0,2.799999713897705,1.8344837637051294,0.9000000953674316,1.1751787662506104,0.20534487499491028,-0.7358090877532959,0.7419154506923976,0.7403608327426916,25626.1084498,25731.797718810252,4.159943103790283,1.9974231770181141,0.0,0.9677979946136475,-1.193221836601911,-3.192038059234619,1.083265914503884,1.0909539800073382,16.648626874976447,12.866513211769275,11.668691766868033,3.1287322119428644,-0.6576450830334186,-1.8573294644891583,1.222267716275747,1.223269303758797,0.016998350620269775,0.011227925010683504,0.008499184623360634,-7.960329493507743,-8.277154097460848,-8.403321227058768,0.1351471441460847,0.004155458894022399,0,0.0,0,0.0,"{""type"":""MultiPoint"",""coordinates"":[]}"
00000000000000000275,452,JOHAR BARU,KAMPUNG RAWA,3171081002,3.171081002E12,Tidak Diketahui,Kampung Rawa 03,-,-,-,1294,Tingginya curah hujan dan antrian air yang menuju Kali Sentiong,003,0,2020,1577865600000,-,0,0,-5.299584775871014,-10.557073719108823,-14.973897523787208,1.9746197214422319,0.5420841352274831,-4.508899265297894,-7.573123325259786,1.790573317591402,JAKARTA PUSAT,1,1.0,1,0.0,3155.4161536882916,3072.4927262270926,2997.3690208403514,869.9951249212168,797.7281265502027,730.7108889507349,40.486229065903295,49.81821004910874,10,7.6529022777369615,6,1.5793228652366675,-0.8729483437223883,-2.6490747523702254,1.1518239321276933,1.1267131182879113,1.0,1.9000000953674316,1.4090375615777906,0.8000001907348633,0.2770392894744873,-0.21943754098767482,-0.8412171602249146,0.41797681315230834,0.4137580122364418,23737.1302692,23851.86790424161,3.8394336700439453,1.7305621637832058,0.0,0.7063226699829102,-1.418739988749558,-3.1815006732940674,0.9362258308253558,0.9291992580414556,17.901390407015622,14.16755900144284,11.749126259445974,4.370352573724231,0.6439142951982656,-1.769168397383556,1.6301653273616619,1.622104689449893,0.2549747824668884,0.07427057560292415,0.00849915947765112,-8.007156908512115,-8.261439788324687,-8.372777879238129,0.12299294412212543,0.0922215696302617,0,0.0,0,0.0,"{""type"":""MultiPoint"",""coordinates"":[]}"
00000000000000000276,198,JOHAR BARU,KAMPUNG RAWA,3171081002,3.171081002E12,Tidak Diketahui,Kampung Rawa 04,-,-,-,1295,Tingginya curah hujan dan antrian air yang menuju Kali Sentiong,004,0,2020,1577865600000,-,0,0,-0.5441656086126693,-9.735808594653202,-13.3623658826622,2.63188861704438,3.819153841824771,-3.903232106679801,-8.070223987461898,2.3953723663524715,JAKARTA PUSAT,1,1.0,1,0.0,3198.7543709788697,3065.5714110990625,2821.3751145383426,918.4615162485097,799.0283442543606,599.1391659266765,71.62161385631526,88.90367043731665,13,8.973579335793355,6,4.468420549728785,0.5907990222061268,-2.5036468452452745,1.232872807379104,1.1987238111884653,1.0,3.500000476837158,2.8235942795531757,1.9000000953674316,1.8557701110839844,1.18789291074795,0.27629077434539795,0.3947917534363311,0.40097078553066856,47367.0908424,47517.74913707047,3.940305709838867,1.5611589678099227,0.0,0.8485081195831299,-1.5571654645631225,-3.181934118270874,0.8909179926550642,0.874488355073567,17.054094174642074,13.531220945932432,11.886947402687543,3.516786509931494,-0.011651004670879017,-1.6695425530193155,1.2379145593186585,1.2378750271971755,0.03399674966931343,0.017007783019152286,0.008499166928231716,-7.591896480880678,-7.982479115001908,-8.297876298427582,0.20879579757167813,0.009195683479980827,0,0.0,0,0.0,"{""type"":""MultiPoint"",""coordinates"":[]}"
00000000000000000278,271,JOHAR BARU,KAMPUNG RAWA,3171081002,3.17108100201E12,Tidak Diketahui,Kampung Rawa 06,-,-,-,1297,Tingginya curah hujan dan antrian air yang menuju Kali Sentiong,006,0,2020,1577865600000,-,0,0,-4.471315212133238,-11.043620108780194,-14.820927182574763,2.3844204427776,-0.577989567171272,-4.167744901395991,-7.334214386069915,1.8493218286292883,JAKARTA PUSAT,1,1.0,1,0.0,2865.260761726381,2778.907429870785,2704.577482392719,648.7610531599516,570.99703162335,505.13058121218455,39.61096955840323,46.955227449085875,10,7.664911992103964,4,1.909195146027928,-0.49104760376975687,-4.23250629041509,1.6190827934736314,1.5954700534193738,1.0,3.000000476837158,1.5826947239987024,0.0,1.3612769842147827,-0.06694119140140552,-1.6595662832260132,0.8755552785062732,0.8704335206669742,21049.5345287,21154.340493953543,3.353815793991089,1.8650292326674922,0.0,0.15447020530700684,-1.3756751546167114,-3.2647643089294434,0.8872594145812196,0.8887559328872994,19.287873504953755,13.985981574844216,11.88695227089668,5.811878305694714,0.48532284842832213,-1.6139308950983278,2.048519814399226,2.0394669156902627,3.875549077987671,0.38714792184485114,0.008499198593199253,-4.009267568588257,-7.483133624889523,-7.8760194247588515,1.3214079669948497,1.3313269160403223,0,0.0,0,0.0,"{""type"":""MultiPoint"",""coordinates"":[]}"
00000000000000000279,456,JOHAR BARU,KAMPUNG RAWA,3171081002,3.17108100201E12,Tidak Diketahui,Kampung Rawa 08,-,-,-,1299,Tingginya curah hujan dan antrian air yang menuju Kali Sentiong,008,0,2020,1577865600000,-,0,0,-5.930425284036023,-12.800175187520784,-14.973897523787208,1.6502692243837862,0.30681154160790347,-4.691690960627204,-7.334214386069915,1.70944281107438,JAKARTA PUSAT,1,1.0,1,0.0,3170.3804875485657,2937.9852763954004,2790.7070829135955,887.5997141123676,696.2999403460072,572.3367135259195,88.54605635507866,110.69498149805818,8,5.572750362844703,2,-0.44838678855196434,-2.8742479556191562,-6.303564034785591,1.2531147649047043,1.316461297742917,1.0,1.200000286102295,0.2879535864676377,0.0,-0.4409017562866211,-1.353297192576316,-1.654008388519287,0.48951852546994407,0.48759772401082924,19318.1365721,19354.13087371994,3.839418649673462,1.863447620653708,0.0,0.5971851348876953,-1.3551908070640573,-3.202530860900879,0.94667409374937,0.9680659352973687,22.053534079976146,17.27036250087051,11.749134785595139,8.561584718162662,3.7773195161500532,-1.7471952057694295,2.7771647576030922,2.772127960583599,3.858550548553467,2.667459914154111,0.008499141782522202,-4.035072326660156,-5.525339133065453,-8.376315077766776,1.72353531757809,1.7042195022030537,0,0.0,0,0.0,"{""type"":""MultiPoint"",""coordinates"":[]}"
00000000000000000287,686,JOHAR BARU,GALUR,3171081003,3.171081003E12,Tidak Diketahui,Galur 01,-,-,-,1314,Hujan lebat dan lama,001,0,2020,1577865600000,-,0,0,-6.891716910494289,-12.43196451503372,-14.460916609940988,1.4590180458398874,-0.8695710729419825,-5.0421325710161495,-7.0401847005614915,1.645612647895004,JAKARTA PUSAT,1,1.0,1,0.0,2779.8933419494465,2667.4096848403847,2533.7244293416434,581.7811899551248,486.1569678160506,373.0820385053971,50.53623283678617,60.255181157918635,9,6.29574656623837,5,0.8983023855731105,-1.7507137889966045,-3.0753256680626286,1.0153976434840808,1.047565601757847,1.0,2.000000476837158,0.830926018158419,0.0,0.34503650665283203,-0.8303778760191295,-1.6667708158493042,0.5128114953968148,0.5104128924892187,15850.1276125,15906.828352311244,4.145472526550293,1.8770626909869088,0.0,0.8764657974243164,-1.416848697411999,-3.286088705062866,0.8926834065874958,0.8894393746300933,19.29006514346065,14.35089896948089,12.01469297631678,5.817486204593205,0.8693439950632704,-1.4679866074335148,2.3936667133068474,2.389070410084126,3.9010467529296875,0.7997001247974853,0.00849922001361847,-4.006982326507568,-7.083831293628077,-7.886539861559868,1.5956041534960466,1.6017410273845831,0,0.0,0,0.0,"{""type"":""MultiPoint"",""coordinates"":[]}"
00000000000000000288,85,JOHAR BARU,GALUR,3171081003,3.171081003E12,Tidak Diketahui,Galur 02,-,-,-,1315,air kali sentiong meluap saluran air macet/mampet,002,0,2020,1577865600000,-,0,0,-7.48860555582023,-11.702704492014576,-15.233373006501791,1.80187895537235,0.6180753293461209,-3.9896159063499796,-9.428152835792877,2.248799007943284,JAKARTA PUSAT,1,1.0,1,0.0,2821.3751145383426,2573.0302113914163,2365.0843991588094,616.8052073872545,416.05074599658445,245.02260895745349,85.46959396923445,108.05180589176409,12,5.903160453808751,2,4.317641812907013,-1.959711934514145,-5.8493168137134495,2.442653904373603,2.4536935923007905,1.0,2.4000000953674316,0.9873501478563058,0.0,0.7554066181182861,-0.670646948501395,-1.6751186847686768,0.6542281472383288,0.6473116781227969,43062.5182267,43252.614996332886,5.938636779785156,2.842509647658037,0.0,2.5807883739471436,-0.4787380088766736,-3.349264621734619,1.4429659255119955,1.4482046088636125,19.29443420145698,13.876043400469886,11.435447154223441,5.825777629624904,0.38974957399710375,-2.0441967857205547,1.9134991490826216,1.9070301994757333,4.1050286293029785,0.30974066429016756,0.00849925260990858,-3.574799060821533,-7.490209995351979,-7.873996619135141,1.1857102078931956,1.1840381957598254,0,0.0,0,0.0,"{""type"":""MultiPoint"",""coordinates"":[]}"
00000000000000000289,145,JOHAR BARU,GALUR,3171081003,3.171081003E12,Tidak Diketahui,Galur 04,-,-,-,1317,"curah hujan tinggi, kondisi rumah lebih rendah dari jalan",004,0,2020,1577865600000,-,0,0,-5.213067965591301,-10.629148394807721,-14.406115726100968,2.0562711109937837,16.230862813863087,-2.8675761822829204,-9.579872938654706,3.260829502851587,JAKARTA PUSAT,1,1.0,1,0.0,3038.713994907392,2786.3913724196736,2497.8075173669595,802.5607882990025,593.8536391099275,364.89166184987243,108.59684682179929,141.99738624426095,15,10.307579298831385,7,7.235563907374589,2.3440235472187196,-1.2321559384705854,1.7068189623981118,1.6516926007475494,1.0,3.200000286102295,2.69256762394722,1.5999999046325684,1.5625252723693848,1.0528325044093825,-0.04532933235168457,0.41079746199242917,0.41109440658451885,52233.1567906,52475.61300343124,7.2227864265441895,2.227790387739522,0.0,3.9525814056396484,-0.9760886412749509,-3.2274603843688965,1.4761982605502486,1.5032291880493387,16.648631477241572,12.758081155475145,11.113402775956793,3.1356291585747176,-0.7643491597938195,-2.402860443833635,1.2252724093744216,1.227381902748336,0.03399695083498955,0.00915419214630565,0.008499198593199253,-7.416757942177355,-7.69193196405876,-7.8137735687196255,0.09773648167144137,0.0051953822063910355,0,0.0,0,0.0,"{""type"":""MultiPoint"",""coordinates"":[]}"
0000000000000000028a,145,JOHAR BARU,GALUR,3171081003,3.171081003E12,Tidak Diketahui,Galur 05,-,-,-,1318,ukuran saluran kecil,005,0,2020,1577865600000,-,0,0,-5.821436459253,-10.779098954219986,-14.7710288842367,2.0491848998646125,0.8092185903776238,-4.415228980882255,-8.271905033575571,1.8878911564829373,JAKARTA PUSAT,1,1.0,1,0.0,2959.810142304346,2744.2694120449864,2547.273854450575,746.8692551326194,577.3912198889169,413.6663639511539,85.56676520318057,114.1398949198593,14,10.270467547839813,7,6.279007548486824,2.459722825041114,-0.8363537917686905,1.462804104788984,1.4500553696718657,1.0,2.700000286102295,1.9583745638654881,1.5,1.0752239227294922,0.32364601413040484,-0.13916301727294922,0.4274926073144909,0.4306516492086064,35364.8125107,35509.2453980666,4.654246807098389,2.2021149852603217,0.0,1.5016131401062012,-0.9972924223416985,-3.1208620071411133,1.0812550436064707,1.084761666980855,16.57242638217732,13.283104541214982,11.561793175637433,3.0512454911175304,-0.24218458712878982,-1.9637011402278084,1.4602254778232844,1.4604314849968398,0.25497663021087646,0.06498407714640655,0.008499208837747574,-7.072381615638733,-7.4900549558327745,-7.723436262458563,0.19516972307310299,0.09907063397221993,0,0.0,0,0.0,"{""type"":""MultiPoint"",""coordinates"":[]}"
0000000000000000028b,145,JOHAR BARU,GALUR,3171081003,3.17108100301E12,Tidak Diketahui,Galur 06,-,-,-,1319,Lantai bangunan lebih rendah dari saluran air / sebagiab ada luapan dari luar,006,0,2020,1577865600000,-,0,0,-2.484274855870457,-11.011164097323219,-14.247011705023557,2.172547955869092,4.180940714902469,-4.673309527831049,-8.876451826046342,1.8125728031782353,JAKARTA PUSAT,1,1.0,1,0.0,3087.875951668441,2856.59851346818,2653.179401278082,852.367807123167,670.6738050574018,521.363045041493,94.53650482840979,130.70683576199147,13,9.489388717576636,6,4.951301079715879,1.5787442613952036,-1.8786189763404737,1.780285540589069,1.8556304620864161,1.0,3.200000286102295,2.133185263707593,1.5,1.5495846271514893,0.48976977284928097,-0.14232897758483887,0.5478626717143481,0.5564360538863006,38519.475758,38643.72456963498,4.744986534118652,2.1270275235705856,0.0,1.6528410911560059,-1.0134361570259414,-3.231727123260498,1.102170996576237,1.0923370027280237,19.133537834822892,13.690381070218569,11.536575716888883,5.593570444088067,0.15585616655460924,-1.9966745701652506,1.652040427562924,1.6519590730646199,0.24647735059261322,0.07102310324029287,0.008499198593199253,-6.813274742104113,-7.4098346064969665,-7.6797036193311214,0.21407728455727598,0.09058542300482111,0,0.0,0,0.0,"{""type"":""MultiPoint"",""coordinates"":[]}"
0000000000000000028c,80,JOHAR BARU,GALUR,3171081003,3.17108100301E12,Tidak Diketahui,Galur 07,-,-,-,1320,Intesitas hujan yang cukup tinggi serta lama kondisi eksisting rumah warga lebih rendah dari jalan,007,0,2020,1577865600000,-,0,0,0.01108897564147178,-9.681670507252013,-13.951739543192865,2.811715077753025,4.180940714902469,-3.926422414662143,-7.834356138166452,2.3492052776170116,JAKARTA PUSAT,1,1.0,1,0.0,3192.0215612176544,2919.8789157128676,2709.346062320677,961.885508806573,738.0478224506796,573.0637321492704,98.60620321622592,131.5026384489644,13,9.512009077728047,6,4.951301079715879,1.6239179535861596,-1.7428416727763736,1.5528843833854162,1.5447183167828469,0.8968984662629996,4.700000286102295,2.0955746817587304,1.5,3.0734626054763794,0.4500166322186533,-0.14232897758483887,0.45954465206593426,0.46208895158829244,55305.4478464,55536.71629211632,5.400482654571533,2.216160273590267,0.0,2.328831911087036,-0.8854844489412019,-3.142883062362671,1.1219431150717885,1.1051433808457158,19.133537834822892,13.402145581848773,11.48677099249275,5.593570444088067,-0.14878846243379754,-2.085810171086573,1.4611920140193715,1.4630023101040677,0.24647735059261322,0.046890036281991315,0.008499198593199253,-6.674511314369738,-7.3831859977165815,-7.575655407272279,0.2148226606056137,0.06854255639243106,0,0.0,0,0.0,"{""type"":""MultiPoint"",""coordinates"":[]}"
0000000000000000027a,864,JOHAR BARU,TANAH TINGGI,3171081004,3.171081004E12,Tidak Diketahui,Tanah Tinggi 01,-,-,-,1300,Curah hujan cukup tinggi yang mengakibatkan air hujan meluap dari kali sentiong ke jalan dan pemukiman,001,0,2020,1577865600000,-,0,0,-5.823562696916333,-10.88225509953019,-16.601342852686464,2.194920943145627,5.924322452358066,-4.9869699663264395,-10.304223715989973,2.67143670197252,JAKARTA PUSAT,1,1.0,1,0.0,2587.496455406664,2366.323442386743,2243.7160679617973,480.572839884891,308.7171265700192,220.398323657716,65.16360722778263,78.16524050671403,10,5.660219729915313,3,1.9499315221146833,-2.4231974631623645,-5.07118514508282,1.5101892644712227,1.5412951492949285,1.0,1.0999999046325684,0.36807054623664703,0.0,-0.621301531791687,-1.3805668059285428,-1.7678217887878418,0.3022379702723878,0.2962270389264961,60895.7435917,61213.35773991074,5.938642501831055,2.4425870099297424,0.0,2.4186604022979736,-1.1667491683604705,-3.666717290878296,1.34024015562108,1.3418158568168446,20.71765515768561,14.20466851117611,11.310888226640527,7.337664472075435,0.8214107338891335,-2.0861944544857653,1.858938436593227,1.8570969608025514,0.9944050312042236,0.20136773584205472,0.008499208837747574,-7.32319712638855,-8.066990391774201,-8.585054323077202,0.2910404282617219,0.31020295813537546,0,0.0,0,0.0,"{""type"":""MultiPoint"",""coordinates"":[]}"
0000000000000000027b,300,JOHAR BARU,TANAH TINGGI,3171081004,3.171081004E12,Tidak Diketahui,Tanah Tinggi 02,-,-,-,1301,Curah hujan cukup tinggi yang mengakibatkan air hujan meluap dari kali sentiong ke jalan dan pemukiman,002,0,2020,1577865600000,-,0,0,-6.501007355703999,-11.126441652861288,-13.802937160611854,1.5729146018610511,0.3503475534224679,-3.9633981571592956,-8.471654768762189,1.9001571519836413,JAKARTA PUSAT,1,1.0,1,0.0,2767.4830418432575,2567.348727713463,2440.2988331759434,621.2799446418016,472.2862827248581,371.2930539040085,65.61252260239925,81.3046692659667,8,6.2189790750366525,4,-0.29279867503790413,-2.180943719596779,-4.370226454762086,0.939774467913477,0.9373557137351983,1.0,0.9000000953674316,0.3023923982004793,0.0,-0.8420740365982056,-1.4763454351523042,-1.787530779838562,0.2933027445747192,0.2984116733803511,52375.2688864,52583.42740242352,4.6273674964904785,1.715253103550761,0.0,1.0421240329742432,-1.8763925355346334,-3.6587469577789307,1.0242351239592955,1.0184000109633269,20.312186543080873,14.933499582397992,11.561788463807734,6.95077617410187,1.5735585222560105,-1.7920294691843353,2.2446271480852786,2.247806484088246,0.6629343628883362,0.2524422066103491,0.008499198593199253,-7.438947856426239,-7.983310767234699,-8.43151742219925,0.33757240629536855,0.2773686722927078,0,0.0,0,0.0,"{""type"":""MultiPoint"",""coordinates"":[]}"
0000000000000000027c,677,JOHAR BARU,TANAH TINGGI,3171081004,3.171081004E12,Tidak Diketahui,Tanah Tinggi 03,-,-,-,1302,Curah hujan cukup tinggi yang mengakibatkan air hujan meluap dari kali sentiong ke jalan dan pemukiman,003,0,2020,1577865600000,-,0,0,-4.539573456001889,-11.523107711816634,-15.463387945964847,2.111759549745076,1.5230614897078723,-3.0822471752855285,-10.327030053237737,2.7481969194041262,JAKARTA PUSAT,1,0.976993865030675,0,0.12498425196844122,2612.321102482647,2424.4619607318573,2319.1560581931994,479.1042508829123,318.01538791655446,229.73448444525684,72.05201225439274,85.009004719724,9,6.197221219776256,3,1.1210625218918278,-1.7957978990590389,-5.035162595157644,1.5526229512179561,1.583328360576191,1.0,1.0999999046325684,0.7946500200865628,0.5,-0.6177757978439331,-0.9206857017255868,-1.2175590991973877,0.1758926631568727,0.17814587119925485,38738.4133908,38849.72492446938,4.9860992431640625,2.6396312268846773,0.9274099469184875,1.5344417095184326,-0.8305876434806535,-2.576198399066925,1.1385116484804003,1.1346822345747747,14.774849579066547,12.547656196280993,11.486773897247836,1.3804427811626727,-0.8539931642020595,-1.907007289791805,0.7544157488722821,0.7540235654630879,0.04249617084860802,0.014668156204742482,0.008499208837747574,-7.738477122969925,-7.887012377795648,-8.111751481890678,0.0855539858312171,0.01206054311531135,1,0.02300613496932515,0,0.12498425196844144,"{""type"":""MultiPoint"",""coordinates"":[]}"
0000000000000000027d,600,JOHAR BARU,TANAH TINGGI,3171081004,3.171081004E12,Tidak Diketahui,Tanah Tinggi 04,-,-,-,1303,Curah hujan cukup tinggi yang mengakibatkan air hujan meluap dari kali sentiong ke jalan dan pemukiman,004,0,2020,1577865600000,-,0,0,-6.834204695119539,-11.641704570779162,-15.68428843234667,1.7675753074319023,1.26375890149331,-3.891571369937364,-9.070286367998046,2.363406786950217,JAKARTA PUSAT,1,1.0,1,0.0,2670.959054017488,2481.286863986005,2365.0843991588094,507.523342841444,348.49589479697545,245.02260895745349,66.8069995823657,80.49823862720949,9,7.100697906281155,3,1.1751759722215125,-0.8311330365422803,-5.15622511705458,1.5110448912196988,1.4853555102181901,1.0,1.200000286102295,0.8288933578540655,0.0,-0.4869571924209595,-0.8561353378733274,-1.6813708543777466,0.40947022913737446,0.41345153718805594,34941.9044711,35126.95947467127,7.644643783569336,2.2519279006946595,0.0,4.284182071685791,-1.1639707899283789,-3.429393768310547,1.4005391469179351,1.3922103327540074,19.001731546928497,13.710588649050626,11.05599130282831,5.546965804933599,0.26781684512131515,-2.393846223287147,2.4614096265134946,2.4679907794179914,4.1050286293029785,0.7104394305677543,0.008499208837747574,-3.574799060821533,-7.143613795905092,-7.966258928179741,1.6656709073216727,1.6136315416304112,0,0.0,0,0.0,"{""type"":""MultiPoint"",""coordinates"":[]}"
0000000000000000027e,600,JOHAR BARU,TANAH TINGGI,3171081004,3.171081004E12,Tidak Diketahui,Tanah Tinggi 05,,-,-,1304,Curah hujan cukup tinggi yang mengakibatkan air hujan meluap dari kali sentiong ke jalan dan pemukiman,005,0,2020,1577865600000,-,0,0,-4.155287870929598,-11.658519501204388,-14.698729434167925,1.7103783210521204,3.6230423519684614,-3.639790947171644,-8.021891203001116,2.008549045593906,JAKARTA PUSAT,1,0.9891507828454731,0,0.09448728361893272,2877.2493528392174,2706.564043754277,2587.496455406664,660.600679375988,535.3565941026321,449.36357892377555,56.67869349388891,76.49244881954736,11,6.392443839346494,2,2.8777590215574183,-1.9175397026381864,-6.349523839862524,1.889774422711549,1.8923208436924148,1.0,1.0999999046325684,0.5522166066546272,0.0,-0.6123325824737549,-1.1434127196486994,-1.664528489112854,0.3183080418470175,0.33277285058453393,81984.6745804,82312.81482208199,7.644643783569336,3.0052843134447045,0.0,4.297919988632202,-0.36554175250135856,-3.48669695854187,1.4766703387191527,1.4571784524497113,19.287873504953755,13.159000446315659,11.05599130282831,5.811878305694714,-0.2671074792416553,-2.3995362436531646,2.2916371260137276,2.3090620555958794,3.875549077987671,0.5186672682969874,0.008499184623360634,-4.009267568588257,-7.39581149625973,-8.183469733223319,1.407512345703061,1.4161853282321417,0,0.0,0,0.0,"{""type"":""MultiPoint"",""coordinates"":[]}"
0000000000000000027f,752,JOHAR BARU,TANAH TINGGI,3171081004,3.17108100401E12,Tidak Diketahui,Tanah Tinggi 06,-,-,-,1305,Curah hujan cukup tinggi yang mengakibatkan air hujan meluap dari kali sentiong ke jalan dan pemukiman,006,0,2020,1577865600000,-,0,0,-2.8518789446104016,-11.516480264311223,-14.52782552380894,1.9920497385772225,4.909598947899223,-2.9914060680126755,-7.286239504200253,2.9339603418238287,JAKARTA PUSAT,1,1.0,1,0.0,3038.713994907392,2855.874390408203,2623.82556060524,852.3867107793608,705.4926529345997,525.240108584916,91.79690935859027,119.26492174846085,10,6.076813655761021,3,1.1650794661856008,-2.6704159070932905,-5.682262636563044,1.553197161206293,1.6315362159934712,1.0,1.6000003814697266,0.6729536415703402,0.0,-0.15868043899536133,-1.1180009447123918,-1.8161321878433228,0.596876849847695,0.5910885803940106,53925.6047438,54170.554441017965,4.6273674964904785,2.0673939349363675,0.0,1.0421240329742432,-1.4686527364654494,-3.6076672077178955,1.0050670300609859,0.9993422765968237,17.282093406736575,14.450082580905413,11.561788463807734,3.914013728559386,1.0688768108796407,-1.7920294691843353,1.6449754844008524,1.6371466139077335,0.5354459881782532,0.15413406198502513,0.008499141782522202,-7.568395912647247,-8.614538509797816,-9.139581644907594,0.4183761287737913,0.1638566563345374,0,0.0,0,0.0,"{""type"":""MultiPoint"",""coordinates"":[]}"
00000000000000000280,1700,JOHAR BARU,TANAH TINGGI,3171081004,3.17108100401E12,Tidak Diketahui,Tanah Tinggi 07,-,-,-,1306,Curah hujan cukup tinggi yang mengakibatkan air hujan meluap dari kali sentiong ke jalan dan pemukiman,007,0,2020,1577865600000,-,0,0,-4.676521402858847,-11.419547924041877,-14.910813829514177,1.7418294509823016,5.258508301111383,-2.814847020765042,-6.206223991533605,2.2045817780231185,JAKARTA PUSAT,1,1.0,1,0.0,2994.4966013776398,2885.8392559113713,2767.4830418432575,779.2492352242907,695.1631613935814,597.961313485845,60.313008247831405,76.55775216810048,11,6.459627749576989,3,2.528139631169685,-2.1889131571840474,-5.674905245729514,1.953511429007037,1.9605775002291221,1.0,1.6000003814697266,0.6718443676582245,0.0,-0.14523327350616455,-1.0560204397643682,-1.6998376846313477,0.586420743665899,0.5943673628548277,51567.0201424,51754.2638889562,5.655346870422363,2.463015679445767,0.0,2.276926279067993,-0.9235880892208184,-3.437404155731201,1.4391904504164152,1.4637184860037644,17.341775808782746,13.015816925696475,11.36009610603994,3.9097609913244398,-0.3891392836864933,-2.0440571636538767,1.3076780498285538,1.315764640292617,0.05099499598145485,0.020031588558996383,0.00849915947765112,-7.925783595070243,-8.406220123794704,-8.851579652167857,0.2247709871394343,0.014367274276417694,0,0.0,0,0.0,"{""type"":""MultiPoint"",""coordinates"":[]}"
00000000000000000281,1400,JOHAR BARU,TANAH TINGGI,3171081004,3.17108100401E12,Tidak Diketahui,Tanah Tinggi 08,-,-,-,1307,Curah hujan cukup tinggi yang mengakibatkan air hujan meluap dari kali sentiong ke jalan dan pemukiman,008,0,2020,1577865600000,-,0,0,-3.5576707790619944,-11.09065469538094,-14.652531459845285,2.142227132073316,4.5998606629288705,-3.1499090910492216,-7.288554874542596,2.2187411743049945,JAKARTA PUSAT,1,1.0,1,0.0,3139.010065987322,2957.0694542053006,2790.7070829135955,869.7108330265955,723.5792014048975,602.7606797950116,78.40655684479616,100.81337934576045,8,5.937792767472362,4,-0.388604006757463,-2.62739956225526,-4.6342962703496475,0.9758287534102446,0.9383529431353976,1.0,1.0999999046325684,0.1543188705918463,0.0,-0.6117528676986694,-1.5063531068269138,-1.67880380153656,0.251802448278063,0.2600036551114019,55874.8624871,56115.5049794194,5.655346870422363,1.5870303935899215,0.0,2.276926279067993,-1.6667506022245129,-3.3104264736175537,1.0709037581248857,1.080051382687119,19.887295632664316,15.321548657038777,11.36009610603994,6.431396305999094,1.857833351067019,-2.0440571636538767,2.755423278571827,2.7644309401136513,3.7990562915802,0.9573199515593978,0.008499141782522202,-4.394611120223999,-7.335402874389235,-8.438923824578524,1.505082955206763,1.5159946386980871,0,0.0,0,0.0,"{""type"":""MultiPoint"",""coordinates"":[]}"
00000000000000000282,1215,JOHAR BARU,TANAH TINGGI,3171081004,3.17108100401E12,Tidak Diketahui,Tanah Tinggi 09,-,-,-,1308,Curah hujan cukup tinggi yang mengakibatkan air hujan meluap dari kali sentiong ke jalan dan pemukiman,009,0,2020,1577865600000,-,0,0,-2.8518789446104016,-10.352675087514086,-14.320398546474713,2.367883132000231,2.6489655422020117,-4.242774000010757,-7.667196518082107,2.2681275597236104,JAKARTA PUSAT,1,1.0,1,0.0,3287.644004268418,3151.8889907977873,3038.713994907392,1003.8951023662207,894.1081960238067,819.6287431937917,53.364074938651676,65.86150505057113,9,5.909024745269284,2,-0.04650125808755057,-3.000439868385611,-6.929706659877457,1.4120690669602451,1.401777825066836,1.0,1.5999999046325684,0.6138115474056816,0.0,-0.15311038494110107,-1.0811100767128887,-1.6464121341705322,0.3748554891674563,0.40908591621860874,62154.429089,62455.18454592335,5.400496959686279,2.1411765036184107,0.0,2.1198461055755615,-1.1015145412125145,-3.3696024417877197,1.0586109236993737,1.0643934403435553,21.81908736027788,14.590914264694435,11.482540557447182,8.315577131575608,1.1234306362872621,-1.9898090026630548,2.30074792219366,2.3052968183660796,3.2806107997894287,0.3670500043065085,0.008499115705490112,-5.109630823135376,-8.34285851709178,-9.051591902971268,1.0632220471320715,0.9685974535943636,0,0.0,0,0.0,"{""type"":""MultiPoint"",""coordinates"":[]}"
00000000000000000283,510,JOHAR BARU,TANAH TINGGI,3171081004,3.17108100401E12,Tidak Diketahui,Tanah Tinggi 10,-,-,-,1309,Curah hujan cukup tinggi yang mengakibatkan air hujan meluap dari kali sentiong ke jalan dan pemukiman,010,0,2020,1577865600000,-,0,0,-4.756585769683321,-10.777798945891428,-13.755923554274855,1.843998201731256,1.4825854631003077,-4.648607727838982,-7.814243316360033,1.9858836440730656,JAKARTA PUSAT,1,1.0,1,0.0,3413.495205640626,3321.904865447869,3220.204766362868,1082.814246061204,981.2130686198058,854.6001104323309,66.2174169885741,55.38688771918854,8,5.910162829870859,4,-1.4647577794115332,-3.4276635631370964,-5.378157148777991,1.2024394299982555,1.2906452953964294,1.0,0.8000001907348633,0.18850369261999195,0.0,-0.9209253787994385,-1.5132755243430167,-1.73223876953125,0.25383718714860376,0.2522585389041652,24778.3631754,24928.82668659701,3.8394603729248047,1.9660325066836473,0.0,0.7542922496795654,-1.1089045138572584,-3.105489730834961,1.1153722500952836,1.1198959593022166,21.19189009828642,15.066395457238384,11.75425995779305,7.663462398070086,1.5453907296716092,-1.767294789801177,2.676649246272407,2.6810089386333638,1.742278814315796,0.620259791677598,0.00849906262010336,-7.020315408706665,-8.267730930678788,-8.99551303125918,0.8366501829043286,0.8075023452986227,0,0.0,0,0.0,"{""type"":""MultiPoint"",""coordinates"":[]}"
00000000000000000284,750,JOHAR BARU,TANAH TINGGI,3171081004,3.17108100401E12,Tidak Diketahui,Tanah Tinggi 11,-,-,-,1310,Curah hujan cukup tinggi yang mengakibatkan air hujan meluap dari kali sentiong ke jalan dan pemukiman,011,0,2020,1577865600000,-,0,0,-4.52202062181888,-10.494428873374444,-14.460916609940988,2.1859535203749196,3.678517169416229,-2.932876757807661,-6.7428439201135575,2.137996230931858,JAKARTA PUSAT,1,1.0,1,0.0,2704.577482392719,2569.034498928932,2411.9223005209274,524.86490212629,411.6388426552401,280.0999969694185,62.05244443104417,76.34290896173624,12,7.697374759152217,5,3.922986272568643,-0.30363862418677806,-3.0753256680626286,1.5052368913029883,1.5269568501507236,1.0,1.0999999046325684,0.4793713792785285,0.0,-0.5687423944473267,-1.1925892518951713,-1.6777654886245728,0.4841067512971277,0.48798052354303084,29002.1817661,29090.031858434282,7.644643783569336,2.8607590616768603,0.0,4.297919988632202,-0.5004526004410548,-3.429393768310547,1.8155495579642424,1.8025901487859382,22.08451075225676,15.385098869473357,11.05599130282831,8.6182502810524,1.9238462344640856,-2.3995362436531646,3.1983412613364894,3.2042118089801406,4.02853536605835,1.9569539599530428,0.008499208837747574,-3.777010917663574,-5.943011222596652,-7.935337450355291,1.961150473682769,1.949740599751288,0,0.0,0,0.0,"{""type"":""MultiPoint"",""coordinates"":[]}"
00000000000000000285,808,JOHAR BARU,TANAH TINGGI,3171081004,3.17108100401E12,Tidak Diketahui,Tanah Tinggi 12,-,-,-,1311,Curah hujan cukup tinggi yang mengakibatkan air hujan meluap dari kali sentiong ke jalan dan pemukiman,012,0,2020,1577865600000,-,0,0,-5.992945687821246,-11.83518141992723,-14.295719109388601,1.9236797502120646,2.3407970959535973,-3.69401364863477,-7.216444489695329,2.047853346740409,JAKARTA PUSAT,1,1.0,1,0.0,3110.091172995092,3058.281840121953,2948.157301224414,861.5999083786528,831.0683383301623,748.3095152387345,36.802131639280105,49.80204452931625,10,6.614766449020592,3,1.1650794661856008,-2.1893555397533717,-5.784660954873688,1.4342227562583687,1.452938384401688,1.0,1.6000003814697266,0.858781260939553,0.09999990463256836,-0.14574289321899414,-0.8511317654628361,-1.598965048789978,0.46210506356227066,0.48746153016352295,20860.5477479,20963.939931444504,5.00709867477417,1.9950289399145276,0.0,1.7757692337036133,-1.320280253398205,-3.437404155731201,1.040816535704294,1.0251596497108515,16.26225495953264,13.608274246167975,11.482540557447182,2.813065173690191,0.17365684848147492,-1.983902876638151,1.567717197156252,1.5717505588532363,0.3739595413208008,0.10490314708079318,0.008499141782522202,-8.105976104736328,-8.53599642761795,-8.9034662283957,0.24466660879465818,0.15010222167136975,0,0.0,0,0.0,"{""type"":""MultiPoint"",""coordinates"":[]}"
00000000000000000286,825,JOHAR BARU,TANAH TINGGI,3171081004,3.17108100401E12,Tidak Diketahui,Tanah Tinggi 13,-,-,-,1312,Curah hujan cukup tinggi yang mengakibatkan air hujan meluap dari kali sentiong ke jalan dan pemukiman,013,0,2020,1577865600000,-,0,0,-5.233838903503065,-11.588162013695769,-14.195214863403738,1.6506894747600187,1.3299083641607097,-3.8178322377184144,-7.679663895846806,2.096748820667437,JAKARTA PUSAT,1,0.9592170871474286,0,0.19851201022177326,3403.396085266404,3316.0664808401407,3198.7543709788697,1082.814246061204,1018.8383827496922,902.8651291711999,41.300473193793366,49.722073326149584,9,6.656694202574978,3,-0.06022868427479011,-2.4411646940081098,-6.051151383895787,1.4408107703218163,1.4908238751137306,1.0,1.299999713897705,0.6744288607545752,0.0,-0.4307739734649658,-1.0194381054662967,-1.6650636196136475,0.35403093679066117,0.37439645941014615,46985.5970986,47149.07793208656,4.637092113494873,2.0840818852002108,0.0,1.4519009590148926,-1.0642902367241174,-3.21860408782959,1.012135928371206,1.0123819219657704,19.034831289764128,13.692708140882633,11.559670196389758,5.521116955129374,0.1941800652521208,-1.9282696886755204,1.9845103342402313,1.9869611511729153,2.9916393756866455,0.22305323263964205,0.008499101735651493,-5.568772077560425,-8.634013983749625,-9.011334542185068,0.9552447681950076,0.8812160198069213,1,0.04078291285257125,0,0.19851201022177314,"{""type"":""MultiPoint"",""coordinates"":[]}"
000000000000000000de,350,TANJUNG PRIOK,TANJUNG PRIOK,3172021001,3.17202100101E12,Tidak Diketahui,Tanjung Priok 14,RT 1 s.d 6,,,421,Saluran air dangkal dan air laut pasang,014,0,2020,1577865600000,,0,0,-0.502769278449354,-9.589483676076506,-18.251738663661285,2.688425695962044,11.80276613336665,-3.2656273068278394,-11.726187159046962,3.5165859231529417,JAKARTA UTARA,1,0.9641769472977855,0,0.2249805771974613,649.3636962940959,450.7996374465881,185.53248465545596,-118.24350776985773,-340.44214622742834,-623.9850589746238,107.32636323522061,101.00493243594259,9,1.9612347080989005,-8,6.9358537439868915,-0.17542479258907037,-10.255820619805984,3.0438126234162444,3.0385438957274733,0.9999380676948115,7.200000286102295,1.8007794601592493,0.0,5.464755415916443,0.011764215114212283,-1.841996431350708,1.738285323068233,1.7241330862904196,135096.246225,135710.99328496732,12.316861152648926,3.7352838584137826,0.0,9.766873121261597,1.2051421252481151,-2.57159161567688,2.0987947231329964,2.0894717291462,17.461794065900666,12.694088761935209,11.02539720273006,4.037261828843922,-0.7303908573791592,-2.38208170189416,1.3541832620078624,1.351176941273557,0.6205086708068848,0.04183658764647662,0.008500121533870697,-2.1221662759780884,-2.851658255959463,-3.0489096278324723,0.14150882989281058,0.1145018940145379,1,0.01925360037165127,0,0.14468181025100196,"{""type"":""MultiPoint"",""coordinates"":[]}"
000000000000000000e0,350,TANJUNG PRIOK,TANJUNG PRIOK,3172021001,3.172021001E12,Tidak Diketahui,Tanjung Priok 02,RT 5 dan 6,,,423,"Sungai Tirem meluap, dangkal dan air laut pasang",002,0,2015,1420099200000,,0,0,2.413014960967352,-8.989644009990949,-13.054705498110854,2.340186554495007,12.497131538647716,-2.1166591454163135,-6.937750816066884,2.98772660033484,JAKARTA UTARA,1,1.0,1,0.0,747.9053559872657,627.7868668270742,499.5615034733919,16.78247930352188,-109.33040390296803,-241.98324495109728,62.12963098312337,60.68716646447871,5,1.906046599377417,-2,2.7302608529462025,-0.4628168264502952,-4.494251043095,1.7796385704292474,1.7935654946370954,0.5944589104230571,1.8999998569488525,1.0240260317532275,0.5,0.1040642261505127,-0.7385577612829121,-1.2689592838287354,0.467235954401009,0.48157672241546323,36997.3337312,37157.839864908725,7.034297466278076,2.7327102941169503,0.0,4.406653642654419,0.060996527981503984,-2.6910531520843506,1.6594544552169492,1.6586804155951351,17.34188417535618,13.107552144418618,11.312311082914617,3.913977577021411,-0.31933840580812706,-2.116555874477278,1.2072028554158885,1.2074080200395632,0.06800098717212677,0.021635569728163818,0.008500111289322376,-2.562003657221794,-2.6974510261403286,-2.8133189557120204,0.07567661140256297,0.015591834140703963,0,0.0,0,0.0,"{""type"":""MultiPoint"",""coordinates"":[]}"
000000000000000000e1,400,TANJUNG PRIOK,TANJUNG PRIOK,3172021001,3.172021001E12,Tidak Diketahui,Tanjung Priok 03,RT 7 dan 8,,,424,"Sungai Tirem meluap, dangkal dan air laut pasang",003,0,2015,1420099200000,,0,0,-4.2325249977032025,-9.480009827752005,-13.723166065595137,1.8261876805837074,2.6651235874548598,-3.214708173871717,-7.6352043558672715,2.368342120650671,JAKARTA UTARA,1,0.965483291828343,0,0.24816680858541135,742.1299386218238,618.860585863861,463.8312116386399,9.747793404344065,-140.84289384057544,-323.13338346904476,104.22036363307646,92.7908711136045,6,1.7114148375513984,-3,3.5261330700368316,-0.724626664217444,-5.372678918369621,2.0073601742178746,2.029310641213227,1.0,2.8000001907348633,1.3849597431474647,0.10000002384185791,0.980830192565918,-0.42831971352009385,-1.7157633304595947,0.6825627902570293,0.6831365741490568,60352.9440866,60523.69671059513,7.942784786224365,2.9469224311277187,0.0,5.225212812423706,0.2943108906969319,-2.714463710784912,1.4134609065426096,1.4130584870425769,18.353486212574914,12.807852282025994,11.215207264528125,4.934242228587259,-0.615971007974748,-2.1882926395759092,1.2962456903544768,1.2968026239421506,0.09350132942199707,0.02791643854581877,0.00850010011345148,-2.7619922030717134,-2.883703245583845,-3.026109932921827,0.06694055470669297,0.031175593592834863,1,0.019516997741356342,0,0.14661169301237728,"{""type"":""MultiPoint"",""coordinates"":[]}"
000000000000000000e3,200,TANJUNG PRIOK,TANJUNG PRIOK,3172021001,3.172021001E12,Tidak Diketahui,Tanjung Priok 05,RT 5 dan 6,,,426,"Sungai Tirem meluap, dangkal dan air laut pasang",005,0,2015,1420099200000,,0,0,2.413014960967352,-9.204071693950441,-12.661818956114804,2.530328124620091,12.497131538647716,-2.543736986675931,-7.785560389729104,3.7560212807305793,JAKARTA UTARA,1,1.0,1,0.0,649.3636962940959,544.6485914522304,382.4850156088664,-97.92985474831858,-209.35710762413058,-376.46290063844964,62.69925799593074,61.44853413495989,7,1.699557304476143,-3,4.858712615853588,-0.565257300785067,-5.285759785968368,2.242989199179602,2.2320892057044275,0.8479088261675125,2.0999999046325684,1.177658591015961,0.0,0.36218488216400146,-0.5906493530271091,-1.7291747331619263,0.5904185176050856,0.5926845340800051,35448.9763766,35627.44287469769,7.942769527435303,3.7978615485501863,0.0,5.347025156021118,1.1804460111358626,-2.6551756858825684,2.1400697887575886,2.133387019259811,15.955591019460764,12.657106825290311,11.030141443661039,2.5268989765527206,-0.7740639722166688,-2.4017466134137813,1.060821400462879,1.0603106108867535,0.5865079164505005,0.025871656634246995,0.008500121533870697,-2.1001476049423218,-2.741282503347909,-2.841622794046998,0.10851511154113509,0.07517303901755812,0,0.0,0,0.0,"{""type"":""MultiPoint"",""coordinates"":[]}"
000000000000000000e4,350,TANJUNG PRIOK,TANJUNG PRIOK,3172021001,3.17202100101E12,Tidak Diketahui,Tanjung Priok 06,RT 10 dan 11,,,427,Sungai Tirem meluap dan air laut pasang,006,0,2020,1577865600000,,0,0,-8.23743089917423,-12.80341225785831,-18.92678056300562,2.04310347541737,0.46562770900530326,-6.494601329945973,-10.816162608505323,2.170871303912989,JAKARTA UTARA,1,1.0,1,0.0,473.0168798317619,272.0228956536216,92.76624232772798,-294.8155255960779,-537.5517035053812,-752.7090894790381,127.93986815273031,106.82311124603665,6,0.3372641509433961,-6,3.63404146892853,-2.077543553522123,-8.43755772844706,2.7329520018811073,2.7402958152928836,1.0,3.9000000953674316,1.02674680514226,0.0,2.078293800354004,-0.7987310364490975,-1.848105788230896,1.1666411443806877,1.1640254184998975,47324.8426845,47534.35102579683,9.937920570373535,4.050811419140478,0.9274099469184875,7.391710519790649,1.4633769606644254,-1.6794807314872742,1.8168317500894053,1.8064746337562672,21.620560323089634,12.174419319430488,10.789601070735563,8.174895158873797,-1.2618800958412948,-2.6573735957266518,1.3486805917199127,1.34969000969698,126.2158203125,0.09056095912613807,0.008500072173774242,122.90323495864868,-3.087114896114453,-3.391083744354546,13.920585823334697,13.935274713046715,0,0.0,0,0.0,"{""type"":""MultiPoint"",""coordinates"":[]}"
000000000000000000e8,300,TANJUNG PRIOK,TANJUNG PRIOK,3172021001,3.17202100102E12,Tidak Diketahui,Tanjung Priok 15,RT 1 s.d 6,,,431,Saluran air dangkal dan air laut pasang,015,0,2020,1577865600000,,0,0,3.6931513386812966,-11.7076726014805,-19.055262928612958,3.4852589833968746,11.631846122658155,-5.52844471948342,-13.380281124850487,3.924773910306607,JAKARTA UTARA,1,0.7765429400930292,0,0.4143312979119649,556.5974539663679,276.279834883891,0.0,-219.07196513143197,-542.1738041532878,-856.1586889857948,152.65747079791535,135.25156452795773,6,-0.4684856242000438,-8,3.6571965474392343,-2.7639561574979665,-10.255820619805984,2.4311992564912295,2.4460153677249035,1.0,3.9000000953674316,0.8087097719696423,0.0,2.0767431259155273,-1.0239624911167677,-1.8583441972732544,1.026458140400452,1.0238735065819282,111754.782131,112233.69278248453,12.316861152648926,3.421402459508104,0.0,9.766873121261597,0.8975361961855913,-2.5069401264190674,2.015425558096457,2.0176730256971327,25.561259138249824,13.629069855599496,10.756024637007354,12.116432655133908,0.2015827637966995,-2.687668354727032,2.751687173948975,2.7546221052042257,126.22431945800781,8.107689267847393,0.008500072173774242,122.9638283252716,4.970702128661817,-3.345480707474053,33.27742113721397,33.325138956433385,1,0.00811662972559548,0,0.11144682482181982,"{""type"":""MultiPoint"",""coordinates"":[]}"
00000000000000000000,20,TANJUNG PRIOK,SUNTER JAYA,3172021002,3.172021002E12,Tidak Diketahui,Sunter Jaya 03,,,,1,jalan rendah,003,0,2015,1420099200000,,0,0,-1.4862496548376924,-11.601356808132625,-15.924860785142968,1.9472899944000595,5.176988595967285,-5.123614147071423,-8.84231308008632,1.988008951288552,JAKARTA UTARA,1,0.97739913034685,0,0.14480810666223776,1781.981323992732,1416.5832154193015,918.3389462118339,473.09274463214797,141.22107974435002,-295.00032662364833,177.5464872448925,217.0585786264321,12,5.857602723564904,0,6.623626461123011,0.5926830825169022,-5.147307067557953,1.9457763506031045,1.9077948323782041,1.0,5.099999904632568,1.96344265798131,0.0,3.1881771087646484,0.014988295160072952,-1.9948148727416992,1.9942187881674642,1.966540939921028,207129.517871,207807.95934589606,7.421144008636475,2.600676661778633,0.0,4.0735743045806885,-0.703369779741012,-3.3176522254943848,1.5334492575630532,1.5324791754228553,22.51425196125563,13.201532974523865,11.086053586740643,9.07604903491455,-0.23292335616261847,-2.3594391676763316,1.7363418391560397,1.734724753145531,97.61470031738281,1.0507085779823389,0.008499524556100368,95.18019700050354,-1.449994296399368,-2.559460182674229,14.138969341058328,14.129906755770257,1,0.022600869653149964,0,0.1448081066622378,"{""type"":""MultiPoint"",""coordinates"":[]}"
00000000000000000061,634,TANJUNG PRIOK,SUNTER JAYA,3172021002,3.172021002E12,Tidak Diketahui,Sunter Jaya 01,,,,152,"saluran kurang besar, kali meluap, rumah padat",001,0,2020,1577865600000,,0,0,-3.448831975823147,-14.070268116227364,-21.803356118426947,3.7955813039695787,4.04777203303815,-9.031872359693537,-19.106052218301194,4.5215350816945215,JAKARTA UTARA,1,0.673730522021678,0,0.4601791694266271,1903.4041547370969,1600.8580302499659,1237.6560416278837,747.0102531556024,464.02411989680576,131.66653760355166,152.4953090255822,152.64237483689524,13,4.203211346441195,-23,8.273624868614633,-0.7258683526419928,-27.75185527280017,4.135088954568862,4.1555312380263825,1.0,5.0,1.6041019937191,0.0,3.048947334289551,-0.35981887330299345,-2.0065834522247314,1.604436357322996,1.5968775441600824,294087.076678,295363.7042780693,27.965572357177734,5.236124542477326,0.0,24.556579113006592,1.8838646144817806,-3.3668293952941895,4.291257348133343,4.2979137032763735,22.621731874893513,14.036801332493836,10.214387587122602,9.111206048572962,0.5481150666769184,-3.285802919840357,2.78964132065887,2.794338878675885,108.82524108886719,12.575974017112886,0.008499596267938614,106.05156970024109,9.757122889255283,-3.1180788911879063,33.961003509453356,33.966462452523714,1,0.028366102981286907,0,0.1881360728341987,"{""type"":""MultiPoint"",""coordinates"":[]}"
00000000000000000062,730,TANJUNG PRIOK,SUNTER JAYA,3172021002,3.172021002E12,Tidak Diketahui,Sunter Jaya 02,,,,153,curah hujan tinggi dan air laut pasang,002,0,2020,1577865600000,,0,0,-0.19550887568755265,-11.057435146207842,-17.022945354664238,2.5772595785620926,4.04777203303815,-5.491665401594855,-9.990783363171637,2.3023221478719536,JAKARTA UTARA,1,0.9980998627678664,0,0.06622597523512248,2042.9645670126718,1862.1649300890776,1672.3672167237055,791.5206022591829,605.7061747271265,386.6404110496262,102.84454377562562,97.00521868843947,11,5.298258207537212,-1,5.813580915370295,-0.026493898284332577,-6.1248526929362095,2.444071539897682,2.3991304291279594,1.0,4.800000190734863,3.461146436703569,0.0,2.8822150230407715,1.5464468492923515,-1.9172405004501343,1.4881943075486535,1.4963197158637678,165202.538604,165887.62965583891,7.034368515014648,2.882905679044561,0.0,3.728398561477661,-0.42868660068381115,-3.323668956756592,1.4834159860174834,1.4838515985407206,25.320616451863152,13.894531353765206,11.263310257356965,11.899686968785252,0.4562589249830699,-2.155154825840734,3.279064065110627,3.2770078254418484,107.60978698730469,12.113071072975501,0.008499552495777607,105.04549527168274,9.578689199322312,-2.6295943558216095,36.81460928962955,36.8042933580604,1,0.0019001372321334321,0,0.06622597523512294,"{""type"":""MultiPoint"",""coordinates"":[]}"
00000000000000000063,900,TANJUNG PRIOK,SUNTER JAYA,3172021002,3.172021002E12,Tidak Diketahui,Sunter Jaya 05,,,,154,curah hujan tinggi dan air laut pasang,005,0,2020,1577865600000,,0,0,-1.4862496548376924,-13.65318653547685,-22.56945456727707,4.16089484885921,1.8714263844096426,-9.00432610144922,-19.494281186233202,4.674537793021002,JAKARTA UTARA,1,0.6689523401367831,0,0.46671133946970295,1543.9379758342204,1193.550338777123,932.2891972324262,319.12115036185924,50.44432373489854,-159.3693724840332,121.61372046311998,143.72363035407298,19,6.158336458277533,-3,14.455839729907229,1.3287663253299935,-7.832022167726492,3.2831505139987236,3.2505305650037597,1.0,2.6000003814697266,1.2295728115687978,0.0,0.6133869886398315,-0.7604719063432784,-2.007322311401367,0.8772138320418689,0.8749197554850017,195339.403339,196166.55827089984,14.6301908493042,3.935735205045073,0.0,11.249648809432983,0.5657103689674248,-3.3916821479797363,2.907004274198278,2.9175729270340396,19.98089187037465,13.169187370559014,10.514828395754808,6.493188100894258,-0.3011559624538574,-2.951627255657959,1.3691269066016967,1.3730790144113763,0.7309717535972595,0.09729133657245978,0.008499596267938614,-2.3283589482307434,-2.6758723018518134,-3.1432837741449475,0.2106723621089013,0.16418457073834963,1,0.0449634827949501,0,0.23232332509210996,"{""type"":""MultiPoint"",""coordinates"":[]}"
00000000000000000064,60,TANJUNG PRIOK,SUNTER JAYA,3172021002,3.17202100201E12,Tidak Diketahui,Sunter Jaya 06,,,,155,jalan rendah,006,0,2020,1577865600000,,0,0,3.058703505652537,-13.433600224333468,-22.004125566093343,3.799008331681979,6.344499556527356,-7.7457199906553305,-18.676749753487385,4.2203714126614855,JAKARTA UTARA,1,0.7003800521353568,0,0.45977907990132244,1187.987549328488,782.139956046175,278.29872698318394,-20.162590137210373,-361.11914052226484,-830.1901845417476,197.67225220668948,216.22313842124032,22,6.4923015080273805,-2,17.450106698088884,1.7874341576785417,-6.559480205118409,3.0302793801466907,3.0104827343832383,0.9864795092898748,2.6000003814697266,0.5945319918083886,0.0,0.6166452169418335,-1.3805330456338536,-1.9791700839996338,0.6098407867019932,0.6138329634700584,286350.37245,287489.1373152291,22.71297264099121,3.7340093279961173,0.0,19.376091957092285,0.40558064338957445,-3.361469030380249,3.189455461422759,3.197183660873543,17.747292782371733,12.832724508394879,10.416034740993757,4.292651517328162,-0.6154172469844713,-3.039928671431607,1.2465495963266486,1.2464959687101098,0.34848731756210327,0.04316156124447687,0.008499602787196636,-2.308240830898285,-2.604941851174057,-3.124236990697682,0.15592330162994397,0.07962656434142615,1,0.08252734670012421,0,0.30744179514128517,"{""type"":""MultiPoint"",""coordinates"":[]}"
00000000000000000065,67,TANJUNG PRIOK,SUNTER JAYA,3172021002,3.17202100201E12,Tidak Diketahui,Sunter Jaya 07,cepat surut,,,156,curah hujan tinggi,007,0,2020,1577865600000,,0,0,-2.7930850894229877,-11.842959192819777,-15.883771997370498,1.9467108752940254,7.632145967998165,-5.589484323640998,-10.579832142143085,2.5064659979481636,JAKARTA UTARA,1,0.9617077636243233,0,0.1891897494423712,1781.981323992732,1339.8226244448283,787.1476681815718,417.1565244343019,42.55701534184996,-414.1856882580603,235.4726217539673,290.03054949158974,10,5.070332281562856,2,4.944644392772766,-0.24396924049738444,-3.5836544892864035,1.662996089032682,1.6586759056575358,0.7369359684990479,5.0,1.2229111250428284,0.0,3.1702423095703125,-0.700446632342049,-1.9948148727416992,1.9141395477142813,1.8762807909923978,179071.86252,179875.10343862235,9.214042663574219,2.4299854246652717,0.0,5.954789638519287,-0.8301937279008943,-3.3071811199188232,1.5405251636590076,1.5412818163343307,25.296777495075613,15.182938987431784,10.866595446866432,11.852420680642268,1.7472979229762322,-2.5582177647437927,3.1864129049273022,3.188485688810729,97.59770202636719,11.084089535635586,0.008499491959810257,95.17239189147949,8.621915786409062,-2.5146880131214857,30.49110201892651,30.477701618502905,1,0.03829223637567684,0,0.18918974944237132,"{""type"":""MultiPoint"",""coordinates"":[]}"
00000000000000000066,600,TANJUNG PRIOK,SUNTER JAYA,3172021002,3.17202100201E12,Tidak Diketahui,Sunter Jaya 08,,,,157,curah hujan tinggi dan air rob,008,0,2020,1577865600000,,0,0,9.577297326142993,-9.000159082778508,-15.883771997370498,3.2517615790831655,9.029042897005503,-3.0930783299064033,-9.91994238853745,2.836215063783045,JAKARTA UTARA,1,0.9318527875841689,0,0.26915113390917245,1672.3672167237055,1156.219752875321,586.705231461481,320.5495512747452,-126.56530580773416,-628.4351414468346,232.38718288743766,270.6437723318657,12,6.379952854129771,1,6.999585947698373,1.1337504822613504,-4.4127145905698235,2.1868457229237523,2.15299878668171,0.5075443598955435,6.099999904632568,2.933745464136456,0.0,4.195907115936279,1.0231157506518358,-1.9880434274673462,2.0176422866942407,1.9905164019341348,309183.676622,310513.5730619908,9.214042663574219,2.76576145226232,0.0,5.954789638519287,-0.4836256002547813,-3.261756658554077,1.5105794491778421,1.5118878092490697,25.296777495075613,12.911790369440382,10.866595446866432,11.852190530057758,-0.5229144579914883,-2.5582177647437927,1.5213104723091813,1.5232549813830296,96.88373565673828,0.12272385591331292,0.008499509654939175,94.44020867347717,-2.322051096863299,-2.496739168651402,4.7954642515654875,4.795412912353933,1,0.06527108875379253,0,0.2652652496563298,"{""type"":""MultiPoint"",""coordinates"":[]}"
0000000000000000002e,40,TANJUNG PRIOK,PAPANGGO,3172021003,3.172021003E12,Tidak Diketahui,Papanggo 04,,,,72,jalan rendah,004,0,2020,1577865600000,,0,0,1.1994636881006517,-11.982217287772608,-19.03889529157587,2.7168497546407884,15.61946290693698,-3.244894049897806,-10.89404757587572,3.5081369950636803,JAKARTA UTARA,1,0.8985794088269022,0,0.3134989291230495,1391.4936349159198,1118.8012226334838,655.95639015131,617.818760112985,288.41646530405313,-286.928238701772,189.4768817237147,152.52201561816233,15,5.1989629191175535,-1,11.334872758541255,1.347507941019153,-4.672739433706418,2.915869361343313,2.896174256071553,0.8783258658016949,7.700000286102295,2.775102142946655,0.0,5.800406217575073,0.9089959452696984,-1.9233349561691284,2.028830862357304,2.0252761330639655,565764.014853,567968.2989857247,21.65027618408203,3.1275492399593214,0.0,18.397022008895874,-0.0868099977567246,-3.30820631980896,2.0403400569396215,2.043980008666916,21.283435556211376,12.982555138313941,9.971771240132997,7.827698465703262,-0.45910783981426584,-3.471152113695643,1.7043130937723487,1.704988348922144,1.750969648361206,0.10019391127571299,0.008499839343130589,-1.1514723300933838,-3.06367449993345,-3.3829500786960125,0.3220172784394648,0.28069541463968645,1,0.08349672598128072,0,0.28945981111118124,"{""type"":""MultiPoint"",""coordinates"":[]}"
00000000000000000032,100,TANJUNG PRIOK,PAPANGGO,3172021003,3.17202100301E12,Tidak Diketahui,Papanggo 07,,,,78,luapan danau cincin,007,0,2020,1577865600000,,0,0,-3.417283183548277,-13.625662854483037,-22.33258477103798,3.7331399712825437,1.8433718340967413,-6.6565730104997725,-17.12593175844528,3.5583016037996247,JAKARTA UTARA,1,0.763157894736842,0,0.4330127018922193,840.0340520953622,679.8728019361585,473.0168798317619,134.09086836811298,-36.13086074749779,-259.0138793278039,91.46918591862804,85.74568125723849,9,3.2253384912959375,-3,6.1685829856335195,0.399965306553361,-5.947351657803796,3.2984677401404103,3.306055050963308,1.0,6.900000095367432,3.0738165565400135,0.0,5.201119422912598,1.3420862895789754,-1.751439094543457,2.290099214384661,2.2797025891450606,68567.0914947,68822.02188512703,11.737350463867188,3.484236372508671,0.0,8.791041135787964,0.5866983593402196,-2.953758716583252,2.5087376634945606,2.5153643718830145,18.15280634453148,12.800550871809126,11.32631205950404,4.723919163370036,-0.6354438416777428,-2.1101590993394908,1.719626145581883,1.7179597347938034,0.1360013782978058,0.01786800506040734,0.008500018157064915,-2.698071211576462,-2.884783532973434,-3.0058339908719063,0.06019939428298733,0.02392130704228482,1,0.0940140486613051,0,0.2712931993250107,"{""type"":""MultiPoint"",""coordinates"":[]}"
00000000000000000033,2112,TANJUNG PRIOK,PAPANGGO,3172021003,3.17202100301E12,Tidak Diketahui,Papanggo 08,,,,79,pompa penghisap air danau tidak berfungsi,008,0,2015,1420099200000,,0,0,0.9541364296773782,-17.54682026755361,-24.170631445890024,4.27821555984112,7.597549970888158,-11.800760176016334,-22.175715581893904,5.8920879792200225,JAKARTA UTARA,1,0.5297427044053731,0,0.4991964942582288,880.0578471922215,305.07637769352016,0.0,166.44374683490253,-504.7416613985824,-949.268532766643,251.8137143480772,198.1692588623133,13,-0.7879242197083268,-14,10.75924451380554,-3.435966236375798,-16.182628913591948,3.376278205818083,3.319306373436304,1.0,6.900000095367432,0.8087365577033813,0.0,5.186277508735657,-1.0164124628437918,-1.893127679824829,1.4225379856657698,1.4193050196255326,921295.940523,925038.4572499888,24.121734619140625,2.762735953449945,0.0,21.650168657302856,0.023219877069671938,-3.0488080978393555,3.2471396150485545,3.181073848140223,25.561259138249824,15.429755365114941,9.851287814662125,12.116432655133908,2.006658743722586,-3.583225094177477,3.588161545187139,3.587807832793664,126.56432342529297,9.173698539859169,0.008499981835484505,123.276207447052,5.898712871613078,-3.643293426372111,32.64502135088893,32.70336450774674,1,0.050482334590280634,0,0.24720918707511463,"{""type"":""MultiPoint"",""coordinates"":[]}"
00000000000000000034,10,TANJUNG PRIOK,PAPANGGO,3172021003,3.17202100301E12,Tidak Diketahui,Papanggo 09,,,,80,"hujan lokal, luapan saluran  saluran PHB",009,0,2020,1577865600000,,0,0,10.550527135852548,-10.030387043237221,-16.93238645235476,3.6602098828069565,2.507817303285174,-5.1086303420825026,-10.728574334186828,2.6290520710994607,JAKARTA UTARA,1,0.7453307931545438,0,0.45364749739447463,986.1186824432255,719.6480085223626,414.86324772403617,237.03561619908896,-39.81722733438995,-361.5690650318032,144.20874510699062,139.79981817273801,11,3.6440981551137384,-9,7.5104627830660124,0.338623887140379,-12.331432939455148,3.0607285687313888,3.1093759994964105,1.0,6.900000095367432,2.8105922135385435,0.0,5.18414568901062,0.9701149979173128,-1.8299745321273804,2.143992728332996,2.161351511013865,214303.263879,215115.63793712485,16.816743850708008,3.1262962674115506,0.0,13.70537543296814,0.03347542830089512,-3.162053108215332,2.627616117308289,2.620025637880093,21.542822340872853,13.523070907356033,10.568895541092855,8.130183624671147,0.10035674703023657,-2.843053450237594,2.169502184858892,2.1683624644662007,2.2694931030273438,0.16704331530390332,0.008499931544065475,-0.737349271774292,-3.0561311407757166,-3.377759624272585,0.5154616994527286,0.46314921768056666,1,0.2297559148714442,0,0.44320590021979234,"{""type"":""MultiPoint"",""coordinates"":[]}"
00000000000000000035,,TANJUNG PRIOK,PAPANGGO,3172021003,3.17202100301E12,Tidak Diketahui,Papanggo 13,,,,84,"saluran / drainase tersumbat, luapan air dari waduk cincin",013,0,2020,1577865600000,,0,0,10.719039731087278,-11.429316726428025,-17.197738965889847,3.5250697545138077,9.494452621615178,-2.188654931211169,-11.222593995276512,4.367402693182694,JAKARTA UTARA,1,0.861690838344535,0,0.380820167533181,946.0337596635238,630.7665351988429,262.382556060524,117.20387626251818,-195.14265889401761,-561.8394482292772,166.42479305294052,169.73765842972432,16,7.479958296874127,-5,12.588304615088216,4.33430500318345,-8.036850654523263,3.489997482528766,3.537456713516082,1.0,10.899999618530273,7.082041490915342,0.0,9.017608284950256,5.158877531611219,-1.9129501581192017,2.524780755102038,2.528238204868695,187348.724789,188138.81601895439,13.862760543823242,3.931246402160974,0.0,10.873644351959229,0.9262596922434964,-3.0465433597564697,2.5232252550075325,2.547317897134138,16.570133390565744,12.331969831325209,10.624637516773767,3.1623442331376594,-1.077672832448903,-2.7804907969478947,1.0024280162314492,1.0030339917793343,0.5694948434829712,0.020538769205882528,0.008499899879097939,-2.8941742181777954,-3.390241176872598,-3.485812781378627,0.07000369710571265,0.06393356115352593,1,0.12931692513916554,0,0.37386628625753354,"{""type"":""MultiPoint"",""coordinates"":[]}"
00000000000000000025,685,TANJUNG PRIOK,SUNTER AGUNG,3172021006,3.17202100601E12,Tidak Diketahui,Sunter Agung 12,,,,52,"Curah hujan yang besar dan tidak henti, air tergenang di wilayah Rw 012",012,0,2020,1577865600000,,0,0,-2.858663685106589,-9.886611062686669,-15.51268143651165,2.572397693047363,4.987071233469575,-4.146551453036106,-10.380126110382575,2.519137452665794,JAKARTA UTARA,1,0.9050646353377606,0,0.3142696805273545,1577.0261195713756,1248.4596127341808,946.0337596635238,682.9412325092777,308.3425203196233,-59.44649544774711,179.76963885397106,152.46439858788804,14,7.195534285754739,2,9.715227569509985,3.102671891064386,-2.266617829731941,1.9911671626294285,2.0217861033301823,1.0,2.200000286102295,1.0067623501981715,0.0,0.23770761489868164,-0.9961128490086308,-2.041217565536499,0.7216743581383641,0.7072991672864483,246389.995238,247358.83418097327,7.467686653137207,2.6649903256891765,0.0,4.034929275512695,-0.7653587613565618,-3.4555487632751465,1.4208780944394315,1.4182640425521502,19.510895979967987,13.432321266521807,11.079746620934232,6.080743198618132,-0.0110387358847368,-2.3988164449322262,1.7339198732271799,1.7291383651536443,0.8159816861152649,0.07965301510491925,0.008499732241034508,-2.25055593252182,-3.1199050037128373,-3.2448974130675197,0.16910906929874261,0.14269627938869456,1,0.09493536466223965,0,0.31426968052735443,"{""type"":""MultiPoint"",""coordinates"":[]}"
00000000000000000026,634,TANJUNG PRIOK,SUNTER AGUNG,3172021006,3.172021006E12,Tidak Diketahui,Sunter Agung 01,,,,53,Curah hujan tinggi,001,0,2020,1577865600000,,0,0,-6.17200231430573,-13.295087587227341,-21.37668332000487,2.559941324720961,4.63668248477341,-7.328057445629713,-17.175473497653925,2.9896373319433964,JAKARTA UTARA,1,0.9275336269135138,0,0.28618176042508364,382.4850156088664,167.95694161014274,0.0,-520.6031653513444,-784.6991108975936,-1013.7417510929326,125.33351290564116,98.54715712974225,12,1.9917767592342954,-9,9.178647641492399,-0.831816491208322,-11.541548555596302,2.9576241285551457,3.0116440692751194,1.0,2.9000000953674316,1.1643899312219268,0.0,0.9965440034866333,-0.7250823386107029,-1.9029484987258911,0.9519280362184823,0.960085367238959,232899.813028,233821.82632578549,13.765764236450195,3.9084897576478754,0.0,11.119226932525635,1.0986227124276793,-2.9919815063476562,2.4446559130383294,2.392859045181432,20.36229352706928,14.265974517791825,10.454358198852724,6.934073858148388,0.8764062079764582,-2.9527802599072306,2.9563017458170133,2.9614609222371016,9.230639457702637,2.482659356344466,0.008499917574226856,6.0743067264556885,-0.6497903757812944,-3.391425467096269,3.8776093804900404,3.8798841268781623,1,0.0063658967676223,0,0.11469767022723502,"{""type"":""MultiPoint"",""coordinates"":[]}"
00000000000000000027,,TANJUNG PRIOK,SUNTER AGUNG,3172021006,3.17202100601E12,Tidak Diketahui,Sunter Agung 11,,,,54,Saluran air tersendat,011,0,2020,1577865600000,,0,0,3.5761505334567576,-9.413256814770236,-15.159366289589354,2.8575418138195934,4.851799188500696,-3.775210993989341,-10.380126110382575,2.437951479119676,JAKARTA UTARA,1,0.9430648883212633,0,0.27760124678326636,1659.4529908961447,1508.596278761244,1302.0362575498923,714.6877209311377,565.2061497897256,297.8235517386653,97.5558503848157,87.85657723727982,11,6.157279073480113,0,7.010128356209529,1.9994720205555578,-4.261776602863136,2.100202014695153,2.116786893710723,1.0,2.8000001907348633,1.3209744307852391,0.0,0.7915630340576172,-0.7075558189847289,-2.04487943649292,0.9159609680005487,0.9134028514893794,240325.302906,241327.39573419624,6.669831275939941,2.6578185289962812,0.0,3.2957253456115723,-0.7598720107295099,-3.4459095001220703,1.3751744896980973,1.3695822487263478,20.560724495851062,13.183142340100966,11.312255381301306,7.172005404576032,-0.24734542296796166,-2.0941795351832706,1.643067004538488,1.6362486464939336,0.9859781861305237,0.0871042278026025,0.008499713614583015,-2.0116297602653503,-2.997429027427372,-3.182118032127619,0.2550470652440924,0.23208034686655032,1,0.056935111678736806,0,0.27760124678326653,"{""type"":""MultiPoint"",""coordinates"":[]}"
00000000000000000028,500,TANJUNG PRIOK,SUNTER AGUNG,3172021006,3.17202100602E12,Tidak Diketahui,Sunter Agung 15,,,,57,curah hujan ektrim,015,0,2019,1546329600000,,0,0,0.9732641173045584,-10.714392654223637,-16.15450827246508,2.8219098278688852,10.480543845008508,-4.633679324379489,-9.978925935346737,2.639962407306225,JAKARTA UTARA,1,0.839068159367797,0,0.3753663652655036,1350.6968763229709,1262.8999541780945,1120.898770843552,505.09974246222487,422.5204829955422,262.39975760824404,56.91458621757932,58.796117043309216,14,6.351525628361322,3,10.316208554954901,2.555241896042168,-0.8867726215907981,1.822821547362124,1.8190502976299534,1.0,6.199999809265137,3.240308343114635,0.0,4.301050901412964,1.302137436271826,-1.9709802865982056,2.7001680778410595,2.6937462228990925,127144.715618,127661.79916714678,11.940643310546875,2.435274445325964,0.0,8.68759822845459,-0.8598660928690005,-3.3282060623168945,1.7389978515449085,1.7311046401824672,18.440463922414445,13.147895207296179,11.219653529259526,4.991929585485414,-0.3005135722900603,-2.2318355399820398,1.3534065303219176,1.3529063373240595,0.14449721574783325,0.029900841760788378,0.00849984958767891,-3.067863643169403,-3.2890632369950303,-3.3402015948668122,0.07010210275632468,0.043372485571187315,1,0.15393480408297663,0,0.36994527180683284,"{""type"":""MultiPoint"",""coordinates"":[]}"
00000000000000000029,1363,TANJUNG PRIOK,SUNTER AGUNG,3172021006,3.172021006E12,Tidak Diketahui,Sunter Agung 02,,,,62,Surah hujan tinggi dan lancarnya saluran draenase,002,0,2020,1577865600000,,0,0,2.113076842593499,-9.74651937035275,-16.297564950473884,2.8458743306016685,7.388971223459922,-4.415951431766638,-10.557985895414486,3.124021409194134,JAKARTA UTARA,1,0.9954091532964173,0,0.14069079067862744,649.3636962940959,379.296041826663,185.53248465545596,-221.84288055481818,-499.19184528173537,-720.9850643100174,131.60379616767977,127.33867230665165,9,3.986274788205783,-2,5.452845813291715,0.6618850422406739,-5.579896168426314,2.0916311026376935,2.1003301152925404,1.0,3.6000003814697266,2.6690993588975784,0.0,1.7078028917312622,0.7760396253013807,-1.8889068365097046,0.6074806269167398,0.6079376331080901,147455.378756,148014.23990940722,7.942859649658203,2.7224775953287526,0.0,4.805569887161255,-0.3749268162371254,-3.1414973735809326,1.5836210807984499,1.5935448669623817,17.495311353813165,12.696261580904606,11.311012862414097,4.126635395742085,-0.665244642256727,-2.0560931236989255,1.0853570476981071,1.0861907992205666,1.4364498853683472,0.024873283359841528,0.00849988218396902,-1.461574912071228,-2.9880751618038457,-3.154533315449953,0.20236483685756546,0.1740215929420607,1,6.389322731790427E-4,0,0.12215542042876591,"{""type"":""MultiPoint"",""coordinates"":[]}"
0000000000000000002a,2,TANJUNG PRIOK,SUNTER AGUNG,3172021006,3.17202100601E12,Tidak Diketahui,Sunter Agung 06,,,,64,Kali meluap,006,0,2020,1577865600000,,0,0,3.254250075486558,-12.320511866903262,-22.1753080042603,3.25243659984844,11.584031393992351,-6.288476028558463,-18.578469994356595,3.686502438994155,JAKARTA UTARA,1,0.7843137254901963,0,0.42102677413232503,1147.455046826599,521.4137785976039,0.0,301.69489165217976,-368.59411238126444,-978.5686227317597,345.70535484335636,305.63745552526143,15,2.0820328131252515,-20,11.577125203042472,-0.7917396906442211,-22.32713316559064,4.59068527553503,4.7860398750898865,1.0,8.899999618530273,2.490344802864125,0.0,6.90485155582428,0.5811926315410999,-1.9129501581192017,2.077328649313438,2.1105944503882075,523089.978055,525223.9944914368,21.38434410095215,4.268106509728227,0.0,18.89046287536621,1.395530716618713,-3.149717330932617,3.0667585494691836,3.0121651933528493,25.433954691063594,13.497568718819238,10.274319725018378,12.045017760060274,0.09079825418889176,-3.1485460989296072,3.0720413633677572,3.0728923428237147,121.43032836914062,12.124015222636974,0.008499892428517342,117.81133818626404,8.674498777029548,-3.6609237790107727,37.22525114143148,37.23727508937507,1,0.10700280112044822,0,0.31736909190383955,"{""type"":""MultiPoint"",""coordinates"":[]}"
0000000000000000002b,420,TANJUNG PRIOK,SUNTER AGUNG,3172021006,3.17202100601E12,Tidak Diketahui,Sunter Agung 07,,,,67,Luapan air kali dan got,007,0,2020,1577865600000,,0,0,3.4229544296652152,-10.743140170967445,-17.684758319346365,3.1428878145297023,6.360494642217985,-5.428183054528034,-11.832004731635745,3.064426879336967,JAKARTA UTARA,1,0.9595652574375978,0,0.2443220355606363,1147.455046826599,836.3392170535716,564.2750229076685,301.69489165217976,-22.397716521950244,-323.8231616307338,160.0844568209687,151.87716135285876,9,4.1477848392742,-4,5.5538427238246975,0.9070480905191075,-7.019524158361174,1.9568705594723503,2.0271261861928784,1.0,5.599999904632568,2.834630556868721,0.0,3.622532606124878,0.9361641226264703,-1.8891383409500122,1.5715522382813945,1.5898845568069238,227133.182469,228090.85863820798,8.508800506591797,2.359138387561865,0.0,5.546357154846191,-0.7369241572085915,-3.1874122619628906,1.5068291278869095,1.491998598717601,22.649010061629838,13.725146959453415,11.225403747878156,9.264173994077785,0.3291647311200569,-2.1650529684368784,2.808292451764076,2.8059639024859186,111.1286849975586,8.212093862600659,0.00849988218396902,107.94753336906433,4.968943609942921,-3.352690137922764,33.43004847869658,33.40706320271202,1,0.002640385619109023,0,0.08164781919863383,"{""type"":""MultiPoint"",""coordinates"":[]}"
0000000000000000002c,183,TANJUNG PRIOK,SUNTER AGUNG,3172021006,3.17202100601E12,Tidak Diketahui,Sunter Agung 09,,,,69,"Curah hujan tinggi, dan kondisi rumah rendah",009,0,2020,1577865600000,,0,0,0.6642006857821485,-9.202943046908095,-14.704306806688088,2.8677491782037334,3.694119072730893,-4.061638013136679,-8.592246697617329,2.2750126179578083,JAKARTA UTARA,1,0.9925759668508287,0,0.11702985796078294,1328.210458360942,1137.2517834999178,1024.6366367176336,435.98514022748486,270.84610330296454,154.02940890286834,56.501362668749586,62.21061327413126,11,6.097064917127074,2,7.279740102554923,2.383263681231987,-1.8910086951010503,1.8779165432575793,1.8929184958943077,1.0,5.799999713897705,1.638739678378922,0.0,3.8077609539031982,-0.33820493646089556,-2.0183756351470947,1.983319936958014,1.9801672942883222,101020.036587,101422.13025182235,6.756728172302246,2.6705010846339534,0.0,3.487842082977295,-0.5926276734520718,-3.2616353034973145,1.203467687675262,1.210389248172039,17.95042198820956,13.320653795211141,11.180841231340642,4.566242600499756,-0.0665897671385364,-2.2086963697797266,1.6824479524484133,1.6821941961719287,1.062476396560669,0.17422125266169616,0.008499824441969395,-1.8874330520629883,-2.8941459462547336,-3.26904627494514,0.4166452567346313,0.3678319276341533,1,1.0359116022099449E-4,0,0.0830434773826486,"{""type"":""MultiPoint"",""coordinates"":[]}"
0000000000000000001b,300,PADEMANGAN,PADEMANGAN TIMUR,3172051001,3.17205100101E12,Tidak Diketahui,Pademangan Timur 10,,,,40,Hujan deras,010,0,2020,1577865600000,,0,0,10.087894139306158,-13.587513249905633,-22.31397793605753,4.314647178639349,19.489140427253837,-8.179787149205126,-19.922426806200278,4.663890284512459,JAKARTA UTARA,1,0.5219913049392932,0,0.49861706118366345,2034.5225285572158,706.4657474945016,0.0,790.0558696476328,-298.1262010672112,-929.7847285535502,398.3889700283176,478.73330059992765,33,2.6859674530387387,-16,28.04408064464391,-2.102471798873824,-21.247858075616243,4.702340350704756,4.554713629655969,1.0,4.900000095367432,1.8831533433456054,0.0,3.0489009618759155,0.047277236011137855,-1.9201993942260742,1.3662181814406849,1.3676964417171722,2461221.43985,2471181.566679145,35.97293472290039,5.56126661373453,0.0,32.62102937698364,2.207270299599723,-3.556278705596924,3.7537822864460426,3.773174805344493,22.617205392611375,12.94557740265175,9.368235373590519,9.183698141217905,-0.4172773065106359,-4.026941354088001,2.4521067946672317,2.456833555314956,108.6552505493164,1.6886878629711037,0.008499596267938614,105.89603233337402,-1.1675197744517072,-8.218014248646796,12.627745320756258,12.56565845735097,1,0.2303255829771798,0,0.4184691351733942,"{""type"":""MultiPoint"",""coordinates"":[]}"
0000000000000000001c,11,PADEMANGAN,PADEMANGAN TIMUR,3172051001,3.172051001E12,Tidak Diketahui,Pademangan Timur 01,Gudang RT 13 RW 01,,,41,Curah hujan tinggi,001,0,2013,1357027200000,,0,0,3.0932108908247136,-10.194095396499504,-16.234435691245018,3.365408707754944,5.568695930295181,-4.092782083124818,-9.354530952929984,2.334584582283788,JAKARTA UTARA,1,1.0,1,0.0,764.9700312177328,532.4106341959261,293.3526157307405,-163.97403970924074,-413.53949619456023,-645.9702575831939,100.55647633196956,93.59602617249203,7,2.9322885801453014,-1,3.8269261394378558,-0.40290587769950736,-4.762652482723941,1.5658330869711719,1.5445973700823443,1.0,4.100000381469727,2.1014091179642524,0.0,2.302532911300659,0.31644178876937334,-1.7963753938674927,0.9403029958077098,0.9372103662036725,158954.521796,159613.45690782188,4.744575500488281,2.0407848231503767,0.0,1.9672715663909912,-0.9080907511940323,-3.068929433822632,1.0754986489151273,1.0637672132960578,19.095529506688813,13.41895773840463,11.558192885058164,5.669664085706085,-0.007707263880511172,-1.8679315909464176,1.3863081639114772,1.384395724887274,6.357701301574707,0.049982385985920086,0.00849984958767891,3.6507627964019775,-3.61488617669051,-5.061651460826397,0.947409062515176,0.4344070603844116,0,0.0,0,0.0,"{""type"":""MultiPoint"",""coordinates"":[]}"
0000000000000000001d,180,PADEMANGAN,PADEMANGAN TIMUR,3172051001,3.172051001E12,Tidak Diketahui,Pademangan Timur 02,Kantor Sekretariat RW 02 dan Swadaya Masyarakat serta gedung SKKT,,,42,Intensitas / Curah Hujan Tinggi,002,0,2020,1577865600000,,0,0,4.186104813847959,-8.804398579781184,-18.58067589743215,4.0130041356785915,9.915778055465163,-3.550927818394492,-13.263649049493036,3.3070537015480896,JAKARTA UTARA,1,1.0,1,0.0,622.2948715860543,410.44463935365735,262.382556060524,-292.4049534152671,-500.8807355976791,-647.8414936153947,91.73124646107436,93.26892903790005,6,2.605569166005315,-1,2.5216421951116996,-1.0924690023519348,-4.831002962069201,1.4484021750119538,1.4246374404509707,1.0,3.0,1.945705809671684,0.0,1.206418752670288,0.13598205750701245,-1.862005591392517,1.1576758663803848,1.151538456109201,101087.419406,101517.31754809261,5.414906978607178,2.1292224024472572,0.0,2.2669804096221924,-0.9877456736397637,-3.1705076694488525,1.1070592718068468,1.1144612701202048,19.716761923977092,14.849519845195594,11.556118791312404,6.33043908362912,1.4646528001144243,-1.8170403286187486,2.8397757250766436,2.8452986322955036,6.3322014808654785,1.486207201228146,0.008499839343130589,3.700043201446533,-1.4869048200883972,-4.471778642386198,2.907528720477664,2.6058825131863035,0,0.0,0,0.0,"{""type"":""MultiPoint"",""coordinates"":[]}"
0000000000000000001e,Semua KK,PADEMANGAN,PADEMANGAN TIMUR,3172051001,3.172051001E12,Tidak Diketahui,Pademangan Timur 04,Posko dan Dapur Umum disediakan oleh RW 14,,,44,Intensitas / Curah Hujan Tinggi,004,0,2020,1577865600000,,0,0,-4.014228922931869,-9.627207472073762,-18.170716416746494,2.5694415459792523,2.9921360650437343,-4.13198347721331,-13.534716598041957,2.457056963860145,JAKARTA UTARA,1,0.9961769009298155,0,0.13360853142453716,1057.6978978086688,749.7725489271851,499.5615034733919,112.7200434769162,-173.8426509570805,-404.68665703055785,131.91632497669002,145.2370780652893,6,2.24515032803134,-2,1.3041373379587426,-2.444475064600494,-6.974742809826347,1.7338303970167046,1.719984624186512,1.0,3.5,1.5160900249619391,0.0,1.6467682123184204,-0.3199449587538967,-1.8448244333267212,1.1702708609814276,1.1748567433790997,73958.4056645,74237.24151690346,8.696743965148926,2.866150285985879,0.0,5.321587324142456,-0.5104123767873803,-3.411626100540161,1.7762267489538335,1.791847155378135,19.65437670888454,14.4743475457033,11.556097364058237,6.33655443280562,1.1561537645411601,-1.7588512727434669,2.4448045448758804,2.441579387314432,5.626713275909424,0.9845997323019855,0.008499746210873127,3.1365630626678467,-2.4774411137195966,-4.700980539433658,2.2561702099079026,2.0955656298904457,1,0.0038230990701845474,0,0.133608531424537,"{""type"":""MultiPoint"",""coordinates"":[]}"
0000000000000000001f,200,PADEMANGAN,PADEMANGAN TIMUR,3172051001,3.17205100101E12,Tidak Diketahui,Pademangan Timur 06,Posko dan Dapur Umum,,,46,Intensitas / Curah Hujan Tinggi,006,0,2020,1577865600000,,0,0,1.4841354641573792,-8.286903078547727,-13.444829274608203,3.562915947036113,3.1269718589380426,-3.9884808750397798,-8.675754199436337,2.143137830707882,JAKARTA UTARA,1,0.9964711920954705,0,0.154257446837482,1081.8309929570876,967.4009944314739,829.7264954480723,143.78068818989618,34.853068597512895,-96.64103377688434,60.56386477037867,63.80197377841953,5,2.5279738226613633,-1,0.19807624931958578,-2.238657347116963,-5.697678122117062,1.306506939267864,1.3274209584573444,1.0,2.8000001907348633,0.3877582427520096,0.0,0.975033164024353,-1.4338728126062443,-1.8237029314041138,0.6017890737860025,0.6057772590914492,54384.1398325,54611.26458374573,4.719644069671631,1.70549652082125,0.0,1.2589442729949951,-1.695569862113843,-3.422457695007324,0.8526530130912338,0.8610831111688344,20.27303882365907,14.369496137464681,11.784998099608606,6.933065459390402,1.0269921479489286,-1.5505473191503807,2.12952194047557,2.132056603469037,0.7564793229103088,0.21964999436402385,0.008499746210873127,-3.9891282841563225,-4.823568612555216,-5.529836896806955,0.3737642175038644,0.2887456159184449,1,6.416014371872194E-5,0,0.10975609756097561,"{""type"":""MultiPoint"",""coordinates"":[]}"
00000000000000000020,9,PADEMANGAN,PADEMANGAN TIMUR,3172051001,3.17205100101E12,Tidak Diketahui,Pademangan Timur 07,sudah ada peninggian jalan gang,,,47,Got Macet/Pasang Surut,007,0,2020,1577865600000,,0,0,10.148437739289442,-8.523887195571714,-13.246412624861179,3.2616701231996057,4.57478740947226,-3.4281481427582055,-7.36992122136223,2.054714611200165,JAKARTA UTARA,1,1.0,1,0.0,946.0337596635238,773.4383201222911,540.9154964785438,26.013347505592378,-143.56856816665993,-372.1768900570952,104.70481550284947,106.58045368867515,7,4.315559552871643,1,2.8307800108260714,0.1225308813378794,-3.4724336720100997,1.6798282890994582,1.6376257758774382,1.0,3.700000286102295,2.2411410008882258,0.20000004768371582,1.8785953521728516,0.42352884418934056,-1.627307653427124,1.3042288903992005,1.2999821807671348,54324.1468624,54541.15389073032,3.9401485919952393,2.341444079828924,0.0,0.7581479549407959,-0.8977415256607153,-3.1553542613983154,0.9409303649091544,0.9440931339341952,18.15278258042568,12.75366612116765,11.723231203449165,4.760223133282432,-0.6173674374345915,-1.66443844936558,1.057925680855274,1.0583340770056926,0.08499808609485626,0.01725246843592444,0.0084998132660985,-4.209832224994898,-4.635555298431759,-5.448867365717888,0.314501627486803,0.019463797747895143,0,0.0,0,0.0,"{""type"":""MultiPoint"",""coordinates"":[]}"
00000000000000000021,499,PADEMANGAN,PADEMANGAN TIMUR,3172051001,3.17205100101E12,Tidak Diketahui,Pademangan Timur 08,,,,48,"Jalan Rendah, Saluran Mampet dan Tersumbat",008,0,2020,1577865600000,,0,0,10.148437739289442,-9.018708514497407,-15.513497756030915,3.619574049360539,4.57478740947226,-3.7599575326124604,-7.964954236715131,2.2252776431593193,JAKARTA UTARA,1,0.8901913125294025,0,0.31325600594324693,913.6415294927517,807.9845560942287,586.705231461481,-5.89258299274843,-114.21882116778322,-333.2727773126703,69.90469034724669,70.16855396004092,6,2.7858710992629754,0,1.2799630537914375,-1.4414799163938337,-4.449788196327682,1.2377999578147636,1.1799351559803357,1.0,3.700000286102295,1.6030657709308491,0.0,1.8768153190612793,-0.20687656640370886,-1.7998113632202148,1.241379126491776,1.2414010557558204,89035.9605498,89370.01999710522,3.940147638320923,1.5481044702747129,0.0,0.7151992321014404,-1.686019591301311,-3.232455015182495,0.7446079236953084,0.7519027836322784,18.15278258042568,13.910702193045783,11.887049255762376,4.760223133282432,0.5308958267676437,-1.47959458231559,1.3941288519397004,1.3921769797192505,0.43348968029022217,0.055200481323743805,0.008499781601130962,-4.229819864034653,-5.2536854140988964,-6.075220902450383,0.4581403822942021,0.11006323661667865,1,0.10102712874392347,0,0.30388203411429154,"{""type"":""MultiPoint"",""coordinates"":[]}"
00000000000000000022,12,PADEMANGAN,PADEMANGAN TIMUR,3172051001,3.17205100101E12,Tidak Diketahui,Pademangan Timur 09,,,,49,Curah hujan tinggi dan air kiriman / genangan,009,0,2020,1577865600000,,0,0,0.8731609564958619,-9.554888567555821,-14.04788646499117,2.7220754355676315,-1.496289027238633,-4.484329982692216,-8.15927693394963,1.5365987287365803,JAKARTA UTARA,1,1.0,1,0.0,1037.1581193100906,940.9669844057047,829.7264954480723,105.17640253777085,14.506038011227798,-96.36938521714683,45.59626563834861,47.130842805812094,5,2.94087923193532,1,0.3284390228331251,-1.6721988953821676,-3.5046023505462944,0.7601401065382157,0.7775532106048417,1.0,2.8000001907348633,0.40393293454065954,0.0,0.9749125242233276,-1.4087084899832945,-1.8122501373291016,0.40742162373271956,0.40831740032369385,41407.5950682,41595.29807738121,2.945629835128784,1.302600927398685,0.0,-0.4242408275604248,-2.049968840338192,-3.373696804046631,0.7057602786322131,0.7104069234616865,17.747313162578,14.276750803097508,12.019422156529034,4.387528703056873,0.9188334161355438,-1.3368052929399816,1.764145741160559,1.7648624560265347,0.6034845113754272,0.11071776188326457,0.008499760180711746,-4.844260811805725,-5.426513548216946,-5.981449943035841,0.2581114892957178,0.19855121963995254,0,0.0,0,0.0,"{""type"":""MultiPoint"",""coordinates"":[]}"
00000000000000000023,200,PADEMANGAN,PADEMANGAN TIMUR,3172051001,3.17205100101E12,Tidak Diketahui,Pademangan Timur 12,,,,50,Meluap air laut/kali,012,0,2020,1577865600000,,0,0,-7.459289114802461,-12.10471986773983,-17.998865697505025,2.0102759547773807,-3.9929427971022005,-7.271100631640866,-11.802228340639054,1.8220995691196193,JAKARTA UTARA,1,0.9985599907839411,0,0.14821242649744862,334.4734433447411,191.2649741154757,92.76624232772798,-625.9487549580589,-762.497018491681,-850.09510145379,47.87799025097415,55.9314845961841,7,2.227924658717816,-4,4.1466063636632775,-0.7391140628161187,-7.12192247667198,2.611664571811169,2.6071289909704585,1.0,3.4000000953674316,1.807989166667471,0.0,1.5741230249404907,-0.04791971929377796,-1.89870285987854,0.9821683194129478,0.9827627100725793,60519.9405093,60842.56597801046,7.643996715545654,3.716341093116472,0.0,4.869684457778931,0.8445796450260675,-2.841895580291748,1.9671116852517487,1.9622622695542344,19.79401023123002,12.896482217913965,11.180864494634752,6.3870369979448345,-0.5067620579221646,-2.216959822923192,2.3491660973367496,2.348690755881269,8.440141677856445,0.7311699210808977,0.00849994271993637,5.445501804351807,-2.189610029018327,-2.996637255884707,2.6122692380466837,2.6148056512399886,1,0.0011520073728471863,0,0.10540260134434673,"{""type"":""MultiPoint"",""coordinates"":[]}"
00000000000000000024,300,PADEMANGAN,PADEMANGAN TIMUR,3172051001,3.17205100101E12,Tidak Diketahui,Pademangan Timur 10,,,,51,Hujan deras,010,0,2020,1577865600000,,0,0,-3.8715119411985786,-12.536108351149057,-20.92917053671117,3.0922665713384188,4.563782970807721,-6.863672761578611,-17.172975541568054,3.041518822011991,JAKARTA UTARA,1,0.9765931569405881,0,0.1514039013764985,463.8312116386399,260.03719003284596,0.0,-492.8260593593207,-716.3991216890755,-1016.0867414858488,127.16836120310134,114.28405920459045,10,3.8093489684925563,-3,7.257413128640909,0.9265556748199265,-5.831735516134134,2.517914117835225,2.5988873452779258,1.0,4.100000381469727,1.540877098758359,0.0,2.302532911300659,-0.2704299399350334,-1.872854232788086,1.3907910374777177,1.3864676228492632,152061.555904,152639.55297268883,9.502952575683594,3.371361396935448,0.0,6.934017896652222,0.5953595593096699,-2.8099911212921143,1.9328785072320933,1.8795589001468673,19.962906594326736,13.859571066469467,11.061225716877667,6.499278369090387,0.4218408648075017,-2.3648544695481384,2.545448621230007,2.5433381316516144,8.440141677856445,0.9050898082562856,0.008499899879097939,5.439640760421753,-1.9343271100880635,-3.0001322012394667,2.138342750586518,2.1134157997172336,0,0.0,0,0.0,"{""type"":""MultiPoint"",""coordinates"":[]}"
0000000000000000000d,100,PADEMANGAN,PADEMANGAN BARAT,3172051002,3.172051002E12,Tidak Diketahui,Pademangan Barat 05,,,,24,curah hujan tinggi,005,0,2020,1577865600000,,0,0,-4.739600976553879,-11.717554572549876,-15.461721811748108,2.1123648534459507,2.7989540305261844,-4.156253926833715,-8.101328606116525,2.0472815500596067,JAKARTA UTARA,1,0.997061430104016,0,0.0957785225258207,855.2624952764933,740.4204309419473,556.5974539663679,-73.14758045353528,-185.03689769767578,-366.6782649323626,83.38356546892574,83.24178423154041,7,4.61294836512897,1,3.1002962066412474,0.5306842254196017,-3.017963499700252,1.5248460892051416,1.4971394764005725,1.0,4.200000286102295,2.5804048918805873,0.5999999046325684,2.4118558168411255,0.7762192310951745,-1.2007732391357422,1.2286393628191656,1.2288486256025308,74802.076267,75123.86955041206,5.006729602813721,1.7264383396382164,0.0,1.881411075592041,-1.4367912581504187,-3.2099857330322266,1.017899661151137,1.0157155948156655,17.05416992652613,13.057146697087976,11.482700114039492,3.6631033990979027,-0.3310294126854406,-1.904741793535571,1.0083836282840997,1.0089368735946147,0.03399938717484474,0.011655324940527168,0.008499824441969395,-5.035907801240683,-5.6722201483660895,-6.082797787152231,0.22826381617672667,0.00634859345013658,1,0.002938569895983954,0,0.09577852252582038,"{""type"":""MultiPoint"",""coordinates"":[]}"
0000000000000000000e,515,PADEMANGAN,PADEMANGAN BARAT,3172051002,3.172051002E12,Tidak Diketahui,Pademangan Barat 01,,,,25,hujan ekstrem dan saluran dangkal,001,0,2020,1577865600000,,0,0,2.2662221405055476,-10.32045097946109,-18.130789433320352,3.4436093900189513,7.102876503356121,-4.312426955440741,-12.374797980375646,3.5097384134356044,JAKARTA UTARA,1,0.9359609745971617,0,0.2358861394460247,747.9053559872657,431.3678854896844,92.76624232772798,-170.41895515549606,-475.415307129906,-808.5183271877172,158.03909347623485,163.83658498199048,9,5.359895171125352,1,4.355129470965176,0.6778770666331585,-3.551804312517235,1.6960478937330548,1.7324179124368853,1.0,2.3000001907348633,0.9763824056430225,0.0,0.537948489189148,-0.7845952075835368,-1.7741934061050415,0.9063530091756669,0.9118843646697762,134473.738909,134998.10086543675,7.06204080581665,2.340429515584547,0.0,3.762117862701416,-0.9282158470747089,-3.3857669830322266,1.3744018787129102,1.3686259232693914,19.693223447291253,13.386721188796145,11.136204963343205,6.282062191385705,-0.04078515999678855,-2.27731517118859,1.9038087636853829,1.9124643196741185,1.096458077430725,0.1361628682618305,0.008499746210873127,-6.255410611629486,-7.123642620356766,-8.072925920598209,0.38854215378150775,0.36329424158912793,1,0.045693972339707845,0,0.20288131466788395,"{""type"":""MultiPoint"",""coordinates"":[]}"
0000000000000000000f,50,PADEMANGAN,PADEMANGAN BARAT,3172051002,3.17205100201E12,Tidak Diketahui,Pademangan Barat 13,,,,26,saluran air belum maksimal,013,0,2020,1577865600000,,0,0,6.9749815024483635,-12.08123457681125,-20.12876093126703,3.4935109973155813,6.401991532140801,-6.620485228141645,-16.154886872083964,3.4544742641325223,JAKARTA UTARA,1,0.8568578384958744,0,0.3465950944363784,792.5951218871414,518.5794651120378,185.53248465545596,-202.0090783032672,-445.56444921904307,-743.111651678869,137.24675746018036,158.74770883189618,11,4.9017651832814835,-2,7.173201261264408,1.3097198806009118,-5.332643246172231,2.4110348881220443,2.4463019074570314,1.0,3.5999999046325684,1.5577370248756122,0.0,1.9628479480743408,-0.09356884090347024,-1.666795015335083,0.8262308446192016,0.8285984545553097,206340.038387,207186.0811727192,9.425020217895508,3.289695707555312,0.0,6.53326416015625,0.5864461675481805,-2.6945416927337646,1.6603922436032696,1.6888159405913388,19.073932851854643,12.951657804991164,11.015467504787154,5.547247485787514,-0.5496774707102984,-2.5033125558943468,1.8737717855349494,1.881510701586759,3.6294312477111816,0.2507915379844284,0.00849988218396902,-4.274501800537109,-7.627536954011069,-8.26471539400518,0.8444673659638567,0.8594275272922891,1,0.07329568510753416,0,0.24502163140751587,"{""type"":""MultiPoint"",""coordinates"":[]}"
00000000000000000010,1,PADEMANGAN,PADEMANGAN BARAT,3172051002,3.172051002E12,Tidak Diketahui,Pademangan Barat 02,,,,27,Rembes,002,0,2020,1577865600000,,0,0,-6.6582678012529986,-11.622497755146409,-15.513497756030915,1.398822554676568,2.677797171693271,-4.832347943298002,-8.262812045912728,1.9139890643663615,JAKARTA UTARA,1,0.9503540191586839,0,0.32852548467788656,829.7264954480723,688.569382610576,540.9154964785438,-94.04968392939543,-233.11618363786746,-377.3022180825127,77.09589959647347,79.09552421403657,6,2.8812161599333597,-1,1.4299136860176427,-1.6380105713701016,-5.491320826833828,1.6013630002458505,1.6569737868106165,1.0,1.6999998092651367,0.4338691666939515,0.0,-0.06458640098571777,-1.3489540411302914,-1.7875255346298218,0.46920037705235035,0.4679654585384068,41867.2253639,42055.10377383055,6.464860916137695,1.9449995443851733,0.0,3.189979314804077,-1.350456543556604,-3.324479103088379,1.238651266800602,1.234406940367034,19.693223447291253,14.025544729688772,11.558169147486714,6.305246225020527,0.6379490487747391,-1.8501486152570195,1.9882139845377549,1.9901409806025159,0.3824911117553711,0.10529352302202599,0.008499781601130962,-5.734259605407715,-6.139813132831258,-6.687761001288891,0.23563845971454536,0.14370634011403327,1,0.04773011245314451,0,0.3099914104555367,"{""type"":""MultiPoint"",""coordinates"":[]}"
00000000000000000011,100,PADEMANGAN,PADEMANGAN BARAT,3172051002,3.172051002E12,Tidak Diketahui,Pademangan Barat 03,"RT.001, 002, 007, 008, 012, 011",,,28,Jalan rendang dan saluran tidak lancar,003,0,2020,1577865600000,,0,0,-4.935308667356148,-11.422048621596488,-15.230994859622289,1.9881109802947179,4.12108426280761,-5.314981625510971,-8.868679507823652,2.1244983080461473,JAKARTA UTARA,1,0.8861319880572429,0,0.33071891388307384,622.2948715860543,384.9794871801054,131.191278030262,-296.4819081719942,-527.7793326063234,-772.7965651796342,116.02794118690288,119.34584707647964,6,2.382425615154947,-1,1.5328534573334789,-2.0379184322743216,-5.501003280571455,1.7098190805585656,1.737486963043338,1.0,1.9000000953674316,0.40162149524266516,0.0,0.12847328186035156,-1.3652902426182594,-1.7832181453704834,0.5302214958455223,0.5273991903230136,67806.882456,68065.77097052812,6.464860916137695,2.0064975167080505,0.0,3.189979314804077,-1.1898190548727274,-3.2504141330718994,1.2587280028554386,1.2727654495438778,19.13360934986097,13.385044260445992,11.75435326724996,5.731311346225485,-0.040011746966792994,-1.690914394319785,1.4907130164296303,1.4874341994026126,0.2974933981895447,0.046895551454215624,0.008499795570969582,-6.061261206865311,-6.814068068112381,-7.366733360104263,0.2971280826483942,0.08623083823571398,1,0.08761453721816122,0,0.3075420306099899,"{""type"":""MultiPoint"",""coordinates"":[]}"
00000000000000000012,200,PADEMANGAN,PADEMANGAN BARAT,3172051002,3.172051002E12,Tidak Diketahui,Pademangan Barat 04,,,,29,Hujan deras dan luapan kali yang tidak menampung air hujan,004,0,2020,1577865600000,,0,0,-3.1638695417323257,-10.583125367055318,-14.61251002761915,2.6023343283536198,1.3396795682698652,-4.592368170951035,-7.925541197518611,1.8861974644351285,JAKARTA UTARA,1,0.9746947300771207,0,0.2799416848895061,855.2624952764933,655.8622755064953,473.0168798317619,-65.97979721029765,-265.0396446204198,-445.72730961603406,97.70159334031632,98.63781625604587,5,2.311294987146529,-1,0.800044590244525,-2.0172598380027753,-5.337102270920727,1.4686716466860665,1.4402380755575497,1.0,1.5999999046325684,0.4166532476411072,0.0,-0.18259358406066895,-1.3789853009761601,-1.788743495941162,0.4414424912064718,0.4433752193293182,43431.6683262,43610.54150975852,4.986049175262451,1.9437051045212754,0.0,1.7930011749267578,-1.2875384382884416,-3.233797073364258,0.8981042738749174,0.8912386196906735,17.05416992652613,13.736651623659645,12.014827314668528,3.6654284989974073,0.34859888449618665,-1.388604829072591,1.362173103715957,1.3624933740766116,0.20399567484855652,0.05084869090619118,0.008499795570969582,-5.6180656319484115,-5.992285420459,-6.534394073300064,0.18840818101188309,0.06017398920499173,1,0.025305269922879167,0,0.27994168488950605,"{""type"":""MultiPoint"",""coordinates"":[]}"
00000000000000000013,210,PADEMANGAN,PADEMANGAN BARAT,3172051002,3.17205100201E12,Tidak Diketahui,Pademangan Barat 06,,,,30,curah hujan tinggi,006,0,2020,1577865600000,,0,0,2.281458642780338,-10.596784188162836,-14.846665090543492,3.0022354177484183,6.719892207018617,-3.477196273166135,-8.22674514033918,2.6101748553613326,JAKARTA UTARA,1,1.0,1,0.0,564.2750229076685,379.5386289559892,185.53248465545596,-354.8541840868372,-538.8346162899077,-727.9680567720852,105.58653007124062,107.44103645531212,8,3.646550502904094,-1,3.8918049495145945,-0.5637208041598808,-5.331687740870075,1.8622199438321474,1.8174857462631786,1.0,2.0999999046325684,0.7576143515989859,0.0,0.3213690519332886,-1.002523335743126,-1.7789547443389893,0.7854442106874734,0.7910796146517564,49265.0618085,49478.731863559246,5.4003729820251465,2.32305915837569,0.0,2.3246023654937744,-0.8036349008071185,-3.159454107284546,1.2969760673124964,1.306367875124224,18.66360925605748,13.393260679186971,11.558179524232072,5.211487825146767,-0.029261325605647624,-1.8739992949486002,1.6089117027796875,1.6222718786484793,0.12749774754047394,0.03862257932049843,0.008499824441969395,-6.076738140545785,-6.653608532932831,-7.157448074780405,0.30419916555724413,0.044868731052361555,0,0.0,0,0.0,"{""type"":""MultiPoint"",""coordinates"":[]}"
00000000000000000014,1019,PADEMANGAN,PADEMANGAN BARAT,3172051002,3.17205100201E12,Tidak Diketahui,Pademangan Barat 07,,,,31,"curah hujan tinggi, penyumbatan saluran air dan jalan lingkungan yang rendah",007,0,2020,1577865600000,,0,0,-0.08251001313757564,-11.442368699210938,-15.494330537566373,2.4782112863476105,2.0727555793047987,-4.877244302620583,-8.741725166295701,2.4313257983865397,JAKARTA UTARA,1,0.9528154779093272,0,0.20608041101101565,655.95639015131,475.3485705333535,262.382556060524,-292.2272210479083,-461.38352220285935,-664.0718569969392,88.2438494278855,93.22498815071397,16,6.417210511117529,2,12.249609835332054,2.5657166407931724,-1.6955441602725805,2.418330004940444,2.4035981258557526,1.0,2.499999761581421,1.7720416348413546,1.6000001430511475,0.8126645088195801,0.05354761658739293,-0.12232625484466553,0.2617371436996684,0.26425988940139705,60260.4298245,60547.88667820634,11.984338760375977,3.15062014596021,0.0,9.068070411682129,0.17571397543710818,-3.036956787109375,2.415748541075667,2.384780820183651,18.035005607591753,13.16390146809338,10.751593711371637,4.5893353074589225,-0.26030725780641056,-2.673153422689893,1.2885042221594851,1.2939953916279894,0.07649902254343033,0.028524578632283953,0.008499868214130402,-6.158949105069041,-6.589392000921296,-7.304816000163555,0.3123770526187033,0.024114672049527018,1,0.04718452209067283,0,0.20608041101101565,"{""type"":""MultiPoint"",""coordinates"":[]}"
00000000000000000015,847,PADEMANGAN,PADEMANGAN BARAT,3172051002,3.17205100201E12,Tidak Diketahui,Pademangan Barat 08,,,,32,hujan deras,008,0,2020,1577865600000,,0,0,2.281458642780338,-11.873324257658677,-15.494330537566373,2.792765248292411,3.7947319646002384,-3.1768217968418324,-8.22674514033918,2.5790511034676036,JAKARTA UTARA,1,0.9868926708756519,0,0.10975609756097544,655.95639015131,427.67476883975496,207.43162386201809,-272.24234182134796,-497.32334888880314,-712.7581187462017,113.00861119032349,114.39238063440153,10,6.121465824869617,3,5.980858043759382,2.0623784160127916,-1.1424976908651008,1.4010572831114398,1.4011659120699935,1.0,4.400000095367432,1.8762900195801095,0.0,2.6322858333587646,0.12510537175958117,-1.742905616760254,0.861382615296804,0.8667369124164283,50997.4643295,51155.25389860465,5.4003729820251465,1.921207009735685,0.0,2.335707664489746,-1.1576176623238859,-3.108893632888794,1.1656636551097725,1.1653514961778377,17.341855468671223,13.179299659162,11.558179524232072,3.9140499197171366,-0.23765303032905852,-1.8739992949486002,1.2924185822018108,1.29766603281946,0.12749774754047394,0.021931513027980062,0.008499839343130589,-5.833124410361052,-6.530290178550999,-7.304816000163555,0.3746151839406266,0.03601590317039494,1,0.013107329124348067,0,0.10975609756097561,"{""type"":""MultiPoint"",""coordinates"":[]}"
00000000000000000016,43,PADEMANGAN,PADEMANGAN BARAT,3172051002,3.17205100201E12,Tidak Diketahui,Pademangan Barat 09,,,,33,ketinggin rumah lebih rendah dari ketinggian jalan,009,0,2020,1577865600000,,0,0,3.2889158740313498,-10.504387571438606,-17.688687812911013,3.2842748318031356,16.875267940530804,-3.734678138913867,-11.552438943247203,4.2725132028140465,JAKARTA UTARA,1,0.9616714213794261,0,0.20184751022351363,334.4734433447411,148.18869382026833,0.0,-592.9274596743433,-766.3921693607797,-911.761763962508,70.06836364369089,75.94024072219729,10,4.090552106058063,0,5.980858043759382,-0.09116161443287778,-4.390706118422148,1.8458252818973193,1.7685048134476096,1.0,2.499999761581421,0.9803791940122228,0.0,0.8062663078308105,-0.728266722813091,-1.7376415729522705,0.8400490287880108,0.8329054814476999,103909.513852,104362.8680794887,6.566473484039307,2.3984285360935806,0.0,3.7149901390075684,-0.6068645559795193,-3.1272337436676025,1.317616488926523,1.2958303668681799,18.66360925605748,13.876578847325392,11.263375807032489,5.211487825146767,0.4010466854983587,-2.219475120002654,1.968426850335889,1.9737939983171342,1.5979499816894531,0.2095646361144765,0.0084998132660985,-6.360750794410706,-7.3819949958592535,-8.265416592359543,0.44678607149392985,0.4934175550997679,1,0.020573921798959557,0,0.14430489325798443,"{""type"":""MultiPoint"",""coordinates"":[]}"
00000000000000000017,580,PADEMANGAN,PADEMANGAN BARAT,3172051002,3.17205100201E12,Tidak Diketahui,Pademangan Barat 10,,,,34,curah hujan tinggi dan air laut sedang pasang,010,0,2020,1577865600000,,0,0,-6.02884666041037,-12.444654112087143,-15.461721811748108,1.6921818694151,9.467140230985487,-4.099445620953946,-8.191916752122282,2.569420059029171,JAKARTA UTARA,1,0.9766751301803159,0,0.15676267316115666,875.1549798115764,781.1966348417178,649.3636962940959,-72.92262283396451,-157.54440222533404,-298.6330360687988,67.31578878909077,67.50324993376174,8,3.4568575977966187,1,4.552950918875235,-0.21619553760347676,-2.9017422046719568,1.9042222017191441,1.8504957280842929,1.0,4.200000286102295,3.3271637511714065,1.6000001430511475,2.4013060331344604,1.531573911221492,-0.19820928573608398,0.6234030179983335,0.6254326565855867,81027.9738534,81332.46429373049,5.9309306144714355,2.3019327036653263,0.0,2.9555511474609375,-0.7372526770877098,-3.053412914276123,1.2104788129838706,1.2001413156908765,18.788776159594576,13.23733687787756,11.312274802941495,5.373985580095907,-0.16088920087745293,-2.100736988620678,1.415790467811907,1.4169457035065587,0.14449799060821533,0.03248332923768544,0.008499868214130402,-4.827568929642439,-5.177153471160331,-5.670149080455303,0.19176501068273474,0.035933957158256626,1,0.001377114085295004,0,0.0912838696739514,"{""type"":""MultiPoint"",""coordinates"":[]}"
00000000000000000018,738,PADEMANGAN,PADEMANGAN BARAT,3172051002,3.17205100201E12,Tidak Diketahui,Pademangan Barat 12,,,,36,curah hujan tinggi dan got tersumbat,012,0,2020,1577865600000,,0,0,-4.756252988479832,-12.534636674821085,-20.849998836135725,2.4754399807445684,3.364121331363819,-7.238280310027507,-17.23420949023449,2.5335702640815327,JAKARTA UTARA,1,0.9585698727900457,0,0.2712931993250107,1057.6978978086688,773.2805027902638,463.8312116386399,47.4057801237235,-205.9207681891421,-488.5721455861022,121.68755439847574,138.8515688652675,13,4.345297402507122,-2,9.28986845876745,0.9802741265585009,-5.271045004301957,2.175910400413802,2.2067566698664356,1.0,2.499999761581421,1.279655739096358,0.0,0.8198050260543823,-0.4147131623811222,-1.7492835521697998,0.6564509982163408,0.6514597016355579,150510.53088,151137.36313006206,10.31457233428955,2.6955391356273632,0.0,7.417744159698486,-0.03321252267210476,-2.705092668533325,1.5681289803052127,1.5934096721060031,19.356766487723796,12.90269709278381,10.751593711371637,5.903158956847681,-0.5390360034766571,-2.673153422689893,1.4136051809558827,1.4187827699777542,0.4079975187778473,0.03833803612881532,0.008499899879097939,-5.82377015799284,-6.472474325963386,-7.59324708674103,0.4270007253893541,0.08862343484604847,1,0.004703756053479156,0,0.12155245781143217,"{""type"":""MultiPoint"",""coordinates"":[]}"
00000000000000000019,,PADEMANGAN,PADEMANGAN BARAT,3172051002,3.17205100201E12,Tidak Diketahui,Pademangan Barat 14,,,,37,,014,0,2020,1577865600000,,0,0,-2.297568250595827,-10.206361004629725,-15.568600446725663,2.548300099302351,1.0062701406801728,-4.642669048559265,-9.598172219013723,1.9730167397666323,JAKARTA UTARA,1,0.8416100365917409,0,0.35750459958803815,1081.8309929570876,799.9335446705569,593.993774664244,133.8287460789395,-128.42333543296078,-325.81003574207955,100.92192738999617,108.37481576871802,8,4.685025899348952,2,2.9776411759047097,-0.18394351325579675,-3.153294900790601,1.219227030760828,1.2343150156404088,1.0,2.8999998569488525,1.636002451670021,0.0,1.1215415000915527,-0.1326072230706371,-1.7852460145950317,0.8144996608775303,0.8140053708989724,73424.4860256,73735.9743647231,4.644423484802246,1.743170452393807,0.0,1.160184383392334,-1.6645982533230195,-3.46376633644104,1.0904933196394486,1.113103652351832,19.693223447291253,13.621336520108537,11.559769485156377,6.282062191385705,0.22092501840272308,-1.8556391400169758,1.461576654056382,1.4571005496145444,0.3824911117553711,0.04304542605156747,0.008499706164002419,-5.758731365203857,-7.195416377682376,-8.62597886286676,0.7981331477697503,0.11003698400837632,1,0.1494083543221024,0,0.3392971595164746,"{""type"":""MultiPoint"",""coordinates"":[]}"
0000000000000000001a,1051,PADEMANGAN,PADEMANGAN BARAT,3172051002,3.17205100202E12,Tidak Diketahui,Pademangan Barat 15,meningkatkan koordinasi dan kerjasama lintas wilayah,,,38,Tidak mencukupi pompa karena debit air dan drainase kurang baik,015,0,2020,1577865600000,,0,0,-3.3308065955168873,-11.484687213955642,-14.616830155063022,1.6600526572841015,1.198942516882192,-5.406087972952859,-8.78397422531933,2.071360465456954,JAKARTA UTARA,1,0.9856284153005465,0,0.1458305202717255,875.1549798115764,688.6169891745428,499.5615034733919,-73.3548533952594,-251.97140060964045,-432.19436941932645,89.58432916467181,93.9206689047669,10,6.3318579234972665,2,6.341242793895033,2.562448124674693,-1.730834156132119,1.6612864868764252,1.6070790937631498,1.0,4.700000286102295,3.706639568870834,1.6000001430511475,2.9569077491760254,1.9345179895755367,-0.19581854343414307,1.2578347734820636,1.2641338189867104,63897.7889992,64141.68530058853,5.547544956207275,2.161155431690763,0.0,2.604393720626831,-0.8537917903049392,-3.036956787109375,1.1789239641785796,1.1676357909064925,15.955564065911915,12.722169662604005,11.37954940239335,2.5551831144719923,-0.6738249177610772,-2.0148344460045173,0.9247400658624133,0.925083854118971,0.059499166905879974,0.012401471118559763,0.00849984958767891,-5.2939730659127235,-5.875076050100327,-6.261168679222465,0.2728468979957414,0.011451515549605858,1,0.014371584699453547,0,0.1458305202717254,"{""type"":""MultiPoint"",""coordinates"":[]}"
000000000000000000cd,,PADEMANGAN,ANCOL,3172051003,3.172051003E12,Tidak Diketahui,Ancol 01,,,,370,luapan kali rob pompa kurang maksimal,001,0,2020,1577865600000,,0,0,10.638451004148678,-12.820764146081446,-20.340366108967284,3.002320385320764,9.350927891264483,-5.436173457498055,-17.18568504880222,3.390135250046627,JAKARTA UTARA,1,0.8573402498858302,0,0.3634169941057774,1328.210458360942,825.7905384111687,92.76624232772798,308.70155632326816,-274.42967554383563,-852.7862232199625,227.78781084707566,275.9798184344497,10,3.5771261958570952,-5,6.738510048729246,0.394899684776323,-7.6896837277465515,2.177989133700393,2.1842158183416926,0.821432464850013,6.900000095367432,2.2261136820622807,0.0,5.11531925201416,0.5679456802180675,-1.8414362668991089,1.6705366179704122,1.6843834850237862,1191406.67241,1196202.2081263615,8.247800827026367,2.6019242796955533,0.0,6.719129920005798,0.5709763043583485,-2.3931164741516113,1.4844167766884988,1.4755569108739806,26.634991553494512,13.556541102411185,10.979183188055677,12.972298801803326,-0.1169617768591374,-2.6959497005584314,2.674203351212186,2.676603653124412,369.427978515625,16.924703183831095,0.00849994271993637,361.9667329788208,9.409516236677693,-9.448748694732785,80.06548000609723,80.11563036573108,1,0.08447405707326787,0,0.2801448604328719,"{""type"":""MultiPoint"",""coordinates"":[]}"
000000000000000000ce,172,PADEMANGAN,ANCOL,3172051003,3.172051003E12,Tidak Diketahui,Ancol 04,,,,371,"Luapan kali, rob, pompa air kurang maksimal",004,0,2020,1577865600000,,0,0,3.239988700802411,-12.002485443726988,-19.671214334938156,3.3625072631934896,9.49272190563847,-5.60816383211183,-15.168399698747237,3.8260443825023094,JAKARTA UTARA,1,0.9522442100006246,0,0.20676133022318066,1369.6771539316378,1114.7776191685534,622.2948715860543,522.8482784221785,177.21832963005363,-359.8178244323577,212.53598629113384,187.63934578219926,12,4.083782452781769,-2,8.073000605150684,-0.030510675260256602,-6.242061343443456,2.5314266892205777,2.508192262476082,1.0,4.5,1.3873261334123461,0.0,2.941663980484009,-0.19248414017865387,-1.6516084671020508,1.3143508143799127,1.3180957711572994,502816.776764,504927.6116252803,9.24073600769043,2.943198330495594,0.0,6.859791994094849,0.4803978667876485,-2.644447088241577,1.5624473875094804,1.5553725765149455,23.84329623757718,14.312423245736774,10.863695254755388,10.213057650965732,0.6978608992495287,-2.7865541954779367,3.301321739684881,3.305687109492845,368.7139892578125,31.858304648676828,0.00849984958767891,360.7364068031311,23.64632000445103,-8.60490919277072,107.50005494085183,107.53682510676775,1,0.005063431619396412,0,0.06788369582692214,"{""type"":""MultiPoint"",""coordinates"":[]}"
000000000000000000cf,,PADEMANGAN,ANCOL,3172051003,3.172051003E12,Tidak Diketahui,Ancol 05,,,,372,"Luapan kali, rob, pompa air kurang maksimal",005,0,2020,1577865600000,,0,0,9.9467763408227,-11.0053288647698,-20.01799465127695,4.039850029263249,9.39359791079496,-5.305774499126055,-16.648960061780382,4.15655959065265,JAKARTA UTARA,1,0.9060878161298295,0,0.29072517389381836,1132.3562962360413,578.6490852107113,0.0,246.71280904943342,-349.26624175917783,-911.761763962508,285.9729779624548,290.6028650785656,35,6.1987925576359535,-3,30.700926840140845,2.044550476638901,-7.197025193492789,5.180215381355109,5.234332684841997,1.0,14.40000057220459,3.0502182768461976,0.0,12.7667396068573,1.404066015101157,-1.7578336000442505,2.3813350340183845,2.365304752224275,592661.541109,595171.1437825584,23.287277221679688,4.50890547459014,0.0,20.546878576278687,1.7762595695553118,-3.1805055141448975,4.052251552180923,4.029870792743547,19.481923133907184,13.249732735971985,9.890834998054626,5.916376220320865,-0.2743352518798912,-3.6491180834612287,2.1820793682250046,2.1736682769051647,3.110934257507324,0.23384522248209044,0.008499795570969582,-4.995484352111816,-7.890035987728086,-8.552775632590055,0.6308515455231323,0.5792739530407199,1,0.04822119967519094,0,0.20496478675874322,"{""type"":""MultiPoint"",""coordinates"":[]}"
000000000000000000d0,,PADEMANGAN,ANCOL,3172051003,3.17205100301E12,Tidak Diketahui,Ancol 08,,,,373,"Luapan kali, rob, pompa air kurang maksimal",008,0,2020,1577865600000,,0,0,0.806801370343351,-12.434544410814999,-21.15983087830114,3.108026283714582,8.613211544669586,-4.091171065700582,-15.91658017158327,4.1827104800712265,JAKARTA UTARA,1,0.8969682729452738,0,0.3641185526359595,675.3484381614854,312.9379394024444,0.0,-428.20840340982124,-742.6335009519528,-1088.5323102494228,130.12791894364088,155.52569226377884,9,2.60541246553285,-9,5.972003694618422,-0.5629929224028164,-11.499092269963693,2.2652765497541285,2.333938409500066,0.5493752874086191,5.300000190734863,1.1961945069351274,0.0,3.5816409587860107,-0.5107618694196242,-1.757879614830017,1.2885023390755668,1.284477751158126,504807.612726,506849.0217294544,16.269058227539062,2.8916315767213634,0.0,14.282384157180786,0.8396718558624661,-2.190176010131836,1.9249629051736223,1.9129522701837196,26.639377494339765,13.78886331979119,10.763667209368585,12.856204592733102,0.058051844767719095,-3.097171138052074,3.3155764773399885,3.3191489253270103,370.9919738769531,37.73446410021267,0.0084999930113554,363.5933542251587,29.389117341033344,-11.628118478693068,114.54877491282079,114.9009747561237,1,0.016426749963718793,0,0.13350929786935073,"{""type"":""MultiPoint"",""coordinates"":[]}"
000000000000000000d1,,PADEMANGAN,ANCOL,3172051003,3.17205100301E12,Tidak Diketahui,Ancol 11,,,,374,"Luapan kali, rob, pompa air kurang maksimal",011,0,2020,1577865600000,,0,0,0.4855373965464168,-13.057523218381812,-21.705568744539125,2.9508480180643235,15.391184204837414,-5.491698254728838,-16.240058420734698,3.569470338772164,JAKARTA UTARA,1,0.6660929639895886,0,0.4765703957445517,1967.8691704539299,1462.3594518472203,1024.6366367176336,622.8446392814171,245.2804560750885,-259.341616814364,183.8931836887578,208.79113946843958,18,2.563228073989529,-3,14.950855177244225,-0.14394224643640657,-6.125394145939561,2.6632403202031836,2.9551230793896526,0.5765894902538551,7.5,1.6442718846217805,0.0,5.830070853233337,-0.056542119904204595,-1.8313593864440918,1.7551677460692798,1.7262883094852923,1154729.14679,1159782.327128415,18.46068572998047,1.8861455355366905,0.0,16.289393663406372,0.029858883156577105,-2.2356553077697754,2.1808740657787338,2.2992531214153074,20.114470596708845,14.65049669868523,10.144937697497127,6.472645787023977,1.0564134138885761,-3.37915081107316,2.577787212163409,2.584850251104968,3.9779322147369385,0.14606733867103514,0.008499967865645885,-3.3885343074798584,-7.149276608808654,-8.003404748626053,0.7614231095509986,0.6996023861108572,1,0.17884426085958777,0,0.38400693343060904,"{""type"":""MultiPoint"",""coordinates"":[]}"
000000000000000000f5,118,PADEMANGAN,ANCOL,3172051003,3.172051003E12,Tidak Diketahui,Ancol 02,,,,461,"Luapan kali, rob, pompa air kurang maksimal",002,0,2020,1577865600000,,0,0,3.450888114183843,-11.639413382893107,-19.355843947286782,3.8043217343974054,8.249993077523513,-5.867249740121591,-15.464427503536553,3.839661567892773,JAKARTA UTARA,1,0.9381948140825793,0,0.27014103344396223,1403.8079779207503,1131.052933254882,706.486653451565,387.88205257501534,110.81423371918915,-291.6058066125157,174.70985184945494,177.78957344024613,12,4.7278838111170245,-1,8.382934675285034,1.139068494871968,-4.856610504190961,2.329342541293838,2.3474794519273297,1.0,4.199999809265137,2.15808984429997,0.0,2.569769859313965,0.5378062961156105,-1.6613032817840576,1.1173039529341668,1.1218604716270895,458845.428696,460651.0222263942,9.195145606994629,3.1379065857215673,0.0,6.859791994094849,0.8407015101264779,-2.474581003189087,1.7220084919231018,1.7325471063378954,22.014680980215083,13.126801179470231,10.868728798993272,8.500557341825909,-0.46816098236163645,-2.7865541954779367,1.8446352021018582,1.8394304488739541,3.6379311084747314,0.11773231052517717,0.008499931544065475,-4.374541997909546,-7.8178317218234294,-8.136357475072145,0.3984256942736387,0.3766552416178367,1,0.046331077484601926,0,0.22924310917998555,"{""type"":""MultiPoint"",""coordinates"":[]}"
0000000000000000033c,Nihil,TAMAN SARI,TANGKI,3173031004,3.173031004E12,Tidak Diketahui,Tangki 01,Nihil,Nihil,Nihil,1650,Nihil,001,0,2020,1577865600000,Nihil,0,0,6.28812714230378,-8.383032491026412,-14.058314926226858,3.527186006028476,12.393323554570188,-2.892395640307214,-9.122435607789626,3.2194712280449242,JAKARTA BARAT,1,0.9805112919867018,0,0.12498425196844122,540.9154964785438,300.6224013446596,131.191278030262,-332.9324506622786,-566.493923792789,-737.0751978552753,86.79654459698749,89.38835319027088,13,5.934770147884903,0,7.233079593587288,0.3173125483629591,-5.662961429440322,2.276068655483551,2.2668978584688513,1.0,1.0,0.2696358293592145,0.0,-0.742644190788269,-1.4809967241078053,-1.7916202545166016,0.28014912946115383,0.2635016113288829,91264.2539028,91643.82300611962,8.73572826385498,3.0629263259013517,0.0,5.383901119232178,-0.2940703860447657,-3.4413962364196777,1.8095116353283154,1.822864230075865,20.998947725398803,14.678772443623647,11.082663251712416,7.566288490786977,1.2408474895326376,-2.3536602870362966,2.633358900930161,2.6256767163143144,2.473374128341675,0.8539408146802293,0.008499663323163986,-6.974167585372925,-8.740032897948646,-9.77868932299316,1.1024770159338102,1.07310220824557,1,0.019488708013298182,0,0.12498425196844144,"{""type"":""MultiPoint"",""coordinates"":[]}"
00000000000000000341,Nihil,TAMAN SARI,TANGKI,3173031004,3.17303100401E12,Tidak Diketahui,Tangki 06,Nihil,Nihil,Nihil,1655,Nihil,006,0,2020,1577865600000,Nihil,0,0,-5.905150578204934,-11.193684232120532,-14.738287496689356,1.9827032282919361,5.03795267940245,-2.843559067239297,-6.107547000009208,2.1980024041504613,JAKARTA BARAT,1,1.0,1,0.0,675.3484381614854,472.90450578884753,293.3526157307405,-151.8393085802668,-366.18803177654036,-558.7233029465674,127.41322365178983,119.82123830776615,8,4.598628027439451,2,2.6716883778663325,-0.7645919547173027,-3.3574226837000785,1.3963786609384332,1.3962264150943395,1.0,2.799999952316284,2.0527930294083867,1.1000001430511475,1.177140235900879,0.41637329098625264,-0.49450957775115967,0.3512108776539085,0.3592147591722686,24816.9494541,24870.84891822061,4.644418716430664,2.136685950606206,0.0,1.5696499347686768,-0.9993082874214786,-3.2011570930480957,1.1411282437808359,1.1243065714596931,17.901454648927892,12.991209936127245,11.561851249854765,4.34108486521216,-0.539880724796263,-1.9848522221387626,1.3079201717375857,1.3061671640817785,0.05949808284640312,0.014683834050227771,0.008499732241034508,-9.661604478955269,-9.919344203185354,-10.039859184995294,0.0923528811299117,0.013715328757336047,0,0.0,0,0.0,"{""type"":""MultiPoint"",""coordinates"":[]}"
0000000000000000034a,Nihil,TAMAN SARI,PINANGSIA,3173031008,3.173031008E12,Tidak Diketahui,Pinangsia 05,Nihil,Nihil,Nihil,1667,Nihil,005,0,2020,1577865600000,Nihil,0,0,8.678417214086075,-8.114712230230328,-16.906698047420743,3.4293310375782697,8.588077168139847,-2.9476700901356865,-11.452263668514242,3.3143566715943327,JAKARTA BARAT,1,0.999860110512695,0,0.09876816579193802,1498.6845104201757,1331.9217161671377,1057.6978978086688,730.3765673760744,533.8608415252587,229.82001045094478,119.46854406275713,107.6246241572467,12,6.903686087990489,1,7.11182597063047,1.9313213860818006,-3.873204446288338,2.164130237571207,2.146867884660965,0.5219723402505843,3.9000000953674316,2.376790017247415,0.0,2.4034435749053955,0.85765517537574,-1.5501526594161987,1.1422285056159323,1.1387532637377404,149607.847301,150233.92883538082,7.467628479003906,2.8381729831404514,0.0,4.741025447845459,0.04130256451706828,-2.9357948303222656,1.5087264467746018,1.5096982822622156,26.631902913650556,13.39192783162781,11.084010605695749,13.024938544658962,-0.2461115804911875,-2.5388962015688126,3.2766999081024104,3.266632942419224,368.2464904785156,25.15133340548361,0.008499760180711746,359.5468978881836,15.927385493306238,-9.883774500340223,112.00834245996032,111.90959832015349,1,1.3988948730502907E-4,0,0.09876816579193803,"{""type"":""MultiPoint"",""coordinates"":[]}"
0000000000000000014f,25 KK,PASAR MINGGU,PASAR MINGGU,3174041001,3.17404100101E12,Tidak Diketahui,Pasar Minggu 07,,,,693,masuk air meluapnya kali baru melalui saluran ke jalan badan kali tinggi daripada jalan lingkungan,007,0,2020,1577865600000,,0,0,-4.361356160303133,-13.034806391904375,-16.232426978387785,1.6512703621886442,8.994122390063263,-4.223122669003465,-9.173881166000669,2.7480193655185694,JAKARTA SELATAN,1,0.729534951362182,0,0.43794316956227064,3290.260514037345,2829.1379375364577,2375.975098656976,327.8706805949096,57.813916484322945,-195.341897635647,111.1880886882693,200.86921148285532,46,41.69936657725494,35,7.765773800021904,3.0740411675848454,-3.47880370738271,2.0762477252982317,2.317918115136647,0.7061883481288055,6.299999237060547,3.4319555212137427,0.0,0.21293020248413086,-2.44717829702004,-6.168691635131836,1.8450801108424078,1.8882906245575122,215831.368102,216743.33449283842,6.670449733734131,2.2625841763343324,0.0,3.335444688796997,-1.0573370303624328,-3.361668825149536,1.2629268243892826,1.2656207458216402,20.882499230045827,13.373572265276579,11.193511065054434,7.458600619360535,-0.039633002479966414,-2.212888544023249,1.9244189963212472,1.9270666211280185,1.2405904531478882,0.12447322346182803,0.008497278206050396,-7.4317508935928345,-8.729892549627126,-9.19531817175448,0.4393831850091513,0.3652098645833984,1,0.27046504863781784,0,0.43794316956227064,"{""type"":""MultiPoint"",""coordinates"":[]}"
00000000000000000150,,PASAR MINGGU,PASAR MINGGU,3174041001,3.17404100101E12,Tidak Diketahui,Pasar Minggu 08,,,,694,,008,0,2020,1577865600000,NIHIL,0,0,-5.537348682717327,-13.290041438878607,-20.555542871661043,2.3046918723720897,2.0407896841204973,-5.371598755126193,-13.049420790765463,2.544002338237565,JAKARTA SELATAN,1,0.7693824286009355,0,0.4101210700675224,2821.3751145383426,2478.8136797639727,2230.251726514454,187.1498849306381,-6.254935816202802,-195.341897635647,84.44530527805702,137.997159139213,47,41.7927971909796,37,6.868458769920416,1.6256665523277034,-3.018727903965342,1.7603296053649495,1.805351248215928,0.8839882914844127,6.299999237060547,2.618443849632613,0.0,0.2563595771789551,-3.3835020897894648,-6.190352916717529,1.7386970877095094,1.7123240123989136,185607.335179,186428.30121175692,5.581035137176514,2.1652902251670376,0.0,2.201220989227295,-1.2321716781527179,-3.436155319213867,1.1683932173300635,1.1636936955349326,20.580212937215673,14.064603101812551,11.373182037950777,7.162143060421888,0.6339603780580718,-2.0440323807283622,1.9749999118682324,1.9747380168222055,0.9176917672157288,0.15008903385828495,0.008497227914631367,-7.870900571346283,-8.953748504044208,-9.393564216792583,0.36210219622199485,0.2780191035151478,1,0.23061757139906494,0,0.4101210700675224,"{""type"":""MultiPoint"",""coordinates"":[]}"
00000000000000000209,224,SAWAH BESAR,GUNUNG SAHARI UTARA,3171021004,3.171021004E12,Tinggi,Gunung Sahari Utara 01,terulang kembali,12 Jam (setengah hari),6 M,1121,"1. Curah hujan tinggi;
2. Dataran rendah",001,4,2020,1577865600000,Relatif paling tinggi sepinggang dan dibawah dengkul kalo digang,100,15,-1.6559401034742862,-10.504033297090302,-17.9134352381338,2.9440020302838015,4.2577305095211155,-5.123943064870993,-13.2429341673336,2.7657860005909143,JAKARTA PUSAT,1,0.9492648805026014,0,0.21841572133518533,1081.8309929570876,822.5720340473104,473.0168798317619,128.42406609535487,-105.86231140508296,-428.12446245245326,144.58301813905422,163.24549982034702,14,4.815410522679677,1,8.561104564126182,-0.3372986144473792,-4.348186132437117,1.8159605143950086,1.8374669787907518,1.0,3.299999952316284,0.9649236520601546,0.0,1.518038272857666,-0.8070847424240073,-1.7836017608642578,1.2126678040099141,1.2202654424850354,161618.242507,162250.64946637326,13.648222923278809,2.3494649406088763,0.0,10.055739164352417,-1.1294274813523701,-3.645700693130493,1.7117283863600499,1.7288735469977505,20.519882235092037,13.77910700471972,10.463234282794165,7.0925078831716455,0.35636210448721917,-2.958246641017892,2.0284628966769507,2.0339152766670763,0.8754634857177734,0.18641742771285627,0.00849967822432518,-6.93218469619751,-8.536141442861911,-9.191564013250172,0.4422151887279461,0.31905104158325065,1,0.008398281482760851,0,0.09512633176255551,"{""type"":""MultiPoint"",""coordinates"":[]}"
0000000000000000025a,262,SAWAH BESAR,MANGGA DUA SELATAN,3171021005,3.17102100501E12,Tinggi,Mangga Dua Selatan 06,,Sehari semalam,-,1255,saluran air yang tersumbat,006,4,2012,1325404800000,1 M,100,0,3.198399506633569,-11.537871229099432,-17.559203690139654,3.2390014041939903,15.880997082550028,-0.3341780743471907,-12.93637141104829,5.031902640775197,JAKARTA PUSAT,1,0.9798169811690475,0,0.16594252252566136,918.3389462118339,494.85662269317373,185.53248465545596,34.390271993169335,-369.0590914425697,-674.3994638574571,183.00797382856868,189.858224991847,23,6.156624145160978,-2,18.252540051593712,1.2410399421631244,-6.607733222922781,3.83361000090758,3.7824600308096787,1.0,7.100000381469727,2.411727738731289,0.0,5.49134886264801,0.7844477811636237,-1.6645455360412598,1.6306531002960225,1.617257890387548,176754.463185,177467.6552601006,19.591156005859375,4.476813329937968,0.0,16.676262140274048,1.4750975387739678,-3.1900455951690674,3.499856313006812,3.4209316685862112,21.91653654566655,12.988265643167345,10.080876683712916,8.38871294303902,-0.5459239294226451,-3.4592007315389672,2.2749222882254374,2.2699831445534566,3.340348720550537,0.37328913551116083,0.008499760180711746,-6.27584433555603,-8.676654057350397,-9.824135519564152,0.9110022117037863,1.039732729914208,1,0.016989007113044508,0,0.1539526586383121,"{""type"":""MultiPoint"",""coordinates"":[]}"
0000000000000000013d,819,TEBET,TEBET BARAT,3174011002,3.174011002E12,Tinggi,Tebet Barat 01,,1-2 Jam,± 50.000- 60.000,656,Meluapnya PHB Kalibata dan Saluran Rawa Bilal,001,4,2020,1577865600000,,100,0,-5.573061067263897,-11.944094522971904,-16.103447481386297,1.9050408064007796,9.60960355811288,-2.773668167242263,-10.377283296141627,3.1970645735804846,JAKARTA SELATAN,1,0.9517312159023388,0,0.2065672991391307,3739.5267799363287,3303.132716823678,2886.2081166657636,118.93498100378338,-107.07624865950571,-303.59155761042575,83.82032678497116,181.0480676601141,27,19.533473775185005,12,9.162181100092273,1.3844638742951776,-6.030799120948291,2.777219985510949,2.67924585325985,1.0,4.80000114440918,2.579388497484013,0.0,1.3837957382202148,-0.8359864831737033,-3.6566710472106934,1.4497062465391735,1.4650151539888283,322773.974439,324056.424148618,7.605966567993164,2.53413055324995,0.0,3.850515365600586,-1.1317210615759823,-3.7509713172912598,1.5187441665188117,1.519584282730513,19.48953263916728,13.526043846473451,11.312039369658205,6.14470246729214,0.14199323392445948,-2.100144933705055,2.2877646039092454,2.2862589291785094,4.852393627166748,0.5166030339909862,0.00849838275462389,-3.460331916809082,-8.545988316685799,-9.610234933905303,1.510695179717789,1.4380823624791272,1,0.0317398584778264,0,0.1699706579607316,"{""type"":""MultiPoint"",""coordinates"":[]}"
00000000000000000132,180,TEBET,KEBON BARU,3174011004,3.174011004E12,Tinggi,Kebon Baru 01,,2 hari,± 20.000,632,"Curah hujan yang ekstrim, banjir kiriman dari bogor (katulampa) dan Petugas pompa yang kurang sigap dan tanggap dalam memeriksa saluran",001,4,2020,1577865600000,,100,0,-3.7036086213561408,-11.840681628178388,-18.41057345155148,2.3708222291802694,6.808314396686955,-4.1973379112290194,-12.785991492531267,3.028407357843821,JAKARTA SELATAN,1,0.9517543859649121,0,0.2703077200940698,4605.729490425012,4456.95189633386,4200.170260476811,969.6888017792721,867.3839441000737,679.6230549490565,65.56443362430592,91.28521101574172,20,15.11082123411978,9,1.9542949963246201,-3.001995970916963,-9.252285250195602,2.3977313315877704,2.403648440422367,1.0,3.6999998092651367,1.3519928528190885,0.0,0.9148609638214111,-1.3884409498930415,-2.7652227878570557,1.2475659393647436,1.2760062746232643,92219.0397013,92642.35964908575,6.670166969299316,2.504788029172694,0.0,3.86934232711792,-0.3421933058597468,-2.888031244277954,1.3599174770489166,1.3543058880356456,26.55225130612926,15.175067962030797,11.193690177850407,12.922512339924578,1.5578233351966022,-2.4231066216963537,4.049418066229102,4.0523591174564855,340.2344970703125,62.73816564323423,0.008498415350914001,330.6484146118164,53.11136574035724,-9.741024743765593,135.61762480101777,135.59209292576747,0,0.0,0,0.0,"{""type"":""MultiPoint"",""coordinates"":[]}"
00000000000000000133,416,TEBET,KEBON BARU,3174011004,3.174011004E12,Tinggi,Kebon Baru 02,,1 hari,± 8.000,633,Curah hujan tinggi dan Mesin pompa sudah tua,002,4,2020,1577865600000,,80,60,-3.8221894221287274,-12.500957853251002,-17.218574956787876,2.5607977969601965,-0.3052053207489369,-5.045758347344328,-10.63471847091812,2.2902286083815464,JAKARTA SELATAN,1,0.9464971526950073,0,0.2874797872880346,4712.853798069809,4582.7162728933,4425.6401038404565,1015.188029285533,902.1961192799384,793.155824272987,58.701377259547975,73.37025534795352,21,16.97152695007284,11,2.223874892493189,-1.7162135878968348,-7.537726534394629,2.360412170764568,2.3680563781904396,1.0,4.100000381469727,2.680174925266994,0.0,1.2796480655670166,-0.1744041062714864,-2.9463579654693604,1.6280140054681609,1.6558580571799348,52622.5528291,52838.65336799956,6.204838275909424,2.795366487334443,0.0,3.274291515350342,-0.09987674969077157,-2.932436466217041,1.4720928046317028,1.477897197217336,26.550925748594167,14.850379901775083,11.266608778714911,12.977180018347166,1.2492148893893222,-2.3148752055572377,4.204734957709243,4.20230957050454,339.9285583496094,66.75392281382693,0.00849838275462389,330.5663433074951,57.19971156610025,-9.741024743765593,137.8856196481833,137.81117137336258,1,0.03006224341146868,0,0.15905777550540118,"{""type"":""MultiPoint"",""coordinates"":[]}"
0000000000000000013b,125,TEBET,KEBON BARU,3174011004,3.17401100401E12,Tinggi,Kebon Baru 12,,3 jam,± 30.000,643,"Hujan lokal, saluran tidak lancar, dan curah hujan hujan yang tinggi dan durasi yang lama",012,4,2020,1577865600000,100-120 cm,120,100,-7.214280579347955,-11.900551492628603,-14.266036490249716,1.3089967090267252,1.2341332824279414,-3.639946985791548,-7.706873134881555,1.9070008129823492,JAKARTA SELATAN,1,1.0,1,0.0,4920.110210960908,4828.738841762717,4657.752288287196,963.5834211798601,877.8519397370842,720.2052427033991,59.80648603792999,64.4721972100318,22,19.498104327363055,17,1.480045864241788,-0.985495865063255,-3.5228206516674696,1.4087635027516696,1.4536758172373414,1.0,1.8999996185302734,1.0206041240056272,0.0,-1.279597282409668,-2.185525797850042,-3.2686944007873535,0.5851284926577642,0.5738293501631333,26869.2803249,26996.68623162191,5.007545471191406,2.4546925257835412,0.0,1.8114678859710693,-0.6781145132496583,-3.086664915084839,1.0031719533281696,1.005665549927691,16.648518058108827,13.28938668995864,11.722957432493722,3.108543403558542,-0.2535237930630469,-1.817794795854045,1.4197351687857567,1.419068349425727,0.552385151386261,0.06575166578112997,0.008498254232108593,-8.345554530620575,-8.851264910920255,-8.941812452860177,0.17724916880348907,0.1739262582034367,0,0.0,0,0.0,"{""type"":""MultiPoint"",""coordinates"":[]}"
00000000000000000181,307,TEBET,MANGGARAI,3174011007,3.174011007E12,Tinggi,Manggarai 01,,4 hari,± 20.000,783,Intensitas Curah Hujan yang tinggi dan meluapnya tanggul Kali Ciliwung,001,4,2020,1577865600000,,120,100,-2.918072200041302,-12.043760356216383,-16.01781156324396,1.9347252177283651,5.292076590923687,-3.8214506110449444,-11.059870026340725,2.428726683140822,JAKARTA SELATAN,1,0.8949691085613415,0,0.3137779989946096,3352.4441657665852,2855.058439117517,2456.1165641394814,399.6135381892591,27.32220214711025,-234.19975035883408,148.71971866240162,219.45127099101077,19,12.853486319505736,8,4.328056820706571,-1.994926700805963,-6.814090518211426,1.9884833236828283,2.085310626300854,1.0,4.899999618530273,2.743455406917338,0.0,2.275548219680786,0.15769639934782217,-2.6224288940429688,1.3442282339105596,1.4003160129480285,213242.016974,214153.47123261075,8.719182014465332,2.3899672686603592,0.0,5.474831819534302,-0.7872537925923698,-3.2707998752593994,1.3013550568012562,1.2984521893477203,26.560961406271982,14.499415078438116,10.922605476837132,13.043854954746307,1.0091318599494064,-2.5389699554030223,3.783098206383671,3.7916835732614866,343.6084289550781,44.130831223073734,0.008498637937009335,334.39116954803467,34.77979998837766,-9.55503895971924,123.6895527824204,123.70372431244319,1,0.09674414043346084,0,0.3047037704970223,"{""type"":""MultiPoint"",""coordinates"":[]}"
00000000000000000144,674,SETIA BUDI,MENTENG ATAS,3174021005,3.17402100501E12,Tinggi,Menteng Atas 08,,3-5 jam,± 50.000,678,"Banyak saluran air yang sudah menjadi pondasi rumah sehingga menghambat saluran air, Durasi hujan yang panjang (± 10 jam) dengan curah hujan yang tinggi",008,4,2020,1577865600000,50-80 cm,80,50,4.892199925080652,-10.756350150662556,-14.498197754178355,2.3006707209183688,0.6400395539934977,-4.833610528467953,-8.94022086479178,1.845270568798657,JAKARTA SELATAN,1,0.9892631203777955,0,0.0936549136660031,2559.0707531400412,2298.508831336006,2034.5225285572158,-371.0515651191304,-494.0182960113705,-629.915292060328,55.04811373180531,126.04724096212499,17,13.380067718078946,9,0.49434659361265787,-3.112539663775658,-7.198203650040806,1.453373463503513,1.4300183983521577,1.0,3.299999237060547,1.0327139522773765,0.0,-0.08506631851196289,-2.477504046186559,-3.639258623123169,0.8062522938599006,0.8238523031916175,78324.0856016,78663.63901351136,5.247517108917236,2.094480458214503,0.0,1.3262805938720703,-1.9950124976055672,-4.261383056640625,1.2162044866960402,1.1970597512642376,22.464125667937815,14.230278675173036,11.536424113253547,9.16301440236548,0.9380787139791927,-1.7720825304434769,2.710882065910268,2.7182300479387425,5.719241619110107,1.285219339722643,0.008498522453010082,-3.1646323204040527,-7.644526035553617,-9.127746251411736,2.32283948616405,2.399254749386857,1,0.010736879622204402,0,0.0936549136660032,"{""type"":""MultiPoint"",""coordinates"":[]}"
00000000000000000156,118,PASAR MINGGU,PEJATEN TIMUR,3174041005,3.17404100501E12,Tinggi,Pejaten Timur 08,setiap tahun kena banjir,2 jam,1 hektar,710,kiriman air dan curah hujan,008,4,2020,1577865600000,1 m,100,0,-7.134585255298672,-12.804665291474576,-17.767192351548452,1.8628939915864484,6.0227448433429736,-4.017169033473985,-10.964896023400014,2.670853268760385,JAKARTA SELATAN,1,0.8629057924888608,0,0.36357128044973475,4304.393629270136,3810.085538604562,3089.269083231159,939.4961408170811,597.0457709543526,199.0142467390142,182.35730385093288,341.681175109724,43,34.6744509866327,16,7.037678759095016,-0.993337701452324,-17.65334267607433,5.052434797691829,5.5867316464466334,1.0,13.69999885559082,3.5895713317073015,0.0,8.50773811340332,-1.7989153459323528,-5.7784342765808105,3.759168724779684,3.7028647733443116,262807.883537,263824.08511810115,15.877336502075195,3.9538834964812652,0.0,12.840376138687134,0.8104960176680351,-3.2013354301452637,2.516912471771504,2.4945492680753447,23.38735597474235,13.807831483914962,10.42299436521649,9.893552879126926,0.3466046890943503,-3.073871092629391,3.109278548457169,3.114611297963165,329.6716003417969,14.092438765121575,0.00849734153598547,322.0392150878906,6.004868587262862,-8.952551738359034,79.52717278316223,79.42313063437177,1,0.1337126034373011,0,0.3610005574560303,"{""type"":""MultiPoint"",""coordinates"":[]}"
00000000000000000158,40,PASAR MINGGU,PEJATEN TIMUR,3174041005,3.17404100501E12,Tinggi,Pejaten Timur 10,setiap tahun kena banjir,1 hari,5000 m,712,"Jurah hujan tinggi,",010,4,2020,1577865600000,1 m,100,0,-8.437415190571489,-13.738852923821472,-17.767192351548452,1.533029917552058,7.771141772696183,-3.632819835349806,-9.787140714042184,2.928128436863861,JAKARTA SELATAN,1,0.9257551118338618,0,0.28316700498296987,4283.350023716669,3622.8851889471375,3083.6927807006746,962.513935240147,589.315868766566,235.1182872194163,177.4947626498362,336.55533465325226,47,38.16156594065739,17,8.96381819916995,1.527564710456883,-17.739529254410236,5.209826002791374,5.928341637685801,1.0,15.999998092651367,5.081672564905658,0.0,10.795064449310303,-0.384146054270095,-5.7784342765808105,4.300650430562948,4.283828686779047,261565.634558,262681.56972659624,17.230485916137695,3.727851916349755,0.0,14.150918960571289,0.522109569855816,-3.299635410308838,2.700578933791304,2.664762016955916,23.72268946870575,13.736961765813092,10.487153681920521,10.21323782011768,0.2708265872553957,-3.013342370465322,2.4977768199045083,2.5001492545733965,329.4676513671875,8.974931184576672,0.008497313596308231,321.7284517288208,0.29477625819277514,-9.318165703676641,56.18461555169218,56.04737103137839,1,0.0742448881661379,0,0.28316700498296976,"{""type"":""MultiPoint"",""coordinates"":[]}"
000000000000000001b7,200,PASAR MINGGU,PEJATEN TIMUR,3174041005,3.174041005E12,Tinggi,Pejaten Timur 05,setiap tahun kena banjir,1 hari,1 hektar,914,jurah hujantinggi dan kali meluap,005,4,2020,1577865600000,1m,100,0,-2.6835678964928382,-12.5398806785792,-18.367935482865434,1.9607108217317673,4.878411552663209,-4.361584063861615,-12.58166067619261,2.524700394444418,JAKARTA SELATAN,1,0.8901211412052172,0,0.33938801739328844,4636.456420326374,4071.4537253624508,3344.734433447411,409.8947007381639,142.51487968284786,-215.2062813220855,157.34257363264493,315.77179251457454,39,31.40630484908971,19,8.831448864523711,1.6744507745285682,-11.062458196661499,4.352284537827295,4.310355171072879,0.9561259678291024,13.100000381469727,7.1004723063535,0.0,8.194334030151367,2.3289499616378406,-4.691964149475098,4.06327836039357,4.065476709113198,405475.414119,407087.3640253837,16.333057403564453,3.2529017399093556,0.0,13.343425512313843,0.24339818632310997,-3.0897204875946045,2.5344943866804526,2.526898892274895,23.735422291179322,13.382741470553203,10.922412924941721,10.221402204053325,-0.11333181683038294,-2.620599156686925,2.390509539653801,2.395699684108405,331.5750732421875,15.488895276331375,0.008497674949467182,323.04795837402344,7.620695041510532,-8.553770535625517,68.93832941052345,69.04809216295375,1,0.10364111917954366,0,0.3266403763392791,"{""type"":""MultiPoint"",""coordinates"":[]}"
0000000000000000018f,± 168 KK,PANCORAN,KALIBATA,3174081002,3.17408100201E12,Tinggi,Kalibata 10,,± 1 x 12 Jam,"4 RT Terdampak (RT 001, 002, 008 dan 011)",825,Saluran air dangkal dan sempit,010,4,2020,1577865600000,± 1 meter,100,0,-5.0407082232979725,-11.90035663110833,-15.303087437192836,2.064440322876751,7.907483414534015,-4.362904166786747,-8.334405685543153,2.6468506882056464,JAKARTA SELATAN,1,1.0,1,0.0,4741.072006325661,4517.966421618649,4297.390543770962,405.0528561891333,255.74661647598109,124.73464387109743,64.77431226950132,108.0011203275201,34,27.92833423896637,22,7.257667930041645,0.9608916654032145,-4.873299996830344,2.8195022884231338,2.797924813940277,0.9992268828064589,7.299999237060547,4.574539617791682,1.8999996185302734,2.827103614807129,0.021287389893552857,-2.713453769683838,1.7938198652630717,1.752034907054364,57730.360466,58014.280118867006,5.624488353729248,2.669263135441862,0.0,2.5398013591766357,-0.44171913446870786,-3.131981134414673,1.1691844276319687,1.1653742351801268,16.42916205931299,13.240279450188316,11.541792549602313,2.9820687674668864,-0.20882256019475204,-1.9053574618495634,1.3858812115549881,1.3881001899211105,0.441887229681015,0.056557920829331185,0.008497864939272404,-6.852053791284561,-7.417832141149176,-7.637942310422659,0.1535650489044835,0.09416316837673776,0,0.0,0,0.0,"{""type"":""MultiPoint"",""coordinates"":[]}"
00000000000000000193,± 250 KK,PANCORAN,RAWA JATI,3174081003,3.17408100301E12,Tinggi,Rawa Jati 07,,± 1 x 24 Jam,"6 RT Terdampak 
  (RT 001, 002, 003, 004, 005 dan 006)",839,Meluapnya Kali Ciliwung,007,4,2020,1577865600000,,100,0,-2.309725445192342,-12.648383423707529,-18.534138641756407,2.522640065495342,9.11863644804567,-5.5782686971707545,-13.129865772430026,3.040692922792071,JAKARTA SELATAN,1,0.6306615382976233,0,0.48999009478921507,5012.811695004283,4445.802485721567,3870.698557220822,656.0157933427436,300.06169452738203,-59.915578993899544,179.22596171964153,299.9077690082781,46,27.426180252938003,11,20.785839411395045,2.1574658425600197,-14.059942032692067,5.508760405643696,5.511141788298758,1.0,13.399999618530273,6.482836425663226,0.0,9.326138973236084,2.3677557712738957,-4.026977062225342,3.8432206901817123,3.8512737152681895,327372.665843,328635.69898500876,16.994848251342773,4.765053750341891,0.0,13.94345998764038,1.7220853920228412,-3.094123363494873,2.774061588248599,2.7725143476135927,26.540282987451103,12.97012338606804,10.454119119159172,13.041792233317441,-0.5101200296339836,-2.982589449309307,2.7427771715255904,2.7481721481664105,336.3678283691406,20.757236115698433,0.008497943170368671,328.5006809234619,13.012201973969331,-8.098203907720745,83.15484024206576,83.22133178597034,1,0.3443962623991822,0,0.484844321080019,"{""type"":""MultiPoint"",""coordinates"":[]}"
0000000000000000010f,33,JAGAKARSA,LENTENG AGUNG,3174091004,3.17409100401E12,Tinggi,Lenteng Agung 07,,3 jm,20 m,541,luapan kali dari kali ciliwung,007,4,2019,1546329600000,1 m,100,0,-5.384739165860989,-13.055775447827637,-20.395571137645227,1.9906144539353516,8.923547219128757,-5.240346695494182,-14.97358222472808,2.699712266404639,JAKARTA SELATAN,1,0.8050178924049998,0,0.4183991404730074,1049.530224242096,636.4024868775834,207.43162386201809,81.17639872216989,-422.4654314999325,-950.1604194267702,229.11768732945492,180.6612061862358,63,50.83765524292571,37,8.61305220240424,-2.9481404971599305,-15.930088862028086,5.984390842264054,6.365287615448886,0.9934645777022886,22.299999237060547,10.424238152398477,0.0,15.157434463500977,3.3101074493907756,-7.119107246398926,5.796824757994969,5.81798020828727,347888.014904,349286.71256637806,19.00626564025879,3.9217740530333844,0.0,15.597304582595825,0.48787337875681175,-3.451578378677368,2.564115192051968,2.560909978258305,26.374016360416668,13.372229756140628,10.466435115809245,12.919649623352896,-0.06096912690275097,-2.9548626597307717,3.2039963638813362,3.209715543001174,284.6663513183594,24.85805637302783,0.008496712893247604,276.70133781433105,17.13337219257175,-8.116455648094416,86.73538201095911,86.83342957371289,1,0.17818229203211608,0,0.3941134909984461,"{""type"":""MultiPoint"",""coordinates"":[]}"
00000000000000000552,588,MATRAMAN,KEBON MANGGIS,3175011005,3.175011005E12,Tinggi,Kebon Manggis 03,,24,16748,2490,Dampak Luapan Kali Ciliwung,003,4,2020,1577865600000,80,80,0,6.031589292396184,-10.457477750589922,-18.511505477796504,3.0210601445354213,18.382626859144196,-3.302789484815079,-13.40594939725629,3.8527632188245797,JAKARTA TIMUR,1,0.9431607888753768,0,0.2368226370187931,3452.3502670087446,2826.1090888602193,2226.3898158654715,607.5884971017626,120.25556771814526,-323.17024681767543,246.41794592549218,317.8824742734347,22,12.091462662366279,6,8.533076408566167,-1.7029384135416816,-8.183042965896904,2.93781142498494,2.9250755845748597,1.0,6.0,2.4909390840379304,0.0,3.836360216140747,0.1094269570050606,-2.684922218322754,1.6526749788208543,1.5402528817975658,395594.731973,397259.89554366184,13.120243072509766,2.4052154349127104,0.0,10.250274419784546,-0.6838037292558624,-3.2703397274017334,1.6850544785332784,1.6389218162521269,26.59797872057141,14.404676205430434,10.504051638512342,13.11018544137117,0.8882082172997448,-3.050011730851306,4.194001986051539,4.1790983442285246,355.9224548339844,53.52657370075922,0.008498708717525005,346.6033124923706,44.24972923056053,-9.395415711216629,133.29444767338197,133.3186967097777,1,0.037690124958141676,0,0.18070684780369523,"{""type"":""MultiPoint"",""coordinates"":[]}"
00000000000000000553,222,MATRAMAN,KEBON MANGGIS,3175011005,3.175011005E12,Tinggi,Kebon Manggis 04,,24,7684,2491,Dampak Luapan Kali Ciliwung,004,4,2020,1577865600000,100,100,0,-2.087920102879226,-11.565929290991525,-16.60806192103893,2.488918940790523,8.931574319237427,-4.281887601254063,-11.543834072651258,3.5105725903561242,JAKARTA TIMUR,1,0.9119628686929181,0,0.2803958023743075,3584.4280636387275,3199.833330079998,2729.913656091607,654.3347485078843,336.915304345971,-34.1179601762974,169.51036954267423,216.22217171781648,25,12.796143800635493,5,10.48708475331161,-1.7456105934444486,-9.30356403478894,3.8372110610427352,3.8621697443514558,1.0,6.200000762939453,2.1917819987753635,0.0,3.989837408065796,-0.1512116204579544,-2.5234768390655518,1.6875238869423175,1.634991484629642,209831.285177,210628.59492472932,9.643638610839844,3.1885850151794375,0.0,6.7111122608184814,0.19028248497742956,-3.1432318687438965,1.9221623784926194,1.8948292926027366,23.77650707839354,14.018862125774739,10.82008943477742,10.28021341992702,0.4770829488783189,-2.7417572252116553,3.747345592051692,3.73406741891812,343.51495361328125,44.48187636805172,0.00849865097552538,334.3350706100464,35.13595948483317,-9.502047576010227,119.00036561398237,118.99118331775662,1,0.0583420671757249,0,0.23920535789911948,"{""type"":""MultiPoint"",""coordinates"":[]}"
0000000000000000054e,930,JATINEGARA,KAMPUNG MELAYU,3175031001,3.175031001E12,Tinggi,Kampung Melayu 02,,< 24 JAM,5000,2484,BANJIR KIRIMAN DAN CURAH HUJAN TINGGI,002,4,2020,1577865600000,30 s.d. 125 cm,125,30,6.826617917683587,-10.223487328823312,-18.282979651019875,3.9429951953523568,4.731147117729618,-4.892420672562204,-12.495368657448982,3.356025994534405,JAKARTA TIMUR,1,1.0,1,0.0,4117.400169979267,3990.0031599203494,3858.4512421436248,869.473661123192,710.3952139475867,502.34863448018814,106.62997577032864,67.13556604495237,22,13.67332297906959,7,5.708443481850427,-2.8419946062482206,-9.54196260790384,3.551204602153236,3.4243318695527263,1.0,5.09999942779541,2.519428768768773,0.0,2.6426467895507812,0.0033827923377689343,-2.5481925010681152,1.6736807051242644,1.655042264168647,47247.2771114,47431.714722525816,6.226642608642578,2.9058589084500537,0.9274099469184875,3.4403305053710938,0.059581315003417526,-1.9999707341194153,1.371704499655458,1.3518478180960194,23.420832498312027,13.594842718280045,11.263094657030429,9.798999029045442,-0.027810144326248554,-2.344722440717325,3.168474113366647,3.1724739833666304,340.8208923339844,22.733972427502103,0.008498547598719597,331.01771354675293,12.962030197349153,-9.944017419591546,105.37052039300221,105.38823388677172,0,0.0,0,0.0,"{""type"":""MultiPoint"",""coordinates"":[]}"
00000000000000000514,18,JATINEGARA,BIDARA CINA,3175031002,3.175031002E12,Tinggi,Bidara Cina 05,,48,400,2374,Luapan Kali Ciliwung,005,4,2020,1577865600000,100,100,0,-0.7511599394444821,-11.876760417765203,-19.097495229977028,2.9714546483045874,7.023425941884156,-5.516514150680644,-13.045161295433449,3.318776737723348,JAKARTA TIMUR,1,0.8164334705075443,0,0.37757347416769327,5118.1415062800825,4867.631207358071,4661.445986162131,1234.5794250891072,1036.5931987003876,877.5026617508165,77.3455794802213,104.87543638979975,28,21.95423868312757,12,8.35356881229422,1.9270489500389691,-8.190559607618642,3.8041620606638147,3.7527109542533177,1.0,7.100000381469727,4.286351702916443,0.0,4.20444655418396,1.3290845667024038,-3.0109214782714844,2.1630002463903155,2.1483587164966877,127179.293627,127702.77702574607,8.71943473815918,3.6658723264286697,0.0,5.839929103851318,0.7807942316218168,-2.901366949081421,1.9956037041896928,2.000478062003668,22.960207692416745,13.154000007842992,10.944137202624566,9.389116036561244,-0.44559539472196397,-2.634560732811689,2.7612517720175247,2.755987662584089,339.4696350097656,20.03760631555039,0.008498246781527996,330.67329692840576,11.162246896605502,-8.974585470743477,90.91334236677494,90.89650836106259,1,0.14417009602194783,0,0.33384220416830257,"{""type"":""MultiPoint"",""coordinates"":[]}"
00000000000000000515,363,JATINEGARA,BIDARA CINA,3175031002,3.17503100201E12,Tinggi,Bidara Cina 06,,48,400,2375,Luapan Kali Ciliwung,006,4,2020,1577865600000,100,100,0,2.571658964095021,-9.98593140059104,-14.34613070120379,3.263390720312324,6.805036237398772,-3.703953226732498,-9.227677179540894,2.850396637355427,JAKARTA TIMUR,1,0.9269690519076468,0,0.3054766312211495,5249.290756032934,5092.293653862807,4930.593412216127,1338.9521560835624,1210.0288719644736,1079.3396080706539,67.13433998668296,89.93731215992864,26,21.130615141094903,13,5.43934133833168,0.3638672916684036,-7.713093607682239,3.1998843709076445,3.137405930418034,1.0,5.5,3.1352601066686376,0.0,2.5234925746917725,0.10319403798863476,-3.0951333045959473,2.006195849930139,1.987198486989668,63851.4506332,64132.470702609644,6.567720890045166,2.6181339417916636,0.0,3.6549770832061768,-0.28305308992285805,-2.940887928009033,1.4337369963085356,1.4390562435205203,15.955370439189114,12.795402985348565,11.219265098311723,2.3783150687998447,-0.8127464459005508,-2.395563787623866,1.1443725642690836,1.1365409298854205,0.15296834707260132,0.019270738990605604,0.008498218841850758,-8.663276731967926,-8.925546292820606,-9.016395524144173,0.07934912345504497,0.03773618833578636,1,0.0504885104524862,0,0.2763853991962833,"{""type"":""MultiPoint"",""coordinates"":[]}"
0000000000000000051b,120,JATINEGARA,BIDARA CINA,3175031002,3.17503100201E12,Tinggi,Bidara Cina 12,,24,200,2381,Luapan Kali Ciliwung,012,4,2020,1577865600000,100,100,0,-2.8470895057898655,-12.768785408447902,-18.251439545529426,2.3931494715806236,10.320572900879766,-2.8245799415184067,-11.337179932687182,3.7105057239785832,JAKARTA TIMUR,1,0.9199774901519414,0,0.26553476535765014,4995.615034733919,4768.3758300980335,4531.324713308207,1120.6538863943215,906.3571035953674,668.5593088630849,121.26024134333937,119.56567597403978,30,24.552016507221897,20,8.235532057190099,3.079471924175818,-1.377297194012229,2.2059489035821045,2.259696714322579,1.0,3.3999996185302734,1.0685946032871694,0.0,0.19520926475524902,-2.0509865826456655,-3.2203586101531982,0.912665380213688,0.9263142797321678,93060.9271444,93388.8059113644,7.0631890296936035,2.7203717954542053,0.0,4.145380258560181,-0.17682416633825287,-2.9572534561157227,1.4190884239013895,1.4233106768783585,19.389357512873325,13.154302548548454,11.135851809868353,5.766547656269033,-0.4530928417459878,-2.4624033922432282,1.8126657198175644,1.8143339145800925,0.6033713221549988,0.07325432837366513,0.008498139679431915,-7.80409175157547,-8.525441556721622,-8.957739816978574,0.2526660396910257,0.1522567397962046,1,0.0800225098480585,0,0.26553476535765014,"{""type"":""MultiPoint"",""coordinates"":[]}"
00000000000000000457,60,KRAMAT JATI,BALE KAMBANG,3175041005,3.175041005E12,Tinggi,Bale Kambang 03,,7 - 12,190,2037,Luapan Sungai Ciliwung,003,4,2020,1577865600000,80-250,100,30,-5.420296756006198,-12.385712517431026,-16.099482949618608,1.492570780057299,6.523775751648125,-4.600379196736128,-9.11791900641838,2.158834979339048,JAKARTA TIMUR,1,0.9518511886108252,0,0.22482594518270693,3858.4512421436248,3563.2300722506147,3267.9534058899885,800.1796795404293,476.3348667331111,194.9181546619211,127.16949175768833,156.1042367742638,42,36.783386309710366,27,7.726470681889417,2.2045214933922606,-8.441507150385803,2.7583808570792954,2.3918040274648353,1.0,17.600000381469727,10.13026232878887,0.0,12.685699462890625,5.171370877694246,-5.093324184417725,5.55650215420552,5.586503501185941,311594.038102,312844.9221000471,8.509882926940918,2.5454064426400724,0.0,5.440027475357056,-0.49775477967312154,-3.0771448612213135,1.4567525272434798,1.4643857397061981,21.670307785880947,12.84618316406831,11.262838641172378,8.158160235412678,-0.67229561457546,-2.25621596774824,1.3128454877686255,1.312356130160731,326.75701904296875,0.054589368439482054,0.008497360162436962,318.11289978027344,-8.614768425109517,-9.090924105606973,16.080301587825794,16.077225471235963,1,0.048148811389174935,0,0.22482594518270702,"{""type"":""MultiPoint"",""coordinates"":[]}"
000000000000000004b2,36,KRAMAT JATI,CILILITAN,3175041006,3.17504100602E12,Tinggi,Cililitan 15,,30 jam,600,2205,meluapnya Kali Item & Kali Baru,015,4,2020,1577865600000,100 cm,100,0,-4.437244036915491,-12.587352631751568,-18.575908172901475,2.0468625533943694,5.762189243690904,-5.0864623906753,-12.741165840307072,2.445973170917258,JAKARTA TIMUR,1,0.94979357121793,0,0.20322945168094292,3214.8555853169687,2873.6697753393705,2599.1107973211338,-269.7860717853987,-396.139895747504,-488.8126399549483,45.546460127014896,137.9664762690652,31,26.724085815393693,19,3.0577762206417525,-0.9584012611384909,-8.433831257779456,2.40141690574038,2.4322292965436656,1.0,3.9000015258789062,0.6901136597009297,0.0,-0.20655345916748047,-3.3166111646957765,-4.048039436340332,0.8308671635006001,0.8515058303820782,94653.9401431,95005.94041909264,8.517396926879883,2.9916147019739374,0.0,5.562031269073486,0.05383198843421361,-2.9388113021850586,1.8342972513974516,1.8365510630566964,21.36694608484049,14.744410489758245,10.946278005418602,7.8334823944320995,1.2000441655421112,-2.5866554409337024,2.5449445724836837,2.543117832593412,2.4388365745544434,0.6663504862051459,0.008497760631144047,-5.489277362823486,-7.514214824932987,-8.577623780816793,1.0246622675634973,0.8813258079276854,1,0.05020642878207017,0,0.20322945168094292,"{""type"":""MultiPoint"",""coordinates"":[]}"
0000000000000000045d,90 KK,PASAR REBO,GEDONG,3175051001,3.17505100101E12,Tinggi,Gedong 10,,2 jam,700 m2,2059,"Penyempitan kali di hilir (kramat jati) dan wilayah cekungan di rt. 04, 05, 06, 09 rw. 010 Kel. Gedong",010,4,2020,1577865600000,50 - 100,100,50,-3.8091769681969083,-12.829487675663822,-17.040062015474373,1.7999257845305996,5.751738556834276,-5.131937414252602,-9.562541126881175,1.957997893092209,JAKARTA TIMUR,1,0.9742137728789564,0,0.14608952310255038,3230.8765595471127,2844.294997174331,2577.499651299377,803.3913087035207,421.55160367475,139.08614007308688,142.92020220445295,141.39651951280814,42,36.79077763171201,30,6.152912698643284,-0.048804073551532746,-8.082555658205727,2.975866360613323,2.7714101193411866,1.0,10.399999618530273,3.292692130443024,0.0,5.5996809005737305,-1.5363801092077172,-4.939271450042725,3.2199170798440435,3.2055109342048085,207157.270623,207995.81551583155,8.340004920959473,2.918038401527313,0.0,5.257078409194946,-0.1737016528492233,-3.0942277908325195,1.4095895437508985,1.4090637214167412,17.323831787591125,13.019792980299064,11.05556422453028,3.7781664341121513,-0.5249688100005913,-2.4968251126235153,1.57664546600567,1.5762843608230206,0.6118035316467285,0.08892180639945314,0.008497245609760284,-7.247844062745571,-8.173919222702951,-8.669454452581704,0.348304061884091,0.18128381127186424,1,0.02578622712104359,0,0.1460895231025503,"{""type"":""MultiPoint"",""coordinates"":[]}"
0000000000000000045e,13 KK,PASAR REBO,GEDONG,3175051001,3.17505100101E12,Tinggi,Gedong 11,,2 jam,500 m2,2060,Luapan Sungai Ciliwung Rt. 004/011 Kel. Gedong,011,4,2020,1577865600000,100,100,0,8.72841505403676,-12.425447537109212,-20.82572265520224,4.194157222928402,15.740309127560213,-5.441325390847932,-14.429563416683111,4.350959647629488,JAKARTA TIMUR,1,0.6704646414265006,0,0.469416848372609,3477.1876395195422,3272.9043443019477,3038.713994907392,1126.114897736269,854.415915387177,568.2090759006387,141.5398830160729,110.81985368843836,47,38.4407780912449,20,7.520463738549722,-1.2814823221935803,-20.08949899674417,5.217666506796833,5.147327295832849,1.0,15.299999237060547,7.815699746566108,0.0,10.057612895965576,2.471606096922668,-5.528002738952637,5.012769465796859,4.974423213431654,223873.965387,224837.15086577967,16.340862274169922,3.5544026827013964,0.0,13.200429201126099,0.42832719805231084,-3.1457958221435547,2.9390892626098233,2.947707772012237,26.49963209944448,13.578522058401704,10.27441081632896,12.997400939922695,0.05678084548808048,-3.227796738270973,2.8379611122278265,2.8345476417429887,322.60186767578125,18.93180757570382,0.0084971459582448,313.6629819869995,10.767666804151894,-9.192699442617595,79.94741434112721,80.16004996059824,1,0.3291145159530527,0,0.46818897065254667,"{""type"":""MultiPoint"",""coordinates"":[]}"
000000000000000005ab,49,PASAR REBO,BARU,3175051002,3.175051002E12,Tinggi,Baru 01,,1-2 Jam,50 m,2638,Volume /Intensitas Air yang besar dan penyempitan kali Cijantung,001,4,2020,1577865600000,60-100 cm,100,60,2.407119411840748,-12.690959865092593,-16.806725263950177,2.1973471517076053,11.035313418368393,-3.7228454031117155,-10.101286545656366,2.8499809619910312,JAKARTA TIMUR,1,0.7614383410544895,0,0.4378471148485637,1529.9400624354655,1207.5957987883128,855.2624952764933,-259.14268595835006,-558.9848081380695,-824.2772277848754,127.30288108259694,147.23495378018154,54,45.087359364659186,32,4.760391120140113,-3.544268689068065,-16.04194668283445,4.7751276536778,5.029907352418468,1.0,17.0,7.776905675933366,0.0,10.180756092071533,0.8915158598236638,-6.9251203536987305,4.60675390436456,4.600157445036987,237095.647874,238038.43059296283,12.021406173706055,3.683795176962648,0.0,8.702833652496338,0.35341251422240555,-3.342519760131836,2.3253646121200697,2.325490529135479,23.7099986337852,13.773635274075527,10.594171451007718,10.24741987851733,0.3018079793350141,-2.8578619325992367,2.780084186257887,2.776988877442549,20.313636779785156,2.887617323969838,0.008496837690472603,11.802685737609863,-5.567605295753996,-8.604787169024348,7.0168193279326685,7.04762502071227,1,0.22573718655783523,0,0.43074098439171926,"{""type"":""MultiPoint"",""coordinates"":[]}"
000000000000000005ac,15,PASAR REBO,BARU,3175051002,3.175051002E12,Tinggi,Baru 02,,1-2 Jam,42 m,2639,Volume /Intensitas Air yang besar dan penyempitan kali Cijantung,002,4,2020,1577865600000,80-100 cm,100,80,-4.264753513041795,-12.565132277092705,-16.57754006837652,2.2434249858052646,4.319290710504411,-4.3200734136654715,-9.692581779927236,2.5067877836508603,JAKARTA TIMUR,1,0.8217799440382706,0,0.4026305545514098,1120.898770843552,891.2704463125511,675.3484381614854,-611.3126791595776,-749.7842775709371,-885.5532480372406,69.52117750470953,113.10013134451366,56,46.14328910551494,35,6.547408988089174,-3.2695669120558817,-14.371946364333006,6.0278600342602875,6.112834660926471,1.0,13.800003051757812,6.214018286216001,0.0,6.839455604553223,-0.7412750694938747,-6.994633197784424,5.084300512559042,5.084168956400402,77303.2803065,77629.4806792924,13.677239418029785,4.546375963624737,0.9274099469184875,10.329258441925049,1.1971621235303151,-2.4248340725898743,2.5079778398216757,2.5078552037310087,20.90277539789819,13.419529761129613,10.97871076591535,7.431895401488639,-0.04803207294934739,-2.48846035678692,3.146688247840637,3.1467928997240238,19.744346618652344,3.445247435271183,0.008496851660311222,11.197311401367188,-5.070278112267372,-8.553005984053016,7.979745267118689,7.994169871499482,1,0.17822005596172938,0,0.4026305545514098,"{""type"":""MultiPoint"",""coordinates"":[]}"
000000000000000005ad,10,PASAR REBO,BARU,3175051002,3.175051002E12,Tinggi,Baru 03,,1-2 Jam,40 m,2640,Volume /Intensitas Air yang besar dan penyempitan kali Cijantung,003,4,2020,1577865600000,80-100 cm,100,80,-3.8398320004524438,-12.233884947692099,-19.856032885861225,2.3217761600388642,1.5188409405271321,-6.345073516126246,-15.145126891329216,2.330538814035212,JAKARTA TIMUR,1,0.546889715389404,0,0.49998827158321735,1037.1581193100906,788.0056105111555,463.8312116386399,-500.41019016910013,-728.3135202063229,-968.3673011424014,111.62334459338206,147.04657550353244,55,42.38400881127587,31,6.4368570245254375,-6.130511046394594,-18.685575054972162,6.1217606199980255,6.106043376515938,1.0,20.60000228881836,6.410866242633945,0.0,13.753102779388428,-0.4070342924824478,-6.949039936065674,5.725181786742082,5.709120343589591,218456.521903,219325.6951534576,11.518553733825684,4.062035318403564,0.0,8.089935302734375,0.643556458562009,-3.427358388900757,2.548352508649364,2.5496379117872077,23.62807850496594,14.6243336656308,10.649994155091159,10.170114475555367,1.1616686263469824,-2.8178465877813768,4.279060179843812,4.277906344441354,295.6181945800781,64.63697049327736,0.00849690567702055,287.0355167388916,56.0709057014288,-8.657516804523766,129.6235595604224,129.58756531956783,1,0.41995626286973026,0,0.4976959486187657,"{""type"":""MultiPoint"",""coordinates"":[]}"
000000000000000005ae,10,PASAR REBO,BARU,3175051002,3.175051002E12,Tinggi,Baru 04,,1-2 Jam,48 m,2641,Volume /Intensitas Air yang besar dan penyempitan kali Cijantung,004,4,2020,1577865600000,80-100 cm,100,80,5.56541178189756,-12.895055464625537,-19.439701604400852,3.2828518804649254,14.262100997164577,-6.6315425691192695,-14.281998174371177,3.53928394173717,JAKARTA TIMUR,1,0.2612318332036082,0,0.4416429652453101,1622.7464894356312,1118.4263103975577,706.486653451565,-378.75616888549166,-657.1567663513212,-894.6582123835872,100.75075633151879,192.9303055076366,54,41.931964629773724,26,6.6343599706666865,-5.033022748224784,-19.303564034812695,7.773273386132551,8.418201810573791,1.0,20.60000228881836,8.150900560866674,0.0,13.742022037506104,1.4371509268470903,-6.739994525909424,7.279024399283234,7.340542806255825,273340.394655,274428.4467590905,17.702268600463867,4.480264217795042,0.0,14.291640996932983,1.0821450065342588,-3.4231035709381104,3.6738083698424338,3.6746771482047094,26.412909212160113,14.047838248520224,10.18945050771232,12.957040082742537,0.5793182670675097,-3.281028432807176,3.9624898550339416,3.962665111588263,296.2044677734375,44.62774572002872,0.008496913127601147,287.2704162597656,35.91277243890709,-9.061084639281034,111.2732203321286,111.31989636715244,1,0.683135343430605,0,0.4723539142868354,"{""type"":""MultiPoint"",""coordinates"":[]}"
000000000000000005af,12,PASAR REBO,BARU,3175051002,3.175051002E12,Tinggi,Baru 05,,2-3 Jam,50 m,2642,Volume /Intensitas Air yang besar dan penyempitan kali Cijantung,005,4,2020,1577865600000,80-100 cm,100,80,-4.673810033448335,-12.014560671653264,-14.8836208803007,2.0542941585427648,5.442455960843787,-3.0913391320375414,-7.342660166690531,2.850499945673739,JAKARTA TIMUR,1,0.6436827027561002,0,0.4891125055402159,706.486653451565,560.1816743878277,414.86324772403617,-841.5833232422386,-944.2725604686633,-1050.0060708395893,54.08341717193175,80.51229913028035,57,49.91484737725972,43,7.044876899035991,-0.15753769800940412,-6.7529063286608775,3.81303962268443,3.821302080522009,1.0,13.5,8.22630772359355,0.0,6.576325416564941,1.2622131410116597,-6.994168281555176,3.809558182208704,3.797330883137161,35356.0276837,35446.18338128659,7.064108848571777,3.1255136048571237,0.9274099469184875,3.6882505416870117,-0.2488839157035343,-2.455987870693207,1.4058942110598693,1.4072741724510434,20.90277539789819,13.353441879732427,11.482038408705867,7.431895401488639,-0.12080411207210821,-1.9948826336683787,2.496169471525615,2.49491656311721,19.48944091796875,1.7344620921581428,0.008496851660311222,10.93297290802002,-6.836195967015267,-8.578902623616159,6.1715839024192185,6.169436333276175,1,0.35631729724390016,0,0.4891125055402159,"{""type"":""MultiPoint"",""coordinates"":[]}"
000000000000000005b2,64,PASAR REBO,CIJANTUNG,3175051003,3.175051003E12,Tinggi,Cijantung 05,,3 Jam,500 M2,2651,Kiriman Hujan Dari Bogor sehingga saluran Kali Cijantung tidak lancar dan tidak dapat nempung depot air yang tinggi,005,4,2020,1577865600000,50 cm s.d 100 cm,100,50,2.4363169559893425,-13.680814576897115,-20.535828049392002,2.248869884719575,2.1024683502066117,-7.169385431709763,-14.494795892595578,2.3949008792576176,JAKARTA TIMUR,1,0.3098002017555746,0,0.4533149242980913,2627.1032952506102,2031.0763018626005,1391.4936349159198,357.2150404815807,-105.9074510126608,-536.2055034913119,173.44093141579603,238.17409970550113,52,38.49850188957646,25,7.731885211932294,-5.8277173519159655,-17.425773163069145,5.691410356574969,5.942399831744043,1.0,16.700000762939453,6.375808567076584,0.0,10.494155883789062,0.14761284464288724,-6.750858306884766,5.004723330654217,5.040487278918138,463130.930457,465034.993598083,14.63025951385498,4.666355418815131,0.0,11.396361589431763,1.3931819252086595,-3.290341854095459,2.616082613476064,2.6142741658379274,26.416436376846693,14.15533366495371,10.39053849594072,12.890245893900506,0.6293529632537804,-3.1643942298261507,4.028367587062653,4.0308726305106655,297.02020263671875,33.651633539025724,0.00849695224314928,288.13989543914795,24.797004400335744,-9.150373637676239,93.51371326353646,93.58512737869928,1,0.6329855308128943,0,0.47499302169417235,"{""type"":""MultiPoint"",""coordinates"":[]}"
000000000000000005b4,50,PASAR REBO,CIJANTUNG,3175051003,3.17505100301E12,Tinggi,Cijantung 09,,3 Jam,100 M2,2655,Kiriman Hujan Dari Bogor sehingga saluran Kali Gongseng tidak lancar dan tidak dapat nempung depot air yang tinggi,009,4,2020,1577865600000,50 cm s.d 100 cm,100,50,-0.8831235864221048,-11.206572292753751,-16.878142720630912,2.697518488112201,10.19528831164581,-3.8397088153321453,-10.300173408449819,3.1435474051607053,JAKARTA TIMUR,1,0.949104447118113,0,0.225862863402123,2324.715369545493,2068.526292619125,1827.2830589855034,514.045242177478,327.726826911218,148.5959321542707,82.72008951115403,118.9011490608141,58,47.425756509500346,39,7.050386979616036,-4.018094692727028,-13.146542663345222,4.808667387135625,4.675851379238105,1.0,9.10000228881836,1.9559701555543954,0.0,2.3908419609069824,-4.751070625992932,-6.834277153015137,2.1750463676868446,2.1804128820267006,153614.769939,154265.1233620976,8.736031532287598,2.9105273192809613,0.0,5.5009379386901855,-0.31176243337182363,-3.2082114219665527,1.6238846076092073,1.6291477726212664,21.005023305020117,13.613122503276426,10.920420341215278,7.514327696739462,0.12502086403009305,-2.576558651598246,2.4248722838791332,2.4233092991355947,1.325457215309143,0.32037643498174123,0.008496726863086224,-3.088263988494873,-6.072133992715917,-7.378990178927779,0.9751519179564614,0.5318686043742915,1,0.047967129009557095,0,0.21590897593671804,"{""type"":""MultiPoint"",""coordinates"":[]}"
000000000000000005b5,42,PASAR REBO,CIJANTUNG,3175051003,3.17505100301E12,Tinggi,Cijantung 11,,3 Jam,100 M2,2657,Kiriman Hujan Dari Bogor sehingga saluran Kali Gongseng tidak lancar dan tidak dapat nempung depot air yang tinggi,011,4,2020,1577865600000,50 cm s.d 100 cm,100,50,-4.9709384445654825,-13.511796687209596,-16.920533910303142,1.6672666089906327,4.704315959050607,-2.852233223393096,-8.550183970985572,2.235576476888574,JAKARTA TIMUR,1,0.9841246959185511,0,0.1841746130332232,2141.6750118583345,1878.6354312109481,1487.155996831178,391.83991727863327,112.40146067318271,-209.48833351321287,151.25362307840314,166.26736829557734,53,44.03068744931977,37,2.7818262891042878,-5.872940507955956,-13.247029971047496,3.4214665563660343,3.448081635891679,1.0,16.0,6.003629594433899,0.0,9.17210865020752,-0.7757556954550631,-6.845644474029541,4.184506807089093,4.176373470571503,193541.541383,194322.48006579286,6.686110496520996,2.6098252493547456,0.0,3.4423155784606934,-0.6641500788977023,-3.3077592849731445,1.3351227260090879,1.332266088619503,21.760319017814922,13.822184674019347,11.403268834831175,8.242856150896214,0.2959886033921083,-2.1241604282867037,2.0121437113631138,2.009808187913022,2.8463826179504395,0.20037699826645752,0.008496780879795551,-4.803287744522095,-7.657530665077677,-8.302692813798785,0.7475616346603348,0.6677089936694612,1,0.014145418506171728,0,0.16308301363396954,"{""type"":""MultiPoint"",""coordinates"":[]}"
000000000000000005a8,12 KK,PASAR REBO,PEKAYON,3175051005,3.175051005E12,Tinggi,Pekayon 02,,4 jam,1400 m,2629,Curah hujan yang tinggi dan saluran air yang tersumbat/mampet di Rt. 007/02 dan Rt. 001/09,002,4,2012,1325404800000,100 cm,100,0,7.731727746679706,-13.628161259359036,-23.05893414289806,2.525506505755354,10.455889450082587,-5.482896202734027,-16.87280487623007,2.734243220813632,JAKARTA TIMUR,1,0.804171381321264,0,0.3900750337162745,1495.8107119745314,1073.023792736749,586.705231461481,-3.3140645933131054,-332.32560968873594,-715.5777843606719,171.66102658127178,226.25695810113675,65,58.82585516581077,49,5.941395674706499,-0.19073632636512078,-10.12851546330019,3.395955850374445,3.718443665953701,1.0,8.60000228881836,2.4710770076659077,0.0,2.0166916847229004,-4.012792513989751,-6.567774295806885,2.340021562959882,2.358294125856305,320480.437082,321811.0436862475,10.260601997375488,3.077798919309156,0.0,7.262522220611572,0.04799460142134937,-3.038109302520752,1.7650293114177376,1.778701302822719,20.4877550669703,13.529690228977477,10.756563779102883,7.117351339154203,0.13720789887960136,-2.6385734711529096,2.191377458022903,2.1844666491710676,0.9176156520843506,0.19083024782477764,0.00849646981805563,0.184012770652771,-1.4528739725437614,-3.7036308087408543,0.9814498605728905,0.3080308631766077,1,0.1703259639655323,0,0.3654593916202925,"{""type"":""MultiPoint"",""coordinates"":[]}"
