system:index,Jumlah_KK_,KECAMATAN,KELURAHAN,KODE_KEL,KODE_RW,Kategori_B,Kel_dan_RW,Keterangan,Lama_Genan,Luas_Genan,OBJECTID,Penyebab_B,RW,TINGGI,Tahun,Tahun_Banj,Tinggi_Gen,Tinggi_Max,Tinggi_Min,VH_dry_max,VH_dry_mean,VH_dry_min,VH_dry_stdDev,VV_dry_max,VV_dry_mean,VV_dry_min,VV_dry_stdDev,WILAYAH,builtup_max,builtup_mean,builtup_min,builtup_stdDev,dist_river_max,dist_river_mean,dist_river_min,dist_river_rel_max,dist_river_rel_mean,dist_river_rel_min,dist_river_rel_stdDev,dist_river_stdDev,elevation_max,elevation_mean,elevation_min,elevation_rel_max,elevation_rel_mean,elevation_rel_min,elevation_rel_stdDev,elevation_stdDev,frac_dalam,hand_max,hand_mean,hand_min,hand_rel_max,hand_rel_mean,hand_rel_min,hand_rel_stdDev,hand_stdDev,luas_area,luas_rw,slope_max,slope_mean,slope_min,slope_rel_max,slope_rel_mean,slope_rel_min,slope_rel_stdDev,slope_stdDev,twi_max,twi_mean,twi_min,twi_rel_max,twi_rel_mean,twi_rel_min,twi_rel_stdDev,twi_stdDev,upstream_area_max,upstream_area_mean,upstream_area_min,upstream_area_rel_max,upstream_area_rel_mean,upstream_area_rel_min,upstream_area_rel_stdDev,upstream_area_stdDev,vegetasi_max,vegetasi_mean,vegetasi_min,vegetasi_stdDev,.geo
000000000000000002a0,138,SAWAH BESAR,PASAR BARU,3171021001,3.171021001E12,Rendah,Pasar Baru 05,Dibawah jalan kartini raya,12 Jam (setengah hari),-,1354,"1. Intensitas hujan tinggi;
2. Meluapnya air sungai ciiwung;
3. Kurangnya resapan air disekitar wilayah;
4. Sempitnya saluran air di sekitar wilayah",005,2,2020,1577865600000,sebetis dan dijalan sedengkul dan kartini,30,15,2.4719785167048576,-8.901074487080324,-17.0835470764852,3.2391653028588223,10.097814540642922,-3.187978942596152,-10.53996414691661,3.3608421107043895,JAKARTA PUSAT,1,0.9853577611079054,0,0.12338875467614277,1288.7498256496885,989.749772885954,675.3484381614854,131.12082753165828,-29.954759125305344,-199.77900065553695,91.13946540217646,163.0865885196222,13,7.482568763223696,1,5.551783166904985,0.11863556554742673,-6.538373751782611,2.111561713601249,2.0910052879033447,1.0,2.8000001907348633,2.04432591152182,0.0,1.4081028699874878,0.5672667195279222,-1.6858203411102295,0.571763721034861,0.5792778199306626,145014.180698,145692.48200547943,9.06704044342041,2.958675270393894,0.0,5.6798255443573,-0.5300253304690665,-3.5636661052703857,1.8764925978686415,1.8757239092851405,18.95125010038509,12.903557658165363,10.920773936596321,5.888025916077881,-0.17223163548929302,-2.1352754881704996,1.4175945553153082,1.4174901565400133,1.5298954248428345,0.03631557114818208,0.008499491959810257,1.3800262957811356,-0.27192913663818447,-4.9262048453092575,0.7697636443324741,0.12094227168080338,1,0.009617234083477588,0,0.10100988630033723,"{""type"":""MultiPoint"",""coordinates"":[]}"
00000000000000000255,240,SAWAH BESAR,MANGGA DUA SELATAN,3171021005,3.171021005E12,Rendah,Mangga Dua Selatan 01,-,5 Jam,"RT 05, 07 dan 08",1250,Hujan deras dan meluapnya kali ciliwung serta pasangnya air laut,001,2,2020,1577865600000,30 cm,30,0,-0.817480631381467,-11.187645446712118,-16.924880731390594,2.3828284983012264,10.376125377729846,-5.486175227655062,-10.563133148558578,2.7367492782646643,JAKARTA PUSAT,1,0.8594725884802217,0,0.33145951395485673,524.765112121048,290.79034370828964,92.76624232772798,-111.92438673394372,-324.9588232463518,-515.4062225677626,95.51615047608102,110.58774050335128,11,5.804104292653912,-1,4.782310984308656,-0.5138274190005153,-7.392011412267653,2.192721096346586,2.156763054733485,1.0,1.4000000953674316,0.3677679673406003,0.0,0.504593551158905,-0.6642477291375706,-1.261597752571106,0.47336149821018886,0.41178539842420486,140732.427615,141294.25095889138,6.566623210906982,2.5494995027000535,0.0,3.7095351219177246,-0.37565361791203256,-2.962801218032837,1.3256462761675263,1.3227158991512196,18.844593028746498,13.27214631039062,11.321650196474993,5.348610488942503,-0.11470092710090662,-2.1562993531078085,1.5062201529265453,1.5069243877392673,2.473374128341675,0.0856672562329403,0.008499663323163986,-0.009571164846420288,-0.8396200484999341,-4.2065691109746695,1.2475492727840256,0.45989852431558365,1,0.1342073956577773,0,0.3254506862391634,"{""type"":""MultiPoint"",""coordinates"":[]}"
00000000000000000258,80,SAWAH BESAR,MANGGA DUA SELATAN,3171021005,3.171021005E12,Rendah,Mangga Dua Selatan 04,Sudah dihubungi,1 - 2 Jam,1 RW (10 % ),1253,Intensitas hujan yang tinggi serta kiriman air dari bogor,004,2,2020,1577865600000,10 - 30 Cm,30,10,-6.511023027111273,-10.875586860660894,-14.824830291644144,1.8647726155791544,5.4712824080684985,-5.5240738079104315,-9.358508085487866,2.619552055984148,JAKARTA PUSAT,1,1.0,1,0.0,463.8312116386399,340.44414389964425,207.43162386201809,-175.96171648543572,-262.3280667606788,-385.7048395519938,47.84539270687923,59.77766608137838,7,4.013349514563107,1,0.2553495007138178,-2.6490884332066247,-5.640228245363227,1.6317304797456866,1.6747829588288967,1.0,2.200000047683716,1.3196429802045413,0.0,0.5161198377609253,-0.5180911480677773,-1.931554913520813,0.8630190419066877,0.8075966703849604,20103.6154775,20200.09429918101,5.938413619995117,2.6915063212487476,0.9274099469184875,2.39241623878479,-0.9124464346263842,-2.6886999011039734,1.3642973797197797,1.359806717399888,19.13932731893599,14.08867618779435,12.251308606685814,5.684207382474781,0.6338003945168369,-1.200194430979451,2.2631490717348113,2.2747238987127827,3.340348720550537,0.5901635962876849,0.008499732241034508,-7.908072233200073,-11.537519013673847,-13.053503729403019,1.2479527585018286,1.4395237639514928,0,0.0,0,0.0,"{""type"":""MultiPoint"",""coordinates"":[]}"
0000000000000000025c,150,SAWAH BESAR,MANGGA DUA SELATAN,3171021005,3.17102100501E12,Rendah,Mangga Dua Selatan 10,-,1 Jam setelah hujan berhenti,45 dan 60 (dijalan),1257,curah hujan intensitas lebat dan ekstrim,010,2,2020,1577865600000,30 cm,30,0,-0.7040673035036269,-11.084211697673737,-18.324356569382907,3.2479826789448656,8.025956842422254,-4.464591521729775,-13.690757376647838,3.556608443493366,JAKARTA PUSAT,1,0.9321602559441575,0,0.25999966613226416,927.6624232772798,554.4298854846248,185.53248465545596,214.8791897659006,-27.261849454173266,-293.0907763772485,97.21624115824802,152.7284134905313,14,7.135218982525026,0,7.875035663338593,1.3519396502921681,-5.412553495006661,2.8118640965996358,2.92414290141561,1.0,2.700000286102295,1.0381444492297098,0.0,1.3142940402030945,-0.12648956412091253,-1.5546647310256958,0.6738271845667095,0.6564947021927926,287865.638713,288992.71917937516,9.240738868713379,3.3375635201456753,0.0,6.411917686462402,0.39285656003766645,-2.9312477111816406,1.829205533498452,1.8586480258369626,17.796251577031857,12.562949912095915,10.863669300412896,4.440395395270157,-0.7971571296232717,-2.5761464904045557,1.3302754356937188,1.33555413521502,0.9179623126983643,0.038214451328629905,0.008499663323163986,0.7344377636909485,-0.15420362933026294,-0.23685939237475395,0.16983125078727082,0.16717163933403534,1,0.05144332145713663,0,0.21137108216357317,"{""type"":""MultiPoint"",""coordinates"":[]}"
0000000000000000002d,500,TANJUNG PRIOK,SUNTER AGUNG,3172021006,3.17202100601E12,Rendah,Sunter Agung 10,,,,70,"Hujan deras, air dari hulu",010,2,2020,1577865600000,10  -  30 cm,30,10,8.886804481023557,-9.453572136968639,-17.90418256881152,3.634893501032578,9.425260010529811,-4.2018107726020295,-13.252831331255656,3.4389960774263786,JAKARTA UTARA,1,0.9598442542330172,0,0.20571748877883914,1659.4529908961447,1293.5209406371832,829.7264954480723,350.87320253007465,92.93026005203552,-117.959541076606,98.93433546399179,184.52063366486797,10,5.191365701790756,-3,5.4978601997150705,0.27764467245180174,-7.23195435092691,2.0865373583071904,2.106962601467845,1.0,4.800000190734863,1.6854667320271317,0.0,3.1829673051834106,-0.037693768003006084,-2.2551212310791016,1.503830467486525,1.4597346136060099,429067.791109,430815.5657844323,9.597153663635254,2.7572382755704217,0.0,5.493432998657227,-0.8751700768908107,-4.258305072784424,1.4749788453129555,1.490078570155877,25.41729566641277,13.755284706573914,10.82512822461659,12.026470360252459,0.23426154579333225,-2.6716599237997407,2.937734069652302,2.9185463206041202,110.68669128417969,6.824682541692376,0.008499663323163986,104.47913789749146,0.2516025674833508,-7.458484593778849,30.967701558796456,31.05191134236185,1,0.02960470163630602,0,0.17918539545651638,"{""type"":""MultiPoint"",""coordinates"":[]}"
0000000000000000032a,532,TAMAN SARI,TAMAN SARI,3173031001,3.173031001E12,Rendah,Taman Sari 01,,1 jam,100-250m2,1632,Luapan Kali Tamansari,001,2,2020,1577865600000,30cm,30,0,5.6732140018060875,-9.084623863655136,-18.966046799291128,3.4461480720553985,9.972050709691956,-3.430955225433708,-13.157596220635662,3.246542480397897,JAKARTA BARAT,1,0.9558333448566728,0,0.2054594257152527,1037.1581193100906,746.9899028013164,371.0649693109119,144.982607107876,-71.78289265527235,-333.79357410015655,120.31578737763633,174.67326166144974,13,6.268830288867074,1,6.436233951498389,-0.5832569067981241,-5.8308131241078796,2.5342907859816117,2.5067810987950505,1.0,1.8000001907348633,0.8205594885198776,0.0,0.5818547010421753,-0.37073542221175027,-1.1144077777862549,0.47936695605170965,0.5145248039060712,252231.697459,253272.89057782092,10.461448669433594,3.13643472686348,0.0,7.547827959060669,0.23243823059711277,-2.9978389739990234,1.6908506458278216,1.702183484358038,19.35672686707919,13.330216220028209,11.191644365623853,5.7893802326038095,-0.18137787001501818,-2.480316647683921,1.7717034258061966,1.7406441035905282,2.405376672744751,0.10824378483950006,0.008499577641487122,0.4826378971338272,-10.16314648231186,-17.975247868336737,5.889764386301033,0.3060993340528802,1,0.030062087752533998,0,0.1747873208478873,"{""type"":""MultiPoint"",""coordinates"":[]}"
0000000000000000032b,1408,TAMAN SARI,TAMAN SARI,3173031001,3.173031001E12,Rendah,Taman Sari 02,,1 jam,100-250m2,1633,Luapan Kali Beton,002,2,2020,1577865600000,30cm,30,0,-2.020812112125883,-9.446329786227501,-15.444276612221287,2.4116420773807943,3.1335949306887723,-3.8825471537860463,-10.090997862604716,2.4758566787517378,JAKARTA BARAT,1,1.0,1,0.0,1057.6978978086688,842.2853034255246,593.993774664244,191.8474299265455,2.5422112735848184,-193.19393544326385,87.09846912261078,104.69200962548517,11,6.769743757022215,1,4.608844507846456,0.17563236083930692,-5.661911554921024,1.7280212128294345,1.7002178192308939,1.0,1.9000000953674316,1.0349569591493042,0.0,0.5673038959503174,-0.37524901927522025,-1.5771183967590332,0.6400489776400087,0.6110685451848784,96258.1008977,96639.65183545164,8.50893497467041,2.1386232968278147,0.0,5.539169549942017,-0.8743897408980411,-3.0714051723480225,1.4971475502331284,1.4910755116729169,17.944613946649792,13.353744544671049,11.326260539446135,4.273213203398406,-0.3233090428998042,-2.428991571024918,1.9237029827662937,1.9485981403861474,1.0369393825531006,0.1609034393430509,0.008499602787196636,-16.981340888887644,-18.980915510920543,-20.382915377616882,0.8675364341395562,0.38929223046467704,0,0.0,0,0.0,"{""type"":""MultiPoint"",""coordinates"":[]}"
0000000000000000032c,474,TAMAN SARI,TAMAN SARI,3173031001,3.173031001E12,Rendah,Taman Sari 03,,1 jam,100-250m2,1634,Luapan Kali Beton,003,2,2020,1577865600000,30cm,30,0,-2.6580249016534765,-8.005166500104034,-12.642702548556757,2.124064921248529,0.49450073360599206,-3.545755338617058,-6.449454304173405,1.7833129424933787,JAKARTA BARAT,1,1.0,1,0.0,1132.3562962360413,1045.2317328082077,913.6415294927517,265.1793057434089,175.17422351078167,56.440067423943105,60.404654478672505,64.02431166113723,9,5.153035384299502,1,1.9466476462202387,-1.7700596671976123,-5.924964336661372,1.5998711122599938,1.592426520195585,1.0,1.6999998092651367,0.7492436742922927,0.0,0.3365476131439209,-0.7326146879118496,-1.599543571472168,0.5022681547570021,0.47423569155340956,50995.5601776,51200.76319440316,6.226043701171875,2.628691619695411,0.0,3.190394878387451,-0.42743486734673786,-3.138719320297241,1.2799687105106825,1.256252604443948,20.62834519894233,13.354316947254256,11.403839735501535,7.050495564027035,-0.21815406580442448,-2.1968702785012493,2.1217003143693565,2.120317153832397,0.9094451069831848,0.1757017307167173,0.008499577641487122,-12.668104693293571,-18.119347079307342,-19.968598862178624,1.668581338341774,0.34733682995253107,0,0.0,0,0.0,"{""type"":""MultiPoint"",""coordinates"":[]}"
0000000000000000032d,686,TAMAN SARI,TAMAN SARI,3173031001,3.173031001E12,Rendah,Taman Sari 04,,1 jam,100-250m2,1635,Luapan Kali Tamansari,004,2,2020,1577865600000,30cm,30,0,-2.449111306715773,-9.473857502985075,-14.398029427863793,2.4842540115915157,2.9270999578850985,-3.005357801766462,-7.07319189145843,2.307839520470745,JAKARTA BARAT,1,0.9768331887533807,0,0.1988381600204733,1220.1494165879717,1109.5029691867453,1020.4286656050078,281.6666505180434,177.2284236689874,79.77276978536065,56.51631051777715,62.243022765446064,11,7.017145481451244,2,3.7982881597723184,-0.21318713299753334,-5.198288159771195,1.9749484832311806,1.9892366342585297,1.0,2.1999998092651367,1.4860539040456242,0.6999998092651367,0.7502708435058594,0.061224306853029105,-0.7803140878677368,0.45118300309225984,0.4073404598230416,68355.4449357,68659.5039064678,6.226046562194824,2.6049063855417844,0.0,3.190394878387451,-0.509058232194168,-3.132512092590332,1.321254374589709,1.3343420807495174,17.054138223928632,12.703177715874821,11.263310257356965,3.6496418095342964,-0.6778112858810755,-2.1679349610416363,1.0503336203662148,1.0544360786307776,0.042497750371694565,0.014081506554198724,0.008499552495777607,-0.5233189314603806,-10.956721887096489,-16.507657572627068,4.528762018997103,0.009791198267745846,1,0.023166811246619387,0,0.1988381600204733,"{""type"":""MultiPoint"",""coordinates"":[]}"
0000000000000000032e,754,TAMAN SARI,TAMAN SARI,3173031001,3.173031001E12,Rendah,Taman Sari 05,,1 jam,100-250m2,1636,Luapan Kali Beton,005,2,2020,1577865600000,30cm,30,0,-5.390853220343544,-9.427753662313165,-13.404033107926498,1.7325157490989558,0.4426710717722073,-2.999911279845321,-6.2513833719211895,1.6857017388054356,JAKARTA BARAT,1,1.0,1,0.0,1187.987549328488,1122.0807191273177,1049.530224242096,285.35742483886895,228.97256466786035,157.39881180435964,34.885147859884974,38.49315288218185,8,5.441838649155723,2,0.9746077032815945,-1.6150974838453966,-5.198288159771195,1.5829911469771543,1.5631495878235149,1.0,1.0999999046325684,0.7236226588289384,0.0,-0.34870195388793945,-0.8531367054433718,-1.695206880569458,0.49413290785847547,0.4503518680674531,40914.986305,41094.76154981593,5.848976135253906,2.384092121808049,0.0,2.569169044494629,-0.8070499377965968,-3.1992998123168945,1.433112736862806,1.46282276131321,20.609476411283303,14.006296787940736,11.486819905347769,7.045652809786866,0.4861736135486884,-2.0148729595180193,2.179442536523766,2.18466404645125,0.8924458622932434,0.20986316138948358,0.008499563671648502,-15.04673248436302,-17.334660031144228,-19.611339136958122,1.1225591949826084,0.34878983023483484,0,0.0,0,0.0,"{""type"":""MultiPoint"",""coordinates"":[]}"
0000000000000000032f,624,TAMAN SARI,TAMAN SARI,3173031001,3.17303100101E12,Rendah,Taman Sari 06,,1 jam,100-250m2,1637,Luapan Kali Tamansari dan beton,006,2,2020,1577865600000,30cm,30,0,-2.217310787587838,-9.316189460727237,-15.367431873503481,2.787171495971135,5.5791637201002775,-2.2823600636430865,-8.48652012692108,2.687813429884793,JAKARTA BARAT,1,1.0,1,0.0,1302.0362575498923,1168.7740423110015,986.1186824432255,313.2004626711307,214.77572049599092,70.48234981635085,61.60873393648269,89.71987804242309,12,6.941176470588233,2,4.533238231098991,-0.39224077099126947,-5.067617689015126,2.1777546808380768,2.223909637986239,1.0,2.6000003814697266,1.537545413664855,0.0,1.0869333744049072,-0.032981633651423786,-1.75797438621521,0.7523039328647662,0.7350420081883005,60370.7226882,60600.05460501296,7.230140209197998,2.854751122133399,0.0,3.9370782375335693,-0.4139589289625747,-3.432182788848877,1.6840506791745113,1.6786929672256514,20.29931840465661,12.99402641072018,11.112408800932652,6.912628940323302,-0.35032830173735724,-2.247263457890355,1.761907760843717,1.7911118374743489,0.7734519243240356,0.05935409806255002,0.008499524556100368,-1.0282115330919623,-13.043224320342176,-19.113154964521527,5.218457632387092,0.20679947834090223,0,0.0,0,0.0,"{""type"":""MultiPoint"",""coordinates"":[]}"
00000000000000000330,824,TAMAN SARI,TAMAN SARI,3173031001,3.17303100101E12,Rendah,Taman Sari 07,,1 jam,100-250m2,1638,Luapan Kali Tamansari dan beton,007,2,2020,1577865600000,30cm,30,0,2.4437578857815567,-9.28781000426244,-13.7520783732151,2.849018862260269,3.122271327084733,-2.6251562775409027,-8.48652012692108,2.5502101296235167,JAKARTA BARAT,1,1.0,1,0.0,1394.5824148206966,1178.2187826403613,955.0869205754603,361.8221623668319,198.71398175341918,14.884775496001907,91.04892176592627,124.15524862617274,12,9.17276124382757,5,4.533238231098991,1.694175353011928,-2.4131241084159942,1.6795343427169154,1.7210683150740098,1.0,2.6000003814697266,1.595155369244286,0.0,1.0656495094299316,-0.05489696123786786,-1.8350927829742432,0.8841048557908794,0.84989149753384,52403.5920103,52638.33361000249,5.931036949157715,2.413504522771585,0.0,2.3363118171691895,-1.040754789637418,-3.583089828491211,1.3362407662697486,1.3165612031556837,20.29931840465661,13.216972375156164,11.312212588405162,6.912628940323302,-0.061883346187956566,-1.9587421605815507,1.9845038722172494,2.0157277056575302,0.6544582843780518,0.11014421837728522,0.008499509654939175,-2.431686483323574,-13.704711711184759,-19.161604642868042,4.537992886256683,0.24588163251481007,0,0.0,0,0.0,"{""type"":""MultiPoint"",""coordinates"":[]}"
00000000000000000331,790,TAMAN SARI,TAMAN SARI,3173031001,3.17303100101E12,Rendah,Taman Sari 08,,1 jam,100-250m2,1639,Luapan Kali Tamansari dan beton,008,2,2020,1577865600000,30cm,30,0,2.5432456977855162,-8.793920359210988,-14.065137944634152,3.5965906064577253,10.788346733524715,-1.1328117302788965,-7.671494486386154,3.504375708618161,JAKARTA BARAT,1,0.9848763418539825,0,0.10540260134434677,1394.5824148206966,1181.6038650101905,913.6415294927517,353.7415351681948,165.93765359420428,-32.45315706371002,101.09590928535098,136.7390928822856,12,7.6751082379455555,1,4.4282453637666,0.10171937857984767,-6.595149786019425,2.221682439478647,2.2321406117542404,1.0,2.6999998092651367,1.5984460723109537,0.0,1.0366902351379395,-0.12082238049843963,-1.8666191101074219,0.8249385035380972,0.8092899089005858,58801.5844403,59030.56216387024,8.508989334106445,3.085073484329344,0.9274099469184875,4.971733331680298,-0.5169335760918102,-2.786113679409027,1.8169225975146819,1.7754348631946029,17.41975142574002,12.865661061530485,11.140136792088427,4.025840278286937,-0.3874030719843939,-2.053956791963481,1.5145068705551998,1.5560080590350311,0.6119606494903564,0.08201139953844021,0.008499491959810257,-3.379745581187308,-15.39128720731092,-24.09473752975464,5.306428901456764,0.20894198763871139,0,0.0,0,0.0,"{""type"":""MultiPoint"",""coordinates"":[]}"
00000000000000000324,27,TAMAN SARI,MAPHAR,3173031003,3.173031003E12,Rendah,Maphar 04,Nihil,2 jam,4.228 m,1626,intensitas hujan yang tinggi air tidak tertampung ke saluran,004,2,2020,1577865600000,5 - 30 cm,30,5,-1.319182944861438,-8.667468576495214,-15.773581920716232,2.7195587637795424,3.6519277378857313,-3.0923586051752574,-10.912834284961196,2.8829536944394474,JAKARTA BARAT,1,1.0,1,0.0,918.3389462118339,729.645380990507,540.9154964785438,65.32895691724525,-80.13130122996476,-221.45560852166295,67.39813965432334,93.51288481763517,14,6.7998726040882485,4,7.34721825962964,0.017892277513483476,-2.9221112696142777,2.0898107949493587,2.0492607847511,0.8233368987304246,4.5,3.247929939005161,0.0,2.726390838623047,1.4106129936589589,-1.870927333831787,1.1650994072013348,1.1725493418446034,60247.0365093,60488.5580291398,8.339978218078613,3.104190163668555,0.0,5.052128791809082,-0.10490593902140675,-3.119624137878418,1.79890179108315,1.7876726487636543,26.619522806713306,13.285602944109709,11.558119364651986,12.608390083590276,-0.4499278177459857,-2.362943560032946,2.7949540390484464,2.8593470972079778,363.6736755371094,15.246105654860582,0.008499509654939175,336.93782234191895,-9.216870415249451,-27.004023727029562,97.11233968068136,97.88564254959662,0,0.0,0,0.0,"{""type"":""MultiPoint"",""coordinates"":[]}"
00000000000000000326,90,TAMAN SARI,MAPHAR,3173031003,3.17303100301E12,Rendah,Maphar 06,Nihil,2 jam,6.533 m,1628,"intensitas hujan yang tinggi, air tidak tertampung di saluran",006,2,2020,1577865600000,10 - 30 cm,30,10,-1.3753280308935834,-8.730296483921753,-13.433110131345739,2.598419838215566,2.8408071923729112,-3.228300432580645,-8.48652012692108,1.9633840694902978,JAKARTA BARAT,1,1.0,1,0.0,1117.0534807085016,959.7163976203359,798.0053903044136,240.44559339423154,84.88139685881777,-65.59170195472984,69.03515101551805,72.23121226819252,9,6.696433791289099,2,1.865620542083306,-0.36453425410921436,-5.067617689015126,1.5612212003803454,1.6149961783914555,1.0,4.40000057220459,1.2351505660550772,0.0,2.536177396774292,-0.5215015312587613,-1.841455101966858,0.9740646952533762,1.0135680080077165,47771.2727296,47946.98560051551,5.8489766120910645,2.0550821975409304,0.0,2.5214619636535645,-1.2525429883413721,-3.331099271774292,1.250741117031612,1.2327354446146928,17.766379211320427,14.103495828799202,11.887000580497682,4.222984127619403,0.6143610149296137,-1.4915440988602047,1.9583885858827783,1.9494431983097291,0.8414484262466431,0.22804661475532237,0.008499509654939175,-17.408264994621277,-19.87359473468034,-21.816922777332366,1.1580391649115358,0.344409816697674,0,0.0,0,0.0,"{""type"":""MultiPoint"",""coordinates"":[]}"
00000000000000000327,82,TAMAN SARI,MAPHAR,3173031003,3.17303100301E12,Rendah,Maphar 07,Nihil,2 jam,2.225 m,1629,"intensitas hujan yang tinggi, air tidak tertampung di saluran",007,2,2020,1577865600000,10 - 30 cm,30,10,-1.284099207336404,-8.044549043494484,-11.830733793257576,2.2010930224752245,6.536854584241498,-2.2468856477491324,-7.625299494794618,2.5945404899629865,JAKARTA BARAT,1,1.0,1,0.0,1132.3562962360413,1087.1144657379798,1003.4203300342234,266.2555710143879,219.98264628750306,140.78427711406493,41.1403744282738,43.40771258106738,8,5.635277148155781,4,1.1061340941517717,-1.2528484079580515,-2.9463623395144225,1.1019478083746885,1.0891576139441372,1.0,1.4000000953674316,0.6684524757995228,0.0,-0.27258193492889404,-0.9702893230268052,-1.6424821615219116,0.548226387129654,0.5721965828991591,16928.3903444,17008.082511439967,3.7262096405029297,1.8278786584492346,0.0,0.5649926662445068,-1.327439174132816,-3.157127857208252,1.021603013702357,1.0244930558676186,20.609476411283303,15.22628706385145,11.779194311403359,7.045652809786866,1.6545310645102345,-1.8192343977125844,2.4237745625266833,2.4188468192299686,0.8924458622932434,0.37608783722577077,0.008499563671648502,-18.45934236049652,-19.81068542049847,-21.156169473193586,0.7940981880321532,0.42052397876455605,0,0.0,0,0.0,"{""type"":""MultiPoint"",""coordinates"":[]}"
00000000000000000328,52,TAMAN SARI,MAPHAR,3173031003,3.17303100301E12,Rendah,Maphar 08,Nihil,2 jam,8.709 m,1630,"intensitas hujan yang tinggi, air tidak tertampung di saluran",008,2,2020,1577865600000,20 - 30 cm,30,20,1.9530012024850603,-9.09677718239335,-16.737006199107288,3.060020667247891,6.536854584241498,-4.0038770746850005,-9.975197530121548,2.3667807807594903,JAKARTA BARAT,1,0.9712751577050165,0,0.15014785612263945,1173.410462922962,1067.534315434979,946.0337596635238,284.7416048435816,187.63606782319187,61.81668352100405,54.948670211527094,57.8723080785701,21,8.050428056473416,4,14.520399429387101,1.4231799806229783,-2.6239657631949207,2.4667673720889898,2.4035107458310736,0.8110541738703237,4.40000057220459,2.0770201034716353,0.0,2.7833956480026245,0.45023973265561495,-1.720570683479309,1.5419191264143683,1.5638840361730062,92895.9522018,93289.68872292784,11.202068328857422,2.6716487257486534,0.0,8.086773157119751,-0.4441156918627786,-3.1549770832061768,2.085524014879434,2.0835972014294755,23.48633315973874,14.162531419262555,10.667046584529851,9.552266426159765,0.39890915655960896,-3.203346286522704,3.3979272800658755,3.4073145387200396,363.8776550292969,28.17089058047862,0.008499577641487122,339.3166389465332,5.0894809785984325,-26.175795167684555,108.27939813120096,109.09968692208106,1,0.02872484229498348,0,0.1501478561226395,"{""type"":""MultiPoint"",""coordinates"":[]}"
00000000000000000348,158,TAMAN SARI,PINANGSIA,3173031008,3.173031008E12,Rendah,Pinangsia 03,,1-2 jam,10000 m2,1665,Saluran air yang kecil dan mampet,003,2,2020,1577865600000,20 cm,20,0,-6.178110087928178,-12.47329419836874,-16.33747169907484,1.957786615579065,6.296611304348078,-3.903063791703943,-10.60117639685504,3.458705963505922,JAKARTA BARAT,1,0.9831817220224244,0,0.13360853142453716,1081.8309929570876,1001.3175666387655,880.0578471922215,128.50165765704276,54.25806162963923,-47.9445988782046,42.13437195287337,57.127970959180374,8,5.530251745292995,1,1.7914407988593117,-0.5958950418976594,-5.051925820256241,1.6561797557265285,1.7143053914651887,1.0,3.9000000953674316,2.978654515927352,0.0,1.9020543098449707,0.9792033370993264,-1.9374892711639404,0.9278562293715338,0.9566020810767268,32998.6525256,33142.79889664627,5.848956108093262,2.1668126531716054,0.0,2.255246162414551,-1.419894133249397,-3.584866523742676,1.2189615124026436,1.2208208367318867,19.222308344943666,12.966896183523545,11.536722342608009,5.659717174098494,-0.5415536560665668,-1.949011472751593,1.591218226960958,1.6011708232193649,3.6633400917053223,0.04850771341071725,0.0084998132660985,-15.293337106704712,-19.450499126080814,-20.142206702381372,0.9830129646368907,0.8238644242323562,0,0.0,0,0.0,"{""type"":""MultiPoint"",""coordinates"":[]}"
000000000000000001a4,± 35 KK,PANCORAN,RAWA JATI,3174081003,3.174081003E12,Rendah,Rawa Jati 04,,± 1 x 12 Jam,"2 RT Terdampak
  (RT 005 dan 006)",874,Jika hujan lebat air meluap menunggu antrian masuk ke terowongan di bawah rel kereta Jl. Kaca Jendela Ciliwung,004,2,2020,1577865600000,,30,0,-3.811323177137016,-12.658956328805793,-15.621657695535692,1.6613938321847326,8.03212835712116,-4.205430656267985,-8.035083002696467,2.520071723468214,JAKARTA SELATAN,1,0.958399268558568,0,0.21794494717703378,4811.340631776362,4497.6366602791995,4297.390543770962,28.899693725894394,-23.676947458468405,-80.3423975348087,26.028756652627326,129.01795096942246,37,29.536976474311633,25,9.681312410842978,2.110915813253535,-1.9021398002841359,2.2642129298471114,2.3761033956751034,1.0,8.30000114440918,4.335425176176798,2.1999988555908203,3.4930968284606934,-0.5822363019002145,-2.8060779571533203,1.8165116887280375,1.8516916812693056,99105.4059134,99529.57435052209,5.931478977203369,2.356107278770127,0.0,2.7837438583374023,-0.8014815817504054,-3.194854497909546,1.1960115389985329,1.1862277060915185,17.34162852537238,12.929047769692914,11.311949372743397,3.75216654111642,-0.5477634819324604,-2.2246294712792345,1.032814113259195,1.0772817267802592,0.15296265482902527,0.01927265022489732,0.008497871458530426,-1.0535543244332075,-14.600933515806503,-20.149697218090296,5.526325948050213,0.02636510501082375,1,0.041600731441431935,0,0.21794494717703367,"{""type"":""MultiPoint"",""coordinates"":[]}"
0000000000000000047c,14,MATRAMAN,UTAN KAYU UTARA,3175011002,3.175011002E12,Rendah,Utan Kayu Utara 01,,3 s.d 4,804,2111,Sampah/saluran tidak lancar,001,2,2020,1577865600000,5 s.d 20,20,5,-8.116541238472024,-11.91612767278673,-15.772889091762151,1.6048640847048474,-0.29164063457306855,-4.938600366131554,-10.543691212458448,2.3166378768958453,JAKARTA TIMUR,1,1.0,1,0.0,3696.7085679538654,3579.032536568517,3405.9236727557327,375.9544668135268,268.8386432132755,125.00274865510801,68.27691683672442,80.49642094262542,18,12.011899252991341,8,7.196005706135125,1.0671735747193891,-2.9355206847350583,1.8367698196622084,1.8040060614705513,0.9986043757385029,3.90000057220459,2.4793746778904633,1.8000001907348633,2.1838520765304565,0.7628485272264359,0.12619125843048096,0.6200223402785113,0.6369681427821575,52756.0026639,52980.536863069756,6.724194526672363,2.51630083276739,0.0,4.343033075332642,0.1538429717247804,-2.351487636566162,1.3438573294369425,1.3473472117119705,18.25803454342707,13.228631314711864,11.185607053049793,4.655625743905585,-0.31718904894100225,-2.3536136329040893,1.3592216667845975,1.3647052116583314,0.08498918265104294,0.03061003861093683,0.008498926647007465,-0.09065673500299454,-0.14608001972219836,-0.8931232690811157,0.1014321955028953,0.027402615630165175,0,0.0,0,0.0,"{""type"":""MultiPoint"",""coordinates"":[]}"
00000000000000000490,141 KK,MATRAMAN,KAYU MANIS,3175011003,3.175011003E12,Rendah,Kayu Manis 01,Program Normalisasi saluran Tahun 2017 hasil usulan tahun 2015,1 Jam,600 M2,2143,"Saluran Air Kecil, Gorong-Gorong yang Kearah Palmeriam Mengecil, volume hujan Tinggi",001,2,2020,1577865600000,10-30 CM,30,10,-0.625503386538897,-9.930275123790624,-15.169639983801865,2.5192869149607784,1.8296341481471958,-4.616997405267221,-9.093739768264461,2.2168656173136068,JAKARTA TIMUR,1,1.0,1,0.0,3734.9214496423538,3594.1001849763425,3403.396085266404,389.9489315334672,276.7163708534577,126.2839685805111,66.83926292995261,80.38353982739399,16,12.499041533546324,9,4.592296718973898,1.108535638272265,-2.6875891583441973,1.3821524152057452,1.3792811404246517,1.0,4.300000190734863,3.0757828472775257,1.3000001907348633,2.5639944076538086,1.2454522730062563,-0.5650783777236938,1.025582731229057,1.0077752606396717,65485.6717574,65802.91069859381,5.4153666496276855,2.0254560734485536,0.0,2.810046672821045,-0.4960364491826555,-2.6119370460510254,0.9238573768153573,0.9175631472139895,15.955448354619351,12.839147341597211,11.403693829526196,2.4845952467520878,-0.6402616350617086,-2.134122037880413,0.8717874115101278,0.8675844568761071,0.05099344253540039,0.014755428432664489,0.008498894982039928,-0.09891370125114918,-4.214210463857777,-9.811388266272843,2.6921331023142647,0.012704307662952153,0,0.0,0,0.0,"{""type"":""MultiPoint"",""coordinates"":[]}"
0000000000000000048d,15 KK,MATRAMAN,PAL MERIAM,3175011004,3.175011004E12,Rendah,Pal Meriam 04,Segera,jika hujan berhenti maka air akan surut,5 rt di RW. 04,2136,Penyebab Saluran Air atau Banyak Lumpur,004,2,2018,1514793600000,20-30,30,20,-3.496833708051449,-9.320049244529915,-15.384248549239008,2.3531427782721597,1.3295659198242744,-4.417798560544375,-10.889217166781533,2.4184723840472313,JAKARTA TIMUR,1,0.9954751131221719,0,0.11321815437767993,3443.6148646598244,3278.397173527445,3159.504364628071,130.43709329001467,41.160737344793134,-26.285320028689057,40.77408510076815,84.8914868891406,17,14.15653485474457,11,4.222253922968102,1.5112225408209352,-1.5671897289577288,1.0767824743295753,1.101678444698626,1.0,3.8999996185302734,1.6613349680025324,0.3000001907348633,1.6793434619903564,-0.5248206604722367,-1.9451353549957275,0.9935728686563358,0.9957845759531022,53196.6922602,53421.16372687412,4.16008996963501,1.725826768572115,0.0,1.6410188674926758,-0.792351143759926,-2.56040096282959,0.994599165762227,0.9953304796161799,19.356626931931757,13.65417828489226,11.668612944560003,5.63204079276475,-0.16811340432566557,-2.096602008101609,1.8604037040918846,1.8014763638371358,0.32295289635658264,0.06058203453541681,0.00849878415465355,-15.151773124933243,-23.087680552751785,-30.21564519777894,4.5696390512343,0.11194248527755754,1,0.004524886877828054,0,0.11321815437767983,"{""type"":""MultiPoint"",""coordinates"":[]}"
0000000000000000048e,30 KK,MATRAMAN,PAL MERIAM,3175011004,3.17501100401E12,Rendah,Pal Meriam 08,KK AKTIF,jika hujan berhenti maka air akan surut,5 rt di RW. 08,2140,Saluran Got Yang Mampet,008,2,2020,1577865600000,20-30,30,20,1.8247722239018431,-10.242365055144694,-15.909838319933133,2.675713533808236,6.272242679513074,-4.579342080293261,-11.797770125909848,2.696523870419828,JAKARTA TIMUR,1,0.9621441794328333,0,0.18196209517817882,3729.156788929705,3469.221363965275,3246.818481470479,269.72640084237264,105.91649789499364,-5.203197927483416,57.11392627275713,106.36788505207076,22,17.320500093901746,13,8.330670470756909,3.8808826864199544,-0.04108416547695981,1.9580821472108254,2.0599504650275833,0.7912684422617741,6.0,2.7776915234728525,1.8000001907348633,3.913980007171631,0.6160898594905772,-0.2920398712158203,0.9855406003108281,1.0231524200948732,129950.604771,130521.59477194099,10.480097770690918,2.2442621520215917,0.0,8.011486530303955,-0.21362932814561048,-2.479372262954712,1.3252149586812705,1.3248285342457262,18.951159544484444,13.327310680900881,10.735184537040999,5.072745328612255,-0.5491620837574833,-3.2054169636687444,1.4397203213442684,1.4263130458986204,0.18697212636470795,0.04629073276692748,0.008498708717525005,-14.308966088108718,-21.516573880363737,-29.928385217674077,4.172852733416005,0.05892294675119068,1,0.03785582056716657,0,0.18196209517817896,"{""type"":""MultiPoint"",""coordinates"":[]}"
0000000000000000044f,170,KRAMAT JATI,KAMPUNG TENGAH,3175041002,3.175041002E12,Rendah,Kampung Tengah 05,,1,1500,2024,"Pendangkalan saluran air, Penyempitan saluran, Gorong-gorong terisi kabel dan pipa dan wilayah RW 05 merupakan dataran rendah",005,2,2020,1577865600000,30,30,0,-2.684310098040275,-12.959234298655304,-17.08480920212844,1.8812262926499674,7.219386405871202,-5.376663426515516,-11.125329240606003,2.5826552795853845,JAKARTA TIMUR,1,0.7697116142249305,0,0.3887568584528825,1983.1157560849251,1784.8921938974097,1669.7923618991035,-24.763272027632638,-75.00870640285329,-121.93414041890128,27.757714874922538,72.51939003142435,35,28.620081945684728,24,3.27760342368207,-2.3457047567914016,-6.669044222537998,1.8147741607730348,1.9597189744762709,1.0,4.100000381469727,1.580438133121921,0.0,1.2821972370147705,-1.2750147513095382,-3.0827105045318604,1.1946000184370802,1.1905436812571197,132753.42924,133290.6891081543,5.849115371704102,2.152954771115186,0.0,3.1322429180145264,-0.5209031186102817,-2.7032628059387207,1.107604377254084,1.1060622275588234,18.894599574742575,13.338829638868122,11.325989783834284,5.286649468487049,-0.26924339334851255,-2.27169966237261,2.1901358161698363,2.192371150957048,2.9910924434661865,0.2638970057316346,0.008497485890984535,1.5217727422714233,-1.5254105791277488,-1.9941720161587,1.0720176261122858,1.0173363004165175,1,0.23028838577506963,0,0.3887568584528825,"{""type"":""MultiPoint"",""coordinates"":[]}"
000000000000000005b1,10,PASAR REBO,CIJANTUNG,3175051003,3.175051003E12,Rendah,Cijantung 03,,3 Jam,50 m2,2649,Kiriman Hujan Dari Bogor sehingga saluran Kali Cijantung tidak lancar dan tidak dapat nempung depot air yang tinggi,003,2,2020,1577865600000,30cm,30,0,-2.939160797314581,-13.64823124400713,-17.308296799328698,1.732664491699849,6.466121320096855,-4.387225261327866,-11.070899996025396,2.3916984747673387,JAKARTA TIMUR,1,0.9210593602390017,0,0.2848598452875728,2243.7160679617973,1735.8381481336587,1205.9611502604637,1.1781641540856072,-71.14126288753081,-155.81295649863227,31.92903789659732,258.56798610708654,53,43.0134976920696,30,7.6624821683343995,-0.8213980796388911,-12.045649072749718,4.264063524529439,5.0949847950799025,1.0,12.799999237060547,6.487067440989699,0.0,5.397149085998535,-0.7579212159523578,-8.508987426757812,3.5407298730803123,3.7097249372551286,259237.445816,260304.14700670383,11.059226036071777,3.0140013660223945,0.0,7.1472508907318115,-0.6143472753475705,-3.8571107387542725,1.7726557680219064,1.836919417297943,20.622600093649673,13.108048160189743,10.837800179428356,7.026877325133244,-0.4892040628193228,-2.9074277884100237,2.227923682028903,2.237547963314534,20.8404483795166,1.11326389155286,0.008496877737343311,9.691572189331055,-7.484937746056329,-17.47273661568761,5.684794439587127,5.295932772902515,1,0.07713735886635532,0,0.28066932062240874,"{""type"":""MultiPoint"",""coordinates"":[]}"
000000000000000005b6,60,PASAR REBO,KALISARI,3175051004,3.175051004E12,Rendah,Kalisari 03,,2,600,2660,Luapan Kali Cijantung,003,2,2020,1577865600000,30,30,0,-2.1421464507951082,-13.27394616887255,-17.32976901620128,1.7965539057710507,6.6920668574197295,-4.113042734096126,-9.814629864067701,2.251877766586675,JAKARTA TIMUR,1,0.9365406902789948,0,0.2690449344826068,1529.9400624354655,1107.428394279252,668.9468866894822,301.8951396919563,-10.529367933406753,-227.3231546154476,105.01324044287264,206.55077599194138,64,53.42542706654982,37,10.755777460775178,1.1731288349029458,-14.263338088440754,5.493030236229348,5.183796048505022,1.0,22.799999237060547,9.455918674785472,0.0,13.741140365600586,-0.3178696439055284,-10.249643325805664,6.162124198103237,5.861742315028103,370027.649109,371579.63520152203,11.988670349121094,3.203994965571479,0.0,8.257272005081177,-0.19768704379691385,-3.8838043212890625,1.9402977389683436,2.0238436313343193,20.881928437523563,13.563053638389903,10.91552728379924,7.370299315598009,0.045197637552979335,-2.6910769451776346,2.407410405713572,2.4287583120059706,19.311006546020508,2.0715723240651625,0.00849669799208641,13.488211631774902,-4.845219006640189,-16.847504500299692,6.404581031084547,6.194856878466155,1,0.06345930972100515,0,0.26904493448260686,"{""type"":""MultiPoint"",""coordinates"":[]}"
00000000000000000237,87,SENEN,BUNGUR,3171041006,3.171041006E12,Sangat Rendah,Bungur 04,-,-,-,1195,Kali poncol lumpur sudah sangat penuh perlu pengerukan,004,1,2020,1577865600000,10 cm,10,0,-6.281222558120171,-11.619015244049224,-15.11735215095814,2.178097877178141,6.409972964370018,-3.4581504897255684,-10.281937227365113,2.610889101347233,JAKARTA PUSAT,1,0.9914460028932638,0,0.1072040053173593,2257.100091630674,2013.316409464361,1857.6425549492312,-15.753539140966495,-65.96122983070853,-112.94442631907009,26.188760048478596,112.61634259525461,12,7.402100761054155,3,4.28445078459397,-0.2346482104082696,-4.722681883023708,1.8917685231652828,1.8795532419699303,1.0,1.6000003814697266,0.8833198601648159,0.0,0.5081030130386353,-0.25412323972895295,-1.3360344171524048,0.636809500278703,0.6357011244896846,55457.8280648,55714.350679783834,5.8760786056518555,2.6212047056976644,0.0,2.0149922370910645,-1.1279615382929555,-3.7607901096343994,1.3122989762951427,1.3419788723532313,20.783795760029292,13.602341555858372,11.32155919466242,7.551510910082527,0.4375304104936075,-1.7875584066960712,2.463278261044397,2.5071651299654047,1.0623993873596191,0.27182836898173357,0.008499263785779476,0.8044217228889465,-0.11997973554627613,-1.742579341866076,0.6682273426495414,0.46550661316659603,1,0.008553997106736273,0,0.10720400531735916,"{""type"":""MultiPoint"",""coordinates"":[]}"
0000000000000000033d,114,TAMAN SARI,TANGKI,3173031004,3.173031004E12,Sangat Rendah,Tangki 02,,30 menit,300 m2,1651,Curah hujan tinggi,002,1,2020,1577865600000,15 cm,15,0,6.28812714230378,-9.54891763499031,-16.725920607748357,3.9028002971280458,6.1498588429551235,-3.7174457376890766,-11.510299982693201,3.4574426792481074,JAKARTA BARAT,1,0.9050055763301188,0,0.26884920001572726,655.95639015131,487.8480471051529,293.3526157307405,-126.83728102713246,-252.43314777535903,-380.3985924600253,54.01937822409197,88.64889886478308,14,7.112117037328608,0,7.466761768902103,0.6316430834279984,-6.587731811697032,2.449612333291237,2.463228655190004,1.0,2.799999952316284,0.519805766861559,0.0,1.2927531003952026,-0.8011280236606764,-1.295777440071106,0.5593201437567382,0.6057550697291249,106370.174275,106832.65559300344,8.73572826385498,3.5522981039700223,0.0,5.669869899749756,0.3288124678939343,-3.3378710746765137,1.90371320552298,1.8639002329772605,20.88999472081531,13.3896340393626,11.082663251712416,7.123716612752762,-0.2981139627387904,-2.577254793811841,1.9616779509217672,1.9758903068544966,1.3089290857315063,0.26583914607349035,0.008499656803905964,-12.530592322349548,-16.864481548119215,-19.432533502578735,1.5057187161733923,0.4801405496856015,1,0.008364495178114544,0,0.08058057520220885,"{""type"":""MultiPoint"",""coordinates"":[]}"
0000000000000000033e,40,TAMAN SARI,TANGKI,3173031004,3.173031004E12,Sangat Rendah,Tangki 03,,30 menit,400 m2,1652,Curah hujan tinggi,003,1,2020,1577865600000,15 cm,15,0,-1.5372189667376235,-10.76498284549631,-16.725920607748357,2.6489349574117065,5.097432731422433,-4.420594909177962,-11.510299982693201,2.921051718503425,JAKARTA BARAT,1,0.8818236027538355,0,0.3127527356210486,798.0053903044136,667.869824625205,540.9154964785438,-46.03511942011551,-152.22724844760975,-241.3814261166026,50.45907175573345,72.74599732580565,13,6.637393614137802,2,6.576319543509807,0.31089234555432094,-4.212838801711309,2.2117603124266347,2.2662953634855745,1.0,1.9000000953674316,0.5856236470077149,0.0,0.5836235284805298,-0.7349666693530227,-1.3878744840621948,0.6156585333772338,0.6085055435197022,64308.5551912,64573.853341885275,7.880088806152344,2.956659686628731,0.0,4.7897515296936035,-0.1612633479225053,-3.197765827178955,1.672897136838339,1.6619318179536424,20.88999472081531,14.337713502069066,11.025336492636173,7.123716612752762,0.5242221302570941,-2.7922876836270483,2.5823165793021383,2.5987505598672653,1.181433916091919,0.4024768874506897,0.008499656803905964,-17.262469053268433,-19.44831332949702,-21.389862406998873,0.9721452976737082,0.5194945862471931,1,0.10939448148750476,0,0.28316700498296976,"{""type"":""MultiPoint"",""coordinates"":[]}"
0000000000000000033f,300,TAMAN SARI,TANGKI,3173031004,3.173031004E12,Sangat Rendah,Tangki 04,,30 menit,300 m2,1653,Curah hujan tinggi,004,1,2020,1577865600000,10 cm,10,0,4.09066704115859,-9.348726594648518,-15.361052150273245,3.5920639363714817,1.6817315134226511,-3.352744324825728,-6.611272789267199,1.7162551425711565,JAKARTA BARAT,1,1.0,1,0.0,649.3636962940959,401.79788826616425,185.53248465545596,-163.4064177594745,-298.4255226891638,-433.0168167710033,77.05517035696494,146.73961528049637,9,6.368245573695101,4,2.4699001426539064,-0.16739946120341195,-2.658773181169197,1.0255625023428738,1.0237240711915003,1.0,2.799999952316284,1.7676247361063218,0.5,1.2927531003952026,0.2270542101411606,-1.0805991888046265,0.8783196930198028,0.8941894715642325,30332.0354051,30427.132795499663,4.145422458648682,1.7316243978417254,0.0,0.8672502040863037,-1.6646865174725947,-3.4463303089141846,0.9370239128806569,0.9413236368959829,15.955543028490945,13.015698484207848,11.672262974547106,2.4845219780957475,-0.5688283255598467,-1.829512748859555,1.0057787022183489,1.0140298142147985,0.02549915947020054,0.01234989842902342,0.008499706164002419,-9.615835575386882,-15.727703217818311,-19.320073513314128,2.861098056554567,0.006603396207463111,0,0.0,0,0.0,"{""type"":""MultiPoint"",""coordinates"":[]}"
00000000000000000340,100,TAMAN SARI,TANGKI,3173031004,3.173031004E12,Sangat Rendah,Tangki 05,,30 menit,400 m2,1654,Curah hujan tinggi,005,1,2020,1577865600000,15 cm,15,0,-7.262266730104465,-11.352242245382671,-15.361052150273245,1.9152052380352673,1.712010757441269,-3.1105986135713497,-5.985004945479293,1.6933893539043463,JAKARTA BARAT,1,1.0,1,0.0,655.95639015131,419.01702964442796,185.53248465545596,-156.47547027073858,-279.27712774753934,-421.2877513479533,67.10907120682553,137.81455638524292,7,5.39541080680977,3,0.5760342368051052,-1.216375126576579,-3.7178316690436546,1.201163161492132,1.1263649767911934,1.0,2.799999952316284,2.018268013600505,0.5,1.2005705833435059,0.3778504150872051,-1.0805991888046265,0.5473956117254095,0.5532327841136824,23813.9905663,23934.30326454932,2.9321208000183105,1.683928071623109,0.0,-0.481905460357666,-1.7774727668786907,-3.4750003814697266,0.6975747529930795,0.694849541845806,17.34183848532077,13.243592657887826,12.019415231244277,3.856977041807488,-0.3151681687256074,-1.596135172672028,1.097691218289861,1.0857023653957636,0.033998891711235046,0.016905072388507362,0.008499713614583015,-10.342623123899102,-15.741329157218157,-19.297164348885417,2.7503506053427795,0.011096266522467679,0,0.0,0,0.0,"{""type"":""MultiPoint"",""coordinates"":[]}"
00000000000000000342,63,TAMAN SARI,TANGKI,3173031004,3.17303100401E12,Sangat Rendah,Tangki 07,,30 menit,300 m2,1656,Curah hujan tinggi,007,1,2020,1577865600000,10 cm,10,0,-0.7535737045766272,-11.322301049438643,-16.049792397118836,3.0344501834244966,4.101513261199461,-3.986336460577545,-8.399290524702877,2.441778928934649,JAKARTA BARAT,1,1.0,1,0.0,706.486653451565,501.22643000016063,293.3526157307405,-107.96559629319074,-215.25547723442892,-337.62798996962243,53.86600267489816,115.30427262286098,10,5.418410725964684,1,3.281883024251613,-1.2768282067376624,-5.609985734664231,1.7231018075578948,1.7519362041338338,1.0,2.799999952316284,1.7045864467140581,0.0,0.9963480234146118,-0.12816501284557827,-1.9120969772338867,1.0039491757179622,0.9800005380276327,42654.510075,42856.130356250156,4.986055374145508,2.25953212881825,0.0,1.3515162467956543,-1.3525054317340497,-3.5195086002349854,1.0691200569385855,1.069950429983333,19.176785462969946,13.818287185591853,11.486844649452554,5.653425368106431,0.29715188398621684,-2.061139449959933,2.6967052509354024,2.7014379616011848,3.4678449630737305,0.6865033296222703,0.008499732241034508,-9.93301248550415,-15.541944667456576,-19.261857736855745,2.4002831676375855,1.4618988268568778,0,0.0,0,0.0,"{""type"":""MultiPoint"",""coordinates"":[]}"
00000000000000000349,60,TAMAN SARI,PINANGSIA,3173031008,3.173031008E12,Sangat Rendah,Pinangsia 04,,1 jam,10000 m2,1666,Saluran air kurang baik dan Intensitas hujan tinggi,004,1,2020,1577865600000,10 cm,10,0,2.815326316444988,-10.36585006943128,-15.933251883226031,3.227751245024872,6.304881916736979,-4.25785499646992,-10.252703567051789,3.304634973979385,JAKARTA BARAT,1,0.9699186032794621,0,0.14958715986462168,1369.6771539316378,1135.419037685846,918.3389462118339,316.06786735787637,132.77745734956633,-10.091279115512066,69.9815685462492,101.52037563275721,10,5.3896818843144185,1,3.789158345221659,-0.7621056579429593,-5.404850213979484,1.9313262193699894,1.919509629899331,1.0,4.199999809265137,2.1357162869978312,0.0,2.2958914041519165,0.20536247905138547,-1.8824821710586548,1.304280418623513,1.366770358001643,88751.0746497,89110.06349508598,8.775334358215332,2.706453345944225,0.0,5.235861301422119,-0.8512779616385183,-3.5529696941375732,1.5462092460769508,1.5413208786565598,26.631902913650556,14.839700102011342,11.40388013383227,13.092447668909953,1.3207655979146835,-2.166087222288711,4.215034696505851,4.2222030450721455,368.2804870605469,75.42559581834966,0.008499795570969582,347.87294578552246,55.18791973494796,-21.528682574629784,150.45275601232382,150.87563732608544,1,0.03008139672053792,0,0.14958715986462157,"{""type"":""MultiPoint"",""coordinates"":[]}"
000000000000000005b0,150,PASAR REBO,CIJANTUNG,3175051003,3.175051003E12,Sangat Rendah,Cijantung 02,,3 Jam,150 M2,2648,Kiriman Hujan Dari Bogor sehingga saluran Kali Cijantung tidak lancar dan tidak dapat nempung depot air yang tinggi,002,1,2020,1577865600000,5cm,5,0,-4.466423705752668,-13.186479654073642,-19.92125652937016,2.3226529109178307,6.466121320096855,-4.865642539202132,-11.282509314600997,2.6228309090988184,JAKARTA TIMUR,1,0.7237049268461272,0,0.45064929908807705,1956.9060257061412,1569.622201961818,1261.7573092267978,-15.361037896548623,-83.59990359941507,-150.4151366335484,28.920971323037232,178.6561825771874,53,39.58720863254101,30,9.564051355210445,-3.409136558000859,-11.782881597714017,4.699539926788623,5.124505022134048,1.0,13.10000228881836,3.558197491125306,0.0,4.828047752380371,-4.0910870643270165,-8.452953338623047,3.5108926993655794,3.69395614299815,181656.177153,182368.61467126862,10.480965614318848,3.9320521701600377,0.0,6.677481651306152,-0.0189703912015545,-4.093719482421875,2.3294831743890567,2.3503502477861127,23.740813002885215,14.042018272623151,10.785640032975218,10.046497995240271,0.4002094909486359,-2.887768841488839,3.1328152390812836,3.157058647858,20.763975143432617,4.1653526221015005,0.00849690567702055,7.878670692443848,-11.444370647135242,-19.554418849758804,7.819586466894161,8.3924423665686,1,0.2369916669866749,0,0.4312453610479346,"{""type"":""MultiPoint"",""coordinates"":[]}"
0000000000000000013e,819,TEBET,TEBET BARAT,3174011002,3.17401100201E12,Sangat Tinggi,Tebet Barat 07,,1-2 Jam,± 50.000- 60.000,662,Meluapnya PHB Kalibata dan Saluran Rawa Bilal,007,5,2020,1577865600000,,150,0,-4.780861522485333,-11.812848763877666,-14.690963776558712,1.7314958189638843,4.348752879675557,-5.0829124163833255,-7.894677508254483,2.1018667296457827,JAKARTA SELATAN,1,0.8174249473529559,0,0.392676726249301,4100.645674560969,3913.7966402999305,3675.697739681896,13.235238887549258,-36.58458804721946,-88.41471283761575,25.60893314523451,113.53864662720287,22,15.968509721337973,9,2.979457917263307,-3.6608304522373682,-10.360912981452831,2.134524775038609,2.0935924273126045,1.0,2.5,0.6038885996036837,0.0,0.30881595611572266,-1.5118484058391337,-2.2080740928649902,0.7205870622377074,0.7323145850037032,71196.5633906,71481.85254592041,6.5676398277282715,2.7445915737496085,0.0,3.8141777515411377,-0.044569541949811164,-2.8184585571289062,1.578455202282037,1.5676689959758363,21.12584191100457,14.208410593323547,11.406372264552447,7.572422673850449,0.654424973890097,-2.1428835642585273,2.3687091272188767,2.3652819534931955,1.8356058597564697,0.38070465878433557,0.008498300798237324,1.4625806212425232,0.012633954173357064,-0.38404451590031385,0.7153599422002432,0.7058195739255647,1,0.17008668397081153,0,0.3849787225030045,"{""type"":""MultiPoint"",""coordinates"":[]}"
00000000000000000120,16,TEBET,MENTENG DALAM,3174011003,3.174011003E12,Sangat Tinggi,Menteng Dalam 05,,1 jam,± 350,572,"Perumahan penduduk di dataran rendah, debit air yang terlalu banyak, saluran tidak cukup untuk menampung",005,5,2020,1577865600000,± 150 cm,150,0,17.234831077942566,-8.750305197178715,-17.790707652376238,5.740992717520504,23.130534369730036,-3.0281126061191492,-12.180854594427014,5.198126790923272,JAKARTA SELATAN,1,0.9377325989409437,0,0.2266060457112926,2821.3751145383426,2563.9507670894354,2245.632955170002,3.2451410771323026,-50.59329020903616,-108.28139824766458,25.99664687138421,123.4981782554897,39,15.006124662399241,7,22.14664764622108,-1.760211555196227,-9.788587731810335,4.926929584783709,4.9916004056261345,1.0,5.400001525878906,1.8060438806824115,0.0,2.547248125076294,-1.4885619488029753,-3.8858203887939453,1.9961106116917948,1.9207924548816104,164046.37761,164760.91483245528,22.04218292236328,4.788382331618136,0.0,18.49881100654602,0.9684855873489477,-4.470797061920166,4.0965858381307605,4.006747362188502,22.328669878861895,13.811445669725497,9.951799089981103,8.938638745755235,0.44091223885714625,-3.4926116476357087,2.75923717607413,2.76126590937099,5.6512532234191895,0.742346495902212,0.008498458191752434,5.105181932449341,0.1662100652808953,-0.6505914712324739,1.6619634710231808,1.6505887124135508,1,0.02973013206303298,0,0.16251841625400879,"{""type"":""MultiPoint"",""coordinates"":[]}"
00000000000000000123,83,TEBET,MENTENG DALAM,3174011003,3.17401100301E12,Sangat Tinggi,Menteng Dalam 11,,"0,5 jam",± 2.000,575,Meluapnya air kali dan air dari RT 012/11,011,5,2020,1577865600000,,200,100,-1.2632972660638058,-11.768238997207087,-16.26085267574114,2.109564315271369,2.6821860278672345,-5.117153787449987,-10.933030693058504,2.2276125588988647,JAKARTA SELATAN,1,0.7792828685258965,0,0.40674104801722977,3062.6912234195856,2730.962643564445,2450.8553301844463,13.948751670158344,-48.31345903738872,-108.62096591232967,27.530507277415854,135.1232321324088,30,16.632859040030358,5,12.747503566335425,-0.5137993721720453,-12.154350927245211,4.165969116035329,4.192481146474904,0.557288972952208,9.90000057220459,4.643868355722996,0.0,5.834579944610596,0.8488839042274943,-4.773837566375732,2.7843440263517842,2.5819731451690444,183846.940631,184625.19889377675,16.4595947265625,4.105811098183476,0.0,11.533236980438232,-0.0881454677186911,-4.482201099395752,2.527307286332316,2.654755210734733,17.419627793100325,12.723568163897395,10.26690729539379,4.328289864659521,-0.5570511360071735,-2.8295936607733996,1.5105594009987955,1.4917235595313516,0.5948880910873413,0.061104516154397236,0.008498415350914001,0.046061933040618896,-0.49989092496104137,-0.5956133985891938,0.14939253129046978,0.1458309402844688,1,0.19169038133181562,0,0.3875660644990598,"{""type"":""MultiPoint"",""coordinates"":[]}"
00000000000000000138,617,TEBET,KEBON BARU,3174011004,3.17401100401E12,Sangat Tinggi,Kebon Baru 08,,± 4 hari,± 10.000,639,Banjir kiriman dari bogor dan curah hujan yang dan durasi hujan yang lama,008,5,2020,1577865600000,,200,0,-6.162526027104189,-11.940153553745583,-19.097495229977028,2.5132682368347004,-0.17055395167651566,-6.0357716247311535,-13.045161295433449,2.669072817939343,JAKARTA SELATAN,1,0.9941977001793437,0,0.14355980733669327,5061.501645298686,4935.52417213894,4792.523509066431,364.92898070877254,264.3364180608611,138.96761450142094,54.10418913099055,72.14028398937565,24,17.197752927524004,12,4.077603423682646,-3.156441907245626,-8.720399429384479,3.0832395257495344,2.943907742743295,1.0,5.600000381469727,1.9861910097935318,0.0,3.186305522918701,-0.6972563769045431,-3.0351498126983643,2.099506940440891,1.9784868020566573,66013.1176142,66268.59248768444,7.46864652633667,2.7321007139874687,0.9274099469184875,4.870316028594971,0.09613050396702241,-1.7739893794059753,1.6312949934608971,1.629237650524549,23.416846848774586,15.036321498869338,11.482356322780312,9.782104857103674,1.3754863001198554,-2.213651948077189,4.003041230878929,3.9923728508451117,339.4696350097656,72.68586453874487,0.008498307317495346,320.16223335266113,52.72192096735496,-20.379637580364943,138.6251945370645,138.3646031102732,0,0.0,0,0.0,"{""type"":""MultiPoint"",""coordinates"":[]}"
00000000000000000139,292,TEBET,KEBON BARU,3174011004,3.17401100401E12,Sangat Tinggi,Kebon Baru 09,,± 4 hari,± 10.000,640,Banjir kiriman,009,5,2020,1577865600000,,200,0,-7.157490747143367,-11.165201801062958,-14.190375884730472,1.5704385316259,10.195696956519775,-3.418858392666246,-9.602668994342238,2.7395372478922275,JAKARTA SELATAN,1,0.9842466176561439,0,0.1117944413459218,5118.1415062800825,4906.461085636343,4724.707758823175,305.91559390374005,159.90604264235304,52.150826847989265,56.827309743707495,83.68495671688521,25,22.1451164514734,18,4.551497860201856,1.5028349037972315,-2.6219686162603786,1.6265501377808091,1.6186701127236305,1.0,6.30000114440918,2.873577744904667,0.0,3.7098441123962402,0.1736899346045083,-2.60621976852417,1.5777507801703632,1.554363695232296,56350.2128771,56562.91062032914,4.644939422607422,1.994732195760127,0.0,1.6901957988739014,-0.9838503718508719,-3.042374849319458,1.1061263382158661,1.0882374435318247,17.405219693194464,12.978026220925221,11.557872633728818,3.799098677405551,-0.577577092282123,-2.021079858061009,1.1604327822434088,1.1556935732268085,0.5863783359527588,0.022932233277549712,0.008498254232108593,-17.99256682395935,-19.435796717493005,-20.08301819395274,0.4732943474055355,0.09066731181750073,1,0.01575338234385618,0,0.11179444134592212,"{""type"":""MultiPoint"",""coordinates"":[]}"
0000000000000000013a,484,TEBET,KEBON BARU,3174011004,3.17401100401E12,Sangat Tinggi,Kebon Baru 10,,± 4 hari,± 10.000,641,Banjir kiriman dari Bogor dan Depok,010,5,2020,1577865600000,,200,0,-5.254436024995565,-11.788031886593973,-16.733764566524528,1.9148676839806917,4.96719591165097,-4.865162631299764,-11.397252046870175,2.6079352359077834,JAKARTA SELATAN,1,0.9243098334474107,0,0.32657680674741113,5249.290756032934,5081.915824558299,4923.607091438574,440.83285512802377,312.20565911185605,208.43329384997742,51.27563872215201,69.04358566921138,26,18.011065480264662,12,5.1674750356654116,-2.915639704106997,-9.337232524962442,3.8513530709088353,3.7593768851325926,1.0,6.30000114440918,2.1533997237831937,0.0,3.7098441123962402,-0.6329359023532396,-2.983680486679077,2.3876526212004676,2.300030475222512,122364.104649,122872.07648629195,8.387731552124023,2.8547909606945954,0.0,5.700536727905273,0.041489114278994176,-2.8186841011047363,1.6345066397530355,1.614981718426372,23.765793301470485,14.566204273303235,10.961897539170275,10.174725544746163,0.9675070792673335,-2.6439996379221906,3.49922446951806,3.504388838529006,339.37615966796875,49.47563620334018,0.008498254232108593,319.786283493042,29.73692379294971,-20.36079110763967,117.14319835548312,117.2124058548093,1,0.06978667579283597,0,0.305320523612584,"{""type"":""MultiPoint"",""coordinates"":[]}"
0000000000000000017d,± 722 KK,TEBET,BUKIT DURI,3174011005,3.17401100501E12,Sangat Tinggi,Bukit Duri 10,,± 1 x 24 Jam,,779,Meluapnya Kali Ciliwung dan Intensitas Curah Hujan yang tinggi,010,5,2020,1577865600000,,200,100,6.826617917683587,-12.202246555638355,-19.142212314912456,3.476221059752023,1.2752832501749234,-5.458133173101252,-13.736724558288751,3.5489898999229217,JAKARTA SELATAN,1,0.9459170149862371,0,0.2716240662930543,4407.128814786838,4180.260896327951,3946.6558052670644,347.2429370081204,253.6782070720556,136.45225759875666,60.256502961134494,113.85099793004,23,15.008385156488933,7,5.438516405137179,-2.6599337430497823,-9.833380884449301,2.979144309496858,3.185702926681055,1.0,5.499999046325684,1.7428327787784108,0.0,3.139029026031494,-0.5788881369645302,-2.474379539489746,1.4873594688773284,1.5020388427676576,136873.70891,137407.89485854233,5.938958168029785,2.7791708681756346,0.0,3.3221774101257324,0.10306148832301773,-2.7191178798675537,1.3819304798285084,1.3754574190635207,26.554124153420776,15.844590565540885,11.312043785969683,12.763572117379173,2.033408500107566,-2.456202973732351,4.909216554528329,4.899293533536995,340.8208923339844,103.85093688857295,0.008498458191752434,319.86084365844727,80.0766413337911,-25.423593036830425,159.19813345702252,158.95908940739642,1,0.006499133448873484,0,0.07293145292505805,"{""type"":""MultiPoint"",""coordinates"":[]}"
0000000000000000017e,± 226 KK,TEBET,BUKIT DURI,3174011005,3.17401100501E12,Sangat Tinggi,Bukit Duri 11,Wilayah RW 011 dan 012 masuk dalam Program CAP dan CIP,± 1 x 24 Jam,6 Ha,780,Meluapnya Kali Cilwung,011,5,2020,1577865600000,,200,100,-6.146741306252671,-12.401636521065099,-17.926188711783748,2.0867413650063518,0.981124475593284,-4.2679587401775105,-11.922267129405608,2.4162079790338193,JAKARTA SELATAN,1,1.0,1,0.0,4109.031461794913,3898.4030080771104,3733.7692295163256,181.2840641628395,75.63548312622761,6.225094718810851,44.81154675670797,93.18665285062725,20,15.118909348441926,11,2.544935805993081,-1.8033249344305549,-6.260485021396466,2.019973014097668,1.9173991935927284,1.0,5.90000057220459,3.649433465112032,0.8999996185302734,3.525050401687622,1.2805521040395031,-1.4225966930389404,1.3677599620743077,1.3782216987243538,49258.2476923,49475.13284893792,6.549145221710205,2.827880048996666,0.9274099469184875,3.931736707687378,0.24452051159849275,-1.6775574088096619,1.3772032588395149,1.3831535151364915,14.901048625593749,12.926874946671713,11.212166947970967,0.972541318461511,-1.0106493422719254,-2.645161486285854,0.8866960711393848,0.890054487504709,0.06798792630434036,0.021921540358401943,0.008498483337461948,-24.39265885669738,-25.431816574157995,-25.89576280117035,0.38277642769685283,0.01556539262537674,0,0.0,0,0.0,"{""type"":""MultiPoint"",""coordinates"":[]}"
0000000000000000017f,± 200 KK,TEBET,BUKIT DURI,3174011005,3.17401100501E12,Sangat Tinggi,Bukit Duri 12,,,,781,Meluapnya Kali Ciliwung dan Pompa Air kurang maksimal,012,5,2020,1577865600000,,200,100,-3.723402292918933,-11.856001966370721,-18.738451419249216,2.7817092013315334,5.4002546327731,-5.428020118526192,-14.34621891645758,3.2794038759292956,JAKARTA SELATAN,1,0.9819011827634705,0,0.17828016475162003,4019.037897083563,3735.813353634881,3463.5491259047867,333.0591839500157,97.21672368209963,-25.854284597742662,84.40035861155336,134.4779848717125,18,12.770479330459041,8,1.6279600570626975,-3.483003076552631,-7.841940085590883,2.0679319502950952,2.1512288330850593,1.0,4.90000057220459,1.7903787689960102,0.0,2.5641088485717773,-0.5414544694240573,-2.435749053955078,1.641415438114465,1.6355528958387848,151394.757612,151989.66949678256,7.034503936767578,2.2451792135915434,0.0,4.432530403137207,-0.3610582409374907,-2.6455702781677246,1.2878229084556485,1.289790905109617,26.555271092959725,16.110496717684782,11.365533904152223,12.694625967723937,2.1655149194282024,-2.596369110389455,4.676688273028957,4.678290152318846,341.32232666015625,104.04848423649048,0.008498522453010082,316.8393154144287,79.0930873701522,-25.593071552924812,156.28874341912208,156.40737789549513,1,0.006455629077997836,0,0.09644431260175651,"{""type"":""MultiPoint"",""coordinates"":[]}"
000000000000000001b1,22 KK,TEBET,BUKIT DURI,3174011005,3.174011005E12,Sangat Tinggi,Bukit Duri 01,,≥ 1 hari,"2 RT Terdampak
  (RT 010 dan 011)",903,Meluapnya saluran/sodetan kalibata,001,5,2020,1577865600000,,200,100,-1.9545649053654428,-11.357459866538536,-16.327314559272963,2.187771196275041,15.07013999218223,-2.2201584210289838,-9.547901465942576,3.2114176445177094,JAKARTA SELATAN,1,0.9657816622691292,0,0.2217278451421594,3532.4332672578244,3252.189654898563,2987.3034691983003,37.97201803264352,-32.082064281708995,-95.45587478298239,29.136805927199177,125.3275777105769,20,15.045143469656983,8,4.641654778888251,-0.18799795759065976,-7.791155492152948,2.230736560679533,2.163673145713437,1.0,7.200000762939453,3.710834606970834,0.0,5.032867908477783,1.4448872097622907,-2.3440799713134766,1.9700495516712646,1.9378223611509366,84638.8016032,84944.19814132432,7.034503936767578,2.4718507364254667,0.0,4.432530403137207,-0.1002631485757066,-2.6176717281341553,1.2042323538553483,1.2102937584231785,23.771762287302757,14.373740099109126,11.557929631777714,9.806223786891762,0.3337335180845663,-2.4570325614376003,3.5816366832591853,3.580336949058156,341.5347900390625,45.986875595283124,0.008498565293848515,317.7031002044678,22.34192676497109,-25.408799394965172,123.31011978080443,123.73613760447243,1,0.02976583113456464,0,0.20608041101101565,"{""type"":""MultiPoint"",""coordinates"":[]}"
0000000000000000013f,275,TEBET,MANGGARAI SELATAN,3174011006,3.174011006E12,Sangat Tinggi,Manggarai Selatan 02,,5-6 jam,± 5.000,665,"Curah hujan yang tinggi, Saluran air yang mengecil (akibat pembangunan hunian), Pendangkalan Kali Sodetan Kalibata, Sampah dari Rumah Tangga, Kurangnya daerah resapan air",002,5,2020,1577865600000,,150,0,-4.802715559295747,-12.520848088814693,-15.993253793380738,1.857340862528719,11.596021767452648,-2.562996388100381,-8.671056511325864,3.0642677490703045,JAKARTA SELATAN,1,0.9895807796028439,0,0.08804240366863003,3246.818481470479,3067.8680729342377,2881.732216143706,18.009302363323513,-42.624910929876016,-101.6523316841517,27.80901987110948,81.11812564589701,23,15.78074691509357,10,6.062196861627612,-1.1116785381241114,-6.493865905847571,2.97124722064224,3.0375156731848727,1.0,4.500000953674316,1.5057980731157652,0.0,2.164309024810791,-0.781853211795991,-2.3016834259033203,1.2294858934848694,1.2507957838120916,85426.2690852,85775.34876763214,5.547544956207275,2.9113068041959655,0.0,2.7427475452423096,0.20636970665930843,-2.6801018714904785,1.2666416832195724,1.2818241480723638,22.114470038197446,13.987628889453397,11.379382734584862,8.27013926881652,0.2870394544085055,-2.2090396563556123,2.4030060508240485,2.428333314746229,4.062180042266846,0.6225507285854924,0.008498472161591053,-0.2264575958251953,-3.6516169735218416,-9.72990765888244,2.7552315926725606,1.2077737367767913,1,0.010419220397156165,0,0.08804240366863003,"{""type"":""MultiPoint"",""coordinates"":[]}"
00000000000000000140,155,TEBET,MANGGARAI SELATAN,3174011006,3.17401100601E12,Sangat Tinggi,Manggarai Selatan 06,,"1,5 jam",± 4.000,669,Kali Jane terlalu dangkal dan curah hujan yang tinggi,006,5,2020,1577865600000,,200,0,-6.837849991777989,-11.13501829551982,-15.144018534810137,1.8717367837700192,-0.6150887579544604,-4.269162692459763,-8.671056511325864,1.872015028912508,JAKARTA SELATAN,1,1.0,1,0.0,3087.875951668441,2966.7320689075405,2832.030467164061,-11.013028277882768,-56.04770704947735,-103.81379286123774,24.429167286011698,68.90594354809701,18,14.452434017595309,11,1.7569186875902503,-1.5444450449912943,-5.317261055633669,1.6312561719137304,1.5986105077709025,1.0,2.6999998092651367,0.7252084126850027,0.0,0.4778599739074707,-1.459880426216685,-2.213552236557007,0.5648372873073744,0.570635689561888,29759.0559001,29887.68856500967,4.16019868850708,2.332841594352051,0.0,1.5394768714904785,-0.28251060898352937,-2.6182665824890137,0.9586576240492072,0.960181816346126,19.34698625499146,14.479665285345325,11.6685543916486,5.444806802221295,0.5719546798828905,-2.242156092035909,2.73877218707861,2.7628900082678363,4.08767557144165,1.243200306532866,0.008498522453010082,-6.644747257232666,-10.663933430511033,-16.870920779183507,2.465693176235807,1.8817821658639144,0,0.0,0,0.0,"{""type"":""MultiPoint"",""coordinates"":[]}"
00000000000000000180,400,TEBET,MANGGARAI,3174011007,3.174011007E12,Sangat Tinggi,Manggarai 04,,1 hari,± 20.000,782,Intensitas Curah Hujan yang tinggi dan meluapnya tanggul Kali Ciliwung (kiriman Katulampa),004,5,2020,1577865600000,,150,0,-3.386141085674794,-10.165320844110312,-16.01781156324396,2.2382731550041073,2.8775826791794508,-4.08759658058299,-8.841131155237145,2.5717957643753797,JAKARTA SELATAN,1,0.9114416404767092,0,0.2786560953350945,2729.913656091607,2384.5949985159846,2141.6750118583345,-1.4414290826202887,-47.23459339212333,-103.18421667728899,26.721689140704207,136.44001284493578,16,11.89694122040016,8,2.690442225393257,-1.0969007907781192,-4.737517831668136,1.5897222627276588,1.7282187733496928,1.0,4.09999942779541,1.7397889063881107,0.0,1.9790008068084717,-0.3135080655457892,-2.1752352714538574,1.198506596483793,1.2103704823460326,112125.723878,112587.41706718074,4.7452592849731445,2.0921823115949287,0.0,2.2626616954803467,-0.44310637534464065,-2.6712076663970947,0.9145532693296744,0.8995358385520164,23.77851248754303,14.511098333352804,11.668588078328256,9.64447545322468,0.31874884565345635,-2.6100280506563305,3.6598573272452306,3.6541406658753557,348.4949951171875,34.072492727756526,0.00849867332726717,317.1259956359863,4.855889933566435,-34.98839659243822,108.58341548720593,109.6723740646838,1,0.014127018701185545,0,0.133608531424537,"{""type"":""MultiPoint"",""coordinates"":[]}"
00000000000000000182,115,TEBET,MANGGARAI,3174011007,3.17401100701E12,Sangat Tinggi,Manggarai 10,,4 hari,± 50.000,790,Intensitas Curah Hujan yang tinggi dan meluapnya tanggul Kali Ciliwung,010,5,2020,1577865600000,,200,0,-4.26980141165363,-11.349623179253713,-16.660117723092537,2.0258707575001393,6.095471824166129,-4.3925370480456225,-10.537821350561426,2.75350390278656,JAKARTA SELATAN,1,0.9417124964874956,0,0.2503061168843049,3376.7421908074275,3103.125590763148,2758.138671748824,43.17021956330291,-32.99950041454262,-87.53586665862076,29.229478034726903,135.8957626016024,19,13.179318373409338,9,4.388302425108023,-1.3780135628046464,-5.770613409414043,2.3973010758993976,2.389272080307261,1.0,6.200000762939453,2.9209145744305047,0.0,3.952411413192749,0.6191191608962934,-2.508958578109741,1.5853527494974544,1.527971365514747,87026.8376769,87364.90221049599,6.549088001251221,2.584616740121926,0.0,3.9763083457946777,0.0668808993798976,-2.5861494541168213,1.3259698401446955,1.3283548839884547,26.5567899929664,14.192062740678573,11.48669690659411,12.583974022521677,0.09685807423512181,-2.609926229765742,4.07328406347419,4.054456400685671,342.8945617675781,47.78593845487197,0.00849859043955803,316.6548023223877,21.316300758463655,-30.709938317537308,126.60914395084444,126.68993213064778,1,0.05828750351250451,0,0.2503061168843048,"{""type"":""MultiPoint"",""coordinates"":[]}"
00000000000000000154,341,PASAR MINGGU,PEJATEN TIMUR,3174041005,3.174041005E12,Sangat Tinggi,Pejaten Timur 03,setiap tahun kena banjir,2 jam,1 hektar,706,luapan kali ciliwung dan air hujan,003,5,2020,1577865600000,3 m,300,0,-6.1408637874999545,-12.619075396188077,-20.355526203726196,2.2273951832714154,4.628628564935216,-5.621026764711481,-14.346666935205004,2.8675441592433177,JAKARTA SELATAN,1,0.6325051307803154,0,0.48722374967618387,4005.0958957172274,3743.061893304668,3403.396085266404,422.6523224074067,260.75339755327457,42.54826635951258,90.60408836073607,129.23806790827342,42,28.395426691701985,18,5.031383737520933,-7.137709086782662,-17.684165477885692,5.062143630458708,5.452104528251656,1.0,11.899999618530273,3.7761884852878365,0.0,5.84442138671875,-2.3758847067825055,-6.635806083679199,3.833048572202476,3.835148207729628,239510.796775,240480.99851820443,16.9153995513916,4.858468698492779,0.0,13.320749759674072,1.2534877753652673,-3.6202738285064697,3.0117621170563913,3.009621531054374,23.72749822493483,14.340415177636197,10.237848664618918,10.183761173500143,0.7355221921590164,-3.466531311186838,4.041088166982015,4.022948427706518,326.56158447265625,54.015932853103806,0.008497288450598717,305.20233726501465,30.583240475873488,-24.453008349984884,126.54006586953459,126.36978559467967,1,0.3443663304368077,0,0.48,"{""type"":""MultiPoint"",""coordinates"":[]}"
00000000000000000155,300,PASAR MINGGU,PEJATEN TIMUR,3174041005,3.17404100501E12,Sangat Tinggi,Pejaten Timur 06,,1 hari,1 hektar,708,"pendangkalan saluran air, luapan kali ciliwung",006,5,2020,1577865600000,2 m,200,0,-2.003449823109865,-11.873083854835423,-17.38602077422278,2.488824238481397,8.771682332157102,-3.9350228677855186,-11.3267494982231,3.0459115923455133,JAKARTA SELATAN,1,0.8419451557131291,0,0.40210707932040574,4468.213922834007,4144.1241793813215,3767.0405300494886,244.83158370129422,17.395471782918012,-81.28465142958294,65.75572541750834,183.97716274940817,39,29.302825378066665,18,6.523252496435802,-3.4721227195320035,-15.374322396573632,5.462049222439872,5.524198663192388,0.9917632683019163,15.69999885559082,6.624936820292294,0.0,9.052095890045166,-0.5083747469916835,-7.2916975021362305,4.7278061482585025,4.7798975222984454,318646.510623,319942.2213087265,15.699620246887207,4.091158584987431,0.0,12.440208911895752,0.8717035662347048,-3.2587757110595703,2.75874804220881,2.7736453936520515,26.524605388183062,14.076385428871035,10.437589063026946,13.046337057986976,0.6366299842402845,-3.021224873195141,3.8439903685095747,3.8562670191900046,331.0906982421875,45.54179563030701,0.008497570641338825,311.8022155761719,26.383175544569777,-23.53739482536912,124.08232579914011,124.77109777406856,1,0.1543453045324229,0,0.3967805536575211,"{""type"":""MultiPoint"",""coordinates"":[]}"
00000000000000000157,200,PASAR MINGGU,PEJATEN TIMUR,3174041005,3.17404100501E12,Sangat Tinggi,Pejaten Timur 09,,setengah hari,2000 m,711,kali meluap dari kali,009,5,2020,1577865600000,500 cm,500,0,-3.586902007830618,-13.150457703996437,-17.369388761750685,1.598742793230999,3.053543631005647,-3.9698679345359675,-11.872771111175535,2.3582114351835615,JAKARTA SELATAN,1,0.8461445535703497,0,0.38805121695508055,4206.312360166264,3934.953439668746,3608.356420548421,422.6523224074067,264.4448605492397,68.99239518378818,86.22158271414662,134.03790162523407,44,36.10717694101158,21,8.125534950074538,0.599721317677824,-13.901569186872166,5.932547557412957,6.384089172749577,1.0,16.399999618530273,9.119503598451729,0.0,10.05124044418335,2.645402375416655,-6.638516426086426,5.052154023832701,5.164795591113999,288701.386668,289875.7723551033,17.230485916137695,3.886842349725821,0.0,13.712356328964233,0.3260930374789089,-3.642120599746704,3.279931798088694,3.3062673209788653,23.727862478829987,13.384221405343567,10.437536459917665,10.162068003885205,-0.21316443687428793,-3.2081875855665345,3.1841623931282923,3.1789697335439735,326.8504943847656,27.32668279159452,0.008497360162436962,303.93090057373047,5.00515567129855,-24.355159044265747,101.11539353163569,101.4731423782901,1,0.15036422281013298,0,0.38370321746249053,"{""type"":""MultiPoint"",""coordinates"":[]}"
000000000000000001a5,40 KK,PANCORAN,RAWA JATI,3174081003,3.17408100301E12,Sangat Tinggi,Rawa Jati 06,,± 1 x 24 Jam,± 1.000 m²,876,Banjir kiriman yang diakibatkan karena Kali Ciliwung meluap,006,5,2020,1577865600000,,150,100,-5.041725327740048,-12.531280631118294,-18.78294906879165,1.7629416574560355,8.80407297223697,-4.4461554807164525,-12.501013349829257,2.7316563311921307,JAKARTA SELATAN,1,0.7618320848452758,0,0.4397599604670306,4361.000152658897,4074.2648965103303,3679.207876792152,32.07987206043617,-22.29608641581949,-82.05308504080222,26.353815862971167,160.6368355903244,36,28.77268692280139,18,7.28159771754752,0.08813563147881923,-10.020542082737599,3.820822429394295,3.9507009567848224,1.0,10.899999618530273,5.703010339715107,0.0,4.503166675567627,-0.3360716075638492,-6.492553234100342,2.6958832877534498,2.6056466339952835,223882.736435,224787.91340335074,8.517386436462402,3.113186538928645,0.0,5.317251443862915,-0.009570628045843955,-3.239971876144409,1.7222366717442439,1.7373832628947103,23.745270218771896,13.434264329825966,11.055676653297189,10.149340794913691,-0.11971693729649134,-2.514141569756662,2.7315993972606125,2.7369329014162616,332.917724609375,20.922690362685078,0.00849779974669218,311.4199619293213,2.285068688067735,-22.25385986175388,83.43786094495195,84.16143170661506,1,0.21594430860755948,0,0.42581669449743625,"{""type"":""MultiPoint"",""coordinates"":[]}"
00000000000000000190,"± 400 KK 
  RT 008, RT 011",PANCORAN,PENGADEGAN,3174081005,3.174081005E12,Sangat Tinggi,Pengadegan 01,Warga pernah dilakukan pendataan normalisasi Kali Ciliwung dan menanyakan kapan proses normalisasi dilaksanakan,± 1 x 24 Jam,kurang megetahui detai luasannya,826,meluapnya Air Sungai Ciliwung,001,5,2020,1577865600000,,160,0,-2.023497440027967,-12.028113279359184,-18.23637659271321,2.496755068847357,7.967129305870413,-5.568189094695171,-13.905819285013319,2.8561122681303917,JAKARTA SELATAN,1,0.7779955303421006,0,0.43711632139386136,4751.950197313952,4429.455682751006,4027.5936021300267,66.22607041347965,-16.798587605721796,-80.68012421222193,29.6723827456235,171.51016817606555,30,22.06405363589477,15,6.483594864481127,-1.7823418054741524,-8.850499286731466,3.243805128728596,3.441493093294701,1.0,8.399999618530273,3.6707298899508403,0.0,4.136861324310303,-0.48979705723163564,-4.545705795288086,2.646352857394896,2.6926359550891137,202818.512744,203660.41195354183,9.195145606994629,3.4114593609616732,0.0,5.982200384140015,0.2319114196109917,-3.2368643283843994,1.9090828659224874,1.9113219837635664,26.542708236401694,14.256239740300217,10.922483250808195,12.965008610501036,0.6345523530703805,-2.6690532715786404,3.951736479375408,3.9606040278742025,336.89471435546875,51.65305025016553,0.008498021401464939,316.42943572998047,30.265485382999284,-22.241895258426666,127.49766492376277,127.59979197897805,1,0.21139762764311487,0,0.4287473633940007,"{""type"":""MultiPoint"",""coordinates"":[]}"
00000000000000000192,95 KK,PANCORAN,CIKOKO,3174081006,3.174081006E12,Sangat Tinggi,Cikoko 01,Banjir sudah rutin per 5 tahun,± 1 x 24 Jam,Berdasarkan informasi Ketua RW bahwa hampir seluruh warga di wilayah RT.02/01 terdampak banjir,834,Meluapnya Air Sungai Ciliwung dan kali di daerah tsb kurang tinggi,001,5,2020,1577865600000,,300,200,0.5253164066154536,-13.022201181330466,-18.118891986428196,2.8933830670264133,6.899580480265554,-5.55252256075032,-12.698906591558362,3.280707742716187,JAKARTA SELATAN,1,0.8622287658999299,0,0.3659934611732063,5222.99483232306,5012.147033168477,4760.092526326834,346.9927228546876,183.96842270586734,28.91508780710228,69.33586439656793,104.38573559819241,53,21.567377084791573,11,30.945506419402843,-0.5907081918937966,-11.33266761768719,6.535318392967626,6.43773180352064,1.0,13.100000381469727,4.205684312262146,0.0,9.937289953231812,1.0217624731209547,-3.296975612640381,3.209129528824444,3.2058939056958504,144684.68446,145239.70417415223,26.216163635253906,5.66243023125832,0.0,22.939128398895264,2.4851392239504113,-3.186875581741333,5.4034723049006885,5.4402507059988245,23.76358659826042,13.956991341348347,9.756045788507924,10.087760633302553,0.3088425939857177,-3.805517615003504,3.5911877084240187,3.621001654604915,338.5433349609375,39.46635063252596,0.008498139679431915,318.98142433166504,19.897252546616425,-21.053728263825178,110.21601054372381,110.33044739908709,1,0.08853274118413747,0,0.31948553318915673,"{""type"":""MultiPoint"",""coordinates"":[]}"
0000000000000000010d,10,JAGAKARSA,LENTENG AGUNG,3174091004,3.174091004E12,Sangat Tinggi,Lenteng Agung 04,,1 jam,200 m,538,luapan kali dari kali ciliwung,004,5,2020,1577865600000,500 m,500,0,-6.127598874664809,-13.317518283856009,-17.02395657345688,1.7882787801204678,1.549380177534801,-5.36111009587289,-12.415185757102808,2.2813441217388313,JAKARTA SELATAN,1,0.9148442071386776,0,0.3191176974288566,932.2891972324262,480.5627934041166,92.76624232772798,92.55614917846253,-263.67376555388904,-584.4925030371833,184.43179732292418,233.3141628615954,61,47.32562902282038,33,8.781455064198326,-3.584278681333018,-16.352639087014722,5.213830734193781,5.804201905789007,0.9932563349939879,13.200000762939453,5.002675477421861,0.0,5.443965911865234,-2.745053784210059,-8.362768173217773,3.9815898214425514,3.96852291657042,190747.908426,191556.89840595095,14.729968070983887,4.007395924287513,0.0,10.78081750869751,0.06599017936189208,-4.092926979064941,2.470590940051601,2.4847026179535465,23.59035736624123,13.789365290044215,10.466435115809245,9.761572974563366,0.002334296183722098,-3.317448974661632,3.492393639894644,3.477843829761796,284.6748352050781,6.731185678575533,0.008496780879795551,261.3433647155762,-14.925359622766843,-24.656113516539335,43.06667479617897,43.24444821517406,1,0.08358323581041546,0,0.30929478706587094,"{""type"":""MultiPoint"",""coordinates"":[]}"
0000000000000000054f,994,JATINEGARA,KAMPUNG MELAYU,3175031001,3.175031001E12,Sangat Tinggi,Kampung Melayu 03,,< 24 JAM,6000,2485,BANJIR KIRIMAN DAN CURAH HUJAN TINGGI,003,5,2020,1577865600000,30 s.d. 150 cm,150,30,-2.5615130676975033,-11.440631361791226,-18.738451419249216,3.7680029746572385,5.4002546327731,-5.325704411364248,-14.34621891645758,4.1715196328500355,JAKARTA TIMUR,1,0.9551529169879208,0,0.22329687826943623,4049.966334915201,3940.0198866052456,3777.3065187347443,357.92457524076053,213.6665130074847,31.686491850307448,95.90482750236221,73.02994641942853,20,12.533603186841422,7,3.0761768901586066,-4.26018888095609,-9.833380884449301,2.1607729976745684,2.206110878391255,1.0,4.59999942779541,1.8178873084192566,0.0,2.3297853469848633,-0.4716764055833936,-2.3524107933044434,1.4440102012895772,1.4469782592431568,54360.194133,54567.08627664517,8.516953468322754,2.6496358837054395,0.0,5.879616737365723,0.011374534769555798,-2.6455702781677246,1.571319683849217,1.573211677363757,26.555271092959725,14.391436303147707,11.639565030163812,12.694625967723937,0.5336873908334168,-2.308610150053344,3.6031630153552,3.6099535942563796,341.0418701171875,38.04155224989809,0.008498522453010082,316.51069831848145,13.72138896647282,-25.592955268919468,113.03732217296529,113.25488777645455,0,0.0,0,0.0,"{""type"":""MultiPoint"",""coordinates"":[]}"
00000000000000000550,252,JATINEGARA,KAMPUNG MELAYU,3175031001,3.175031001E12,Sangat Tinggi,Kampung Melayu 05,,< 24 JAM,5000,2486,BANJIR KIRIMAN DAN CURAH HUJAN TINGGI,005,5,2020,1577865600000,30 s.d. 300 cm,300,30,0.5961496471873997,-9.127059547676787,-14.931209203742736,2.8507638162973317,2.8327818819683452,-3.5453579423410333,-9.060767957398168,2.3642802562387795,JAKARTA TIMUR,1,0.9944569008470353,0,0.10425091187368303,3759.0364889192397,3573.804189755425,3403.396085266404,195.53459780012372,79.444541854278,-14.946056116234104,54.40101020976156,95.00973690868538,19,16.30051071250623,10,3.7323823109854235,0.8275935793919938,-5.6970042795993745,2.2707331653818357,2.2018643778209044,1.0,4.59999942779541,3.5596290187094426,0.0,2.097374677658081,1.055121406563848,-2.43760347366333,1.338800918184424,1.3531341735146478,55971.8570924,56246.55807161458,6.204805374145508,2.3324325493929936,0.0,3.6379220485687256,-0.21894622435603012,-2.5501010417938232,1.3710997278844073,1.379579664092063,23.42230584493582,13.104881500017205,11.48669302887532,9.501110505415589,-0.7698618200745337,-2.4220440311727724,2.866511931410622,2.8753261840199413,341.32232666015625,14.20954722396908,0.008498601615428925,316.54698371887207,-10.171769415413655,-25.609205772168934,90.78097714611417,90.94226005446954,1,0.005543099152964624,0,0.10425091187368284,"{""type"":""MultiPoint"",""coordinates"":[]}"
00000000000000000551,1424,JATINEGARA,KAMPUNG MELAYU,3175031001,3.17503100101E12,Sangat Tinggi,Kampung Melayu 07,,< 24 JAM,6000,2487,"PENYEMPITAN SUNGAI, BANJIR KIRIMAN DAN CURAH HUJAN TINGGI",007,5,2020,1577865600000,30 s.d. 200 cm,200,30,-10.229935671945999,-13.203132340658684,-15.85285702570387,1.282577347323243,3.922028299204859,-3.7731329457162817,-8.939576657775174,2.29602737340257,JAKARTA TIMUR,1,0.9802458758011979,0,0.19230769230769215,3466.0328473612344,3337.6848554794788,3198.7543709788697,71.37728992512257,-1.540191966092306,-59.14113608375874,30.422052526021563,67.7050095924681,16,12.11495219081644,9,0.8362339514989543,-2.8762602907287413,-5.770613409414043,1.7049694816982695,1.8504557250938336,1.0,3.0,1.270516019490282,0.0,0.6263623237609863,-1.1820204328110304,-2.555720329284668,1.2720406498326042,1.2809295323822525,33175.3546128,33336.0404677326,4.745297431945801,2.1994764243177323,0.0,2.180797815322876,-0.35692273597200225,-2.5861494541168213,1.1316332817659693,1.1323121871367212,26.5567899929664,16.50691847338436,11.536443929204722,12.583974022521677,2.5394359743252424,-2.3676145991036694,4.956489669562584,4.984927519846279,341.5602722167969,90.98783977253883,0.008498601615428925,316.8011665344238,65.60167474266173,-26.261010222136974,154.44737721417988,154.59070204532617,1,0.019754124198802146,0,0.19230769230769232,"{""type"":""MultiPoint"",""coordinates"":[]}"
000000000000000005d7,897,JATINEGARA,KAMPUNG MELAYU,3175031001,3.17503100101E12,Sangat Tinggi,Kampung Melayu 08,,< 24 JAM,7000,2706,"PENYEMPITAN SUNGAI, BANJIR KIRIMAN DAN CURAH HUJAN TINGGI",008,5,2020,1577865600000,30 s.d. 250 cm,250,30,-1.9545649053654428,-12.63211646797026,-16.327314559272963,2.313756027661519,4.415162819008419,-2.4485577420195392,-9.650170218193097,2.7621012936179334,JAKARTA TIMUR,1,0.9434100930916218,0,0.24384589675773363,3496.9305243137433,3366.039495893435,3257.4030848734587,48.371593300178574,-5.088860230229873,-57.97418395204295,27.518949477620275,72.2088337389364,16,12.130491589090315,10,0.8108416547800328,-3.0966208186282898,-5.617974322395446,1.5010950668458005,1.4238015607358177,1.0,3.0,1.1964315222541277,0.0,0.6360626220703125,-1.1672619112211957,-2.431612014770508,1.2751144363027582,1.294485103155781,42785.0286645,42922.103629905374,4.719669342041016,1.9247768359374673,0.0,2.1429567337036133,-0.6502994560842984,-2.562286376953125,1.0637454003246047,1.0661045360191932,26.556541129037882,18.510127348934752,11.561718222039593,12.468682911991488,4.4977249743746155,-2.4087806333673285,5.271367543651514,5.283789523460811,341.47528076171875,184.26144326047705,0.00849859043955803,317.4984073638916,159.28548267662433,-25.638409204781055,169.13832071479743,168.94567898833435,1,0.05658990690837826,0,0.24384589675773358,"{""type"":""MultiPoint"",""coordinates"":[]}"
000000000000000005d8,986,JATINEGARA,KAMPUNG MELAYU,3175031001,3.175031001E12,Sangat Tinggi,Kampung Melayu 04,,< 24 JAM,5000,2709,BANJIR KIRIMAN DAN CURAH HUJAN TINGGI,004,5,2020,1577865600000,30 s.d. 300 cm,300,30,-3.6795370698708862,-9.928949551583653,-18.738451419249216,3.097313716971693,1.9551594996509043,-3.9306762081526188,-12.795230824322559,3.062534118575136,JAKARTA TIMUR,1,0.9863295173397073,0,0.15612494995995987,3990.0269515220684,3735.057745799942,3520.231388768886,334.4620620338478,146.75955172135784,17.991318430809315,78.88700515023942,112.9507032876827,20,14.980081351952025,10,3.831383737519168,-0.9923315223936184,-6.275320970041495,2.165585976644286,2.149353908090105,1.0,4.59999942779541,2.9964732762657187,0.0,2.0945215225219727,0.5658839806803725,-2.43760347366333,1.3711889036316016,1.3979110947946745,83125.9077067,83457.7586258516,6.670129299163818,3.0565876553917124,0.0,4.089097023010254,0.4860819611788525,-2.556757688522339,1.5105783333581413,1.5186947942762001,23.765564519804272,13.653585085911034,11.312061079782705,9.820704964063417,-0.22035136732655922,-2.5106694595184678,3.397775410055946,3.4245798282100455,341.2628173828125,24.39467181546723,0.00849859043955803,316.54698371887207,0.16181046157179055,-25.34917911887169,112.49648793175484,112.84328171508676,1,0.01069316895206944,0,0.09090593428863095,"{""type"":""MultiPoint"",""coordinates"":[]}"
000000000000000005e2,166,JATINEGARA,KAMPUNG MELAYU,3175031001,3.17503100101E12,Sangat Tinggi,Kampung Melayu 06,,< 24 JAM,2000,2725,BANJIR KIRIMAN DAN CURAH HUJAN TINGGI,006,5,2020,1577865600000,30 s.d. 175 cm,175,30,-3.315473289445706,-10.047253760274062,-15.151893390008835,2.272617045054325,6.095471824166129,-4.053743235657346,-10.181486113118128,2.964771750039174,JAKARTA TIMUR,1,0.9889051094890511,0,0.14986672195868136,3712.968124883651,3517.1794740978917,3352.4441657665852,195.73206784056129,73.94871741015264,-14.841810212082692,43.788343710283314,85.18578262133116,19,15.331503649635035,10,3.7323823109854235,0.26147635598888064,-4.803994293864845,1.942113643711255,2.0837276677930405,1.0,4.500000953674316,1.4136995836244013,0.0,1.9816272258758545,-1.1599468319329034,-2.6312124729156494,1.1479613560146753,1.1394732270259913,59768.4815363,59990.10098731746,6.685102939605713,2.2664080880053725,0.0,4.181474685668945,-0.27777482784229474,-2.5501010417938232,1.2489252554497519,1.2497492213779553,17.81883290073414,14.034212544905401,11.536443929204722,3.9562778436967,0.18225689161341782,-2.3626762453985357,2.097154831241211,2.1002636370382457,1.2747806310653687,0.342076457850635,0.008498619310557842,-21.863865852355957,-24.22421645142351,-27.95272735506296,1.2394021244831261,0.5427117296677315,1,0.011094890510948906,0,0.1498667219586816,"{""type"":""MultiPoint"",""coordinates"":[]}"
00000000000000000510,103,JATINEGARA,BIDARA CINA,3175031002,3.175031002E12,Sangat Tinggi,Bidara Cina 01,,48,200,2370,Luapan Kali Ciliwung,001,5,2020,1577865600000,200,200,0,-4.610104215067432,-11.877242793956619,-18.41057345155148,2.6271149788744355,7.41385862496689,-5.341801209857738,-12.785991492531267,3.362184279115274,JAKARTA TIMUR,1,0.9206250353847025,0,0.30149231157300527,4503.703138716528,4323.823091006169,4142.404854298993,345.99843867618983,216.2957781373515,59.59254458247051,71.82917780128675,91.65149747333932,25,18.82726603634717,10,6.264764621970521,-0.09096667413006511,-8.725820256774213,3.5064118816109677,3.5411267043228896,1.0,5.699999809265137,3.2028135662945973,0.0,2.7814548015594482,0.5491753209793357,-2.6829957962036133,1.9745528896319173,2.051390501275624,61651.6224002,61857.59539838926,7.645296096801758,3.6450853336642313,0.0,5.007392644882202,0.9508375423057011,-2.706343173980713,1.7192729580445456,1.7061502751174749,26.55225130612926,13.81933634073193,11.061034706775999,12.884135273667077,0.18544016163746008,-2.5797129602202986,3.9916645452270667,4.0145480397305615,340.3619689941406,50.50295602546185,0.00849843304604292,319.88451194763184,30.379142998222875,-21.715042801573873,130.24593190130642,130.65240901652996,1,0.037819170016418505,0,0.18047616184504506,"{""type"":""MultiPoint"",""coordinates"":[]}"
00000000000000000511,250,JATINEGARA,BIDARA CINA,3175031002,3.175031002E12,Sangat Tinggi,Bidara Cina 02,,48,1000,2371,Luapan Kali Ciliwung,002,5,2020,1577865600000,150,150,0,0.5064281361742862,-11.104271290922032,-16.15521485405918,2.7064832461590784,3.974447666412925,-3.888480870122002,-9.885053544021439,2.638715341844607,JAKARTA TIMUR,1,0.8954138051449188,0,0.33906619950530814,4583.25324652654,4397.372757950451,4195.0449745402975,258.0081914347211,158.0259157883826,42.78424798275228,58.5205257784157,88.76349643480903,20,16.145501105808396,9,0.3766048502160473,-3.3772288652255003,-10.203994293863946,2.1638339717350394,2.2696697521574243,1.0,5.699999809265137,2.301961022058308,0.0,2.753551721572876,-0.5362414178380922,-2.708587884902954,1.4003168377991155,1.5077464082436418,59909.4632616,60161.04339966097,4.9861650466918945,2.420523510255659,0.0,2.327624559402466,-0.2759548201159677,-2.7161314487457275,1.2195801772229644,1.21046724512293,23.76774523946289,15.433610002624718,12.251048935566322,10.076757026422758,1.849939585724611,-1.3146588965012054,3.535455160696124,3.5681658749171703,339.988037109375,60.99951168633317,0.008498397655785084,319.9897689819336,41.429256636357806,-20.60628528892994,133.73107056656616,134.08835119455617,1,7.566057502037014E-4,0,0.10910102576069176,"{""type"":""MultiPoint"",""coordinates"":[]}"
00000000000000000512,340,JATINEGARA,BIDARA CINA,3175031002,3.175031002E12,Sangat Tinggi,Bidara Cina 03,,48,1000,2372,"Luapan Kali Ciliwung , Pompa besar tidak berfungsi",003,5,2020,1577865600000,150,150,0,-5.63180291234735,-12.390657874232089,-17.02118287668742,2.105565610966719,5.3823311918158705,-3.7470738908711945,-10.63471847091812,2.6692519265694585,JAKARTA TIMUR,1,0.9532092669958219,0,0.23368863038546517,4768.22095132273,4559.524907673426,4361.000152658897,325.54195317883386,195.14667048318623,45.70907262680066,71.36405299620104,100.43118732806677,24,17.27459172047094,14,4.0305278174057655,-2.4917684627170757,-5.439942938657008,2.190123220958702,2.2289647762930374,1.0,5.199999809265137,2.833839585216969,0.0,2.409557580947876,0.04823306026089292,-2.560370922088623,1.7934548736157052,1.886279636884681,46137.5043874,46307.32221487623,6.549186706542969,2.5819962205698492,0.0,3.92419695854187,-0.06453882713441014,-2.6794729232788086,1.5146514579046877,1.5016411785356083,23.76112285406509,14.617600584403334,11.212148722632405,10.048825610808382,0.9911790782339859,-2.482885869492586,3.652949175218355,3.6759995109440022,339.69061279296875,51.82559737089476,0.008498361334204674,319.45676612854004,32.14663741783875,-20.35751384496689,119.25211482849673,119.53620197085029,0,0.0,0,0.0,"{""type"":""MultiPoint"",""coordinates"":[]}"
00000000000000000516,1518,JATINEGARA,BIDARA CINA,3175031002,3.17503100201E12,Sangat Tinggi,Bidara Cina 07,,48,2200,2376,Luapan Kali Ciliwung,007,5,2020,1577865600000,500,500,0,-6.601778789623355,-12.05184350617931,-15.270064275002465,1.5808247151519335,0.8117395866018502,-3.595093030397694,-9.177006653942975,1.9788489301944288,JAKARTA TIMUR,1,0.8863269831670193,0,0.35067325122623083,5352.379055826938,5205.3274368179,4961.910128403266,509.71522160899985,394.2385942767844,253.8165783612385,64.5596652272202,103.35427940143691,24,18.423420018143332,14,2.1877318116993862,-3.127420919125113,-7.692154065618642,2.2134944636829657,2.346488696855531,1.0,6.100000381469727,1.3308336273122603,0.0,3.2725822925567627,-1.5593818562452069,-2.9693009853363037,1.3184581870280083,1.3432288459653905,138400.394183,139000.70166294888,7.958510398864746,2.125437837008831,0.0,4.953837156295776,-0.7982182042929882,-2.9733498096466064,1.3915845707490535,1.4031440292159714,26.54869585032876,15.559838879155736,11.541832969172352,12.924791628720948,1.9530504014302672,-2.0832953040871676,4.255682029721211,4.2573273308727515,338.9512634277344,84.4610068809858,0.008498204872012138,318.873779296875,64.90887801064112,-20.357672636397183,143.38880566759778,143.83536903924062,1,0.08985989315593185,0,0.3285254846778865,"{""type"":""MultiPoint"",""coordinates"":[]}"
0000000000000000051a,427,JATINEGARA,BIDARA CINA,3175031002,3.17503100201E12,Sangat Tinggi,Bidara Cina 11,,24,400,2380,Luapan Kali Ciliwung,011,5,2020,1577865600000,150,150,0,-4.9842244929686075,-12.791625085330413,-18.151912294520514,2.0907476652461066,11.931783380602077,-3.372821968685177,-12.121482545664419,3.6724922313256623,JAKARTA TIMUR,1,0.8458196965188931,0,0.38375973197681446,5313.65165615001,5033.620850313744,4690.890864729903,446.864164693824,228.413241779598,21.2115839145672,93.69874570648238,136.2820582438207,36,22.02719428741446,14,14.178601997148885,0.12229423601699195,-7.692154065618642,3.7333153762327895,3.774501131504741,1.0,8.600000381469727,3.306829755972813,0.0,5.5676751136779785,0.3239830750576337,-3.038801670074463,2.3516565616355805,2.3790449701123397,175819.809303,176543.0107331362,17.855907440185547,3.998313142111717,0.0,14.793667078018188,0.9750707014950335,-3.076794147491455,2.7702190829575892,2.7861620222751093,26.54869585032876,13.591675463124925,10.443214101681859,12.924791628720948,-0.010923790876294429,-3.1971429255496915,3.355631989324074,3.36516753182034,338.8067932128906,32.25686454231739,0.008498162031173706,318.89966773986816,12.518788878546587,-20.3392343390733,109.7817173095151,109.88136603267276,1,0.10984825944659322,0,0.3390103898337393,"{""type"":""MultiPoint"",""coordinates"":[]}"
0000000000000000051c,100,JATINEGARA,BIDARA CINA,3175031002,3.17503100201E12,Sangat Tinggi,Bidara Cina 13,,48,200,2382,Luapan Kali Ciliwung,013,5,2020,1577865600000,150,150,0,-6.575653275981676,-10.95055204632345,-17.718583903850686,2.802309629305824,0.9054558327979055,-5.260599267071367,-12.241218078734157,3.0285514190093865,JAKARTA TIMUR,1,0.7254740313272876,0,0.4714045207910316,4425.6401038404565,4329.935587702622,4195.0449745402975,241.34664625315054,165.94026238653146,60.396279977876475,51.54656655006007,73.68190389942285,21,15.887056883759278,12,1.595720399431361,-3.365781659222357,-7.148930099855413,2.791294783927638,2.884000748519378,1.0,5.699999809265137,2.4210633311700147,0.0,2.7666187286376953,-0.3684767340198587,-2.6926677227020264,1.657985013004886,1.758916231228472,8463.28600724,8507.012878956535,5.400617599487305,3.0582759944938567,1.3153373003005981,2.636707067489624,0.35734937319751625,-1.4104167222976685,1.0637327715887404,1.0542421995826523,13.920208925725452,12.911776744807012,11.40638301210173,0.37844775971654876,-0.6817696674909144,-2.1185473435722457,0.5047411854338855,0.4953311500595287,0.025495335459709167,0.021466803512407772,0.00849843304604292,-18.64389057457447,-19.599765195456385,-20.705030634999275,0.7026174673268352,0.0056366536106284984,1,0.1393239901071723,0,0.3499271061118826,"{""type"":""MultiPoint"",""coordinates"":[]}"
0000000000000000051d,230,JATINEGARA,BIDARA CINA,3175031002,3.17503100201E12,Sangat Tinggi,Bidara Cina 14,,48,5000,2383,Luapan Kali Ciliwung,014,5,2020,1577865600000,300,300,0,-7.056158764151472,-11.441839813162002,-16.23394228909646,1.8936630221943327,-1.4689810728681505,-4.701051135368087,-10.21799918071722,2.118435260041761,JAKARTA TIMUR,1,0.8329816588216199,0,0.36080121229410994,4824.736501687555,4751.066723148138,4621.58402781297,326.294718145713,270.5677810746804,152.4139661217323,43.68310242987929,51.36848761958074,21,17.795974679435155,14,1.3492154065642055,-1.986430079595269,-5.480741797430117,1.799120600250899,1.8946618668626838,1.0,4.600000381469727,1.6176922427739169,0.0,1.7733526229858398,-0.9624886828532295,-2.5990869998931885,1.2782320133724314,1.3711217564285625,21499.9586683,21576.03163112408,5.624479293823242,2.43643427921607,0.0,3.0122101306915283,-0.1736654876076039,-2.625802516937256,1.203535288079692,1.2019025803980343,23.76659454138057,16.150113989461968,11.66851621807924,10.074019696298858,2.4697556983507316,-1.9932102279608035,4.7832493481772875,4.791865957119999,339.5631408691406,115.19280487139007,0.008498361334204674,319.73437690734863,95.1569261393369,-20.19581762701273,156.6138995446967,156.71047779080152,0,0.0,0,0.0,"{""type"":""MultiPoint"",""coordinates"":[]}"
0000000000000000051e,200,JATINEGARA,BIDARA CINA,3175031002,3.17503100202E12,Sangat Tinggi,Bidara Cina 15,,48,200,2384,Luapan Kali Ciliwung,015,5,2020,1577865600000,200,200,0,-8.081730549773084,-11.16864930989012,-15.555162938475302,1.7971441077994548,0.5892796061679033,-3.7034075902529673,-9.573714115307952,2.131927375405724,JAKARTA TIMUR,1,0.9793506493506493,0,0.14903269373413633,4768.22095132273,4591.930842405173,4418.829177362677,325.16150029710116,174.1658684341862,47.011890573510755,72.66939475353604,92.84603553111361,24,19.267402597402594,14,4.0305278174057655,-0.7311370398482281,-5.480741797430117,1.943944966249157,2.042927732204023,1.0,6.499999046325684,4.154597555507313,0.0,3.3910117149353027,1.2779999340664254,-2.4625391960144043,1.3341586898468414,1.5018081652713198,26822.6720948,26943.41414855437,5.9390153884887695,2.4866703630964473,0.0,3.307401657104492,-0.12809977656060997,-2.595576524734497,1.3018669473385587,1.3038253215330728,22.960835377078272,13.033560511124065,11.310724280250346,9.270766286599624,-0.5661249674036766,-2.2636208279427503,2.761992768520256,2.7834712954310836,339.588623046875,10.463962705176106,0.008498361334204674,319.4345455169678,-8.587282400369133,-20.354982793331146,85.3105197751629,85.58797155084166,0,0.0,0,0.0,"{""type"":""MultiPoint"",""coordinates"":[]}"
0000000000000000051f,68,JATINEGARA,BIDARA CINA,3175031002,3.17503100202E12,Sangat Tinggi,Bidara Cina 16,,48,200,2385,Luapan Kali Ciliwung,016,5,2020,1577865600000,200,200,0,-10.383869669761165,-13.278539056388066,-17.542108130508474,1.6813352505120216,2.284368132616318,-3.8938286338494783,-11.232095635999238,3.2159290964876264,JAKARTA TIMUR,1,0.6782255953938758,0,0.46351240544347894,5030.804923627973,4856.6610087259005,4690.890864729903,286.80590361955,153.78034656920602,21.2115839145672,72.47408536266379,97.48861197231986,28,21.816016749542005,18,5.81883024251249,-0.2525881633913762,-3.992011412266404,2.138886143092622,2.176958728491558,1.0,3.3999996185302734,2.603560218072256,0.9000015258789062,0.48085570335388184,-0.35577778421874706,-2.109727382659912,0.6502601684678686,0.6255792502116417,26654.2642891,26778.08328935867,11.142607688903809,2.5663474039456133,0.0,8.089544534683228,-0.38425148169865186,-2.9377708435058594,2.030288286063186,2.0615898201402345,17.341655704300468,13.185520000939803,10.672336545139055,3.721013373743798,-0.41058079527948793,-2.9345824780580436,1.3372729303650486,1.3348601903542803,0.09348005801439285,0.022726670716779765,0.008498162031173706,-18.084098905324936,-18.54681027617068,-18.973019608296454,0.24913672736042355,0.021734806140248978,1,0.3217744046061241,0,0.46351240544347894,"{""type"":""MultiPoint"",""coordinates"":[]}"
00000000000000000521,53,JATINEGARA,BALI MESTER,3175031003,3.17503100301E12,Sangat Tinggi,Bali Mester 06,Tahun 2020 air meluap ke Jl. Raya Jatinegara Barat,5 Jam,350 m2,2391,Luapan Kali Ciliwung,006,5,2020,1577865600000,"1,6 m",160,0,2.0628353209647905,-11.109117376793485,-19.459606351081685,3.0323756742744634,8.674913863423235,-3.797144145742881,-14.455680385549329,3.5479454619145394,JAKARTA TIMUR,1,0.9583947838236435,0,0.20588221630999573,4019.037897083563,3848.5326396104824,3584.4280636387275,359.2059813933188,267.4191634010673,102.24494343662491,70.68398585001671,101.75708269463263,28,17.715322518047053,12,11.968616262483426,1.8441855277560864,-4.776890156917098,2.954484591865014,3.0689272158171694,1.0,4.800000190734863,1.5826262185766604,0.0,2.3958632946014404,-0.8315523816803956,-2.4497289657592773,1.4624072935785746,1.4767189319818435,179657.821808,180388.90495753323,9.214407920837402,3.104701824841929,0.0,6.652327060699463,0.5245425994526403,-2.607724666595459,1.7760712307515545,1.777987674006043,18.03095847461791,12.93044393332542,11.061055701003166,4.239467370344533,-0.8177555071751742,-2.680714398012551,1.828981155829579,1.819598021457746,1.1642980575561523,0.14533171605618503,0.00849859043955803,-12.66807109117508,-20.94633160904416,-23.223044108599424,2.151210945738356,0.37754722734294327,1,0.03170845300007763,0,0.1870115907307295,"{""type"":""MultiPoint"",""coordinates"":[]}"
00000000000000000455,311,KRAMAT JATI,BALE KAMBANG,3175041005,3.175041005E12,Sangat Tinggi,Bale Kambang 01,,7 - 12,850,2035,Luapan Sungai Ciliwung,001,5,2020,1577865600000,80-250,250,80,-4.01800887070109,-13.254632519124693,-18.367935482865434,1.6559683663812195,6.570441442672736,-4.977176952071552,-12.58166067619261,2.774449009785908,JAKARTA TIMUR,1,0.7652222884781021,0,0.438835758128824,3937.924255178528,3494.33909696669,3194.7163878362667,21.735092344711575,-35.83992686585876,-94.61835934792225,27.35876335564406,174.7267066902615,36,28.080688619448306,14,5.467617689017011,-2.370574786929733,-15.732952924392386,5.114866920844688,4.827584863276743,1.0,12.600000381469727,6.959713620551255,0.0,7.620485782623291,0.9763495579038411,-6.831554889678955,4.549236909471981,4.223305605218427,315997.47081,317257.5850927129,18.23781394958496,4.0518853137843776,0.0,15.075924158096313,0.9103963221495619,-3.1970412731170654,2.9080405070648045,2.8985279338987384,26.52778622098349,14.088904627676056,10.513308425223416,13.04101232579835,0.5213532978350787,-3.060253566049841,3.809989454922305,3.794044171779251,331.7960205078125,46.57846309733085,0.008497660048305988,312.27255630493164,26.871378405373733,-21.2756281606853,121.50501489889287,121.85692447447754,1,0.22027871640274735,0,0.429635466204854,"{""type"":""MultiPoint"",""coordinates"":[]}"
00000000000000000456,67,KRAMAT JATI,BALE KAMBANG,3175041005,3.175041005E12,Sangat Tinggi,Bale Kambang 02,,7 - 12,300,2036,Luapan Sungai Ciliwung,002,5,2020,1577865600000,80-250,250,80,-6.350317022557912,-13.494643887945118,-18.0239473280433,1.4529644930300236,5.162037108502821,-4.13533368213503,-10.790621417796324,2.4785882953496112,JAKARTA TIMUR,1,0.8912744812924317,0,0.3329155802415108,4283.350023716669,3664.1752391396662,3339.584723798207,125.64932285984833,-6.529997356848098,-69.59915067838074,39.622464904910245,237.87311434817505,41,34.425325163710056,18,8.332097004281579,1.4324608869924054,-15.26961483594615,4.289584235216305,4.263182069246979,1.0,15.80000114440918,6.455650893690229,0.0,9.427390575408936,0.4035644141962974,-7.0300140380859375,4.260022169905406,4.273846377684575,347729.590627,349164.9005844385,12.896014213562012,2.9048432474643526,0.0,9.614027261734009,-0.40117702387873067,-3.452310800552368,2.1005936684524995,2.098528630939198,26.523757159919768,13.269454390580883,10.603102473849447,13.119172307493486,-0.32798619457768724,-2.901920982716055,2.3696000050014487,2.345821118263532,330.4618835449219,13.711383293294054,0.008497517555952072,311.4881343841553,-10.023966045282465,-26.034488384611905,67.11027741534393,66.476779711553,1,0.10469419067579903,0,0.32527380252930294,"{""type"":""MultiPoint"",""coordinates"":[]}"
00000000000000000458,492,KRAMAT JATI,BALE KAMBANG,3175041005,3.175041005E12,Sangat Tinggi,Bale Kambang 05,,12 - 24,1000,2039,Luapan Sungai Ciliwung,005,5,2020,1577865600000,100-250,250,100,-3.381119173110452,-13.676713894315661,-18.148838888930094,1.7190490153397453,5.162037108502821,-6.557586316762099,-12.716736195029213,2.5195542598799125,JAKARTA TIMUR,1,0.5445736273739094,0,0.4983946961145444,4206.312360166264,3881.4934229123023,3442.3651404797974,414.2030844566225,171.64359227894914,-54.338799721619125,106.03356795580281,178.24136141756964,41,29.187281228019362,17,6.381740370902172,-5.085778640642271,-17.873894436515535,5.281921805475746,5.041472204609305,1.0,16.399999618530273,6.138128536126039,0.0,10.11583423614502,-0.1481983494169685,-6.909614562988281,5.094907183400002,5.036590721198656,421450.969844,423193.40427078016,16.297557830810547,5.235873936845757,0.0,12.660399436950684,1.6957508984411707,-3.5097758769989014,2.7572378511151117,2.7527922191170133,23.737287176858604,14.51801094578688,10.40832122201483,10.222832829218211,0.9608873116770541,-3.180939474231547,4.451628085342842,4.444717927531001,329.7310791015625,76.18683905230083,0.008497367613017559,308.39144134521484,53.06405408383386,-25.555789682082832,143.172119404604,143.09040513475495,1,0.4485828954445782,0,0.4972929221875356,"{""type"":""MultiPoint"",""coordinates"":[]}"
000000000000000004af,329,KRAMAT JATI,CILILITAN,3175041006,3.175041006E12,Sangat Tinggi,Cililitan 05,,48 Jam,5000,2196,Luapan kali Ciliwung dan Kali Item,005,5,2020,1577865600000,100 - 300 Cm,300,100,-4.08868298262307,-12.877050288678971,-16.032935544767327,1.6610538836023654,5.067408594436141,-4.159401398490852,-9.63668310202657,2.341612746338483,JAKARTA TIMUR,1,0.9780049698260561,0,0.14517078291797464,3321.497865031356,3078.458687491202,2675.787546757929,19.19239397981528,-33.82585832713538,-96.32490124252263,26.516138043248134,134.5004728971256,35,29.256187433439848,19,7.064764621970117,1.031139611398863,-8.703281027102612,3.304332475371599,3.463943096407327,1.0,12.600000381469727,6.523861150826216,0.0,7.8360915184021,1.8184696942235643,-4.939001560211182,3.98684044829392,4.052066509527882,245560.266995,246586.5728786126,8.536334037780762,2.8641723164058055,0.0,5.650771856307983,-0.15166421145888392,-3.1861660480499268,1.7049205322661438,1.6562492788430287,17.90122383468737,13.094274258094298,10.946278005418602,4.124629868061136,-0.5971335782170162,-2.5972903254400617,1.431813207921544,1.4221744391822344,2.243385076522827,0.05195526017401769,0.008497760631144047,-4.987011863850057,-17.03888510380075,-20.110215546563268,2.7315764064089767,0.25106918400651723,1,0.02199503017394392,0,0.14517078291797475,"{""type"":""MultiPoint"",""coordinates"":[]}"
000000000000000004b0,529,KRAMAT JATI,CILILITAN,3175041006,3.17504100601E12,Sangat Tinggi,Cililitan 06,,50 jam,8400,2197,luapan kali ciliwung krn air kiriman dari bogor,006,5,2020,1577865600000,250 cm,250,0,-4.745975653731223,-13.514680583931913,-18.61694731516192,1.5609477196385702,2.595502700412654,-4.827103962849495,-12.080441893929144,2.5426387727288198,JAKARTA TIMUR,1,0.7417460294096003,0,0.4521661132064003,4091.1911183486804,3521.999240338099,3151.3226391168187,26.456829032291353,-35.2665668337213,-99.48556495654566,27.329603840784053,230.14384709702009,33,23.70600703593035,15,4.882453637661943,-3.79749769427305,-12.647646219684862,3.079614433068031,3.1552138445937334,1.0,11.80000114440918,3.6668099672440575,0.0,6.862626075744629,-1.6236891977580346,-5.975862979888916,3.104538480415332,2.9575702871481497,236935.268854,237910.0712017401,11.51754379272461,3.264682258843468,0.0,8.265771865844727,0.11269439676219717,-3.23683500289917,1.82848154484027,1.8378118080887889,23.74695620987108,14.119524502100393,11.139912576976364,10.145084348773139,0.471335585908443,-2.484283145794844,3.204456675037966,3.1970357369932647,332.95172119140625,30.22951672555196,0.00849779974669218,310.9329891204834,9.245805579455025,-22.97426353301853,95.46043572539736,95.8848828182333,1,0.24160619397382885,0,0.4414629935316682,"{""type"":""MultiPoint"",""coordinates"":[]}"
000000000000000004b1,901,KRAMAT JATI,CILILITAN,3175041006,3.17504100601E12,Sangat Tinggi,Cililitan 07,,34 jam,3 ha,2198,meluapnya kali ciliwung,007,5,2020,1577865600000,500 cm,500,0,-6.2593101611741755,-12.762119633472379,-18.1129886702212,2.0372145997315996,7.640719804761,-4.933335923262013,-11.412027763842783,2.794015134127375,JAKARTA TIMUR,1,0.8888273550878987,0,0.3392675929394975,3870.698557220822,3538.6959608869984,3083.6927807006746,21.38816987745122,-34.428753711686696,-99.48556495654566,26.668153250854473,157.06304771089853,30,22.88940955951265,14,3.6804564907291883,-3.421523190678966,-11.958630527815796,3.1810168583329155,3.2095441423331574,1.0,7.5,2.393781629783768,0.0,3.076547622680664,-2.3744868325454496,-5.249329566955566,2.2983389159152434,2.210519282187306,245531.438668,246518.01572725267,9.131183624267578,3.3704342175711934,0.0,6.178681373596191,0.32782345597930423,-3.1612093448638916,1.8856801631850093,1.8695739314535056,26.539447959181874,14.436868515553519,11.079367398330849,12.87379344620821,0.7220474198187559,-2.6702281187881827,3.681615551724698,3.6704916342445615,335.7984619140625,37.123105796751595,0.00849785003811121,313.42799377441406,15.979559511842522,-22.98725065495819,110.686289239354,111.377602571961,1,0.10755161739229215,0,0.33589550272624175,"{""type"":""MultiPoint"",""coordinates"":[]}"
000000000000000004b3,516,KRAMAT JATI,CILILITAN,3175041006,3.17504100602E12,Sangat Tinggi,Cililitan 16,,,4.6 ha,2206,Saluran air tdk menampung dan luapan kali ciliwung krn air kiriman dari Bogor,016,5,2020,1577865600000,250 Cm,250,0,-9.477243610620063,-13.555524045992248,-17.10645940252087,1.1299538761866499,4.589280803753526,-4.505651215327012,-12.080441893929144,2.8066972474345264,JAKARTA TIMUR,1,0.6787264833574527,0,0.46787632899722714,3993.260798022001,3591.235715698197,3216.1937146508,19.114745232572204,-37.82049312329231,-92.4426851580015,26.179889706030416,201.52757706138087,33,25.41180254060137,18,4.882453637661943,-3.0636964372825677,-10.975748930098682,3.384844812811818,3.3558018913324075,1.0,11.80000114440918,5.107600544009041,0.0,6.862626075744629,-0.7374211238653142,-6.410613059997559,3.95661237658051,3.5744188298305897,151823.974201,152464.40812869396,7.943521976470947,2.8424808827274166,0.0,4.7512946128845215,-0.3352501360763756,-3.2000892162323,1.5837998595704776,1.5823253236002959,26.52870777293326,14.586715373059567,11.060953425387398,12.980678489778128,0.9800407483780534,-2.4879733555755355,3.861634848545998,3.8391624223035965,332.3738708496094,52.98418943676588,0.008497778326272964,311.32495307922363,32.1330547493728,-21.35886839032173,121.3986089175824,121.52491374029546,1,0.3072611582018238,0,0.45804642767665926,"{""type"":""MultiPoint"",""coordinates"":[]}"
00000000000000000577,151,KRAMAT JATI,CAWANG,3175041007,3.175041007E12,Sangat Tinggi,Cawang 01,RW 001,20 Jam s.d 36 Jam,± 500 M,2534,Luapan Sungai Ciliwung,001,5,2020,1577865600000,270 cm,270,0,-2.130595178506348,-12.996337677804998,-18.249409271304273,2.9389550269324225,8.560432404660636,-5.588114964941726,-13.698364512550382,3.6873820352065945,JAKARTA TIMUR,1,0.7437155119558556,0,0.4389966322998829,5028.238404496413,4748.821766918604,4439.230607744934,202.4338232769096,59.54739244264622,-35.78497435202735,50.13051391436285,130.08969727762636,29,19.490950791379984,13,6.798002853068905,-2.8449730299075044,-9.58744650499111,4.109279376710577,4.035772522133488,1.0,7.0,2.174743951589196,0.0,3.944279670715332,-0.9591513965295363,-3.335063934326172,2.3020757220982278,2.2935313337570085,153653.893305,154257.88312220626,12.325596809387207,4.137899145208194,0.0,9.249203443527222,1.0664812532232901,-3.040494680404663,2.36178859018274,2.362765248164802,23.76358659826042,13.79706756771357,10.568559381994694,10.087760633302553,0.18858603032189408,-3.0210900019191556,2.965974715256939,2.9793324577313305,338.5433349609375,15.912448468540052,0.008498118259012699,318.88606452941895,-3.3812438452106304,-21.060214105062187,71.75174305658965,71.86557691353944,1,0.18720621295728596,0,0.40281572248105735,"{""type"":""MultiPoint"",""coordinates"":[]}"
00000000000000000578,119,KRAMAT JATI,CAWANG,3175041007,3.175041007E12,Sangat Tinggi,Cawang 02,RW 002,24 Jam s.d 48 Jam,± 900 M,2535,Luapan Sungai Ciliwung,002,5,2020,1577865600000,400 cm,400,0,-5.955858344187908,-12.657427086483743,-16.73885889605713,1.7093830111212585,0.9964845009772344,-5.175121023968387,-10.498597597034845,2.2115125245771736,JAKARTA TIMUR,1,0.605355533418718,0,0.48737477273829644,4916.610843369583,4582.668224194056,4234.8577061483975,146.83235674555544,12.648865315109695,-72.33293194301768,44.12886182776039,155.1677292853704,32,21.423153550590577,11,8.892439372327026,-1.320554087245866,-11.33266761768719,4.765918935452913,4.9638052747026045,1.0,7.899999618530273,2.804508746662738,0.0,4.41683292388916,-0.542836070021146,-3.604992628097534,2.4754290685563487,2.5252252388943104,146894.345195,147547.28461279688,9.597299575805664,3.3170802802176826,0.0,6.546117067337036,0.2378705768362178,-3.157468795776367,1.9487508955587212,1.9420274780487319,26.5430362981752,14.692737507920361,11.214967978632298,12.871966884931497,1.0617645261140092,-2.40430123254003,3.9206707837571653,3.9420739425051408,338.4923400878906,57.02372409711064,0.008498072624206543,317.79413986206055,37.4841964759733,-21.810675719752908,121.4843918416138,122.1310838250284,1,0.36397704093733674,0,0.4797727806060519,"{""type"":""MultiPoint"",""coordinates"":[]}"
00000000000000000579,195,KRAMAT JATI,CAWANG,3175041007,3.175041007E12,Sangat Tinggi,Cawang 03,RW 003,24 Jam s.d 48 Jam,± 800 M,2536,Luapan Sungai Ciliwung,003,5,2020,1577865600000,470 cm,470,0,-1.2795931193464436,-11.015546512392472,-15.92877419856923,2.898667737449784,13.044103486974322,-2.146236406224635,-8.610746698692985,4.317364984729745,JAKARTA TIMUR,1,0.9215686274509804,0,0.2910731121943447,4145.519835203624,3965.458477279951,3753.3088663802037,31.41078891379766,-17.24114475583263,-79.13017909142309,25.77032869187759,86.17903061223605,29,24.630502200880354,17,4.1674750356650385,-0.5462934389145097,-8.404564907273599,3.399515297271972,3.2564696049112345,1.0,9.5,6.193427172790961,0.0,5.261255741119385,1.7103692627802238,-4.556861400604248,3.488608969834497,3.427862999083833,69739.5280761,70018.33072710376,6.567941188812256,2.771446400756191,0.0,3.4207165241241455,-0.31673859624790635,-3.07523512840271,1.501143602832887,1.516438312102995,22.950107687058907,13.372230605386951,11.219196660632567,9.323392720784206,-0.24776545298279612,-2.4115311190833584,3.505827914894442,3.5088696519941456,336.49530029296875,30.483273608926876,0.008497943170368671,314.65198707580566,8.43512558308444,-22.774138662964106,116.53773958764769,116.66089127503054,1,0.0784313725490196,0,0.2910731121943446,"{""type"":""MultiPoint"",""coordinates"":[]}"
0000000000000000057a,161,KRAMAT JATI,CAWANG,3175041007,3.175041007E12,Sangat Tinggi,Cawang 05,RW 005,24 Jam s.d 48 Jam,± 400 M,2539,Luapan Sungai Ciliwung,005,5,2020,1577865600000,410 cm,410,0,-4.644090599003173,-12.266999220426626,-18.23637659271321,2.244852201758226,14.205153170846932,-2.907224169010383,-13.905819285013319,3.4426211663691335,JAKARTA TIMUR,1,0.9153301145087593,0,0.2646098363117119,4174.480904747759,3900.150514492758,3551.8690852957257,31.41078891379766,-29.146024980408974,-89.63040094188455,27.25142206319087,127.68673441823783,32,25.492184175962418,14,7.426248216834789,0.8147178770500318,-11.889015691867119,3.787884099340435,3.421691779323577,1.0,9.5,6.067707739256179,0.0,5.556690692901611,1.872426464468688,-4.658202171325684,2.766742596369201,2.702030066812377,123281.147828,189392.52703269187,7.436324119567871,2.6196322179326663,0.0,4.290815830230713,-0.4363311359785192,-3.0547683238983154,1.494057738101188,1.5105900794023654,23.062373789508392,13.761889527261435,11.11211383765157,9.431337071329809,0.11638629749567561,-2.5308344358899273,2.814983735832401,2.810207157759947,336.5632629394531,26.432953583493404,0.008497925475239754,314.89485359191895,5.3193753128386865,-22.545093273743987,94.44038152187635,94.76840688761905,1,0.06580091385019514,0,0.23860629921247914,"{""type"":""MultiPoint"",""coordinates"":[]}"
0000000000000000057b,37,KRAMAT JATI,CAWANG,3175041007,3.17504100701E12,Sangat Tinggi,Cawang 12,RW 012,20 Jam s.d 30 Jam,± 200 M,2545,Luapan Sungai Ciliwung,012,5,2020,1577865600000,230 cm,230,0,5.685254276303004,-11.875175810992447,-16.054180492278476,2.4539872645620155,14.205153170846932,-3.9280203681510946,-10.247790531501531,3.157809733426794,JAKARTA TIMUR,1,0.7911040900451706,0,0.4110888989503812,4534.172513765277,4276.664032222506,4013.6813201368936,27.79099931941164,-29.76592403126703,-81.94968041047969,25.420085224038086,131.7907489579371,30,22.77866363883197,14,6.844793152640882,-0.670653751512384,-9.742938659056716,3.5888424589255825,3.4766280791578725,1.0,7.899999618530273,4.949506989252302,0.0,4.40156888961792,1.1894777936400829,-4.250213623046875,2.8239432132790534,2.7355655924164313,141436.644407,141979.1300221955,8.51725959777832,2.8772601702393765,0.0,5.293142795562744,-0.26719860248404637,-3.2221412658691406,1.6148313860889218,1.6390657742558667,26.542708236401694,14.200935133597755,11.083805469553548,12.965008610501036,0.596779103555653,-2.4770382855395123,3.975662135133328,3.983422451052718,336.80120849609375,56.15165743540323,0.008498021401464939,316.43296241760254,35.783639714418904,-21.518662551417947,130.16950721274293,130.63410617382434,1,0.1966035593513192,0,0.4037952755903493,"{""type"":""MultiPoint"",""coordinates"":[]}"
000000000000000005e8,657,KRAMAT JATI,CAWANG,3175041007,3.17504100701E12,Sangat Tinggi,Cawang 08,RW 008,24 Jam s.d 48 Jam,± 1500 M,2733,Luapan Sungai Ciliwung,008,5,2020,1577865600000,490 cm,490,0,-1.5857424913867826,-13.144865038611266,-18.016060683168174,1.801238406327055,1.304013159316395,-4.374935617645133,-12.173264691333728,2.4187917219274273,JAKARTA TIMUR,1,0.7840779545084413,0,0.45875184373714667,4537.966801051652,4321.411577626683,4075.384783197904,33.44856491783776,-35.072770543048435,-94.01316217308522,27.386711502279933,104.37227275467194,24,19.258075023071495,11,-0.9477888730367248,-5.57907044315442,-14.142368045647292,2.468133249402176,2.400331147522898,1.0,6.69999885559082,1.5277396879200826,0.0,2.228158950805664,-3.051177654454803,-4.7092437744140625,1.5769829496288903,1.554950312097166,128465.565706,129003.75451024827,9.504671096801758,3.2256579649826307,0.0,6.470550775527954,0.17225593242244802,-3.036569118499756,2.040575127288088,2.0394134900449243,23.75162406207997,14.811958904629805,10.834797101886753,10.106577449440676,1.1886269441997794,-2.8237263400631267,3.5987362070644897,3.6096549109387595,336.49530029296875,54.97155140242216,0.008497979491949081,314.65198707580566,33.09739158488732,-22.592307303100824,122.86678410395858,123.02048703735927,1,0.19502198577710225,0,0.4482158732221166,"{""type"":""MultiPoint"",""coordinates"":[]}"
0000000000000000045a,25 KK,PASAR REBO,GEDONG,3175051001,3.175051001E12,Sangat Tinggi,Gedong 01,,3 jam,800 m2,2050,Luapan Sungai Ciliwung Rt. 010/001 Kel. Gedong,001,5,2020,1577865600000,100 - 200,200,100,5.688535885038992,-11.935347771495158,-20.61642382967833,3.729227671372175,10.343574504462964,-5.225444183356111,-14.031249566183199,3.4834651910646985,JAKARTA TIMUR,1,0.8391717647058822,0,0.3905164832608977,3613.123075758068,3438.7553550775565,3111.4743579302713,374.0146803313942,257.1489193988107,13.555457933116031,84.98130726679504,116.16010361891794,45,38.773684705882346,24,7.326105563484141,1.787752557861936,-14.586305278170997,4.2802508033591335,4.042555799584354,1.0,15.299999237060547,8.94176077615177,0.0,9.40738821029663,2.7840048163918896,-7.618830680847168,4.456422665732857,4.452006892012119,185225.178124,185950.93304571355,10.515218734741211,2.808370153242,0.0,7.07680869102478,-0.689107154308768,-3.5855631828308105,1.8059389174073004,1.7964665681408667,23.017510239563595,13.293754896805435,11.02044649326855,9.45649904001612,-0.22541282993231068,-2.5238375055086344,2.386323673692713,2.39606551801172,323.0182189941406,16.742315904365032,0.008497227914631367,302.17976570129395,-3.507351894168694,-21.71447748877108,74.70736213912001,74.93471694712416,1,0.13682823529411764,0,0.373285334373018,"{""type"":""MultiPoint"",""coordinates"":[]}"
0000000000000000045b,41 KK,PASAR REBO,GEDONG,3175051001,3.175051001E12,Sangat Tinggi,Gedong 03,,3 jam,1500 m2,2052,"Luapan Sungai Ciliwung Rt. 001/03, Rt. 012/03, Rt. 013/03 Kel. Gedong",003,5,2020,1577865600000,100 - 200,200,100,-3.1889432331960004,-13.090170639748871,-20.460365760713596,2.5307398654096267,5.846204113329804,-6.677019419882169,-15.464268859602859,2.8750034932240314,JAKARTA TIMUR,1,0.5910445465556691,0,0.49219508327491446,3756.7464877996586,3368.9392096740667,2987.3034691983003,357.73472025589354,110.5207392437998,-72.54849200500348,104.0392265470947,211.76583879735279,44,34.078134312575706,19,8.642510699003964,-1.4929370148380392,-16.19058487874164,6.40176998333787,5.432488932340313,1.0,16.100000381469727,4.710814215230114,0.0,11.027161598205566,-0.6864397822842245,-7.186990261077881,4.930014188603172,4.5463803905498175,362983.671871,364425.86317289993,15.540666580200195,4.04961525402867,0.0,11.950831413269043,0.6414801051711875,-3.6062657833099365,2.505787967924866,2.578358973675585,26.50760780654192,13.720813388293294,10.441098165048516,12.88088026702909,0.13829591225192275,-3.160730805621748,3.1030163752646653,3.1047561978711067,325.1679992675781,34.17459758784715,0.008497260510921478,305.35889053344727,14.630344556032526,-23.986074372194707,97.4905279883043,98.32305920029576,1,0.3784630765385577,0,0.48488761584515644,"{""type"":""MultiPoint"",""coordinates"":[]}"
0000000000000000045c,20 KK,PASAR REBO,GEDONG,3175051001,3.17505100101E12,Sangat Tinggi,Gedong 09,,3 jam,700 m2,2058,Luapan Kali Baru di Rt. 001/009,009,5,2020,1577865600000,100 - 200,200,100,-6.255842666446912,-12.998290764509566,-17.369878108277014,1.689991800714172,2.8664154985030064,-4.771945776008009,-10.311090204836606,2.338539085981044,JAKARTA TIMUR,1,0.9668708093553665,0,0.23648262545110654,3151.3226391168187,2864.5147155592795,2623.82556060524,223.12596465049046,57.74942254888563,-50.59933042689272,59.59052083227441,131.58322908839088,48,39.478828995301214,30,10.550927246793933,1.7843244217890686,-6.986019971465886,3.8287538502532623,4.022892853426922,1.0,11.100000381469727,3.5576286003246125,0.0,7.780742168426514,-0.14808821644175565,-4.123623371124268,3.2753134394362373,3.2613646845347946,132085.623756,132597.37555529948,7.479633808135986,3.1119870091339314,0.0,4.636155843734741,0.2904720992380146,-2.7969226837158203,1.4373403581258963,1.4406322533452305,18.910734815424444,13.642781365489423,11.077837177929789,5.432422348685838,0.1701085285140234,-2.2959081141941713,2.40147803444508,2.419641367551604,2.6424989700317383,0.5822199671155299,0.00849720649421215,1.701667070388794,-0.5035118506924358,-2.565372498705983,1.0827129116172436,1.0482393285682985,1,0.033129190644633336,0,0.23648262545110657,"{""type"":""MultiPoint"",""coordinates"":[]}"
0000000000000000028f,70,GAMBIR,KEBON KELAPA,3171011005,3.171011005E12,Sedang,Kebon Kelapa 03,Batu tulis raya,4 -5 jam,4 m,1323,Curah hujan tinggi,003,3,2020,1577865600000,"± 40 Cm
(Sedengkul Orang dewasa)",40,0,-1.774955893966896,-10.474092147978485,-17.3656911430418,2.8098852080820724,10.119149040155893,-2.384649313099237,-11.930138534822445,3.833522575010217,JAKARTA PUSAT,1,0.9899098545380044,0,0.1045352924222345,1328.210458360942,1080.4737881229428,840.0340520953622,59.660851201820606,-47.711613607360235,-146.39090885426083,44.98148919381791,106.8642354615432,53,6.638368162261833,-1,44.94807417974384,-1.303272683007639,-9.014265335234779,7.3594127224438335,7.3745296746039415,0.5852910635585579,5.300000190734863,1.6105306061216371,0.0,2.7155208587646484,-0.8861716543888124,-2.623680591583252,1.3229360445364235,1.3678590389853256,136325.504674,136806.49055752502,38.78722381591797,6.357122355047442,0.0,34.44424867630005,2.114041047161218,-4.279932022094727,6.507873504732954,6.538732763773369,22.791161968735132,12.726205548240271,9.26633692942165,9.319107372180982,-0.7168167008047327,-4.15666273083184,2.7491910315696235,2.7483668045809493,363.1382141113281,10.154100688246112,0.00849937740713358,336.5156650543213,-17.056747161092762,-29.315619207918644,82.89131646171033,82.9408255097078,0,0.0,0,0.0,"{""type"":""MultiPoint"",""coordinates"":[]}"
0000000000000000029a,-,SAWAH BESAR,PASAR BARU,3171021001,3.17102100101E12,Sedang,Pasar Baru 07,Sudah dihubungi,5 Jam,200 m,1348,"1. Intensitas hujan tinggi;
2. Meluapnya air sungai ciiwung;
3. Kurangnya resapan air disekitar wilayah;
4. Sempitnya saluran air di sekitar wilayah",007,3,2020,1577865600000,50 cm (Jl. Lause dan jl krekot bunder 4) perbatasan kelurahan),50,0,2.9586749350648236,-8.803687459979624,-17.2069420799559,3.1707436770954684,10.609217699795458,-2.7448330785386235,-11.728401750388233,3.5895946535466434,JAKARTA PUSAT,1,1.0,1,0.0,1577.0261195713756,1469.0104538969442,1302.0362575498923,407.3296844482393,291.284766139925,129.54156888724515,61.92902341596215,69.59023333374901,24,9.942187752464047,4,16.34151212553551,2.303215419009339,-3.7320970042790513,3.600020605126725,3.5853556843766,1.0,3.6000003814697266,2.744611556434848,1.0999999046325684,2.05380916595459,1.034850912942392,-0.9309558868408203,0.7693256655335191,0.684763286378633,107900.807588,108375.05123399913,15.068674087524414,4.505119709166134,0.0,11.426707744598389,0.9225455295425142,-3.6876542568206787,3.373106196889174,3.3903718335899327,16.648659309536438,12.164299179931904,10.359933051654611,3.482682758879262,-1.0119927300725524,-2.816741920262821,1.0698573761112395,1.0816159156546095,0.05949627608060837,0.012572739952457395,0.008499441668391228,-0.4052037112414837,-10.1791644996653,-22.160232193768024,4.883646002528626,0.009986677574537584,0,0.0,0,0.0,"{""type"":""MultiPoint"",""coordinates"":[]}"
0000000000000000029c,37,SAWAH BESAR,PASAR BARU,3171021001,3.171021001E12,Sedang,Pasar Baru 01,Sudah dihubungi,dari malam hingga pagi,200,1350,"1. Intensitas hujan tinggi;
2. Meluapnya air sungai ciiwung;
3. Kurangnya resapan air disekitar wilayah;
4. Sempitnya saluran air di sekitar wilayah",001,3,2020,1577865600000,Sepaha orang dewasa,75,0,-0.4786524465706638,-9.720625408158881,-17.094303508323932,3.4763224006512305,17.500209281432248,-1.41078411374193,-10.088162774705223,4.0714541132802475,JAKARTA PUSAT,1,0.966871514149969,0,0.17622734816346616,1878.3732438998293,1609.4544431929617,1379.069335874412,318.8434908586107,177.6159774152327,5.904832654445727,83.7167524424069,129.31077916265122,16,8.379260483371207,2,7.990014265335812,0.2947939261679993,-6.084165477888108,2.756398972195955,2.7662207912159467,1.0,3.40000057220459,2.0986806711451718,0.0,1.3631103038787842,-0.08543327954332097,-2.294522285461426,1.1346741541005225,1.094485942818641,135129.838878,135642.22376780657,10.479788780212402,3.364571539805561,0.0,6.417856693267822,-1.135894135154739,-4.813647270202637,2.2984035535883613,2.150627469567994,18.034947096168366,12.996814910350121,10.789455117164067,4.82510127577925,-0.11582767891752398,-2.323927091478515,1.353772970161208,1.3559856158421169,0.34847524762153625,0.03998698152932519,0.008499356918036938,-8.801623322069645,-15.385359163527282,-23.423286226578057,3.604645978362501,0.05259651898556634,1,0.03312848585003098,0,0.1762273481634661,"{""type"":""MultiPoint"",""coordinates"":[]}"
0000000000000000029d,72,SAWAH BESAR,PASAR BARU,3171021001,3.171021001E12,Sedang,Pasar Baru 02,Sudah dihubungi,setengah pagi hingga sore,3 m2,1351,"1. Intensitas hujan tinggi;
2. Meluapnya air sungai ciiwung;
3. Kurangnya resapan air disekitar wilayah;
4. Sempitnya saluran air di sekitar wilayah",002,3,2020,1577865600000,30-40 Cm,40,30,-1.8253485014967765,-10.348796300883665,-18.195175491399386,3.103935195286784,5.891875295157638,-3.770378031988182,-14.673315512108374,3.335884997261439,JAKARTA PUSAT,1,0.9688093518444213,0,0.19542481274908904,1692.8250687230054,1519.7092070671063,1318.4560267800225,332.7454182222343,222.08636674144668,49.72853011094389,67.21757022236211,92.17834189195978,18,9.415803975068885,5,10.368330955778013,1.674494913908458,-3.088445078458726,2.9606095267609573,2.903264540077156,1.0,3.6000003814697266,2.5925475422772175,1.0,1.8513836860656738,0.6124882302735657,-1.2060770988464355,0.7813683061595551,0.6716659363702604,130512.74089,130965.52111923954,10.479788780212402,3.3571488408532404,0.9274099469184875,6.5293662548065186,-0.523240232283973,-3.2800108790397644,2.212594236763173,2.1935091707828422,15.368478687807032,12.435070196411091,10.763500558676649,2.2336248925977067,-0.7289572425553846,-2.3849136521101038,0.8998082371756319,0.8969322086265172,0.09349377453327179,0.017647760136289287,0.008499406278133392,-6.399490042589605,-12.29361350080657,-19.51152771897614,2.72783660029446,0.02123541461933824,1,0.017548083353395933,0,0.1661385399683346,"{""type"":""MultiPoint"",""coordinates"":[]}"
0000000000000000029f,243,SAWAH BESAR,PASAR BARU,3171021001,3.171021001E12,Sedang,Pasar Baru 04,-,6 Pagi hingga 3 Sore,-,1353,"1. Intensitas hujan tinggi;
2. Meluapnya air sungai ciiwung;
3. Kurangnya resapan air disekitar wilayah;
4. Sempitnya saluran air di sekitar wilayah",004,3,2020,1577865600000,"50 - 60 cm
bervariasi",60,50,1.2062649653558624,-7.73429708670424,-15.79402918986078,3.497615306008533,13.399857331883908,-3.1538066339294297,-10.233837771671993,3.184784645623799,JAKARTA PUSAT,1,0.9650597301543757,0,0.24505752379442983,1466.7630786537025,1187.496798665883,875.1549798115764,103.30774443842029,-54.751956742965355,-179.73488362050853,61.22847090021162,143.48748211482857,12,7.546125645310125,2,4.1449358059920005,-0.3308879319997018,-6.201141226818198,2.1340751189961717,2.122152609852853,1.0,3.0,1.8242163658142097,0.0,1.1142938137054443,-0.12979995880019451,-2.106276750564575,0.9009991480026825,0.8838645363685961,139858.573327,140450.59893415635,7.8801188468933105,2.7551518229813072,0.0,3.698403835296631,-1.1917479739232681,-3.7434375286102295,1.3292801479588185,1.3702824884683427,17.65805086866086,13.236712887255225,11.406532369312783,4.676541356562733,0.25255649385808654,-1.528705367242667,1.5297317849177214,1.533059640815508,1.096421480178833,0.10445398591784155,0.008499406278133392,0.9847528263926506,-4.591712741886,-11.951801039278507,3.9324647360901386,0.2953150176077445,1,0.011247724268648528,0,0.10286301637257403,"{""type"":""MultiPoint"",""coordinates"":[]}"
000000000000000002a1,80,SAWAH BESAR,PASAR BARU,3171021001,3.17102100101E12,Sedang,Pasar Baru 06,-,hingga saat ini RT 07 dicekungan,Sepanjang gang,1355,"1. Intensitas hujan tinggi;
2. Meluapnya air sungai ciiwung;
3. Kurangnya resapan air disekitar wilayah;
4. Sempitnya saluran air di sekitar wilayah",006,3,2020,1577865600000,"70 cm, 40 cm",70,40,2.7813334204968747,-8.724483684168092,-15.164045870525458,2.85773679889047,3.379059470428795,-3.376629933994562,-10.498823903974683,2.5199463627604706,JAKARTA PUSAT,1,1.0,1,0.0,1495.8107119745314,1330.8169373651322,1173.410462922962,278.75933786382643,173.76628086404833,29.539464114662678,62.785617726544054,81.22850344484173,18,7.976566698914328,2,10.368330955778013,0.338054464660998,-5.491012838801167,2.900760839552645,2.9130744247558567,1.0,3.5,2.457067852979782,1.700000286102295,1.8476747274398804,0.9327047148545842,0.2477320432662964,0.34137359842182674,0.3964195628506613,64953.1369053,65188.147181214896,12.190571784973145,4.089987145147567,0.0,8.594645977020264,0.5284981599907895,-3.67126202583313,2.5965948688626788,2.583008508854737,15.955513115145958,12.788732450198548,10.763500558676649,2.794984792204879,-0.31897451839959634,-2.3849136521101038,1.0367372897821268,1.0314331810514057,0.12749247252941132,0.02978656446254081,0.008499459363520145,0.02297714352607727,-3.8400165330149414,-9.799703940749168,3.07579683100133,0.029949796971757706,0,0.0,0,0.0,"{""type"":""MultiPoint"",""coordinates"":[]}"
0000000000000000020a,229,SAWAH BESAR,GUNUNG SAHARI UTARA,3171021004,3.171021004E12,Sedang,Gunung Sahari Utara 03,biasanya tidak pernah banjir,cukup lama,Cukup luas,1122,"1. Curah hujan tinggi;
2. Dataran rendah",003,3,2020,1577865600000,40 Cm,40,0,5.492290551233959,-10.056695382724998,-17.424186224575323,4.13433914630906,9.096068179905348,-4.745470941177275,-12.232677411335395,3.6175017484572343,JAKARTA PUSAT,1,0.9052742907067642,0,0.27722670540030714,1057.6978978086688,870.9385244314893,524.765112121048,348.6487248268886,150.43521108494906,-192.518168848899,120.09351399409472,117.07748440427919,23,5.927208350577093,-2,17.738088445078944,0.3928536838761166,-7.541512125534444,3.327997733401187,3.287571750129828,1.0,3.1999998092651367,1.0565273243368567,0.0,2.156376361846924,-0.0821292316052439,-1.268502116203308,0.9795390541121656,0.9843441005805934,227522.144051,228472.59756722915,16.29625701904297,4.026855767111258,0.0,13.175750017166138,0.6513182537567135,-3.610682249069214,2.9502243627803746,2.834502813562441,20.17503793310794,13.073836229487593,10.277588682621488,6.847601619297468,-0.2391952108982625,-3.0989041008671965,1.891161205484628,1.893782985205733,0.6544702649116516,0.12512998864928543,0.008499613963067532,0.47332295775413513,-0.11479345499212772,-0.27784136310219765,0.23573980194742386,0.21780422516305403,1,0.049202188807651634,0,0.20425742004742553,"{""type"":""MultiPoint"",""coordinates"":[]}"
0000000000000000025e,40,SAWAH BESAR,MANGGA DUA SELATAN,3171021005,3.17102100501E12,Sedang,Mangga Dua Selatan 11,-,3 Jam,300,1259,curah hujan intensitas lebat dan ekstrim,011,3,2020,1577865600000,RT 02 (30 CM) dan titik terdalam 50 CM,50,30,2.7632951971315034,-10.788196770288128,-19.190371092052807,3.2205087707018483,12.089458538277846,-2.702119968695919,-14.190133834630931,3.9873647012426154,JAKARTA PUSAT,1,0.9940237829047668,0,0.14400547006751196,473.0168798317619,306.09557568734357,92.76624232772798,-42.540716881985645,-205.23618037407078,-460.5590870423136,112.02688832151934,92.17429477293017,14,8.009940034556351,0,8.065335235378527,2.220416738013156,-5.76661911554876,2.739910795124829,2.7666960716921762,1.0,5.199999809265137,3.20624446333854,0.0,3.186476230621338,1.2723195912234841,-1.5546647310256958,1.0791447645939376,1.1276366988643935,171617.131953,172308.14539489042,10.49409008026123,3.5808504864008563,0.0,7.006221294403076,0.22135703049366126,-3.400144338607788,1.7337789650077324,1.7437424810177486,15.95555902573679,12.201634223526332,10.733950200469359,2.70172139624278,-1.0914226582207154,-2.5452118517627174,0.8894587603132282,0.8830024395460905,0.9179623126983643,0.01397758651316917,0.008499781601130962,0.7344377636909485,-0.236521360244394,-0.5997235653921962,0.08245750342171741,0.06051894033853156,1,0.005325744486228272,0,0.12908090009938827,"{""type"":""MultiPoint"",""coordinates"":[]}"
0000000000000000025f,Perkantoran dan ruko2,SAWAH BESAR,MANGGA DUA SELATAN,3171021005,3.17102100501E12,Sedang,Mangga Dua Selatan 12,-,jam 4 pagi sampai 3 Sore,400,1260,"curah hujan intensitas lebat dan ekstrim
2. Jalan raya akses ruko dibangun jembatan (dibawah bibir kali)",012,3,2020,1577865600000,"Mangga dua dalam sekitar 60 cm , mangga dua raya 40 cm",40,30,7.3433471085545365,-10.29861422382477,-16.86241502168532,4.257804523171919,10.513721373238756,-2.6434411311897184,-9.95772453909062,4.050176922325722,JAKARTA PUSAT,1,0.938792896887729,0,0.27569005414087633,855.2624952764933,609.5531646346504,371.0649693109119,54.42198725390176,-39.80467594869522,-230.16293029297884,57.20521571894961,116.63406625184308,29,10.799233247251136,1,23.19971469329581,5.018974061822376,-4.59315263908654,5.025277367517202,5.054261292951043,1.0,9.300000190734863,5.347570616674447,2.200000047683716,7.105877637863159,3.2006681453800496,0.21786022186279297,1.5795799622716709,1.6246037694910394,131048.39101,131563.4525074943,19.9021053314209,6.0640747981414105,0.0,16.43253779411316,2.6133694723484515,-3.4479575157165527,4.105408742485925,4.122402343513536,15.95555902573679,11.960012731609867,10.063812765470697,2.6109347274911396,-1.4920311228643883,-3.4890810388844002,1.2637465412164963,1.2185562046562062,0.1104981079697609,0.01602028480535988,0.008499824441969395,-0.1717727705836296,-6.68671222794359,-15.996412811800838,5.505390732592346,0.016892729576551798,1,0.05441814648172305,0,0.26714292604942724,"{""type"":""MultiPoint"",""coordinates"":[]}"
000000000000000002a7,46,MENTENG,PEGANGSAAN,3171061002,3.171061002E12,Sedang,Pegangsaan 01,Belum kirim data,-,-,1374,"1. Curah hujan tinggi;
2. Hulu Kali Ciliwung meluap;
3. Rembesan dari mikrobiologi UI saluran airnya jebol (kerumah warga)",001,3,2020,1577865600000,20 - 60 cm,60,20,11.614392409507783,-9.608634548530565,-16.928421605106394,3.7757430856768996,13.84157293084132,-3.6226865770860806,-11.590953417663119,4.036609393161971,JAKARTA PUSAT,1,0.9292281879194632,0,0.27084393610189494,2163.661985914175,1805.6916436324807,1521.4794995326806,-19.02785421128783,-78.06458501241079,-139.3481986866425,27.050642387051035,155.4166386535339,30,12.512046979865763,3,17.38544935806087,-0.017666119349126944,-9.204279600569524,3.4640011975754854,3.5297424269348734,1.0,3.299999237060547,1.3451558256629326,0.0,1.5819108486175537,-0.3781471591887856,-1.7647360563278198,0.9946551971926554,0.9872852293039642,207817.484003,208695.91734979232,19.0362606048584,3.957498072067762,0.0,15.767248630523682,0.7093399408299643,-3.3515305519104004,2.9115405528148792,2.91768274685773,23.816822052939578,13.718928982529924,10.11179672125586,10.377154398235627,0.3309908351170638,-3.2431512253999415,3.4616040370252765,3.476833557680984,357.290771484375,40.37408503684321,0.0084988409653306,335.87239837646484,20.181836148859457,-25.004329971969128,115.22679180207003,115.85239112573923,1,0.053305369127516766,0,0.2194348395612568,"{""type"":""MultiPoint"",""coordinates"":[]}"
00000000000000000031,700-800,TANJUNG PRIOK,PAPANGGO,3172021003,3.17202100301E12,Sedang,Papanggo 06,,,,77,"saluran dangkal tidak berfungsi , waduk penuh lumpur sampah dan enceng gondok",006,3,2016,1451635200000,51 - 60 cm,60,50,-1.3558236523690814,-12.823458847322007,-16.254180863092294,2.5116198087551473,2.3685627726033305,-4.601314726066439,-9.41980429086,2.389432877138717,JAKARTA UTARA,1,0.9823104250888152,0,0.18467177069477,1416.0152335820305,1128.4039689862252,747.9053559872657,290.51261059601006,56.728598598819815,-171.30902044576112,104.57977040684317,170.94752806482083,8,1.97336763444812,-15,4.037375178316968,-1.7428975494482606,-18.670756062767193,3.8333107903627766,3.8664444802802858,1.0,4.900000095367432,1.4545461572225693,0.0,2.4856204986572266,-1.0794359725128853,-2.687218189239502,1.3532700936309507,1.3399046519150757,142341.615727,142949.0513998608,16.816743850708008,3.637930765024049,0.0,13.908613443374634,0.798474303484109,-2.872922897338867,3.1328720566704207,3.143580274012843,21.3074332964077,13.925993622519481,10.946678813487447,7.691100361705013,0.31297548240824014,-2.7248112405640263,2.2378499459853685,2.2633387154975684,2.2694931030273438,0.46072478799922256,0.00849994271993637,2.0882436633110046,0.29344714131600114,-0.17190551478415728,0.791890953404087,0.7934127381220438,1,0.01768957491118461,0,0.18467177069476992,"{""type"":""MultiPoint"",""coordinates"":[]}"
00000000000000000321,224,TAMAN SARI,MAPHAR,3173031003,3.173031003E12,Sedang,Maphar 01,Nihil,2 jam,5.345 m,1623,"Intensitas hujan yang tinggi, air tidak tertampung ke saluran dan adanya limpahan dari wilayah Kel. Kebon Pala Jak Pus dan masih adanya pendangkalan dan penyempitan Kali beton yang dikarenakan bangunan di bantaran Kali Beton yang memakan badan kali",001,3,2020,1577865600000,5 - 75 cm,75,5,-5.9908121983272,-10.260394758331609,-16.312174345488,2.5686464176541435,3.883950622712075,-2.782119045746808,-8.33650390726239,2.523865618646389,JAKARTA BARAT,1,1.0,1,0.0,1147.455046826599,917.9118593102709,706.486653451565,95.4732678715402,-33.28875097638369,-145.34126030164578,52.10124415895133,111.5055878938942,11,6.201769911504426,2,3.7475035663343617,-1.2867459601566698,-5.729814550641361,2.0781890564167536,2.0065815203767845,1.0,4.600000381469727,1.6199313556879142,0.0,2.6994868516921997,-0.3527676823749699,-2.100285291671753,1.086632700110735,1.0738886847365694,61060.3017028,61396.84172190527,6.7241621017456055,2.7782993612580738,0.9274099469184875,2.900994300842285,-1.0001474113420796,-2.940807044506073,1.3966910569640159,1.3992023340467579,16.864828659808378,13.226770704796175,11.185673392734452,3.4805930399461893,-0.21979973773372755,-2.2665366371534663,1.5769710176986673,1.538553160263458,0.5949616432189941,0.0733850364735743,0.008499459363520145,-22.69645643234253,-25.483217974282834,-27.874678872525692,1.2200307938679142,0.19110051723302485,0,0.0,0,0.0,"{""type"":""MultiPoint"",""coordinates"":[]}"
00000000000000000322,127,TAMAN SARI,MAPHAR,3173031003,3.173031003E12,Sedang,Maphar 02,Nihil,2 jam,4.226 m,1624,"Intensitas hujan yang tinggi, air tidak tertampung ke saluran",002,3,2020,1577865600000,20 - 40 cm,40,20,0.39237166917442,-8.576959989432327,-15.299629220339117,2.899830200688388,10.788346733524715,-2.057724152038772,-8.917744539507233,3.088114121465049,JAKARTA BARAT,1,1.0,1,0.0,955.0869205754603,726.816103017102,463.8312116386399,47.5330000586024,-101.09995033026667,-277.4499390412513,82.97444416008736,139.9947749041097,11,7.23539595666257,2,3.9286733238236513,0.20496217925556984,-4.846790299571502,2.0004506540021003,2.1010032310140683,0.8388213751509289,4.800000190734863,2.887775176412684,0.0,2.8423967361450195,0.9913263919033125,-1.94379460811615,1.709984598604858,1.7188096599208418,62533.3509655,62738.416979437985,8.339978218078613,2.5214070477199915,0.0,5.052128791809082,-0.9816581931251875,-3.411755084991455,1.4180849023249875,1.4249734845742164,23.83500958840857,14.276975802725193,11.310936308408547,10.025864171143574,0.6612033000584742,-2.4589608654985255,3.51687179085665,3.5755982612339334,363.5801696777344,43.603883578662206,0.008499491959810257,337.4093990325928,18.732657723092547,-27.747602116316557,120.51075860810391,121.29920875392838,0,0.0,0,0.0,"{""type"":""MultiPoint"",""coordinates"":[]}"
00000000000000000323,366,TAMAN SARI,MAPHAR,3173031003,3.173031003E12,Sedang,Maphar 03,Nihil,2 jam,6.727 m,1625,Intensitas hujan yang tinggi air tidak tertampung ke saluran dan adanya limpahan dari wilayah Kelurahan Kebon Kelapa Jakarta Pusat dan masih adanya pendangkalan dan penyempitan Kali Beton yang dikarenakan bangunan di bantara Kali Beton yang memakan badan,003,3,2020,1577865600000,20 - 50 cm,50,20,-0.0010129603311827932,-10.153353826552884,-15.51207224475596,2.832254438094596,9.161854441589831,-2.3575972489661776,-7.374514986297715,3.039262718576751,JAKARTA BARAT,1,1.0,1,0.0,1394.5824148206966,1204.01612444992,968.5080035813519,271.164485092537,116.9081782778199,-23.633154937012023,67.52226210326617,108.03116830709017,11,7.198155902381254,3,3.3980028530676023,-0.4712470683291378,-4.6670470756057085,1.8906468701040915,1.8928493028221982,1.0,2.6999998092651367,1.6482425585508256,0.0,1.0366902351379395,-0.22158829931810878,-2.119086980819702,1.0375714944160006,0.9836077603753768,82495.3559843,82807.33860470194,7.034380912780762,2.223128744920881,0.0,3.5220327377319336,-1.4834648386423588,-3.820448160171509,1.2608347609421053,1.2557767022868302,19.998562520215145,13.850719558998538,11.140136792088427,6.635918553492759,0.49374187520381835,-2.053956791963481,1.7197497590914232,1.735656929255783,0.5949616432189941,0.12037493176996997,0.008499441668391228,-9.070899616926908,-21.89370239724245,-24.573337711393833,3.025691418646165,0.21235858990070855,0,0.0,0,0.0,"{""type"":""MultiPoint"",""coordinates"":[]}"
00000000000000000325,532,TAMAN SARI,MAPHAR,3173031003,3.173031003E12,Sedang,Maphar 05,Nihil,2 jam,8.709 m,1627,"intensitas hujan yang tinggi, air tidak tertampung di saluran",005,3,2020,1577865600000,15 - 50 cm,50,15,4.042319175177454,-9.581836991460465,-15.498466239334856,3.0190264382638112,3.2470178390083886,-3.758184120911147,-10.912834284961196,2.481502654962651,JAKARTA BARAT,1,1.0,1,0.0,1081.8309929570876,899.8849917276034,622.2948715860543,220.58704847636216,56.75960868121418,-164.4727691198483,85.43161477258046,104.09933880785036,13,8.276646086731487,4,6.367760342368595,1.5722831745784742,-2.5378031383732047,1.9831178156253433,1.9620458863518906,0.8131666975997365,4.5,2.2549447496169424,0.0,2.7538373470306396,0.5107436181921682,-1.815463662147522,1.5560861691176686,1.5502873883223136,94362.8435387,94743.32598099815,7.436302185058594,3.0310815854907114,0.0,4.27763295173645,-0.11307970033678633,-3.1701714992523193,1.4959258655963514,1.4911808166599358,26.619522806713306,14.323318305057901,11.083986220407464,12.608390083590276,0.51559992450749,-2.825112190841626,4.079784320711119,4.154447388513239,363.8521728515625,67.74048642911552,0.008499545976519585,337.7540225982666,43.31946028218225,-26.98195379599929,145.19541762626827,146.32443480182638,0,0.0,0,0.0,"{""type"":""MultiPoint"",""coordinates"":[]}"
00000000000000000329,44,TAMAN SARI,MAPHAR,3173031003,3.17303100301E12,Sedang,Maphar 09,Nihil,2 jam,8.543 m,1631,"intensitas hujan yang tinggi, air tidak tertampung di saluran",009,3,2020,1577865600000,10 - 40 cm,40,10,0.5895676178295647,-9.18012442640228,-15.974443065770668,3.086458239732622,9.366278787739596,-3.9139682283726147,-10.090997862604716,3.3577971088013103,JAKARTA BARAT,1,0.9920305028596431,0,0.08032023946008404,1288.7498256496885,1091.3776844553713,798.0053903044136,320.0474430113659,170.59565963208533,-72.15257934033184,88.58642535743678,108.66843150016842,22,8.415632715567082,2,15.550071326676687,2.0890868736495465,-4.398288159771252,3.376335803991611,3.3931973358312146,0.6903367417873729,4.40000057220459,2.4805388823410057,0.0,2.8031389713287354,0.9745188040983254,-1.6383452415466309,1.6282872563689024,1.6324656743900086,111615.45457,112071.13694623916,14.630192756652832,4.484839703469148,0.0,11.552170515060425,1.4534317768562306,-3.0371482372283936,2.8764425199163863,2.89932652093329,23.830263809211093,14.169800928618423,10.390845071210187,9.8927843951592,0.2810976978525113,-3.494732834172945,4.10889817698053,4.116590642606454,364.013671875,65.5548600716647,0.008499596267938614,339.46298599243164,41.949749879125164,-25.052374377846718,139.78111124967955,140.3248209062457,1,0.007969497140356909,0,0.0803202394600843,"{""type"":""MultiPoint"",""coordinates"":[]}"
00000000000000000343,50,TAMAN SARI,MANGGA BESAR,3173031005,3.173031005E12,Sedang,Mangga Besar 01,,1-2 jam,700 m2,1657,Intensitas Hujan yang tinggiMeluapnya kali anak ciliwung,001,3,2020,1577865600000,60 cm,60,0,0.09205588985347618,-10.838927750270443,-15.433462353888386,3.3343270148153583,5.628060414080914,-2.6243176356146747,-7.910951809297334,2.8160128481004802,JAKARTA BARAT,1,1.0,1,0.0,1147.455046826599,944.4363906721011,764.9700312177328,106.06694037495413,-7.219328956639149,-102.59044308975638,51.36807917611275,117.17975645752384,10,5.82260101010101,1,3.561768901569728,-0.5761280556991174,-5.404850213979484,2.042914735800636,2.0719062795333962,1.0,2.8999998569488525,0.9407038927605055,0.0,1.1151211261749268,-0.91512793232922,-1.9865906238555908,1.1656833427662512,1.1406248090566926,44284.6538219,44461.37672881121,7.605895042419434,2.350318020458963,0.0,4.03236722946167,-1.2402496325425956,-3.6347789764404297,1.453378931141464,1.4486112326822942,23.83154239839048,16.761793056592207,11.536712759154948,10.188985721066055,3.1695923058098336,-2.0584467924883754,4.101873614349615,4.104108234040173,368.0934753417969,69.8852065478776,0.008499767631292343,347.76268768310547,49.757835883911994,-22.04258856549859,149.29911590495794,150.13612202676453,0,0.0,0,0.0,"{""type"":""MultiPoint"",""coordinates"":[]}"
00000000000000000344,312,TAMAN SARI,MANGGA BESAR,3173031005,3.173031005E12,Sedang,Mangga Besar 02,,1 jam,700 m2,1658,Meluapnya kali anak ciliwung,002,3,2020,1577865600000,40 cm,40,0,-0.31704752611878734,-10.573719409930334,-19.304314016815464,3.5303220011792913,9.023758112352308,-3.216605628072779,-11.964930674196577,3.4094853178392976,JAKARTA BARAT,1,0.9193001491930015,0,0.24726647766958781,1085.8010282911528,892.7932492442789,675.3484381614854,45.50448533417921,-56.80875531131793,-176.96005940255577,50.99056952879848,111.26409613025797,10,4.7860210678602115,1,3.515263908702387,-1.712961500749621,-5.609985734664231,2.1116696203566563,2.0962098068172645,1.0,2.8999998569488525,1.6082959735612872,0.0,1.1151211261749268,-0.16738723165557012,-1.9186304807662964,1.0130769907379489,0.9857123907892243,77150.1334106,77488.54802502363,12.72712230682373,2.8050357093565923,0.0,9.361832618713379,-0.722359359824877,-3.583425521850586,1.7665756406533764,1.7425656053564893,23.83154239839048,13.92689884826796,11.31098546968419,10.188985721066055,0.26394468738436677,-2.314717842360773,3.7485737342569405,3.74550191552552,364.41314697265625,32.55966546101795,0.008499746210873127,342.01604652404785,11.505253757904498,-23.373877878300846,118.14042929336755,118.87927978797667,0,0.0,0,0.0,"{""type"":""MultiPoint"",""coordinates"":[]}"
00000000000000000345,153,TAMAN SARI,MANGGA BESAR,3173031005,3.173031005E12,Sedang,Mangga Besar 03,,1-2 jam,500 m2,1659,Meluapnya kali beton dan anak kali ciliwung,003,3,2020,1577865600000,50 cm,50,0,2.7805720852648026,-9.413342515939602,-15.05485875455321,2.835587697152959,9.023758112352308,-2.316391523483875,-8.485926510842972,3.4349538941608966,JAKARTA BARAT,1,0.9864238939466541,0,0.10368904363227674,1037.1581193100906,810.0160690753819,649.3636962940959,-1.104102660103763,-115.95224982633496,-200.71585342941773,47.6864475766699,105.48485167694749,9,5.131288931480595,1,2.766333808845012,-1.2621994894306516,-5.590014265334701,1.7274910676925705,1.6669816967548534,1.0,2.500000238418579,1.9399829835789681,0.0,1.0087876319885254,0.3236334398710162,-1.6557204723358154,0.8357529974176023,0.8234476186521155,65550.4590614,65812.51870274715,5.938421249389648,2.1499042989429196,0.0,2.4052112102508545,-1.2149496387034022,-3.295191526412964,1.1887420496211414,1.1948743465005762,23.836994724942592,13.688365960804914,11.31098546968419,10.03279992731419,-0.08081393633821217,-2.4228061431254755,3.5390093985234685,3.57290349547351,364.3536376953125,30.54173120438308,0.008499713614583015,341.0407028198242,8.947211601344556,-23.662501100450754,121.93447619661806,122.68894393859901,1,0.013576106053346113,0,0.1036890436322767,"{""type"":""MultiPoint"",""coordinates"":[]}"
00000000000000000346,360,TAMAN SARI,MANGGA BESAR,3173031005,3.173031005E12,Sedang,Mangga Besar 04,,2 jam,800 m2,1660,Meluapnya kali beton dan anak kali ciliwung,004,3,2020,1577865600000,60 cm,60,0,5.451893382269194,-10.069181194725253,-16.282534820941812,3.7010387748950655,18.48851404566569,-1.6217107116859368,-10.165057635899894,4.959819545388259,JAKARTA BARAT,1,0.9521747316889475,0,0.2219221752030527,946.0337596635238,811.0297629663473,649.3636962940959,-21.59125893407122,-109.8241592858926,-200.71585342941773,48.09115686005824,96.2945285080725,10,6.546789681792506,4,3.7828815977180454,0.347580278436433,-2.210271041368964,1.3151298965459859,1.315476079179282,1.0,2.799999952316284,1.2062386157545137,0.0,1.3940941095352173,-0.2283989692867076,-1.511069893836975,1.1789369749169847,1.1791364145188328,55539.1451464,55760.01364033082,5.579408168792725,2.2064258891191066,0.0,2.4554407596588135,-0.9499332697342281,-3.134801149368286,1.4167913739412343,1.4019829515434115,23.836878110510735,15.006799013988056,11.486837333149227,9.885821349267207,1.095061984274313,-2.4296905002261457,4.31016552190694,4.325568798063487,364.3026428222656,78.95028893071577,0.0084996921941638,340.91251945495605,56.667647090306744,-23.556779314763844,158.89661593327557,159.71380155336846,1,0.047825268311052535,0,0.22192217520305274,"{""type"":""MultiPoint"",""coordinates"":[]}"
00000000000000000347,178,TAMAN SARI,MANGGA BESAR,3173031005,3.173031005E12,Sedang,Mangga Besar 05,,2 jam,700 m2,1661,Meluapnya kali beton dan anak kali ciliwung,005,3,2020,1577865600000,60 cm,60,0,5.1345229454962436,-9.858962691665702,-14.006878653640012,2.8676547892607855,9.907601839438037,-3.0258014722347384,-8.695804049386691,2.800511709697057,JAKARTA BARAT,1,1.0,1,0.0,1081.8309929570876,873.2582090935681,675.3484381614854,137.82488213069576,-40.34334638524701,-180.68539926281426,64.0551909778015,88.30401687066137,10,6.039370078740157,2,3.818259629101801,-0.1550708873753496,-4.212838801711309,1.5430865845674315,1.5534590810612998,1.0,4.0,1.4621723389988155,0.0,2.593495011329651,0.10203972544025651,-1.4050499200820923,1.1367086617791962,1.1500671448117457,64659.06705,64944.47282990077,6.204643249511719,2.3935310473984446,0.0,3.1016714572906494,-0.6439839462036328,-3.0236306190490723,1.2370475194901565,1.2429375997231453,23.027377676514195,12.940026140825172,11.486837333149227,9.041351428595416,-1.0093785958721466,-2.4330796985441996,1.992427761926083,1.988890117776868,364.2006530761719,6.008253109428407,0.008499649353325367,340.425594329834,-16.790305246916663,-24.266389328986406,53.22212782919864,53.38455526630056,0,0.0,0,0.0,"{""type"":""MultiPoint"",""coordinates"":[]}"
00000000000000000134,-,TEBET,KEBON BARU,3174011004,3.174011004E12,Sedang,Kebon Baru 03,,"0,5- 1 Jam",± 5.000,634,"Gorong2 tersumbat kabel, daerah cekungan, dan limpahan dari Kali Ciliwung",003,3,2020,1577865600000,± 30-40 cm,40,30,-4.385434121305217,-10.398443968775224,-14.947114507830706,1.9926122438338394,5.021678018584554,-3.745787103760836,-9.655192323572336,2.4140807970069846,JAKARTA SELATAN,1,0.956594817236475,0,0.19786448397617676,4529.425184944165,4253.523032409173,3990.0269515220684,218.10286872990127,82.35466175017349,-36.10191897238474,52.41964545581723,123.37207101732432,26,19.16069152767773,14,7.040798858775354,0.9126428084809679,-4.0142653352337305,2.0487260275168313,2.213870928892633,1.0,5.200000762939453,2.952557546836452,0.0,2.8482747077941895,0.6732166787755918,-2.0694150924682617,1.0876575545392069,1.1373495866237346,188877.993871,189599.5015220167,6.226744651794434,2.6056411031325557,0.0,3.608609437942505,-0.015136654705364622,-2.6548423767089844,1.2915057566606987,1.2994468792420075,17.747149890121307,12.787881148346033,11.263058413616866,4.0394705425815705,-0.9672066303041086,-2.472593155064546,1.241828434517009,1.251492962453992,1.1642662286758423,0.01896708319943289,0.00849838275462389,-15.402106180787086,-19.936213421075017,-23.8756620362401,1.860612890896579,0.10485642578477301,1,0.043405182763524855,0,0.1978644839761767,"{""type"":""MultiPoint"",""coordinates"":[]}"
00000000000000000135,100,TEBET,KEBON BARU,3174011004,3.174011004E12,Sedang,Kebon Baru 04,Tertinggi tahun 2017,2 jam,± 9.000,635,Banjir Kiriman,004,3,2020,1577865600000,,75,0,-3.8221894221287274,-10.538464569598753,-18.298605264406326,2.2050892791863776,3.1853124737140526,-3.9519688520928673,-11.833600122535934,2.4158090374154955,JAKARTA SELATAN,1,0.9886456725914919,0,0.14055181498333377,4941.054371809356,4660.3435910976195,4288.369772332095,336.9508601190755,167.3684343721003,-5.175161216076958,88.18882341044133,158.6471587116726,26,20.4973995542093,14,7.040798858775354,0.968487276307481,-6.354350927244678,3.161759510095239,2.9682431861056564,1.0,6.600000381469727,3.047872988095916,0.0,4.2144083976745605,0.6362522256637576,-2.9153494834899902,1.8056130391264669,1.7557097921073972,183021.344122,183802.9336194379,7.605971813201904,2.685692226218382,0.0,4.990065574645996,0.05162799915454635,-2.6541202068328857,1.4052866247295719,1.4030301408401507,26.550925748594167,13.502978473649778,11.310723956782688,12.87268286532253,-0.1895415590678199,-2.3560867317316827,3.317366349995569,3.3166063835161492,339.5631408691406,29.002644481918765,0.008498329669237137,320.0630187988281,9.640062331060332,-20.41623382549733,105.55531191731497,105.74692797454053,0,0.0,0,0.0,"{""type"":""MultiPoint"",""coordinates"":[]}"
00000000000000000136,234,TEBET,KEBON BARU,3174011004,3.174011004E12,Sedang,Kebon Baru 05,,1-2 jam,± 23.000,636,"Saluran di bawah Stasiun Tebet kecil, terlalu jauh pembuangan sementara lebih dekat ke Kali Ciliwung",005,3,2020,1577865600000,,70,20,-5.70175702828014,-11.347089960746999,-14.947114507830706,1.7815561986415602,1.7113516909920639,-4.105652864055951,-9.451562559358095,2.2803818900592177,JAKARTA SELATAN,1,1.0,1,0.0,4599.185265779298,4275.606840419386,3936.8314497585184,98.52155332500934,26.286575624960715,-36.10191897238474,31.919920515492286,177.78803534787605,23,18.685889431263476,14,4.229101283882329,0.15176136972037058,-3.4927246790283277,1.6649811017045288,1.7650996867670319,1.0,2.0,1.2302132679149718,0.0,-0.08439373970031738,-0.8963639867239445,-2.0694150924682617,0.4629804758751529,0.4843557021065118,61359.0002408,61637.51264483963,7.446422100067139,3.006445182321804,0.0,4.7598114013671875,0.33767661649193736,-2.7279481887817383,1.5743852636714988,1.569955599207211,17.054000590862113,13.01859804906708,11.082469382574434,3.319333686278613,-0.7367630761560854,-2.6155574981931355,1.343967370540418,1.343476301865214,1.1642662286758423,0.0557012038001128,0.008498329669237137,-13.3842064589262,-17.02238441737535,-23.686562278307974,2.3975419121962047,0.1947756579251825,0,0.0,0,0.0,"{""type"":""MultiPoint"",""coordinates"":[]}"
00000000000000000137,1147,TEBET,KEBON BARU,3174011004,3.17401100401E12,Sedang,Kebon Baru 06,,1-2 jam,± 23.000,637,Saluran air RW lebih rendah daripada saluran air di got besar dan luapan dari saluran got sebelah timur (Jl. Raya Asem Baris),006,3,2020,1577865600000,,70,20,-3.5200126693225084,-10.517723490002938,-13.64119848830854,1.9686852162450388,-0.4499747328283654,-4.3168165375763845,-9.602668994342238,1.6839303456348234,JAKARTA SELATAN,1,1.0,1,0.0,4788.930912227905,4657.295772972797,4462.432319477128,128.6782915824424,61.97876397761305,-22.457496056655145,33.322866810684026,88.91133406341224,21,18.632469715411812,16,1.5834522111291314,-1.314085722483366,-3.580313837373083,1.1156645771849945,1.00081092052791,1.0,2.0,0.6691992637047468,0.0,-0.2712411880493164,-1.7687365317948553,-2.6318118572235107,0.7187259595758003,0.6765771656770773,60075.1198508,60336.19471480901,4.160283088684082,1.6276557662932964,0.0,1.4406979084014893,-1.2377346681006327,-3.0485236644744873,0.9328986474774832,0.9147037279713289,20.18947576370822,14.8657152762907,11.722957432493722,6.581627545426585,1.206689831700742,-1.8500200217440295,2.42266765236644,2.4177379691990515,0.8073346614837646,0.2511860285031393,0.008498290553689003,-15.670105218887329,-17.561713254088623,-18.96742332354188,0.7713111288512066,0.28355598199944304,0,0.0,0,0.0,"{""type"":""MultiPoint"",""coordinates"":[]}"
0000000000000000013c,150,TEBET,KEBON BARU,3174011004,3.17401100401E12,Sedang,Kebon Baru 13,,1 jam,± 20.000,644,Got/saluran pembuangan air yang tidak layak/terlalu rendah dan gorong-gorong di sisi rel kereta api,013,3,2020,1577865600000,± 50 cm,50,0,0.9520328429425768,-11.182383293072315,-14.207640976532574,2.2173988676975256,4.916466952153435,-4.440025110987462,-7.760521181865741,1.9588105831336642,JAKARTA SELATAN,1,1.0,1,0.0,5123.183183588168,4989.863472369582,4792.523509066431,272.68986032191515,173.18178643350575,40.19335361915091,54.82232499800098,84.21058896750297,23,20.216195063214936,16,2.246504992869397,-0.6209137200555233,-5.073894436517147,1.8206068131437445,1.7907441006115326,1.0,2.8999996185302734,1.8146238003201982,0.0,0.145277738571167,-0.9535282246109092,-2.65840220451355,0.8413393814051843,0.8712795202918696,57866.9192146,58088.52656875958,5.400654315948486,2.504441902886523,0.0,2.2682125568389893,-0.6557346450320791,-3.142094373703003,1.2451619891028987,1.247081151019388,16.932310628323854,13.699019618667547,11.557861644118717,3.302708863123401,0.08810030779479225,-1.9579483223245013,1.5446420188127188,1.5490222490470178,0.36542320251464844,0.09526327397082225,0.008498218841850758,-14.77015874069184,-17.781279055673846,-19.223303750157356,1.2850464550941194,0.11163021599530902,0,0.0,0,0.0,"{""type"":""MultiPoint"",""coordinates"":[]}"
00000000000000000178,46 KK,TEBET,BUKIT DURI,3174011005,3.174011005E12,Sedang,Bukit Duri 03,berdasarkan informasi Pak RW bahwa Pemda dan Kem PUPR akan membangun Rumah Pompa dan tanggul di sekitar Sodetan Kalibata,1 - 2 Jam,700 m²,773,Meluapnya saluran/sodetan kalibata,003,3,2020,1577865600000,,70,0,-7.908984840957682,-12.955030441447379,-15.216039623038672,1.3809508658525556,7.355536235653513,-1.4786637468197417,-7.258643577884474,2.7241017388990802,JAKARTA SELATAN,1,0.9857769600905746,0,0.15245533898649627,3568.788598263841,3239.5924228178324,2946.697455974605,22.935178874652593,-42.60566790460454,-98.25966188056418,28.80838780522341,168.4680550292091,22,17.387489385791113,12,6.005706134095162,1.3970659762679876,-3.9366619115539567,1.734851825880988,1.7077836348058437,1.0,5.09999942779541,2.743292257936285,0.0,2.9098424911499023,0.5118023554765229,-2.194978713989258,1.9402356853732519,1.9613133991553215,49325.9788704,49562.6845701967,4.745345592498779,2.4995436872659567,0.0,2.2087624073028564,-0.06356563745343308,-2.5524027347564697,1.1189674722551093,1.1317473334300552,18.997452705962075,12.957960223085,11.536422336687892,4.946961155402224,-1.0474156982154648,-2.4857805279881564,2.001723126887458,2.0034771751872262,4.08767557144165,0.4112969610293494,0.008498522453010082,-10.012735843658447,-18.7341172163359,-24.43411696795374,3.3994242425990246,1.3196977822705505,1,0.014223039909425417,0,0.1524553389864964,"{""type"":""MultiPoint"",""coordinates"":[]}"
00000000000000000179,165 KK,TEBET,BUKIT DURI,3174011005,3.174011005E12,Sedang,Bukit Duri 04,Telfn tidak Diangkat,,,774,Meluapnya saluran/sodetan kalibata,004,3,2020,1577865600000,,70,0,-9.625418031749883,-12.910512240156043,-15.563151148189666,1.2891731334804617,5.421411574849626,-1.0315756914269778,-7.855006943351837,2.7392009650720586,JAKARTA SELATAN,1,0.9799387741809418,0,0.15157763207911915,3568.788598263841,3309.4482770890468,3038.713994907392,12.45672304081063,-42.99797078729707,-94.77818386018043,26.42034871771816,143.193437930237,20,15.878069432684168,11,3.8995720399439797,-0.4006704977004521,-5.398858773179988,2.039830890304398,1.9724749528058294,1.0,5.000000953674316,0.5896242535914815,0.0,2.7646799087524414,-1.6529648358648092,-2.2640514373779297,1.1219032567265899,1.1251367493361624,53591.346961,53770.181609862026,4.745355129241943,2.163885969234539,0.0,2.1801486015319824,-0.3941844738182754,-2.6445982456207275,1.10901384490869,1.1178660501183297,19.334823757837267,14.33321293720405,11.53641812603958,5.444806802221295,0.3780137689103353,-2.427570979359606,2.6913468375450904,2.6664760328414645,4.079177379608154,0.7850370922768334,0.008498522453010082,-7.214600086212158,-16.835323460882964,-24.032656338997185,4.292507733726716,1.3437499229027232,1,0.020061225819058164,0,0.15157763207911912,"{""type"":""MultiPoint"",""coordinates"":[]}"
0000000000000000017a,± 1.000 KK,TEBET,BUKIT DURI,3174011005,3.17401100501E12,Sedang,Bukit Duri 06,,1 - 2 Jam,hampir seluruh wilayah RW 06,775,Meluapnya saluran/sodetan kalibata,006,3,2020,1577865600000,,60,40,-4.33154808005838,-11.769888859694515,-16.540697544803994,1.8481515080158735,4.352786246263727,-4.486472427961083,-9.23090893122508,2.439264137225786,JAKARTA SELATAN,1,0.9753901316057532,0,0.15872372965105136,3936.8314497585184,3707.1934233927286,3473.473355775263,51.09052478399235,-13.768814235003866,-75.73807831791328,30.047301189134856,108.30111445329335,22,16.32954406551766,14,4.773181169759027,-0.6833573006992775,-3.2621968616247052,1.4792599707547895,1.451658611020122,1.0,1.3000011444091797,0.4641691513381707,0.0,-0.7999131679534912,-1.6735359680214013,-2.2490158081054688,0.4024343941163472,0.41237097232067516,85769.6088279,86068.45884977418,6.670167922973633,2.0829008817065584,0.0,4.078899383544922,-0.4657239289673877,-2.5712709426879883,1.2531814542428101,1.2578535348910038,21.024282555979145,14.238671709139387,11.321374017726955,7.04068960466695,0.2615663046696936,-2.697366683958144,2.4797983774321777,2.4953885948776957,1.3767273426055908,0.37475770406929837,0.008498458191752434,-9.85461208410561,-21.16382311979723,-24.960653978399932,3.0786706734781086,0.5817861190326755,1,0.020739110948131845,0,0.13016955922880602,"{""type"":""MultiPoint"",""coordinates"":[]}"
0000000000000000017b,± 600 KK,TEBET,BUKIT DURI,3174011005,3.17401100501E12,Sedang,Bukit Duri 07,Telfn tidak Diangkat,,,776,Meluapnya saluran/sodetan kalibata,007,3,2020,1577865600000,,60,40,-1.006550036739478,-11.523313251503913,-15.563151148189666,1.8966137351213048,2.8823408181649706,-4.441741941167617,-8.260015714854568,2.264679780647877,JAKARTA SELATAN,1,1.0,1,0.0,3786.408475349806,3570.1625842002068,3325.381902060976,46.2277758637797,-19.100710713188846,-81.42360445122085,30.568233083349575,102.25601342320087,20,16.330674401740392,12,3.7272467903007644,-0.1842992984612844,-4.559201141225579,1.9119039324150229,1.8357898521109117,1.0,1.5,0.38852025754095193,0.0,-0.7861342430114746,-1.8621448154011113,-2.2939231395721436,0.5180900674516313,0.5497669403893437,62414.5146645,62702.90770844588,4.986158847808838,2.5240563454820566,0.0,2.477997303009033,0.005127304239481076,-2.5166101455688477,1.0684371519395046,1.0684243969620322,21.164867219805338,14.496921242385083,11.555797508697573,7.195268792409003,0.5181626681263737,-2.4308897060696317,2.2143800979949777,2.207847057852737,1.5636942386627197,0.4514990375145692,0.008498483337461948,-15.774041891098022,-21.06478423694039,-24.66318904981017,2.5176978013483926,0.6558718955022934,0,0.0,0,0.0,"{""type"":""MultiPoint"",""coordinates"":[]}"
0000000000000000017c,146 KK,TEBET,BUKIT DURI,3174011005,3.17401100501E12,Sedang,Bukit Duri 08,,1 - 2 Jam,8 RT Terdampak,777,Meluapnya saluran/sodetan kalibata,008,3,2020,1577865600000,,40,20,-2.1593091169134677,-11.628803823016288,-14.442482825742381,1.7113685467966917,5.979888003167467,-3.7131268565999815,-7.5820928489379495,2.1335585821379044,JAKARTA SELATAN,1,0.9869512406732605,0,0.11702985796078294,3820.3476823018414,3561.514185039964,3155.4161536882916,69.69078759435024,1.4157383905241707,-79.83295857999065,35.903154612185645,162.86390188514991,21,16.82974145410376,11,4.506419400857226,0.8087039981317574,-4.9358059914396755,1.680127702554732,1.8920393457331863,1.0,5.90000057220459,4.314079842144639,0.7000007629394531,3.554722309112549,1.984825800906117,-1.650669813156128,1.4331016625500612,1.4330909955235214,100476.853581,100909.71451832967,7.034503936767578,1.8864574663096698,0.0,4.432530403137207,-0.681504614506665,-2.6176717281341553,1.2093421266017412,1.2093163577275727,17.901315828625354,13.154004819930522,11.555797508697573,3.930929378281782,-0.8443237149531199,-2.4308897060696317,1.1939641835845471,1.1907488811091458,0.05948982387781143,0.015409156211973295,0.008498497307300568,-22.43410923704505,-24.404454947868828,-25.58520244061947,0.761289900578537,0.013236292091190663,1,0.007947249696338714,0,0.0830434773826486,"{""type"":""MultiPoint"",""coordinates"":[]}"
000000000000000001b2,± 174 KK,TEBET,BUKIT DURI,3174011005,3.174011005E12,Sedang,Bukit Duri 05,,1 - 2 Jam,"7 RT Terdampak
  (RT 001, 003, 004, 005, 008, 010, 011)",904,Meluapnya Sodetan Kalibata dan Pendangkalan saluran wilayah RW karena terhambat dengan saluran penghubung di Kelurahan Manggrai,005,3,2020,1577865600000,,70,50,-5.065081193265648,-12.672214237750621,-16.151314648293987,1.5496059687331776,6.867725879177847,-2.317897745657779,-7.639990205731946,2.5253717296745894,JAKARTA SELATAN,1,0.9961458642158315,0,0.11042310999998986,3580.8250189382416,3340.5077809232794,3087.875951668441,11.064742598285193,-40.03150003545174,-92.71348744655734,25.440547995403087,119.59433292844342,19,15.669997035280167,10,1.6422253922982932,-1.3562959780029875,-6.493865905847571,1.5340571797923517,1.629208699846131,1.0,2.40000057220459,0.9529944970351172,0.0,0.19360947608947754,-1.2586575200923142,-2.2848503589630127,0.796516759371005,0.8013879110585805,117617.716504,118125.01003385137,5.580226898193359,2.2346233150476937,0.0,2.888282060623169,-0.41366691899129954,-2.6900150775909424,1.1871543432957594,1.1930858942601315,22.114470038197446,13.899496577602987,11.373471685294325,8.27013926881652,0.11207744687467805,-2.3053283056210354,2.394918201659181,2.426318835773646,4.062180042266846,0.45541478879965136,0.008498458191752434,0.7601937055587769,-9.677107901821667,-17.126954436302185,4.324047757019109,1.141038467938419,1,0.003854135784168395,0,0.11042310999998961,"{""type"":""MultiPoint"",""coordinates"":[]}"
00000000000000000141,112,TEBET,MANGGARAI SELATAN,3174011006,3.17401100601E12,Sedang,Manggarai Selatan 09,,"0,5- 1 Jam",± 10.000,672,Pendangkalan saluran air RW 09 dan Kali Sodetan kalibata,009,3,2020,1577865600000,,60,0,-9.565422579818275,-12.368097485689479,-14.610525793107508,1.0528189521023466,2.654878795483386,-2.309834504871939,-6.425773228254632,2.076318955096656,JAKARTA SELATAN,1,1.0,1,0.0,2532.025653133678,2392.8954112657098,2212.8200519202283,3.2096156440966297,-42.808843315684584,-93.17493434503604,24.58992500632388,86.99625130083851,18,13.821203509205489,11,3.098145506420302,-1.1598382427664402,-4.181169757488389,1.9258724895035269,1.827457249841974,1.0,1.4000005722045898,0.4448044464759917,0.0,-1.3310692310333252,-1.9462441734046239,-2.350470542907715,0.3192907519830445,0.4373054549493513,28263.047864,28404.168623775247,5.93892765045166,2.756643105353059,0.9274099469184875,3.1824727058410645,0.029615459867244356,-1.8247906565666199,1.383921687044199,1.37966049647271,19.40749044997247,14.554718718208576,11.36553554793659,5.735585262885953,0.8422481980719486,-2.29652948935696,2.721134491429313,2.7774887701828623,4.3936238288879395,1.4247866295412486,0.00849859043955803,1.6761081218719482,-2.749878861448751,-13.475999433547258,2.527280457982493,2.0842909797565694,0,0.0,0,0.0,"{""type"":""MultiPoint"",""coordinates"":[]}"
00000000000000000143,62,SETIA BUDI,MENTENG ATAS,3174021005,3.17402100501E12,Sedang,Menteng Atas 07,Mudah mudahan segera di TL,8 jam,± 20.000,677,"Pendangkalan Kali PHB Menteng Pulo, Saluran Got Rusak/Tidak berfungsi dan Pintu Air Jl. Minangkabau tidak berfungsi",007,3,2020,1577865600000,,60,0,-0.9567726532611438,-11.078337743339958,-14.23361949606487,2.4529221626621847,10.12545339728026,-4.115249665014962,-8.396279280736415,2.6075947762879914,JAKARTA SELATAN,1,1.0,1,0.0,2245.632955170002,1989.7559551338286,1801.1946160211965,-16.437304650319675,-71.59866936895926,-125.38294330705185,26.161865634891488,97.10184891147496,17,12.840434502256834,10,2.1925820256785507,-2.2527413239249054,-4.754636233950537,1.421515816019306,1.486446705914413,1.0,3.3999996185302734,0.8943106174161529,0.0,0.18544888496398926,-2.2711580407494716,-3.298858880996704,0.8769300360549548,0.8914101095873231,70130.5799441,70450.96248940458,7.645186901092529,2.221318008398751,0.0,3.907813787460327,-1.7495331947608732,-4.242948055267334,1.4570712150965142,1.4101233140685572,22.48769205829646,15.510343617253751,11.055845003664924,9.016018974890876,2.1220144895679027,-2.325135410323952,3.331098674178147,3.3467035158452183,5.8807148933410645,2.624122809170582,0.008498565293848515,5.16376918554306,1.9153126524274433,-0.9956865273416042,2.842144740987843,2.8415208462734864,0,0.0,0,0.0,"{""type"":""MultiPoint"",""coordinates"":[]}"
00000000000000000145,501,SETIA BUDI,MENTENG ATAS,3174021005,3.17402100501E12,Sedang,Menteng Atas 09,,1 jam,± 40.000,679,"Hujan yang cukup lama, kapasitas saluran dan Luapan dari bangunan Kokas dan Apartemen",009,3,2020,1577865600000,± 60 cm,60,0,-5.5452413822553215,-11.304436923729364,-14.319790579440806,1.6008238233931564,4.05747109452742,-2.5358240161971177,-7.217435112604589,2.121375918433345,JAKARTA SELATAN,1,0.9917592479550724,0,0.14986672195868136,2492.6342825749775,2202.329175762442,1972.237364886451,-7.755083109786483,-67.35497837923654,-121.5835405110422,27.26064507752569,120.60132143768188,18,13.49505554877304,9,1.8265335235388847,-2.5506511704931043,-6.6365192582016,2.4358591028508307,2.5483564812863384,1.0,3.299999237060547,1.163801596723856,0.0,-0.14981532096862793,-2.4959448001539295,-4.048501968383789,1.2773896316226327,1.1893613125023135,56942.0705692,57137.644203087184,6.226653099060059,2.8293537266335047,0.0,1.5786247253417969,-1.5547961495091756,-3.921795606613159,1.204021955197228,1.2473667109841398,17.054015860008025,13.249343355995995,11.482406704405776,3.7206699998187176,-0.008802277530664626,-1.7881329643430206,1.5099852363779105,1.4965106998185884,0.6373876929283142,0.07370168592458146,0.008498511277139187,0.07386201620101929,-0.5829781493182395,-0.6647545183077455,0.11312774070076721,0.11222655154698524,1,0.00824075204492736,0,0.1498667219586816,"{""type"":""MultiPoint"",""coordinates"":[]}"
00000000000000000147,21,SETIA BUDI,MENTENG ATAS,3174021005,3.17402100501E12,Sedang,Menteng Atas 14,,2-3 jam,± 10.000,684,"Rumah rendah, curh hujan tinggi dengan durasi yang lama",014,3,2020,1577865600000,30-50 cm,50,30,-8.127752136617143,-12.61433206474466,-14.717446246581499,1.387966036490522,5.516859797248884,-2.6852341583873565,-7.049979272372461,2.4635648395212146,JAKARTA SELATAN,1,1.0,1,0.0,2034.5225285572158,1882.8809589034065,1781.981323992732,-6.030059480389809,-70.59611792846768,-129.63548861627487,27.506423059379607,55.24452364608811,17,13.668253779311991,11,2.4233951497869537,-1.1655353168496239,-3.9258202567750686,1.5776238520318502,1.6457330179137044,1.0,2.6999998092651367,1.3215686819437305,0.0,-0.3994009494781494,-2.0127677600194476,-3.1568329334259033,0.5824182973563359,0.5385593939849075,29348.1612142,29464.502412882535,5.415506839752197,2.357100267762756,0.9274099469184875,1.3346881866455078,-1.9154251962031035,-3.494715988636017,1.2220634094999627,1.170208224268257,19.710688101453066,13.782769017082323,11.406406594880007,6.196537869533975,0.43319646393981254,-1.939503369340084,2.026973290942894,2.0379146637693184,5.8807148933410645,0.3826835127653808,0.008498565293848515,5.163698673248291,-0.32273156160526195,-0.7414920823648572,1.5356531892665768,1.5449059750847003,0,0.0,0,0.0,"{""type"":""MultiPoint"",""coordinates"":[]}"
00000000000000000148,-,SETIA BUDI,MENTENG ATAS,3174021005,3.17402100502E12,Sedang,Menteng Atas 15,,2-3 jam,± 10.000,685,Saluran air kecil dan kiriman dari RW 09,015,3,2020,1577865600000,,50,30,-5.163148002347745,-11.337763969189423,-15.423416490902662,1.9304733078690215,0.2513061534326414,-3.4811588715423114,-7.768423724553637,1.9009767630057712,JAKARTA SELATAN,1,1.0,1,0.0,2245.632955170002,2079.53692383546,1903.4041547370969,-19.100961112856794,-71.33143740420897,-125.74618425590393,25.561933398627605,99.64875756569445,18,13.06860968885388,11,2.03680456490822,-2.523228539209601,-4.479885877317146,1.3282213992447232,1.299038105676658,1.0,3.3999996185302734,0.7186371974937551,0.0,0.12693262100219727,-2.7393286772439116,-3.8010270595550537,0.7834739947995112,0.8179085607459246,44483.2801718,44624.000797053865,5.931299686431885,1.988116808851293,0.0,2.1866230964660645,-2.2887689397719106,-4.552821159362793,1.376591375541635,1.3247926057042718,19.688772213731962,14.904776541653336,11.312056420588515,6.352233953407662,1.6225805970928342,-2.045867397502189,2.740985079712421,2.7639407022301454,5.753235816955566,1.4742328504776094,0.008498547598719597,5.136436820030212,0.8019431274864042,-0.6836066264659166,2.4852220840101595,2.4702245502139126,0,0.0,0,0.0,"{""type"":""MultiPoint"",""coordinates"":[]}"
000000000000000001a2,± 17 KK,PANCORAN,RAWA JATI,3174081003,3.174081003E12,Sedang,Rawa Jati 01,,± 1 x 12 Jam,1 RT terdampak,870,Meluapnya Kali Ciliwung,001,3,2020,1577865600000,,40,0,-5.910426917381184,-12.165939163600973,-18.1129886702212,1.8565393774033696,1.9761604867615103,-4.095919507843401,-11.212380856174459,2.307727837018711,JAKARTA SELATAN,1,0.9638963360142985,0,0.21012603181315218,4206.312360166264,3974.5268228863692,3744.1264456109648,21.38816987745122,-38.69864461849143,-90.11474995122671,26.307398182824084,108.00527344933123,34,27.43833780160857,14,8.070185449359709,1.211570703923842,-11.958630527815796,5.295079522184024,5.323486279952222,1.0,13.399999618530273,8.41446798212087,0.0,8.938830375671387,3.6525809141863013,-4.847160816192627,4.659367661241321,4.639792840471812,78077.419033,78381.73729214689,8.277466773986816,3.182146319856164,0.9274099469184875,5.086327075958252,-0.008661849499814075,-2.309147536754608,1.8000953460731064,1.7901531901382965,23.062373789508392,14.068954011309694,11.180396497233348,9.431337071329809,0.46310507534920625,-2.4782134164727,3.7528356884786263,3.7593176144832037,335.7984619140625,51.12524250304896,0.008497900329530239,313.44117736816406,28.54594142983657,-23.097693734802306,130.39473336584533,130.4156701412556,1,0.03610366398570151,0,0.21012603181315215,"{""type"":""MultiPoint"",""coordinates"":[]}"
000000000000000001a3,± 350 KK,PANCORAN,RAWA JATI,3174081003,3.174081003E12,Sedang,Rawa Jati 03,,± 1 x 12 Jam,"4 RT Terdampak 
  (001, 003, 004 dan 010)",872,Meluapnya Kali Ciliwung,003,3,2020,1577865600000,,50,0,0.02998842807153826,-12.103359845585414,-17.66273758342399,2.585794133823514,5.825330555841548,-4.841864330234218,-11.412027763842783,2.7091529945944846,JAKARTA SELATAN,1,0.7622520283262206,0,0.4384235813529999,4119.4896906263175,3831.8524832795556,3563.962647985464,7.765371542323919,-45.072983077688434,-97.48430636099329,25.556334827702354,126.92725859597287,34,24.42475261454767,15,7.374322396577767,-2.4861684853622874,-12.385164051353936,5.119885286598621,4.981212391184966,1.0,11.69999885559082,4.951085136569935,0.0,6.826903343200684,-0.31757704915223484,-5.8463335037231445,4.226312839491588,4.117871903462253,148642.472286,149222.37017979316,9.597321510314941,3.828746893462604,0.0,6.340467214584351,0.6179546782789627,-3.2165334224700928,2.040154884866547,2.0493721242960836,26.539447959181874,14.424136325195535,10.82489956590984,12.87379344620821,0.793167840974301,-2.790711722840152,3.9970725202413018,4.006160828310726,335.68798828125,48.72886071980971,0.00849785003811121,313.23068618774414,25.746000290588608,-23.60176359117031,129.19528654771412,129.24504153578522,1,0.21863715237067965,0,0.4117529545275057,"{""type"":""MultiPoint"",""coordinates"":[]}"
00000000000000000191,± 275 KK,PANCORAN,PENGADEGAN,3174081005,3.174081005E12,Sedang,Pengadegan 02,,± 1 x 24 Jam,"4 RT Terdampak banjir yaitu : RT 006, 007, 008, 009",827,meluapnya Air Sungai Ciliwung,002,3,2020,1577865600000,,60,0,-8.558041748823026,-12.955136892496135,-15.997993607313825,1.3217209076116878,6.113995626785304,-4.883098554035733,-10.745920375396448,2.4211760236323667,JAKARTA SELATAN,1,0.793454492443753,0,0.4037952755903493,4972.305202915262,4749.274881417805,4554.057254208852,170.31939027569751,48.23456128976921,-45.87612885369617,42.31601123264195,93.3172068151185,33,22.53663929248262,14,9.565192582027478,-0.7720782768228213,-8.566904422252172,3.1775899229564053,3.4728362639169075,1.0,8.700000762939453,5.647944356535639,0.0,4.904678106307983,1.7778794638784658,-4.6308698654174805,2.1455433082915536,2.2177796390635893,143458.858017,144016.92853647892,10.408730506896973,3.055817465037157,0.0,7.114961385726929,-0.1993429487897596,-3.3989319801330566,1.9334548311512871,1.930494874868593,22.66016797061065,12.60829370428406,10.742090277492538,8.986736182763673,-1.009994612529175,-2.8416841527338708,1.4832270408938824,1.4849202323179211,336.89471435546875,1.220813950054339,0.008498039096593857,316.0187473297119,-19.433084866643135,-21.81845578365028,33.89826117261011,33.94143038164486,1,0.1808153943340298,0,0.3837597319768145,"{""type"":""MultiPoint"",""coordinates"":[]}"
000000000000000001c2,13,JAGAKARSA,SRENGSENG SAWAH,3174091002,3.174091002E12,Sedang,Srengseng Sawah 01,,1 jm,6000 m,945,intensitas hujan yang sangat lebat dan terjadi merata selama satu hari,001,3,2020,1577865600000,60 cm,60,0,-3.751848179499917,-13.450838993920021,-22.476082069342365,1.9619464667729696,5.255200173890284,-5.026361332977172,-17.33948321661976,2.720241440899419,JAKARTA SELATAN,1,0.7819611802686293,0,0.44426370796468717,1128.550045815337,620.9004300659416,334.4734433447411,38.419238144335395,-160.22540551681794,-310.4586323074636,80.06237361227082,203.5604836828048,69,58.50897423974706,41,5.3754636233993836,-3.0920516188623206,-20.23651925819828,5.961957280201737,6.3572663653600525,0.9237725919124522,20.700000762939453,11.188949370789336,0.0,12.175692558288574,2.213601164869692,-9.458402633666992,6.8035467867046595,6.708086979157892,262141.962447,263189.55490162584,24.5480899810791,4.229916846002585,0.0,20.53520917892456,0.02420754943654362,-4.410095691680908,3.6347544126143245,3.590435569708438,23.204066633280448,14.169335886134396,9.831040027535686,9.657523114217359,0.7109494890916636,-3.7009589780226158,3.559299856151484,3.572897958482179,274.7852478027344,44.79376812574162,0.008496361784636974,257.0283718109131,27.98784468422604,-19.018286613747478,104.54466205897758,105.36918538270115,1,0.20565689309295734,0,0.4313012418781967,"{""type"":""MultiPoint"",""coordinates"":[]}"
00000000000000000110,12,JAGAKARSA,LENTENG AGUNG,3174091004,3.17409100401E12,Sedang,Lenteng Agung 08,setiap tahun kena banjir,1 hari,5000 m,542,"Got kecil dan gorong penuh kabel,dan luapan kali ciliwung",008,3,2020,1577865600000,40 cm,40,0,2.836199688786186,-13.25512841749388,-17.316508400809496,2.0524380240589015,11.592739996201889,-4.182331110027582,-11.114274492420602,2.9920359013042406,JAKARTA SELATAN,1,0.7403932452918417,0,0.45403846103567264,1403.8079779207503,1067.7669355067262,764.9700312177328,319.6448433559158,130.0440653936921,-97.23699042135775,91.69534327163817,148.18099522187615,64,57.00838681941936,34,9.41683309558286,1.5138712490199029,-21.90727532096534,5.94441025956005,5.94954655787175,1.0,24.0,14.626817116307494,0.0,14.405449867248535,5.206070656511699,-10.33620548248291,6.184617964171879,6.160466726132774,462127.530099,464170.52474136825,15.62314510345459,3.576197334441899,0.0,11.674846649169922,-0.35549125994501257,-4.017099380493164,2.912278979157428,2.933561286383952,22.782045952490623,13.079181484662072,10.600753956646274,9.330790804438715,-0.3592422845173882,-2.872856829198021,2.2625713776356364,2.2641925494786825,284.1820373535156,11.023544085265504,0.008496562950313091,266.695369720459,-5.156164347428642,-19.287024665623903,63.189917013644326,63.58601453215593,1,0.2546365083076273,0,0.4483262433581153,"{""type"":""MultiPoint"",""coordinates"":[]}"
0000000000000000048a,323 KK,MATRAMAN,PAL MERIAM,3175011004,3.175011004E12,Sedang,Pal Meriam 01,Dibantu Bersama PPSU,jika hujan berhenti maka air akan surut,1 RW,2133,Hujan Besar ( 2 Kali Banjir ),001,3,2020,1577865600000,20-70,70,20,2.9830654776190846,-8.625467049215215,-17.10229596964892,3.7710151064910145,9.893993928891046,-3.0544035810620507,-11.587124692450882,4.339443541600315,JAKARTA TIMUR,1,0.9993179812244242,0,0.1235455616318547,3403.396085266404,3108.2888760918463,2857.742352646719,153.54136350403996,8.520109507205433,-83.25548937587064,54.881476870205226,150.59944918454207,25,13.033178207494172,7,12.54778887303938,0.8576586696631188,-5.403138373750906,3.389627409366437,3.403056629474753,1.0,2.8999996185302734,1.0998759452980817,0.0,0.7649924755096436,-0.92923634095128,-2.0158917903900146,0.9100992826381881,0.9556060857554896,86977.4679907,87314.0562763016,13.936491966247559,3.7697529964167513,0.0,11.32947826385498,1.127117024628354,-2.698942184448242,3.2566784259744335,3.2584597330588343,17.90135133389271,12.956817610103666,10.441404572030228,4.217878632776115,-0.6925448173054554,-3.2730707004655937,1.9673766348118789,1.9469256487742284,0.5609215497970581,0.056216098783238945,0.0084988409653306,-10.87672370672226,-18.787072731160702,-26.535251921974123,4.293015848371828,0.15143222333124118,1,6.820187755757037E-4,0,0.12354556163185447,"{""type"":""MultiPoint"",""coordinates"":[]}"
0000000000000000048b,350 KK,MATRAMAN,PAL MERIAM,3175011004,3.175011004E12,Sedang,Pal Meriam 02,KK AKTIF,jika hujan berhenti maka air akan surut,1 RW,2134,Curah Hujan Tinggi. Kali Baru tidak dapat menampung air di karenakan penghubung di Anderpas Pramuka agak agak Tersendak atau Kurang Lancar.,002,3,2020,1577865600000,20-60,60,20,-1.7301358125923314,-7.546399839308668,-15.004119780576179,3.123855141774064,8.53508296387298,-1.2332245650897895,-11.32122577925394,4.369221757454233,JAKARTA TIMUR,1,1.0,1,0.0,3311.118158822334,3127.577733741242,2929.12256289489,86.05375731032245,3.211054832580411,-69.3096673500977,34.30940061528837,85.3121944580637,17,11.259379954201163,8,4.541797432240523,-1.132964056229233,-4.490727532096146,1.5587862148154632,1.5508943992096949,1.0,2.8999996185302734,1.7070638341804572,0.19999980926513672,0.750784158706665,-0.4489116963942075,-1.8988020420074463,0.7063858786711911,0.7357350803515436,39641.9542198,39797.93656440494,13.936491966247559,2.1925415683899288,0.0,11.32947826385498,-0.3869652745535575,-2.5924835205078125,2.69327881208908,2.702566341951532,17.34173460668073,13.333337246810332,10.441404572030228,3.67359219204039,-0.3585872703021474,-3.2730707004655937,1.5334417755220886,1.5123460635501293,0.05949193611741066,0.017011912156950294,0.008498823270201683,-16.91525488346815,-20.150709875168577,-27.11270362790674,2.7071378024959687,0.011128611644953186,0,0.0,0,0.0,"{""type"":""MultiPoint"",""coordinates"":[]}"
0000000000000000048c,20 KK,MATRAMAN,PAL MERIAM,3175011004,3.175011004E12,Sedang,Pal Meriam 03,Segera,jika hujan berhenti maka air akan surut,10 Rt di RW.04,2135,Tidak adanya pembuangan langsung ke kali,003,3,2020,1577865600000,30-46,46,30,-2.3871965063031335,-9.610574485059514,-16.124133019820697,2.7020463085385975,5.941320200064837,-3.9217164648445104,-10.532906671220427,3.217886943147873,JAKARTA TIMUR,1,0.9826095086718716,0,0.16507964236126804,3402.131587327433,3242.003779295226,3004.5380552876145,129.94711310645425,39.92844026186072,-58.47327988063171,48.87291587406962,111.15384227209567,20,14.313870319293166,10,7.481597717547226,1.864548244489683,-2.295577746076157,1.673670504455916,1.681515938421649,1.0,4.300000190734863,1.9138282935307611,0.19999980926513672,2.083595037460327,-0.315287776695752,-2.0461058616638184,1.397382464244573,1.4072526773099736,74624.04157,74937.80974205986,6.530695915222168,2.5284161007753756,0.0,3.983778476715088,-0.006992779171632296,-2.56040096282959,1.431852803911203,1.432076107769783,16.808760968325334,13.237238721236713,11.215052630021905,3.169000869952699,-0.46471503466283876,-2.6415306068122035,1.7247139630053816,1.6861333375568277,0.39094364643096924,0.08014022759986286,0.008498815819621086,-13.080929636955261,-19.06712021693925,-29.163528772071004,4.09701580967639,0.14910921752883124,1,0.017390491328128657,0,0.16507964236126815,"{""type"":""MultiPoint"",""coordinates"":[]}"
0000000000000000048f,260 KK,MATRAMAN,PAL MERIAM,3175011004,3.17501100401E12,Sedang,Pal Meriam 10,-,jika hujan berhenti maka air akan surut,1 RW,2142,Hujan Besar 2 Kali Banjir,010,3,2020,1577865600000,20-50,50,20,0.2855326877726081,-7.190587818692197,-11.035223350566827,2.303422489358524,7.7492780843230085,-0.9747052056591254,-6.976228735775679,3.6447306234752803,JAKARTA TIMUR,1,1.0,1,0.0,3421.049981105973,3312.907268179689,3220.204766362868,145.21425460080627,73.6999865487554,8.648801675371942,35.95836718817764,59.656333506439914,16,13.89889732206788,11,3.9035663338097493,1.7474638938715423,-1.1172610556339002,1.1669649130975794,1.1763446978129175,1.0,2.3000001907348633,0.5198051714033347,0.0,0.17740392684936523,-1.55546476882627,-2.021512269973755,0.5522671081385382,0.581693595068259,24403.2670767,24470.998555858365,4.637139797210693,1.9689130865365,0.0,2.048257350921631,-0.590823738209313,-2.554939031600952,1.0133588934301923,1.0216005590818258,17.06299747775601,13.468411226906387,11.74905954160215,3.4756856855156393,-0.16983774935159177,-1.9131160462831858,1.8305837454560345,1.8081765708854478,0.4419368505477905,0.10500014213356733,0.00849885493516922,-11.713241219520569,-15.13112962912458,-17.732158940285444,1.8065662181729623,0.1934070631864063,0,0.0,0,0.0,"{""type"":""MultiPoint"",""coordinates"":[]}"
000000000000000005d9,317,JATINEGARA,KAMPUNG MELAYU,3175031001,3.175031001E12,Sedang,Kampung Melayu 01,,< 24 JAM,1000,2710,"KEBOCORAN TANGGUL / PINTU AIR, DAYA HISAP POMPA PENYEDOT KURANG BESAR",001,3,2020,1577865600000,30 s.d. 75 cm,75,30,2.0253320513824344,-11.27128934731116,-18.75981992706923,3.862158878944605,4.97890801941335,-6.325348073914512,-13.736724558288751,3.715326683791039,JAKARTA TIMUR,1,0.9183504471679365,0,0.3194855331891567,4407.128814786838,4172.833235661586,4024.3873442763816,348.044443384611,275.0264443889957,108.68931818876945,59.36225079054072,85.03994238845203,23,17.184564425306394,11,5.013694721827761,-0.6048893668659124,-6.630242510697283,2.7243208496319986,2.824145388062123,1.0,6.59999942779541,2.878396702792005,0.0,4.304279088973999,0.4780024565383669,-2.4649930000305176,1.8766261318236068,1.893493767920971,69775.4223253,105802.03652690123,7.062941551208496,3.233337200118359,0.0,4.314730167388916,0.5253565083990511,-2.775935173034668,1.334787335212583,1.3393796766066126,26.553924535739934,14.9106577457962,11.135928301573486,12.763572117379173,1.180632092075456,-2.5936183952318004,4.217117568677995,4.215560826238307,340.58294677734375,74.98917767232798,0.008498458191752434,319.76111793518066,52.87464290547787,-24.69050909206271,140.44122977804363,140.55458185408258,1,0.008578999668764492,0,0.11249954342810413,"{""type"":""MultiPoint"",""coordinates"":[]}"
00000000000000000513,20,JATINEGARA,BIDARA CINA,3175031002,3.175031002E12,Sedang,Bidara Cina 04,,24,400,2373,Luapan Kali Ciliwung,004,3,2020,1577865600000,50,50,0,1.9378059179298681,-9.90310388208773,-17.3176612905591,3.4777190334374675,14.684158756759482,-1.61183362043602,-10.23546876217836,4.923806049629058,JAKARTA TIMUR,1,0.9855748215066297,0,0.16007269816574257,4824.736501687555,4657.36893822902,4477.833339614565,308.109819116954,153.63029966000937,49.10993863723979,58.96305705786334,83.24453906790608,26,22.149060177764824,15,5.719543509274558,1.9135326960548402,-5.095577746074923,2.6933474576556495,2.8278149508271997,1.0,7.699999809265137,4.553868939156403,0.0,4.5762622356414795,1.5935348744609859,-2.7619972229003906,2.1059445772441787,2.24605039000661,47802.3978867,47990.57576436558,8.71943473815918,2.7255985561585123,0.0,6.186246156692505,0.16784626763988716,-2.595148801803589,1.6509268436275313,1.648982430439993,23.766469420855273,13.04726744200019,11.135891116396587,10.063286586230708,-0.5857666251127707,-2.5000890800882765,2.816614257857347,2.8376046496865026,339.5376281738281,14.557506217938394,0.008498343639075756,319.58745193481445,-4.798712298358446,-20.093815634027123,91.3321972632389,91.54696486761306,0,0.0,0,0.0,"{""type"":""MultiPoint"",""coordinates"":[]}"
00000000000000000517,70,JATINEGARA,BIDARA CINA,3175031002,3.17503100201E12,Sedang,Bidara Cina 08,,2,400,2377,Luapan Kali Baru,008,3,2020,1577865600000,50,50,0,0.18677720264787806,-10.951997266778214,-15.986430804445394,2.4072736365643856,6.490089134357465,-4.2871021081646825,-9.627937815976637,2.5529967300838243,JAKARTA TIMUR,1,0.9571825418024467,0,0.19436903249445142,5048.734026429516,4767.551378103891,4460.503453028908,375.9540512013791,149.3996662680403,-8.471247113873687,97.93596973215915,146.38384959258877,28,23.71758640953044,19,7.054208273896489,2.4089536297748735,-2.4465049928654103,1.861236788941408,1.7641165089612925,1.0,7.100000381469727,2.294622762252,0.2999992370605469,3.8258490562438965,-0.970223722801013,-2.994380235671997,2.0718921491869273,2.128865916129606,130496.850277,131068.6271260974,7.223128318786621,2.519043736945898,0.0,4.632791042327881,-0.08330838823810123,-2.751551389694214,1.4855921830047605,1.4852444147050528,18.951104838786183,12.93215083799446,11.113241737163989,5.409934728792532,-0.6512783824458888,-2.4596778788369846,1.5418171402933618,1.546322498349428,0.22095462679862976,0.031060066973961988,0.008498204872012138,-13.674989014863968,-16.082158280055932,-18.13086212053895,1.1735401822623799,0.060243469952739215,1,0.04281745819755331,0,0.19436903249445162,"{""type"":""MultiPoint"",""coordinates"":[]}"
00000000000000000518,101,JATINEGARA,BIDARA CINA,3175031002,3.17503100201E12,Sedang,Bidara Cina 09,,2,400,2378,Luapan Kali Ciliwung,009,3,2020,1577865600000,50,50,0,-5.138799220038278,-10.993682818721135,-15.341370664044515,1.9445929912024353,3.4971677026463293,-3.605200708337654,-8.593077762373108,2.1169406129213955,JAKARTA TIMUR,1,1.0,1,0.0,4661.445986162131,4420.567416044195,4145.519835203624,126.254514717235,42.34207907783021,-38.13105162023567,35.88410929205951,117.68656102426317,26,21.718291853665157,14,5.656776034238888,1.4604822665005228,-6.04850213979822,2.516227269703041,2.687087794681549,1.0,7.699999809265137,3.235571643684602,0.0,4.5762622356414795,0.06295539831184586,-3.1416263580322266,2.540491392714773,2.5584943661656183,128188.91798,128707.63016197894,4.719674587249756,2.3274470963154497,0.0,2.0550568103790283,-0.3118529902661429,-2.716312885284424,1.0640048424563853,1.074116458083418,19.133437237598933,12.805886808810618,11.555769212681515,5.325976580100614,-0.8282213895086488,-2.0008340816546646,1.2209211637845128,1.244976590684525,0.2039605677127838,0.017805064538655622,0.008498329669237137,-16.27356342598796,-17.786159413938393,-18.82132608629763,0.5205427187198419,0.03678598159417051,0,0.0,0,0.0,"{""type"":""MultiPoint"",""coordinates"":[]}"
00000000000000000519,67,JATINEGARA,BIDARA CINA,3175031002,3.17503100201E12,Sedang,Bidara Cina 10,,2,400,2379,Luapan Kali Ciliwung,010,3,2020,1577865600000,50,50,0,2.5227623845305205,-11.411805993278126,-15.583537599868798,2.3176107344778267,8.899385840286222,-3.3943337167133274,-8.206482893379583,2.596559086978492,JAKARTA TIMUR,1,1.0,1,0.0,4361.000152658897,4164.509153102445,3897.2863813230247,103.64755821162635,26.844209824193765,-43.22871558693305,36.267361308526326,101.65873710530427,24,20.45383914060332,14,4.593437945793713,0.7988132521348636,-6.001997146930886,2.20754829194617,2.103821487705095,1.0,6.199999809265137,2.7624052121219904,0.0,3.214521884918213,-0.2574645999533888,-3.056062936782837,2.0127154977312407,2.019659290281109,88045.5874465,88391.24539881127,5.624477863311768,2.0755601995892077,0.0,2.843820333480835,-0.6788483186289249,-2.7602782249450684,1.0813447569044548,1.0817544723478523,16.648538770388793,13.054340443167183,11.365516515853495,3.1188818685297335,-0.6083502396033111,-2.173205714456424,1.2823041258812118,1.2950166945308867,0.2974432408809662,0.02700975152082469,0.008498397655785084,-16.888904720544815,-18.30142903685398,-18.948790309019387,0.38016838607175646,0.05998463996765626,0,0.0,0,0.0,"{""type"":""MultiPoint"",""coordinates"":[]}"
00000000000000000520,52,JATINEGARA,BALI MESTER,3175031003,3.175031003E12,Sedang,Bali Mester 03,"RT 04,05,06,07,08",2 Jam,330 m2,2388,Saluran Primer lebih tinggi dari saluran sekunder,003,3,2020,1577865600000,50 cm,50,0,3.987729160163548,-10.553844529001147,-16.083174692991566,3.0043421717513525,7.881498239615709,-3.5754815841143763,-9.582865906932717,3.1814495063695882,JAKARTA TIMUR,1,0.9447985776852693,0,0.21059035204970727,4200.170260476811,3962.191956588772,3693.215064037931,273.4158070277317,124.83844882289739,7.5753786212053456,64.41046897481799,113.24999845273574,26,20.94215341919257,16,7.656205420829227,2.8715471235798735,-2.6796005706114947,1.9371836084329062,1.9407669947350372,1.0,6.199999809265137,4.419704068994735,0.7999992370605469,3.6147501468658447,1.852267750267619,-1.7428252696990967,1.6658588943326802,1.6775816581188205,160978.644743,161543.77286277997,6.724222660064697,2.798052535273249,0.0,3.9721381664276123,0.03603376622812264,-2.775935173034668,1.385344882286126,1.3833348344108325,17.341696580894094,12.50739278483868,11.185547709788421,3.74493881749326,-1.0613817085980999,-2.3935552002421137,0.852390762773161,0.8555460740708366,0.05948929861187935,0.012837692173718423,0.008498458191752434,-15.10019101575017,-18.337291053048435,-22.055332781746984,1.6193573210135541,0.008229412662319559,1,0.055201422314730485,0,0.21059035204970736,"{""type"":""MultiPoint"",""coordinates"":[]}"
0000000000000000044c,210,KRAMAT JATI,KAMPUNG TENGAH,3175041002,3.175041002E12,Sedang,Kampung Tengah 01,,2,300,2021,"Saluran terlalu kecil, sehingga air tidak lancar dan tidak bisa menampung apabila hujan, selain itu dipengaruhi juga oleh genangan di Perumahan Bulak Rantai dan Paspampres",001,3,2020,1577865600000,60,60,0,1.7744166084169843,-12.417259945897948,-15.708158877760138,2.1805691705614474,5.581276451225789,-5.373360456148719,-10.17595598247313,2.1491904741528103,JAKARTA TIMUR,1,0.9471517485835501,0,0.2392855715896167,2212.8200519202283,1882.7884408864527,1601.393631575576,-8.131639510445893,-63.435966285640106,-124.54654398048638,26.777051250247723,129.78862695105235,40,32.686580702782685,28,6.661340941513771,0.04008725230071978,-5.440513552066847,2.3014947130282173,2.474377922531204,1.0,6.100000381469727,3.221809029549221,0.0,3.4368903636932373,0.4317424017650587,-2.8362624645233154,1.4082291261634632,1.3915453264862947,249582.898024,250598.81134479254,7.3788604736328125,2.2665886415658423,0.0,4.7534308433532715,-0.38453166418755125,-2.7136218547821045,1.2449561216328315,1.2443120426251795,21.898073877074033,13.02273293033864,11.091572679264349,8.242155908996926,-0.6960717510680946,-2.6152613591348803,1.5289321928425774,1.5252339360843241,3.288506269454956,0.09666459314931307,0.008497367613017559,1.2507176399230957,-1.8399299517902405,-2.1048885015770793,0.5653100915053134,0.5846918341433207,1,0.052848251416450394,0,0.23928557158961689,"{""type"":""MultiPoint"",""coordinates"":[]}"
0000000000000000044d,598,KRAMAT JATI,KAMPUNG TENGAH,3175041002,3.175041002E12,Sedang,Kampung Tengah 02,,2,400,2022,Curah hujan yang tinggi dan saluran air/got dibeberapa tempat tidak lancar,002,3,2020,1577865600000,60,60,0,1.7744166084169843,-12.444547008167334,-17.233723798965556,1.838349294967688,5.26478377911761,-4.449319338889773,-9.02609630023236,2.1406721692380657,JAKARTA TIMUR,1,0.959221387212024,0,0.19722323674765432,2532.025653133678,2112.4965747288397,1855.3248465545596,-9.137650318356918,-64.62139492113705,-124.54654398048638,26.507444281812923,163.37879999820456,38,31.559987269516633,26,6.012268188304208,-0.4055695557073122,-5.906419400854066,2.456088110137149,2.5724940882229657,1.0,6.500001907348633,2.253526239628948,0.0,4.158346891403198,-0.3079516355063478,-2.8629958629608154,1.5660403549300392,1.533753554696443,339602.234396,341031.1945092481,7.95896053314209,2.709696934559101,0.0,5.531835079193115,0.22165200983561079,-2.605975389480591,1.5238457525169438,1.5002406634114778,21.691843050787988,13.499112839141267,11.01499678788815,8.080695304910641,-0.14772223765567175,-2.6049535306951785,2.4831713125213604,2.4812080953040967,2.6681840419769287,0.46669449210563924,0.008497428148984909,1.5640413761138916,-0.5851340043364203,-1.8725011767819524,0.9474072388568816,0.9541968624608236,1,0.03554268818529011,0,0.18637982761781263,"{""type"":""MultiPoint"",""coordinates"":[]}"
0000000000000000044e,778,KRAMAT JATI,KAMPUNG TENGAH,3175041002,3.175041002E12,Sedang,Kampung Tengah 04,,3,1200,2023,Pendangkalan Kali Induk,004,3,2020,1577865600000,70,70,0,1.6661846093631487,-10.513823541806694,-16.30516880555087,2.5950989098516133,10.77536850045393,-4.017927821767586,-9.728479758024704,2.814821577948623,JAKARTA TIMUR,1,0.9548930856875293,0,0.2006275022909803,2821.3751145383426,2489.8328817751435,2157.6877582595803,4.950136031815873,-54.406138151433034,-112.67876665446147,26.977336295834174,163.24121444380748,42,32.95639534883722,28,6.852781740373636,-1.3327071607418275,-7.069329529241401,2.975770864490983,3.134107377168279,1.0,8.499998092651367,2.289346009720799,0.0,5.4755189418792725,-0.5777222811896657,-3.6057631969451904,2.1415972336122344,2.2338630709306013,178579.558645,179301.8749882755,7.64622688293457,2.648517972654665,0.0,4.981207847595215,-0.020704311131035588,-2.757617235183716,1.444104506997441,1.4457991138040218,21.148226601055725,13.93295329098981,11.05556422453028,7.535285789103625,0.4174311919259146,-2.3887825264622524,2.510716990739875,2.5508263591964533,2.1073498725891113,0.44544390690670954,0.00849734153598547,1.1134914755821228,-0.45543988269214625,-2.367788185365498,0.7362852626981069,0.7647500093519844,1,0.04013188699859529,0,0.1907488985347255,"{""type"":""MultiPoint"",""coordinates"":[]}"
00000000000000000450,562,KRAMAT JATI,KAMPUNG TENGAH,3175041002,3.17504100201E12,Sedang,Kampung Tengah 06,,2,750,2025,Penyumbatan saluran air,006,3,2020,1577865600000,40,40,0,-4.711478806657216,-10.755958767941447,-14.47849682562989,2.120843840243282,5.264688200640668,-4.783940503009587,-9.184007555613851,2.159975333364677,JAKARTA TIMUR,1,1.0,1,0.0,2291.157171937385,2104.361899570188,1912.425078044332,-21.328723429824095,-74.17237817697958,-124.54654398048638,25.68758162545335,81.50486182642688,36,31.038504589209765,28,2.2961483594882424,-2.3790133936162343,-5.483309557772969,1.6395470667435523,1.781751995223825,1.0,3.999998092651367,2.285038040499306,0.0,1.296773910522461,-0.5127066034192905,-2.868102788925171,1.1960161274828924,1.2137691737440839,93430.0649432,93870.73082229329,7.3788604736328125,2.1764660622502294,0.0,4.7534308433532715,-0.4455339090920731,-2.655273914337158,1.2260825831528424,1.2335711215377188,21.51595010418805,13.692849052378307,11.091572679264349,7.881684850832398,0.025441243334398355,-2.6152613591348803,2.559710397302034,2.542799376780337,2.2093188762664795,0.31059155924066134,0.008497381582856178,0.9737558364868164,-1.2681640340254015,-1.8384481286630034,0.9179077690651747,0.8337535397076837,0,0.0,0,0.0,"{""type"":""MultiPoint"",""coordinates"":[]}"
00000000000000000451,200,KRAMAT JATI,KAMPUNG TENGAH,3175041002,3.17504100201E12,Sedang,Kampung Tengah 07,,2,700,2026,"Curah hujan tinggi, saluran/got kecil dan merupakan dataran rendah",007,3,2020,1577865600000,50,50,0,-2.564699565549096,-12.53651979420386,-18.256577827674697,2.3820871282497484,5.249359447119604,-4.786591479813151,-12.974234041152702,2.7418718655557917,JAKARTA TIMUR,1,0.9232131608497585,0,0.29610400790667285,2767.4830418432575,2401.584058108068,1912.425078044332,80.9711100377217,-32.21920149713753,-114.721235118795,36.662174778261715,195.91323468671615,43,33.41582296393,24,6.65021398003163,-2.2556998015103806,-11.153209700425421,3.364091355297024,3.6742131202664785,1.0,9.69999885559082,2.5419782223793725,0.0,6.473094463348389,-0.5678962706796898,-3.5355210304260254,2.5249478823450864,2.5564398245697033,382283.488146,383751.0073505571,8.720192909240723,2.778983724188344,0.0,5.9829888343811035,0.02982994317039833,-2.7969226837158203,1.5772049435338658,1.5824283655169444,21.79293433759354,13.535869627271497,10.922327728651771,8.189826559339938,-0.06352664350946374,-2.544271778082642,2.1656505323556816,2.176748104530544,2.9144132137298584,0.3210378538183266,0.008497260510921478,1.2019426822662354,-1.2674371588870135,-2.0078945755958557,0.8562417081067167,0.8900877656189152,1,0.07678683915024147,0,0.29610400790667274,"{""type"":""MultiPoint"",""coordinates"":[]}"
00000000000000000452,21,KRAMAT JATI,KAMPUNG TENGAH,3175041002,3.17504100201E12,Sedang,Kampung Tengah 08,,2,400,2027,Meluapnya kali induk,008,3,2020,1577865600000,40,40,0,0.7721257196422552,-12.104766650333858,-16.785678563638385,3.0961682939464534,8.62270050507101,-4.081107888395062,-8.45950935945549,3.1046452220339678,JAKARTA TIMUR,1,0.9656713542670006,0,0.18885257457751045,1822.5674819397511,1624.8545983489544,1484.2598772436477,-25.14518930706936,-69.60312759941313,-110.22120161026851,25.023443025826246,77.54925512029428,36,30.37091119244847,24,5.64022824536498,-0.3432280439274491,-6.613694721824732,2.3936320921302836,2.3710184299287373,1.0,5.30000114440918,2.219884711941458,0.0,2.3645660877227783,-0.7706389211777017,-3.1052212715148926,1.963982005178621,1.9358984047053251,90637.9155937,91042.54095671992,6.227239608764648,2.589652779090384,0.9274099469184875,3.450732707977295,-0.15178885753617263,-1.8273817896842957,1.0886058202088542,1.097785325027196,19.087220275495998,14.42034534206205,11.40342072023005,5.51597460900239,0.8603959715812329,-2.16322203531967,2.73939260829564,2.7460925712051427,3.2375214099884033,1.139647939155911,0.008497503586113453,1.380853295326233,-0.8802654785570023,-2.1489755446091294,1.4915634715730073,1.498587047068511,1,0.034328645732999416,0,0.18885257457751053,"{""type"":""MultiPoint"",""coordinates"":[]}"
00000000000000000453,188,KRAMAT JATI,KAMPUNG TENGAH,3175041002,3.17504100201E12,Sedang,Kampung Tengah 09,,3,700,2028,"Saluran air kurang berfungsi, kecil dan dangkal, pendangkalan kali induk saluran di Jl. Al Bariyah lebih tinggi dibanding Jl. Pelita, Jl. Pendidikan dan Jl. Kober",009,3,2020,1577865600000,50,50,0,-1.9936284214878555,-11.408311949823657,-16.177610039530563,2.5769856943169676,9.60219314000311,-3.8961743530477935,-9.245729555392513,2.6316607807638075,JAKARTA TIMUR,1,0.9283833000679025,0,0.25420840580171017,3071.1090804960018,2748.4489171995947,2377.7853656614247,41.05292824013577,-37.677448963913136,-98.24790337485456,27.360600274732846,162.7808623866638,41,33.59361303730528,26,6.84621968616505,-0.044079962193204605,-7.267047075604047,2.9717074872903226,3.1035753918053985,1.0,8.400001525878906,2.519985457806358,0.0,4.495294094085693,-0.7136103353636944,-3.7783737182617188,1.9257699247193585,2.2037112627349362,338866.462865,340288.3809384364,6.568332195281982,2.181842222786181,0.0,3.9951443672180176,-0.5194821311900434,-2.874889373779297,1.3556133444672531,1.3568077884499747,21.073263451974945,13.967994026679849,11.209094616418321,7.696006600730394,0.5226815702724877,-2.2181334036832343,2.2100637961971064,2.1981614969428227,1.4700486660003662,0.1809500694549149,0.008497360162436962,1.1134914755821228,-3.304520552787674,-10.738420289941132,2.9862883051678155,0.3429187798068621,1,0.06636967838844417,0,0.24619881111682093,"{""type"":""MultiPoint"",""coordinates"":[]}"
00000000000000000454,300,KRAMAT JATI,KAMPUNG TENGAH,3175041002,3.17504100201E12,Sedang,Kampung Tengah 10,,3,1000,2029,Jembatan terlalu rendah dan pendangkalan kali induk,010,3,2020,1577865600000,40,40,0,-1.080214009203352,-10.215399802203237,-15.271007120336307,2.3093434561669937,6.723098664780466,-3.8373096650515044,-8.137853814374855,2.4803520209305563,JAKARTA TIMUR,1,0.9875752186517894,0,0.10075324463788939,2587.496455406664,2325.4954167010073,2115.3957956173376,-3.729170195161714,-54.71672443101768,-108.67638360846104,26.269160370924347,103.0198760341573,35,31.203474066314225,27,2.1965763195454713,-1.6662911070194337,-5.533808844505941,1.896828154696519,2.010321819971955,1.0,3.3999996185302734,1.8385286315145493,0.0,0.8917827606201172,-0.7385928979334591,-2.7577459812164307,1.2155048466987834,1.1891773183793615,143298.640671,143871.38677538178,5.400792121887207,2.309262315496608,0.0,2.8563754558563232,-0.21362041736295595,-2.5741703510284424,1.3024223840381408,1.3027625738523818,21.54998023188078,13.869118574352344,11.406233553272873,7.8956254775264565,0.2669452119255723,-2.2348221852516286,2.7034863924128243,2.720299725483195,2.2857961654663086,0.4359261588971874,0.00849741417914629,1.4045943021774292,-0.37945772533388683,-1.1607774579897523,0.7970769822340694,0.9077822902604291,1,0.012424781348210588,0,0.10075324463788975,"{""type"":""MultiPoint"",""coordinates"":[]}"
0000000000000000045f,60 KK,PASAR REBO,GEDONG,3175051001,3.17505100101E12,Sedang,Gedong 12,,3 jam,200 m2,2061,Luapan waduk surilang di Rt. 009/012 Kel. Gedong,012,3,2020,1577865600000,50,50,0,-4.824740064774885,-11.93618492347874,-21.98261884692471,2.3023637308012206,6.855463892343517,-5.2920340400025365,-16.254380447846692,2.63504264175754,JAKARTA TIMUR,1,0.8731298203222678,0,0.32260113544524655,3651.0322901167087,3237.3202609297405,2779.8933419494465,357.62972266510087,114.47865263234308,-74.55797120448278,102.73117091776567,226.29975764085108,45,37.56027422277789,31,9.817403708989794,2.2982250185870017,-5.153495007129536,3.172490656274075,3.2169112013484136,1.0,16.999998092651367,3.461989240594246,0.0,11.695404529571533,-1.0961673106032277,-4.82724666595459,3.0414942240632987,3.2271882649856245,248208.64324,249233.1768656919,8.777689933776855,3.3957036707024892,0.0,5.917036533355713,0.13248734199416132,-3.593390703201294,1.731498069899689,1.6584589788936968,20.21793537753442,12.771377047395799,10.91565462511544,6.915697054543616,-0.741437444428973,-2.5388315181393466,1.6246049159676674,1.6096510208576877,0.628798246383667,0.054973978950238124,0.008497278206050396,0.33219708502292633,-14.170378547637311,-22.1287001632154,7.440797135234642,0.15315352226471235,1,0.09462933565598527,0,0.2882414985322975,"{""type"":""MultiPoint"",""coordinates"":[]}"
000000000000000005b3,40,PASAR REBO,CIJANTUNG,3175051003,3.17505100301E12,Sedang,Cijantung 06,,3 Jam,50 M2,2652,Kiriman Hujan Dari Bogor sehingga saluran Kali Gongseng tidak lancar dan tidak dapat nempung depot air yang tinggi,006,3,2020,1577865600000,30 cm s.d 50 cm,50,30,-2.939160797314581,-14.310515229521194,-19.061565369248633,2.0016730011733106,5.049586056418454,-6.312170319945523,-12.182329982291947,2.6959839022007936,JAKARTA TIMUR,1,0.5239109875460047,0,0.49891014722053256,2758.138671748824,2438.656017843454,2092.901822648123,64.53563469525079,-32.894884220707624,-106.14378651274683,36.564510645035966,177.53884163502903,54,40.31758258035846,28,9.571184022828312,-3.2948598386849532,-15.606847360909242,5.6433299120772045,5.883581583327842,0.9995499027917225,13.299999237060547,4.255097493702333,0.0,8.117146015167236,-1.1257281780172288,-6.170470714569092,4.047722427355719,3.9707461835351685,305963.934959,307241.16888944403,9.104012489318848,3.1249990538405306,0.0,6.016976833343506,-0.1665794202453458,-3.427598476409912,1.5757578510310732,1.5701864532872216,21.884775890594195,13.967357939032143,10.878504124366195,8.337453760608623,0.45986077428968647,-2.6045600364000077,2.69613992964687,2.6998708051409857,3.5686190128326416,0.7184646618550222,0.00849690567702055,2.110976815223694,-2.1686320227285676,-12.730832356959581,3.064207517154599,1.2997636025756352,1,0.4119617606508437,0,0.4915805336484804,"{""type"":""MultiPoint"",""coordinates"":[]}"
000000000000000001ee,57,GAMBIR,GAMBIR,3171011001,3.171011001E12,Tidak Diketahui,Gambir 01,Sudah Telepon RW,-,-,1069,Debit air melebihi turap kali ciliwung,001,0,2020,1577865600000,-,0,0,14.206740465314331,-8.690925936748515,-17.08305393330648,5.604826457297421,28.596571381766594,-2.547823869709635,-12.445729949625218,5.8737660171241615,JAKARTA PUSAT,1,0.8842787935614939,0,0.33577878475307144,2857.742352646719,2444.3808194035782,1866.8846147581628,465.55945982056073,234.5550823906834,4.712401576825641,96.90146495574376,243.15832156734405,39,9.028702401416888,-5,30.639657631955025,0.9399213069511655,-12.727532097003685,4.763506788606638,4.828128466579562,1.0,6.90000057220459,2.2387501371833944,0.0,4.928188800811768,0.12761773530993664,-2.456547975540161,1.8989035345392693,1.8757986693068507,401724.063428,403398.5475030602,28.617029190063477,5.97117855650451,0.0,23.09859275817871,0.3971369448394683,-5.864912509918213,4.050037741815344,4.032112947684864,23.82542621516703,13.60680105106847,9.653588583514155,10.687705569427672,0.3791908428720613,-3.5676623415471393,4.254613607878407,4.229613919392902,360.146484375,58.983637477510555,0.008499130606651306,334.4631652832031,32.75247371491858,-29.06234727986157,143.72638683564153,143.88943795708536,1,0.06355159660363598,0,0.25594784049128877,"{""type"":""MultiPoint"",""coordinates"":[]}"
0000000000000000028d,50,GAMBIR,KEBON KELAPA,3171011005,3.171011005E12,Tidak Diketahui,Kebon Kelapa 01,Tidak diangkat,-,-,1321,Curah hujan tinggi,001,0,2020,1577865600000,-,0,0,16.993779061940426,-8.285891526068564,-16.119924770973032,4.2944939747295905,22.93179116166356,-2.2342050445675876,-9.368114392423685,3.979589620956872,JAKARTA PUSAT,1,0.9950429610046265,0,0.06441510347391806,1209.523820209072,696.0164122691824,382.4850156088664,92.09903660467762,-153.00518789579917,-325.78228174811323,83.27644219392506,186.43232782239963,18,8.508009019867034,2,11.029671897290147,1.0929718612787975,-5.223109843080736,3.1368975535676262,3.0299431604496396,0.7322116474508512,5.300000190734863,2.7578885136150815,0.0,3.1921255588531494,0.6461504403820238,-2.209728956222534,1.5832782650552746,1.5634255766851934,179458.670031,180173.15190861563,14.28170394897461,3.4093438773973057,0.0,10.719868659973145,-0.3955735060543541,-3.902646541595459,2.183699881354581,2.1422806875921356,23.834775798456235,12.864683233039784,10.962168002090033,10.065674606363086,-0.7441729279794689,-2.743137888420833,2.859251167198663,2.8843434860723858,363.52069091796875,18.305018352717997,0.008499431423842907,336.0271644592285,-9.4852372605916,-29.14710746705532,100.34818469414613,100.45427596257888,0,0.0,0,0.0,"{""type"":""MultiPoint"",""coordinates"":[]}"
00000000000000000290,50,GAMBIR,KEBON KELAPA,3171011005,3.171011005E12,Tidak Diketahui,Kebon Kelapa 04,Tidak diangkat,-,-,1324,"1. Curah hujan tinggi;
2. Kiriman anak sungai ciliwung",004,0,2020,1577865600000,-,0,0,2.087496587345746,-11.45639034769149,-17.753116584486392,2.920048321705319,12.511366575553414,-1.8971373180647682,-9.80137661673735,3.8021886818488233,JAKARTA PUSAT,1,0.9116965130113793,0,0.29102793983826,1791.6137256454913,1430.0086477145496,1205.9611502604637,282.64744102714417,108.212874821738,-24.906745868883036,72.71051533172928,143.99695737486172,53,8.601208090545777,2,44.94807417974384,0.7342262031570798,-5.893295292438777,6.197396417358636,6.225410675437299,0.8999740031167505,5.300000190734863,1.5647045911902235,0.0,2.738430976867676,-0.8235584241533129,-2.604907274246216,1.1680924838929974,1.1544108634363406,228577.194735,229593.2939285605,33.69878387451172,5.6405335411412585,0.0,29.415083408355713,1.4073217811664194,-4.775871753692627,5.281712526215978,5.255467585693311,23.83255202152646,12.814071627427412,9.452885462983993,10.598903209671448,-0.45800504559070027,-3.979807563960433,2.791516510349897,2.789851366084636,363.0447082519531,14.947593198205213,0.008499356918036938,339.0205726623535,-7.440063954404369,-26.620317212305963,82.21268290771181,82.98813240278884,1,0.06760425882424724,0,0.2416701742592972,"{""type"":""MultiPoint"",""coordinates"":[]}"
0000000000000000029b,12,SAWAH BESAR,PASAR BARU,3171021001,3.17102100101E12,Tidak Diketahui,Pasar Baru 08,Tidak diangkat,-,-,1349,"1. Intensitas hujan tinggi;
2. Meluapnya air sungai ciiwung;
3. Kurangnya resapan air disekitar wilayah;
4. Sempitnya saluran air di sekitar wilayah",008,0,2020,1577865600000,-,0,0,20.391049012899202,-11.289220766261392,-19.882249974109463,4.51035723150253,17.055113449208513,-5.678580693667024,-14.398939630892048,4.193573745120963,JAKARTA PUSAT,1,0.7485916371014362,0,0.4296403214992015,2435.003422595757,1808.6746743818237,1037.1581193100906,312.47848026204565,64.29146355989064,-168.79980999810527,116.10880703852288,292.6252503215596,48,8.852188960550729,-3,39.85991440798919,0.8006694109450282,-11.27931526390809,5.811718839755301,5.779372841621994,1.0,8.800000190734863,2.2683243800836665,0.0,6.979515075683594,0.33375811949196377,-2.4283595085144043,1.6651864724534775,1.667516796654721,923038.337782,926794.8951409508,36.77738571166992,5.662272857660724,0.0,32.15385913848877,0.7479729391831949,-5.591996192932129,4.7880450947991084,4.782782886828989,23.482642361165567,12.874278463580158,9.40115302175617,10.299449832492614,-0.2747516754773961,-3.854550693412939,2.6074857965046547,2.589530739445028,362.58575439453125,12.37976344587329,0.008499238640069962,337.41908073425293,-6.715816371827127,-26.97248252108693,73.6486339094154,74.95379793892535,1,0.18758902629321916,0,0.38609231059437304,"{""type"":""MultiPoint"",""coordinates"":[]}"
0000000000000000029e,167,SAWAH BESAR,PASAR BARU,3171021001,3.171021001E12,Tidak Diketahui,Pasar Baru 03,Tidak diangkat,-,-,1352,"1. Intensitas hujan tinggi;
2. Meluapnya air sungai ciiwung;
3. Kurangnya resapan air disekitar wilayah;
4. Sempitnya saluran air di sekitar wilayah",003,0,2020,1577865600000,-,0,0,-0.37337645945895137,-9.236472413431219,-17.62215449080893,3.505361887751435,7.064201249295026,-4.133632341776149,-10.43941673086648,3.060476293039183,JAKARTA PUSAT,1,0.8991023717391877,0,0.28529933709058547,1391.4936349159198,1062.1999223122255,724.5275140752155,148.7192250021592,-50.51114403245391,-213.84343087084517,84.60229565964097,169.98798543541085,22,8.400879201874224,0,14.424821683310107,0.8682680687398792,-7.554350927246242,3.7388470250176455,3.7649901179563177,1.0,3.5,2.055292436274434,0.0,1.8534663915634155,0.32525780382083314,-1.843994379043579,0.8930540242612125,0.8800040587212694,132455.106927,133060.7699622268,14.382662773132324,4.0792369679180975,0.0,10.819730997085571,0.46807441784635195,-3.4912683963775635,2.7928059825861755,2.7778628802914764,17.97506570303043,13.40878222037763,10.557282452947,4.952838652911954,0.35841319086713413,-2.5404916897099774,1.8893873820896407,1.8773566909714672,1.5298954248428345,0.22615817237325994,0.008499431423842907,1.385986864566803,-1.8733356943676487,-8.801623322069645,2.867880719905279,0.45931406534041636,1,0.09552765274158308,0,0.27708596128798313,"{""type"":""MultiPoint"",""coordinates"":[]}"
0000000000000000024c,100,SAWAH BESAR,KARTINI,3171021003,3.171021003E12,Tidak Diketahui,Kartini 01,-,-,-,1241,Curah Hujan Tinggi,001,0,2020,1577865600000,-,0,0,3.4451520874439785,-9.162145352844673,-14.816613449661652,3.6304715041955453,9.678661021703178,-2.1722722621619193,-8.449151737213354,3.221761997208327,JAKARTA PUSAT,1,0.9995639534883721,0,0.16216216216216237,875.1549798115764,671.573528976824,463.8312116386399,69.82569268730288,-48.40266684528676,-193.86988902340755,64.44304108789355,96.5392685446625,13,7.883357558139535,2,6.690156918688111,1.499525014099989,-4.723823109842533,2.1854266402423637,2.112434922126391,1.0,1.9000000953674316,0.9574636267714721,0.0,0.9998289346694946,0.049261253149530206,-0.9511554837226868,0.6840651244442997,0.6839227006231354,48023.0847525,48233.37475980434,7.467730522155762,3.0945654046050337,0.0,4.535672664642334,0.13705516992959868,-2.9870445728302,1.7288505391474445,1.7212508822203045,20.11440858032839,12.995661621677076,11.079732571106065,6.947440852929786,-0.23737498347262465,-2.206264662923891,1.9747557801589202,1.943333832198431,0.5609714388847351,0.09547873924961477,0.008499649353325367,0.42388448119163513,-0.05932019059309398,-0.18460239842534065,0.22007461006929327,0.20942253345012438,1,4.360465116279069E-4,0,0.16216216216216217,"{""type"":""MultiPoint"",""coordinates"":[]}"
0000000000000000024d,987,SAWAH BESAR,KARTINI,3171021003,3.171021003E12,Tidak Diketahui,Kartini 02,-,-,-,1242,Curah hujan yang tinggi dan Air Cliliwung meluap,002,0,2020,1577865600000,-,0,0,2.26113101163547,-10.621553895300007,-15.67507677267428,3.121626654102215,8.025956842422254,-3.766027412267837,-12.431050020475848,3.275568776954136,JAKARTA PUSAT,1,0.9842196763696341,0,0.16145661892879587,1037.1581193100906,864.7141718661122,655.95639015131,287.72479898580787,127.28414900837359,-38.45387337282773,83.11798811712788,92.95805097547898,11,7.014576739624661,1,4.736661911555448,0.8209436971076451,-5.00970042795953,1.9722523873924425,2.012080860143325,1.0,2.0,0.9527748408938457,0.0,1.0073894262313843,-0.02497921321637884,-1.1060770750045776,0.5975102784091992,0.5947018748561489,78341.5413547,78653.71621112207,7.605902194976807,2.544998428035409,0.0,4.601175546646118,-0.48952058367758317,-3.0391499996185303,1.5276471676606527,1.530796232585826,16.524273521135466,12.93428249228258,11.668792644027354,3.349072336503477,-0.3209303851109402,-1.626975266071181,1.073946241784874,1.0827131717346232,0.5439721345901489,0.028422064471587828,0.008499624207615852,0.4096328765153885,-0.13583476820343138,-0.18230706732720137,0.09619920806933978,0.09735641618286295,1,0.015156243034814781,0,0.13243211584099399,"{""type"":""MultiPoint"",""coordinates"":[]}"
0000000000000000024e,40,SAWAH BESAR,KARTINI,3171021003,3.171021003E12,Tidak Diketahui,Kartini 03,-,-,-,1243,Saluran air tersumbat serta rendahnya jalan,003,0,2020,1577865600000,-,0,0,-2.756444131014892,-8.55551835857131,-15.365010495131997,2.5181967944934307,6.215218260166376,-3.080211761718308,-9.310003904948253,2.8839239168000814,JAKARTA PUSAT,1,0.9985332568076015,0,0.10975609756097544,1128.550045815337,1019.6136765340616,913.6415294927517,286.89879677499493,219.4513050834248,109.39676575718352,41.67516056000702,54.09496303613511,13,7.370320770359031,3,6.820542082739472,0.9684671592083499,-3.750927246789752,2.159374163222352,2.022663089255187,1.0,2.0999999046325684,0.6414641444837094,0.0,1.0036803483963013,-0.4521386014374458,-1.1729815006256104,0.7517452934865319,0.7645825832533067,54729.5311695,54948.11510880524,5.655066013336182,2.802394420826482,0.9274099469184875,2.56087589263916,-0.3796751209458148,-2.2601075172424316,1.1950305722779258,1.202678600195675,16.485454422576716,13.153608807551592,11.360196607640496,3.3249277545762634,-0.05466234938399339,-1.8727371593323259,1.407797927940017,1.4034082917613788,0.467475563287735,0.08190995545913021,0.008499596267938614,0.33980804681777954,-0.07585632854942072,-0.1749537969008088,0.15013390648153888,0.15463468015193296,0,0.0,0,0.0,"{""type"":""MultiPoint"",""coordinates"":[]}"
0000000000000000024f,20,SAWAH BESAR,KARTINI,3171021003,3.171021003E12,Tidak Diketahui,Kartini 04,-,-,-,1244,Curah Hujan yang tinggi,004,0,2020,1577865600000,-,0,0,2.1742391384578337,-8.392373430894352,-16.607323601514437,3.0603123689128657,6.215218260166376,-3.2590127941406104,-10.038586466628491,2.58213084238128,JAKARTA PUSAT,1,0.9937363759278167,0,0.16706255004308782,1128.550045815337,946.951501294421,742.1299386218238,286.89879677499493,102.29082692758558,-99.85396688719493,98.17852457358403,114.9442046198975,13,7.40034767252559,1,5.7520684736097,0.5885803710393932,-5.5771754636228525,2.024406788459434,2.05056472602073,1.0,2.0,0.7944510710337759,0.0,0.865991473197937,-0.4415346688115861,-1.2348074913024902,0.5410175954389431,0.5455779285694891,126400.938873,126941.71762513259,9.29229736328125,2.889192579073217,0.0,5.801553249359131,-0.5059418434263349,-3.6075780391693115,1.6848432199711563,1.7233931347048468,18.899962411547513,12.987019825301266,11.08264843873465,5.736938925518082,-0.15225707675785669,-2.065402084812945,1.3209572034227988,1.3336385409949674,0.34848251938819885,0.04140911191620269,0.008499552495777607,0.1567963808774948,-0.11723683129085627,-0.18054547533392906,0.06285627365812219,0.0749577393132799,0,0.0,0,0.0,"{""type"":""MultiPoint"",""coordinates"":[]}"
00000000000000000250,375,SAWAH BESAR,KARTINI,3171021003,3.171021003E12,Tidak Diketahui,Kartini 05,-,-,-,1245,Saluran air tidak bisa menampung air hujan,005,0,2020,1577865600000,-,0,0,-3.9969648517544627,-9.295385738061162,-16.492707782808864,2.6068043543720147,3.2328767218411305,-3.9742051308883712,-11.592451883740084,2.519208227122216,JAKARTA PUSAT,1,1.0,1,0.0,1057.6978978086688,871.9039627397096,655.95639015131,97.72724520293957,-34.883131967905385,-189.89351639075733,70.28711365745568,108.49339222580271,12,7.036595417330625,3,4.665905848788001,-0.10855058659952956,-3.8550641940080146,1.8487987936065131,1.884012680615058,1.0,2.8000001907348633,0.8853947188384036,0.40000009536743164,1.4081028699874878,-0.4523496720167143,-0.9422823190689087,0.5184632242989358,0.5330212308394568,63509.0834375,63776.971691849496,11.119087219238281,2.8113729029024315,0.0,7.507117748260498,-0.6477878798239244,-3.574219226837158,1.7424106354343574,1.7575112595106581,17.341819091077497,13.356490267978426,10.67466735882586,4.203546521817362,0.2338826827809966,-2.468866534806832,1.2546862851004619,1.268498566136251,0.09349489957094193,0.033558213940742106,0.008499509654939175,-0.0782914087176323,-0.11890128285451786,-0.16927879583090544,0.02130307251466473,0.025598001729666604,0,0.0,0,0.0,"{""type"":""MultiPoint"",""coordinates"":[]}"
00000000000000000251,849,SAWAH BESAR,KARTINI,3171021003,3.17102100301E12,Tidak Diketahui,Kartini 06,-,-,-,1246,hujan deras,006,0,2020,1577865600000,-,0,0,-4.954769900174631,-9.743461893693029,-13.722563727284122,2.129529542653206,3.2328767218411305,-3.444601856246012,-7.746724438863581,1.996196190599889,JAKARTA PUSAT,1,1.0,1,0.0,1205.9611502604637,1094.986858175318,1020.4286656050078,250.56148939792934,118.73376917760555,35.10492423307312,46.88655151432246,44.7411339147912,13,8.00141489804411,5,5.7520684736097,0.6947042065232,-2.282738944364622,1.6379064659643952,1.6371536607305786,1.0,2.6999998092651367,1.0934332374528302,0.40000009536743164,1.3299285173416138,-0.22743137047482292,-0.9227674007415771,0.5542432799364465,0.5748223888773296,41918.3932514,42049.77139534996,6.566720008850098,2.643922103086313,0.0,3.3131115436553955,-0.6612601060000151,-3.332253932952881,1.6691108684341192,1.652606546212257,15.95552538739574,12.609019498067372,11.321621266022772,2.881598124470999,-0.46834751412573494,-1.7399184528548872,0.9342947395519448,0.9368255052391772,0.03399822488427162,0.01052061886942503,0.008499509654939175,-0.07850059494376183,-0.1054476051374687,-0.11589574255049229,0.006367024273933263,0.004470509203968459,0,0.0,0,0.0,"{""type"":""MultiPoint"",""coordinates"":[]}"
00000000000000000252,448,SAWAH BESAR,KARTINI,3171021003,3.17102100301E12,Tidak Diketahui,Kartini 07,-,-,-,1247,Hujan deras,007,0,2020,1577865600000,-,0,0,-3.1119569492188073,-10.075040102632997,-13.722563727284122,2.3544727295363015,5.454583070775619,-3.741843127764162,-7.746724438863581,2.2010814592382704,JAKARTA PUSAT,1,1.0,1,0.0,1261.7573092267978,1188.3513961818044,1113.1949079327358,272.29288741839457,188.475528594421,97.3565894671492,50.3857490117257,43.99880533528565,9,6.168494290251833,2,1.930099857347206,-1.1509126178896538,-5.491012838801167,1.6864166543027885,1.64946688273209,1.0,2.200000286102295,1.149534960859781,0.40000009536743164,0.866990327835083,-0.14732120980619973,-0.8960912227630615,0.6524877673550357,0.6938292592858465,46135.245153,46350.785802695435,5.247210502624512,2.29860284923831,0.0,1.9232990741729736,-0.9527997620877633,-3.236177444458008,1.1663489670653242,1.1749498013789237,15.95552538739574,12.750993155721057,11.435492932267074,2.873132935360383,-0.354876360889459,-1.657508990986873,1.0785751202364007,1.0790393160081038,0.050997085869312286,0.014426015586138178,0.008499509654939175,-0.056850239634513855,-0.0996689849013282,-0.11445832252502441,0.012714201740621784,0.011984721761541393,0,0.0,0,0.0,"{""type"":""MultiPoint"",""coordinates"":[]}"
00000000000000000253,40,SAWAH BESAR,KARTINI,3171021003,3.17102100301E12,Tidak Diketahui,Kartini 08,-,-,-,1248,Curah Hujan Tinggi,008,0,2020,1577865600000,-,0,0,-4.238369194081893,-10.128349694479828,-12.976700637764523,1.6855651480086444,3.4454817645121882,-4.011709365208843,-7.8205978580096005,2.0736050023820294,JAKARTA PUSAT,1,1.0,1,0.0,1162.3576847727466,1053.2445079944416,798.0053903044136,271.42972332957106,185.04517505671487,3.811404132761254,70.60339380546124,105.29250282593692,10,6.435802848652527,2,2.9064194008564925,-0.4990165703871542,-4.733808844507305,1.8124393849625988,1.937896304104246,1.0,0.7999997138977051,0.3738907154300977,0.0,-0.4464482069015503,-0.7341706932159047,-1.0764336585998535,0.19986548683304559,0.28372493478568694,34094.3853105,34226.90056388808,4.145432949066162,2.1338895546606986,0.0,1.097036361694336,-1.0230354321077475,-3.236177444458008,1.1114045678658309,1.0852076396107835,20.08265954976022,13.732202275855151,11.67224871092317,6.930984852360469,0.6087243802701165,-1.5071651499621304,2.103160847364607,2.1138852052161874,0.5439721345901489,0.13075422670149006,0.008499563671648502,0.41245557367801666,0.007263983244547621,-0.12917123083025217,0.20881881255834792,0.21234772498041105,0,0.0,0,0.0,"{""type"":""MultiPoint"",""coordinates"":[]}"
00000000000000000254,30,SAWAH BESAR,KARTINI,3171021003,3.17102100301E12,Tidak Diketahui,Kartini 09,-,-,-,1249,Curah Hujan Tinggi,009,0,2020,1577865600000,-,0,0,2.26113101163547,-9.498548571099025,-13.1968685007608,2.6512201640520603,6.845273738869803,-5.1027798882207955,-8.36074056472177,2.326340402078849,JAKARTA PUSAT,1,1.0,1,0.0,1049.530224242096,961.2284076888818,855.2624952764933,287.72479898580787,178.43641421355557,64.17324611873846,65.2223426864489,54.747135550637914,10,6.974733517568102,3,3.7566333808849786,0.5975185562937897,-3.445934379457383,1.9463767780132086,1.8616122045152164,1.0,2.0,0.631530393125321,0.0,0.9939229488372803,-0.3780896851601986,-1.1180884838104248,0.7464106313686643,0.7741731257546695,26467.3591073,26589.224133450953,5.655063152313232,3.186551736536614,0.0,2.596060037612915,0.1128452475062482,-3.0391499996185303,1.3350713885717833,1.3245353626541747,16.485454422576716,12.533872496794572,11.365659302909352,3.312424992582951,-0.6933754149040819,-1.8159054469512803,1.1674355709877526,1.165578131442016,0.467475563287735,0.0253735168930523,0.008499613963067532,0.3324213922023773,-0.13078731746055064,-0.17436487786471844,0.09644366295192698,0.09729997979586567,0,0.0,0,0.0,"{""type"":""MultiPoint"",""coordinates"":[]}"
00000000000000000208,113,SAWAH BESAR,GUNUNG SAHARI UTARA,3171021004,3.171021004E12,Tidak Diketahui,Gunung Sahari Utara 02,Tidak diangkat,-,-,1120,"1. Curah hujan tinggi;
2. Dataran rendah",002,0,2020,1577865600000,-,0,0,0.18439708608128727,-11.820530530998235,-19.139256167661742,2.958354498290492,15.884890409206122,-4.539153220082236,-13.880633441062752,4.046558296695028,JAKARTA PUSAT,1,0.9357471171679704,0,0.2599996661322643,1147.455046826599,1037.8723150721232,798.0053903044136,428.6428831913888,326.0120363238832,73.1818782215563,77.52545069458886,83.73893406550374,15,4.541166034997179,-2,11.414265335235628,0.4638332811274969,-6.0114122681880096,2.5752922264300167,2.5371634933170917,1.0,4.400000095367432,1.6826384967492967,0.0,3.0386306047439575,0.23372557709442207,-1.7260770797729492,0.9476595847986472,0.844898634218669,216293.837121,217172.48590712016,11.918478012084961,3.6477260805572125,0.0,8.344182252883911,0.2696557868143194,-3.4491357803344727,2.065191587669689,2.107279961128888,17.654168899647196,12.989846631038105,10.710619992449343,4.437232957472599,-0.33089242241437167,-2.5779287143642318,1.538776304777347,1.538452938952761,0.7564793229103088,0.06719647300371889,0.00849967822432518,0.4242761433124542,-0.23131103390556965,-0.3360905684530735,0.16401666672279214,0.17583609384900833,1,0.05160874123054592,0,0.23567668367574052,"{""type"":""MultiPoint"",""coordinates"":[]}"
0000000000000000020b,269,SAWAH BESAR,GUNUNG SAHARI UTARA,3171021004,3.171021004E12,Tidak Diketahui,Gunung Sahari Utara 04,Tidak diangkat,-,-,1123,"1. Curah hujan tinggi;
2. Dataran rendah",004,0,2020,1577865600000,-,0,0,-1.0255216532700113,-9.485764265049786,-17.393014208819675,3.2612543544213546,5.385751124460513,-4.372000572216045,-12.380219901229719,3.0078840137637384,JAKARTA PUSAT,1,0.9653630095045396,0,0.18146272071217381,880.0578471922215,591.8969259408107,293.3526157307405,104.17337499026985,-155.94153791410724,-410.1522191302433,101.79747622034834,121.98215418037249,14,6.470275019301935,1,7.487018544936311,0.4270300928658923,-5.157203994293358,2.2548258107019388,2.40618794864717,1.0,1.8000001907348633,0.7502782773465028,0.0,0.24830257892608643,-0.637326857266165,-1.6495863199234009,0.5892211324193024,0.6199504626349452,131068.810605,131592.34959196192,9.29229736328125,2.7439205288150714,0.0,5.801553249359131,-1.0880089747979047,-3.6831066608428955,1.5899581693479459,1.5256593459211303,18.899962411547513,12.967397836021128,11.312221506225,5.736938925518082,-0.17105215429984108,-1.8243007317627757,1.2626200420514218,1.2704080675847895,1.750883936882019,0.038807797491275116,0.008499563671648502,1.5256585627794266,-0.18008360425740033,-0.2546625817194581,0.15051245205453462,0.14624914527015398,0,0.0,0,0.0,"{""type"":""MultiPoint"",""coordinates"":[]}"
0000000000000000020c,214,SAWAH BESAR,GUNUNG SAHARI UTARA,3171021004,3.171021004E12,Tidak Diketahui,Gunung Sahari Utara 05,Tidak aktif,-,-,1124,"1. Curah hujan tinggi;
2. Dataran rendah",005,0,2020,1577865600000,-,0,0,5.6815518454740905,-10.125854475888215,-17.62215449080893,3.618587267418247,8.52934869242953,-4.797179580833791,-11.821435539459237,3.6190367854502252,JAKARTA PUSAT,1,0.9200756680066209,0,0.261891400439462,798.0053903044136,521.188146080243,278.29872698318394,-80.34890309365846,-267.9430941423014,-431.59537314695916,79.70397523194788,126.78258317989845,19,7.8111094391538956,0,12.12353780313892,1.333934524445442,-6.250499286732733,3.78667307923723,3.956941492357058,1.0,3.1999998092651367,1.0580903086105387,0.0,1.455263614654541,-0.553640394401575,-1.8111555576324463,1.014826092913432,1.0321623886329108,162316.531025,162924.48729642792,12.801006317138672,4.203360897221522,0.0,9.183738231658936,0.4831401577842839,-3.8037943840026855,2.653840501288104,2.6121320567277206,18.422965296627915,13.806879446535648,10.529631586330208,5.283503275046266,0.680207446720599,-2.5656471644093504,2.3863643785973427,2.3943433854273457,1.750883936882019,0.5257078634765641,0.008499491959810257,1.5256585627794266,0.34136024028211437,-0.21467670798301697,0.7148918843466222,0.7147812193641014,1,0.04604570175627162,0,0.19982631347136331,"{""type"":""MultiPoint"",""coordinates"":[]}"
00000000000000000256,-,SAWAH BESAR,MANGGA DUA SELATAN,3171021005,3.171021005E12,Tidak Diketahui,Mangga Dua Selatan 02,Tidak aktif,-,-,1251,"curah hujan tinggi, saluran air tidak berfungsi",002,0,2020,1577865600000,-,0,0,-6.765844722705701,-11.673341637010857,-13.96727099696707,1.546137663336457,0.5279878881258198,-4.185703729589369,-7.822907820835108,1.8202646666546818,JAKARTA PUSAT,1,1.0,1,0.0,131.191278030262,68.55815633847885,0.0,-362.75100307231605,-460.5330136257821,-571.4342140814748,55.78299995365924,48.12195437229576,7,5.388984353803022,2,0.619400855920639,-1.018405959418414,-4.318116975748403,1.3370378025693672,1.3819554831542165,1.0,2.000000238418579,0.4949082596625257,0.0,0.35286760330200195,-0.9993129447149719,-1.7768616676330566,0.6002957888698045,0.6368859241802657,38597.2408924,38778.38143716153,4.636961460113525,1.7873254602572315,0.0,1.2486159801483154,-1.4616889075688666,-3.4107842445373535,1.0332346811703053,1.0125772765130505,21.84993288378409,15.024916370667283,11.559774321539711,8.530517470454791,1.6295444655417346,-1.811552343836155,2.861799989565786,2.8402416260397616,3.127855062484741,1.0898933291348991,0.008499706164002419,2.5803304612636566,-1.7055285419479387,-6.408070440404117,2.6644711130557748,1.390715835978453,0,0.0,0,0.0,"{""type"":""MultiPoint"",""coordinates"":[]}"
00000000000000000257,62,SAWAH BESAR,MANGGA DUA SELATAN,3171021005,3.171021005E12,Tidak Diketahui,Mangga Dua Selatan 03,Tidak diangkat,-,-,1252,curah hujan tinggi,003,0,2020,1577865600000,-,0,0,-6.945403600420972,-10.89523352931227,-14.484596739000386,1.9256518597890582,2.0719489981560075,-2.70468725213631,-7.032899634255453,2.212238454103909,JAKARTA PUSAT,1,1.0,1,0.0,293.3526157307405,134.7529996739931,0.0,-311.80489361573933,-440.4885656604243,-571.4342140814748,55.793293574087116,61.386248711747264,8,4.756932275023194,1,1.4493580599149603,-1.776938330547906,-5.418830242510158,1.429758174243,1.4406400615636954,1.0,2.200000047683716,1.0573137049551613,0.0,0.7312695980072021,-0.4235219104353172,-1.4849928617477417,0.8958724430536135,1.001367447000273,33845.6409893,33967.23559663175,5.24714469909668,2.5867693343183182,0.9274099469184875,2.013667583465576,-0.6754070475978614,-2.478987395763397,1.1510439011251783,1.10138017950717,18.844593028746498,13.206591975126349,11.435529539757743,5.326640473058703,-0.2916578699177728,-2.089711379844273,2.2603873619785486,2.2588963474644563,2.5243723392486572,0.42037873351139105,0.008499706164002419,-2.0061018466949463,-7.820182712554723,-11.881894662976265,2.737092438551212,0.9768988118008526,0,0.0,0,0.0,"{""type"":""MultiPoint"",""coordinates"":[]}"
00000000000000000259,-,SAWAH BESAR,MANGGA DUA SELATAN,3171021005,3.171021005E12,Tidak Diketahui,Mangga Dua Selatan 05,sudah cukup baik,-,-,1254,curah hujan intensitas lebat dan ekstrim,005,0,2020,1577865600000,tidak ada genangan,0,0,-4.201049454294923,-11.560030121624544,-14.18870277949015,1.9948621783310785,0.13220036448633163,-3.967533237137737,-7.898804308839935,2.047071582680035,JAKARTA PUSAT,1,1.0,1,0.0,262.382556060524,144.88795714596435,92.76624232772798,-304.58171195529684,-377.0476086483591,-437.3391177795567,38.615681350674855,49.37987988365038,8,6.062954602457988,2,1.6610556348079486,-0.36084285339568917,-4.318116975748403,1.4176305216752443,1.4670868242881878,1.0,2.200000047683716,1.2332582364322726,0.0,0.620627760887146,-0.46533777847127383,-1.7970043420791626,1.003488712953989,0.9656604805850623,13891.0648444,13947.356346511684,5.654966354370117,2.100794313304969,0.0,2.262955665588379,-1.30412184369872,-3.4107842445373535,1.4077251672693976,1.402969073928421,19.07935725251942,14.851083483852618,11.559774321539711,5.70854463305003,1.4024553034673257,-1.811552343836155,2.4985926711743938,2.469437105688435,3.2468514442443848,0.9474025373149719,0.008499732241034508,2.0135791301727295,-5.564193710922804,-11.037191707640886,3.842383144515858,1.454483128502669,0,0.0,0,0.0,"{""type"":""MultiPoint"",""coordinates"":[]}"
0000000000000000025b,70,SAWAH BESAR,MANGGA DUA SELATAN,3171021005,3.17102100501E12,Tidak Diketahui,Mangga Dua Selatan 08,Tidak diangkat,-,-,1256,curah hujan sangat tinggi,008,0,2020,1577865600000,-,0,0,4.874911432729144,-8.825014542030297,-14.758924484171445,3.4946983192882195,8.795608593956706,-2.8425280745824097,-8.900528638658217,3.5135607384642307,JAKARTA PUSAT,1,0.9983868927125507,0,0.10814004072483467,463.8312116386399,145.57774412532277,0.0,-63.39552464997365,-365.98010022727027,-552.6667078017327,112.873135646439,114.96112840202947,11,5.342263410931174,1,4.82025677603477,-0.8976030663246128,-5.286447931525863,2.0286996101283132,1.9930378453371944,1.0,1.8999998569488525,0.3611273302768285,0.0,0.3399714231491089,-1.0311646685796045,-1.7985734939575195,0.5304618063704091,0.5192637488762962,110353.156345,110787.6298542598,7.4362993240356445,2.2974207778894886,0.0,4.224108695983887,-0.8545508361289553,-3.3786346912384033,1.5037355599631512,1.49906447575448,21.84993288378409,14.663762362314417,11.08400808557436,8.530517470454791,1.3083140831287687,-2.2823290165224552,2.5748786960251304,2.565269910287697,3.127855062484741,0.6719488132153405,0.008499713614583015,2.809061199426651,0.29668557519315375,-2.6545270774513483,1.1682746773019272,1.171010730508908,1,9.48886639676113E-5,0,0.07669515619417586,"{""type"":""MultiPoint"",""coordinates"":[]}"
0000000000000000025d,3,SAWAH BESAR,MANGGA DUA SELATAN,3171021005,3.17102100501E12,Tidak Diketahui,Mangga Dua Selatan 09,Tidak diangkat,-,-,1258,curah hujan intensitas lebat dan ekstrim,009,0,2020,1577865600000,-,0,0,-1.8948662669305127,-9.991977868877582,-13.978457755892396,2.5952359027563876,5.661519588069293,-3.2632470561611835,-8.153030545772019,2.4224231131665186,JAKARTA PUSAT,1,0.9732580961727184,0,0.3027019790651292,499.5615034733919,400.4500479457589,293.3526157307405,-70.41803824897323,-159.22584397916816,-259.8706422615807,62.64340109934387,64.40743862875081,9,6.66658488714426,3,3.1694721825968157,0.7567175519625992,-3.168901569186337,1.6466557168437597,1.5978431943725224,1.0,1.5,0.4824092955537821,0.0,0.3790299892425537,-0.6088107583333279,-1.127218246459961,0.42895051528263034,0.43518710387711534,28401.5572991,28544.470334115813,4.719645023345947,2.581454419199162,0.0,1.8045036792755127,-0.3162983372017844,-2.8679566383361816,1.0998575415153777,1.1090000358637142,15.955543028490945,12.96981830855487,11.559766777316788,2.5445494341583554,-0.4197041736218962,-1.8356476663097592,1.0074567377085353,1.0019855626471594,0.11049593240022659,0.03000751370838291,0.008499706164002419,-0.1020960733294487,-0.18154288616106354,-0.2158342283219099,0.03542841099031765,0.037031802050346244,1,0.026741903827281654,0,0.3027019790651291,"{""type"":""MultiPoint"",""coordinates"":[]}"
000000000000000002b5,120,SAWAH BESAR,MANGGA DUA SELATAN,3171021005,3.17102100501E12,Tidak Diketahui,Mangga Dua Selatan 07,-,-,-,1424,-,007,0,2012,1325404800000,-,0,0,-1.9407809908754377,-11.424606385448044,-18.120439623270073,3.018006598938499,10.68524001552208,-1.2663127889373995,-9.532222059068703,3.681172773281818,JAKARTA PUSAT,1,0.9540633543886113,0,0.2188895466135808,586.705231461481,284.28426367478045,92.76624232772798,-15.752768152770841,-216.25809040570482,-393.8404845378464,89.35754060031834,104.3439120214743,14,5.450056566418403,-1,8.03052781740421,-0.605836441280488,-7.114122681882493,2.981811880994514,2.932868395817696,1.0,6.0,1.6106462841592724,0.0,3.918117046356201,-0.18781869298743956,-1.9132096767425537,1.2229044273642697,1.2827847059987016,147961.899949,148612.8577364378,6.756767272949219,3.0039308106496354,0.0,3.4613969326019287,-0.35783300001676094,-3.306304931640625,1.5308541653634626,1.5141372735256962,19.116695506811126,13.261079390974144,11.180829035395373,5.73692603689377,-0.10373788364397016,-2.168162850926464,1.75969354717588,1.7784837329620966,3.2468514442443848,0.18757908669159196,0.008499746210873127,2.8084379136562347,-1.8666444589823408,-10.471456866711378,2.931164484805302,0.8185670375524992,1,0.032549259922692565,0,0.18801744524696512,"{""type"":""MultiPoint"",""coordinates"":[]}"
00000000000000000292,750,KEMAYORAN,KEMAYORAN,3171031001,3.17103100101E12,Tidak Diketahui,Kemayoran 07,-,-,-,1338,Terendam bankir dan saluran kurang lancar,007,0,2020,1577865600000,-,0,0,-3.287228551465791,-10.558912498257342,-14.793598926544824,2.191269490486172,1.7819638578508492,-5.722132712678174,-9.996035393684725,1.736373915652379,JAKARTA PUSAT,1,0.9923537803138373,0,0.14430489325798446,1244.5897431721087,1054.8644467474155,798.0053903044136,-64.43325473334312,-123.81947794694518,-199.9334819300965,28.414155674807308,116.78952040448029,11,6.984422253922973,4,5.172895863053273,0.8668775195822737,-2.257346647645738,1.2502893185137793,1.2274217107962508,1.0,3.9000000953674316,2.867138443346882,0.3000001907348633,2.3488731384277344,1.2843361078145334,-1.2455062866210938,1.0937423580258507,1.1219571717935903,61123.3915948,61370.22382850704,5.247225761413574,1.9782583303492354,0.0,1.7635197639465332,-1.3953024188598113,-3.5410609245300293,1.2457487705293735,1.19523062690847,17.054122518352518,13.111603982302166,11.435484090970238,3.801641501574208,-0.16963894512768396,-1.798262828560663,1.0595819735497152,1.0521008431388554,0.05099664628505707,0.015395971109370542,0.008499406278133392,-0.25215835869312286,-0.3018226892738132,-0.33057495299726725,0.015635491135458104,0.00978579234602898,1,0.007646219686162628,0,0.14430489325798443,"{""type"":""MultiPoint"",""coordinates"":[]}"
00000000000000000293,450,KEMAYORAN,KEMAYORAN,3171031001,3.171031001E12,Tidak Diketahui,Kemayoran 01,-,-,-,1339,"Lokasi rendah dan cekung, luapan anak kali ciliwung",001,0,2020,1577865600000,-,0,0,-2.981403125583622,-9.61046749065134,-14.492304091673681,2.423570119766341,3.705589358679733,-4.470135945143685,-8.847690669399654,2.306877734263116,JAKARTA PUSAT,1,0.9995980101502437,0,0.09534224628819535,1487.155996831178,1148.5179520737784,840.0340520953622,-56.132930323370374,-122.39879604539435,-186.9047786764736,32.9617164735679,185.03520339760968,14,8.199738706597662,3,6.6111269614841355,0.7562194488974107,-4.584022824535836,2.394511246434399,2.3693182317051984,1.0,4.400000095367432,2.177136908559415,0.5,2.7174322605133057,0.43649128732187215,-1.1150357723236084,1.143867199866666,1.1784488809567915,69440.5759472,69725.24067197843,6.757055282592773,2.5962347068455247,0.0,3.0184686183929443,-1.1053929289473543,-3.8444533348083496,1.4171430334949142,1.42678198295167,17.054113752342314,12.476528711464026,11.180740211853628,4.094714069469015,-0.5769968830693134,-1.8773186845232264,0.9745077996008539,0.9732138048428637,0.042496804147958755,0.009782356601750367,0.008499367162585258,-0.05904124304652214,-0.10438454581379576,-0.1372268470004201,0.015421896484791475,0.0069165782227759345,1,4.019898497562937E-4,0,0.09534224628819508,"{""type"":""MultiPoint"",""coordinates"":[]}"
00000000000000000294,350,KEMAYORAN,KEMAYORAN,3171031001,3.171031001E12,Tidak Diketahui,Kemayoran 02,-,-,-,1341,"Lokasi rendah dan cekung, Hujan deras",002,0,2020,1577865600000,-,0,0,-0.751873764398936,-10.465531885660292,-14.939898775441725,2.02258446426199,1.611027502369068,-4.520640185816172,-9.827997957126485,2.280847243937128,JAKARTA PUSAT,1,0.9885506465517241,0,0.09128386967395155,1495.8107119745314,1135.4819934014824,834.8961809495518,-54.04459806654995,-124.33240529686412,-183.85230083257863,33.49529324340753,203.1422023140006,12,7.128367456896553,3,5.100142653352914,-0.08784949815070724,-4.584022824535836,1.7825447481981012,1.7417068722653253,1.0,4.400000095367432,2.594665954788697,0.0,2.738174080848694,0.9222081915646706,-1.5374038219451904,1.512575757472808,1.5681483544250365,77717.3488107,78028.85615259984,6.54877233505249,2.586556952377118,0.0,2.9945571422576904,-1.017415046590199,-3.81230092048645,1.4068968925583236,1.4074387940310686,17.564939434548627,12.870968177140686,11.26328214025846,4.571132483976482,-0.22954422529310234,-1.9204022817039927,1.1387807402515535,1.1325257102313468,0.220982626080513,0.019522421897891457,0.008499367162585258,0.027581989765167236,-0.11031626942395245,-0.15542397648096085,0.03248394376019126,0.03790759274336256,1,0.011449353448275862,0,0.0912838696739514,"{""type"":""MultiPoint"",""coordinates"":[]}"
00000000000000000295,500,KEMAYORAN,KEMAYORAN,3171031001,3.171031001E12,Tidak Diketahui,Kemayoran 03,-,-,-,1342,"Lokasi rendah dan cekung, Hujan deras",003,0,2020,1577865600000,-,0,0,-0.751873764398936,-9.944526821632651,-13.291748557737545,1.8832372543736373,4.178976352342714,-4.03787196775842,-7.302360003080506,1.9254319809822824,JAKARTA PUSAT,1,0.9877167630057804,0,0.09758549581819431,1529.9400624354655,1340.1188001458597,1117.0534807085016,-48.46418891674284,-100.56023598373817,-157.09919378355767,27.91973786991148,115.63777472198375,9,6.486030828516374,3,1.8228245363771256,-0.7068707654075463,-4.061340941511608,1.322010173704189,1.3570983664905667,1.0,4.0,0.5879769139896234,0.0,2.3811981678009033,-0.9285088582190467,-1.5374038219451904,0.43836483457120884,0.4641592432106484,72401.4609272,72714.35228122093,5.624460697174072,2.0717812805707503,0.0,2.3806517124176025,-1.3138203532623411,-3.4312565326690674,1.1585462135148288,1.1582304752423072,19.762163300860692,13.972004984259085,11.365629497881345,6.536827395711628,0.7580354982104378,-1.926633887811244,1.7123869981368895,1.7237682323356498,0.3909703195095062,0.08792539397214207,0.008499367162585258,0.1493173986673355,-0.13925644749392405,-0.28436372336000204,0.11935160328535564,0.12066765767557625,1,0.012283236994219647,0,0.09758549581819442,"{""type"":""MultiPoint"",""coordinates"":[]}"
00000000000000000296,200,KEMAYORAN,KEMAYORAN,3171031001,3.171031001E12,Tidak Diketahui,Kemayoran 04,-,-,-,1343,"Lokasi rendah dan cekung, Hujan deras",004,0,2020,1577865600000,-,0,0,-1.0418411631484215,-9.283372973946035,-13.722348683086448,2.1865941074852815,3.302715379243395,-4.332023601555248,-9.965276347680138,2.252850344219168,JAKARTA PUSAT,1,1.0,1,0.0,1147.455046826599,986.4579231272479,764.9700312177328,-91.29585288721046,-140.21931514221052,-204.61422013336926,27.03959809906359,104.4122269356142,11,6.55081195845527,3,4.7537803138379005,-0.19958637321950617,-3.6767475035657835,1.8219318003398297,1.7666551932670636,1.0,4.300000190734863,3.093751136835385,0.8000001907348633,2.6527533531188965,1.4294691408344724,-0.8027102947235107,1.1974659126717786,1.2235475420536244,60782.747703,61062.93583753359,6.54877233505249,2.6126098712401644,0.0,2.9945571422576904,-0.8941826498494089,-3.562281847000122,1.3291873682949653,1.341065006682994,17.0541197424576,12.976161865481723,11.486800724127074,3.9408022738826958,-0.1987448070476093,-1.6873573342037087,1.1527764313717017,1.1548129590433254,0.15298984944820404,0.027948565023157686,0.008499406278133392,-0.015799999237060547,-0.15614403294832369,-0.23905394319444895,0.06261059530243958,0.04281648837756411,0,0.0,0,0.0,"{""type"":""MultiPoint"",""coordinates"":[]}"
00000000000000000297,234,KEMAYORAN,KEMAYORAN,3171031001,3.171031001E12,Tidak Diketahui,Kemayoran 05,-,-,-,1344,"Curah hujan, saluran kurang lancar",005,0,2020,1577865600000,-,0,0,-3.7362384120755694,-10.18643887668282,-13.66102789073157,1.9851910284752665,-0.36789135835232656,-5.549609222789223,-9.53904142787853,1.859459011167725,JAKARTA PUSAT,1,1.0,1,0.0,1120.898770843552,949.0033800152894,764.9700312177328,-80.94242473945928,-140.40209275527832,-204.61422013336926,29.23236408548992,88.65173806708299,12,8.246008279124778,4,5.897860199715214,1.9942637961281746,-1.9352353780308844,1.6104955499524856,1.6232207717395404,1.0,4.300000190734863,3.645449811944324,1.0999999046325684,2.6742939949035645,2.026722748392835,-0.5010843276977539,0.8963536743492491,0.8966740703797391,53081.1832962,53311.50647654142,6.22611665725708,2.3690907133221666,0.0,2.545454263687134,-1.1372756310499044,-3.4996018409729004,1.232497023185397,1.288971956411821,15.955509827910623,12.582246204457176,11.541981227575075,2.7015117503672013,-0.6610194245730481,-1.6917500746098852,0.8208741230896903,0.8273172168168597,0.15298984944820404,0.01276786455043638,0.008499420247972012,-0.0655849277973175,-0.2631280040921026,-0.2948838109150529,0.0312937199429618,0.020114432282650054,0,0.0,0,0.0,"{""type"":""MultiPoint"",""coordinates"":[]}"
00000000000000000298,520,KEMAYORAN,KEMAYORAN,3171031001,3.17103100101E12,Tidak Diketahui,Kemayoran 08,-,-,-,1346,Terendam bankir dan saluran kurang lancar,008,0,2020,1577865600000,-,0,0,-1.109719579755601,-10.313074977055397,-15.21609852761523,1.9564074050546167,6.577316496735257,-4.694224761318649,-10.896879451609017,2.5492132750766165,JAKARTA PUSAT,1,1.0,1,0.0,1187.987549328488,1041.6805340911656,855.2624952764933,-56.34471287620295,-116.02577119588855,-186.08943882803203,28.154128083191544,91.10955867330892,11,6.003571235322766,2,5.231098430813619,0.158533748004481,-3.6767475035658466,1.8760096830899178,1.920173422434084,1.0,3.5999999046325684,2.721725101872418,1.9000000953674316,1.9936089515686035,1.0529101930405886,0.15112698078155518,0.5664211701941176,0.5338773143855791,64524.9913798,64778.795013101146,7.4777069091796875,2.594445905568802,0.0,3.7785818576812744,-1.00694350340712,-3.84710693359375,1.281159472658866,1.3266989143224122,17.341807366691512,13.044564385600536,11.078358272578635,4.128122407808782,-0.2057523681794089,-2.1467055340773804,1.1407532064724248,1.1457531452585197,0.09349386394023895,0.024365127239432547,0.008499431423842907,-0.26765279471874237,-0.3232898290598298,-0.368362202309072,0.023376134017652164,0.022453906752533854,0,0.0,0,0.0,"{""type"":""MultiPoint"",""coordinates"":[]}"
00000000000000000299,296,KEMAYORAN,KEMAYORAN,3171031001,3.17103100101E12,Tidak Diketahui,Kemayoran 09,-,-,-,1347,"Curah hujan yang tinggi, saluran kurang lancar",009,0,2020,1577865600000,-,0,0,-0.2157332801422856,-10.917250532169684,-14.757836470775331,2.199437487300026,3.429082434705028,-4.598992139520062,-8.840811583121265,2.155505556513229,JAKARTA PUSAT,1,1.0,1,0.0,1585.1902437742829,1410.9101011404537,1261.7573092267978,-41.42939440730834,-92.72128044438176,-143.74185772489977,26.395876823949468,93.07288462098187,13,7.314980882864094,3,6.5674750356638265,0.5077693567514084,-4.004279600570095,2.3789089628283087,2.266150037525947,1.0,1.9000000953674316,0.8817658067702586,0.0,0.453466534614563,-0.5556751584194582,-1.441398024559021,0.4615418829671291,0.46749644598286777,50171.4584062,50334.9529217441,6.684700965881348,3.146614648419865,0.0,3.882795810699463,0.14250091662786465,-3.268120050430298,1.6300697267202937,1.570422798909865,19.784142205885544,12.599391018211588,11.266752195759345,6.498186631384462,-0.7640686060713302,-2.080216541975018,1.7241840360083012,1.7033705347858221,0.39946967363357544,0.047992289024296746,0.008499367162585258,0.12606874108314514,-0.2576598807040901,-0.3242307370528579,0.12962362399592042,0.12307709187768705,0,0.0,0,0.0,"{""type"":""MultiPoint"",""coordinates"":[]}"
00000000000000000291,720,KEMAYORAN,KEBON KOSONG,3171031002,3.171031002E12,Tidak Diketahui,Kebon Kosong 01,-,-,-,1325,Curah yang tinggi,001,0,2020,1577865600000,-,0,0,-3.90331431347301,-10.43374936618279,-13.502224469330887,1.8335427406647782,-0.8251373242783648,-5.417597651959983,-7.982842676206865,1.6791324689065645,JAKARTA PUSAT,1,0.9674512688488416,0,0.1766846959694085,1596.0107806088272,1430.1694663554679,1261.7573092267978,-36.408087828802536,-91.89802992495078,-145.79491358403357,25.977843754954037,82.62351287369934,9,5.76783744023538,3,3.0447931526395706,-0.3795768562637936,-3.3255349500708062,1.4375460227839867,1.377781927048529,1.0,1.5999999046325684,0.5135897058211252,0.0,0.06313824653625488,-0.9837366697344541,-1.4695292711257935,0.5041884607805414,0.5403802911044405,38001.2369804,38109.75479405527,5.006972312927246,1.9487135949304495,0.0,2.352708578109741,-0.8231107519419586,-2.782149076461792,1.1474588780083324,1.120280224516362,18.52045568740474,14.288966013987647,11.482595399414514,5.046618494219519,0.8040381561563348,-2.001846458940479,2.2382691846192797,2.2539318320551334,1.946332335472107,0.42963613776201337,0.008499392308294773,1.5726512968540192,0.04855315048963792,-0.3848019475117326,0.7509893108742961,0.7521324393539474,0,0.0,0,0.0,"{""type"":""MultiPoint"",""coordinates"":[]}"
000000000000000002b6,665,KEMAYORAN,KEBON KOSONG,3171031002,3.17103100201E12,Tidak Diketahui,Kebon Kosong 06,"1. Air kali item masuk;
2. Pompa Kapasitas rendah",-,-,1425,"1. Sheet pile turap berongga, saluran rusak parah;
2. wilayah lebih rendah dari saluran utama;
3. Saluran rusak parah, saluran utama penuh",006,0,2020,1577865600000,-,0,0,7.0022374119103254,-11.136721754532013,-17.830718040509012,3.5202573005645377,13.327654757180854,-4.4583064936404755,-13.262763767838395,3.730717133883762,JAKARTA PUSAT,1,0.9192016604121682,0,0.27352183275488523,1620.0927730411177,1318.2926564311158,968.5080035813519,16.487393181441576,-91.68097572271272,-182.45927365138982,40.307798359250896,164.0828063385775,19,4.1573617895553365,-4,14.506990014265693,-0.577439201406413,-9.077318116975322,3.478654733146926,3.4210239587277176,1.0,4.599999904632568,1.1812786224885627,0.0,2.6263906955718994,-0.7117368492700964,-1.925135612487793,1.0345164488343097,1.067125878889039,166358.421122,167168.07927301055,17.7784423828125,4.031989614879412,0.0,13.44376802444458,0.2937194678305521,-3.897927761077881,2.8879066518980903,2.9642609320553306,22.741064530261717,13.192565544735285,10.305211743816912,9.305705251789671,-0.119702697040844,-2.794029825114672,2.477393488208622,2.5590657790908016,7.8702287673950195,0.9582678785069598,0.008499491959810257,5.766792416572571,-1.0628704266652853,-4.907085537910461,2.4204364669674203,2.675286638500285,1,0.07048365793832158,0,0.24358857617547097,"{""type"":""MultiPoint"",""coordinates"":[]}"
00000000000000000239,700,KEMAYORAN,HARAPAN MULIA,3171031003,3.17103100301E12,Tidak Diketahui,Harapan Mulia 07,-,-,-,1208,"1. Saluran kecil;
2. Kurang dalam; dan
3. Banyak lumpur mengendap",007,0,2020,1577865600000,-,0,0,-10.830919367530168,-13.550613978050375,-16.431947220992523,1.0676590355305953,1.7638129296498866,-2.8362283501413,-6.725839321111494,1.972175869884176,JAKARTA PUSAT,1,1.0,1,0.0,2506.4058475021416,2331.1924246164413,2189.361932982521,88.55587734684741,10.106375098515201,-54.26796967384962,35.19787861856305,72.28096261548387,9,5.99934719761261,3,2.2077032810276647,-0.7914320983739735,-3.6091298145500765,1.3969614055262471,1.3960176462355243,1.0,2.1999998092651367,1.6420593718411618,1.200000286102295,0.7789440155029297,0.22014378246215588,-0.22813105583190918,0.24828205105237436,0.24663195024225373,37484.3972885,37594.52941142127,4.64456033706665,2.3975225688805724,0.0,2.3838913440704346,0.1215306103790939,-2.309129476547241,1.2284986526261226,1.228902885411667,18.89993417586519,13.847657986534227,11.558080080589091,5.126063386694289,0.11408629840520239,-2.2073727143141824,1.5100572084801684,1.5229141416150007,0.2974761724472046,0.06300580163273423,0.008499338291585445,-0.19825699925422668,-0.4058994530112761,-0.4998690942302346,0.06801379939628735,0.07763941992648968,0,0.0,0,0.0,"{""type"":""MultiPoint"",""coordinates"":[]}"
0000000000000000023a,250,KEMAYORAN,HARAPAN MULIA,3171031003,3.17103100301E12,Tidak Diketahui,Harapan Mulia 08,-,-,-,1209,Kebanjiran,008,0,2020,1577865600000,-,0,0,-2.041538785878371,-11.71866193247311,-15.559651695843089,2.387154375518641,5.626568227250081,-3.882674166400531,-7.411238295617981,2.101782076113547,JAKARTA PUSAT,1,1.0,1,0.0,2623.82556060524,2415.147388084951,2165.6497327605125,86.82457992325499,-1.4890239696297225,-81.49716967332643,36.94590028820042,103.08689324821019,11,6.864376341987114,3,3.921825962910704,-0.38162312950154126,-4.391440798858184,1.4657797977481544,1.4881381491261128,1.0,3.500000476837158,2.450283246372631,1.3000001907348633,1.9356352090835571,0.9661733768797468,-0.13954341411590576,0.424360081085791,0.4562949246807302,89395.8080636,89708.70185707884,6.50221586227417,2.3942899969832716,0.0,4.144125461578369,0.08003397033755816,-2.335860252380371,1.291741791269517,1.2960393847534406,18.845866549611102,13.701671312852968,11.312182252190219,5.092554238881741,-0.017519051660895627,-2.4123400500538708,1.6577553092938933,1.6638299459550214,0.15298746526241302,0.05038829049029703,0.008499305695295334,-0.2927694469690323,-0.4111296518651794,-0.4998690942302346,0.05986775200577988,0.04847960681092309,0,0.0,0,0.0,"{""type"":""MultiPoint"",""coordinates"":[]}"
0000000000000000023b,149,KEMAYORAN,HARAPAN MULIA,3171031003,3.17103100301E12,Tidak Diketahui,Harapan Mulia 09,,-,-,1210,"1. Drainase kurang lancar;
2. Ada penyumbatan di daerah kelurahan cempaka baru yang menyebabkan dampak di wilayah RW 09",009,0,2020,1577865600000,-,0,0,-2.5900539982311006,-12.223357384543183,-15.101626691276971,2.0414797863766903,1.8703679293936215,-3.694607065704096,-7.171884121828017,1.8493857724593032,JAKARTA PUSAT,1,1.0,1,0.0,2365.0843991588094,2141.8998928147134,1972.237364886451,42.64192446952984,-40.12678507091552,-104.94056726396366,31.785433110243623,98.7999346662033,10,7.3606620035928625,3,3.5047075606282183,0.717343780730419,-3.944365192581458,1.651105017417581,1.6680250874335467,1.0,2.6999998092651367,2.0885640598786006,1.0,1.3029098510742188,0.6809737386768372,-0.40776050090789795,0.3788456833637858,0.3749279675419671,91394.9558609,91774.2729431239,6.226160526275635,2.2131961878343978,0.0,3.903856039047241,-0.14052305124323883,-2.386195182800293,1.4005304296684056,1.401683723279732,15.95550226722834,12.989275989361495,11.373678702567965,2.310451758803861,-0.6807124784156374,-2.328846868677781,1.0876827518115582,1.0891506871421603,0.15298746526241302,0.02302649560129684,0.008499338291585445,-0.25071774423122406,-0.39016823739246104,-0.4380169976502657,0.0482930988372908,0.039331903703664454,0,0.0,0,0.0,"{""type"":""MultiPoint"",""coordinates"":[]}"
00000000000000000245,1058,KEMAYORAN,SERDANG,3171031004,3.171031004E12,Tidak Diketahui,Serdang 01,-,-,-,1221,"1. Curah hujan sangat tinggi;
2. Kali hitam tidak mampu menampung debit air; dan
3. berkurangnya tanah resapan",001,0,2020,1577865600000,-,0,0,0.07806947090141844,-11.357090301097053,-15.741304485337356,2.2385155921270847,0.4494024295253344,-4.8054957505957505,-10.291160277114072,1.8863578351588712,JAKARTA PUSAT,1,1.0,1,0.0,2092.901822648123,1928.9267216665091,1672.3672167237055,335.367789903597,172.7665373710177,38.74461044326404,66.1604745538019,91.36924755954244,11,5.349657415301065,2,5.896718972896262,0.42979085390756416,-3.042225392296322,1.420572344335226,1.4559219198970221,1.0,4.900000095367432,2.972167070421376,0.0,3.0368616580963135,1.0151582432969084,-2.0209131240844727,1.5565297307815813,1.5498172685992453,110460.91677,110913.49217934825,6.724159240722656,2.229089806201517,0.0,3.787463665008545,-1.0012284718718072,-3.6089468002319336,1.3095234103530116,1.1959306303055859,22.18885613785648,13.864503756634646,11.406544238178222,8.451782058759592,0.22011100745848364,-2.3377832821719746,2.3586198201398396,2.3410633727442454,99.41658020019531,3.0581654142362535,0.008499491959810257,92.71728897094727,-2.910386285147457,-6.676662038080394,17.429256275205763,17.57414621072417,0,0.0,0,0.0,"{""type"":""MultiPoint"",""coordinates"":[]}"
00000000000000000246,1256,KEMAYORAN,SERDANG,3171031004,3.171031004E12,Tidak Diketahui,Serdang 02,-,-,-,1222,"1. Selokan / got;
2. Kali sentiong tidak dapat menampung air",002,0,2020,1577865600000,-,0,0,-5.0848292460135465,-11.859452986249666,-14.978682732777497,1.9483890849767993,3.259430164103813,-4.918255195325081,-9.591274859746456,2.1519604853158985,JAKARTA PUSAT,1,1.0,1,0.0,1937.0160071627038,1722.6881527601706,1498.6845104201757,155.0846599478466,7.682261035202635,-112.85204585385827,54.35432589535562,99.96421619358401,10,5.502826589434409,1,5.044507845934782,0.6103324026910016,-3.5960057061337283,1.807022679827114,1.881398347021926,1.0,2.3000001907348633,1.2250162075660684,0.0,0.6671898365020752,-0.5450750733016779,-1.9448503255844116,0.654086351381094,0.6162663887225855,125339.098957,125787.72223122984,8.735748291015625,2.793355386374824,0.0,5.4945244789123535,-0.4423037590649618,-2.998461961746216,1.4413732628889793,1.486952428586187,19.65800827556572,13.609745848124824,11.26329307481124,6.097077228278062,-0.013666478244985767,-2.369303977251697,2.170580068376672,2.144681624255255,7.912726402282715,0.7601124716900028,0.008499459363520145,5.5574400424957275,-3.3034308747428613,-5.967526035383344,2.741104875275414,2.6087394100746737,0,0.0,0,0.0,"{""type"":""MultiPoint"",""coordinates"":[]}"
00000000000000000247,1446,KEMAYORAN,SERDANG,3171031004,3.171031004E12,Tidak Diketahui,Serdang 03,-,-,-,1223,Saluran air (got) tertutup / sempit,003,0,2020,1577865600000,-,0,0,-5.658602844557047,-12.020638545249385,-15.478970831330045,1.6314662347205233,4.348272224254311,-4.163450885014753,-8.115598853219796,2.1156163438525337,JAKARTA PUSAT,1,1.0,1,0.0,2230.251726514454,2005.4940007737919,1705.4866143934057,260.4689755811023,85.68339376358908,-72.45737353991785,66.40673241663252,116.2542584960697,9,6.382479338842975,4,3.7537803138378116,1.188305683305697,-1.2385164051351012,1.1058632793173742,1.1192539690197165,1.0,5.0,1.949319485249508,0.40000009536743164,3.2707273960113525,0.30545417883448106,-1.1334664821624756,1.1852594453162135,1.2585321539781817,116118.92681,116550.77249681421,4.145447731018066,1.4649586556962697,0.0,1.8573603630065918,-1.0771517893105496,-2.939354419708252,0.9128897939242459,0.8507046248415346,18.034954656825793,13.25464285809398,11.672228696628803,4.27076439507457,-0.5461400967594244,-2.2503728204079145,1.137123153599278,1.1222105788397918,0.0849946066737175,0.013792516487649875,0.008499441668391228,-2.5851095840334892,-4.108111797468939,-5.534546636044979,0.6846546553461277,0.015543884715181332,0,0.0,0,0.0,"{""type"":""MultiPoint"",""coordinates"":[]}"
00000000000000000248,1757,KEMAYORAN,SERDANG,3171031004,3.171031004E12,Tidak Diketahui,Serdang 04,"Mengapa pompa air kali sunter/ serdang tidak berfungsi (mati) dan baru dihidupkan pada pukul± 18.00 WIB, sehingga air tidak kunjung surut",-,-,1224,Pompa air dipintu air kali sunter / Serdang tidak berfungsi dengan baik (petugasnya tidak cekatan dalam berkoordinasi dengan pihak terkait,004,0,2020,1577865600000,-,0,0,-1.2965734100691426,-11.49228078423502,-18.997905911563734,2.3125195178086195,1.5745870021952915,-4.742769584737495,-13.455374561653372,2.2460917702074825,JAKARTA PUSAT,1,1.0,1,0.0,2533.7244293416434,2316.7002486418105,2084.662019700414,327.1877374123733,226.42426572684695,44.874865233614855,63.23431802522481,101.30170414108403,10,4.707883002040662,2,4.6992867332386625,-0.6716802313673198,-3.4567760342363574,1.2618765413894883,1.2370773186284902,1.0,1.4000000953674316,0.28417362999946705,0.0,-0.21968603134155273,-1.339306404746597,-1.7663053274154663,0.37156974760206524,0.37011104125186756,138385.072279,138993.36435678418,4.744836807250977,1.6386087732265444,0.0,2.4866390228271484,-0.6218082099560569,-2.277609348297119,0.9776166683276638,0.9824873741208762,20.966138505134627,14.462230353725177,11.536639851346873,6.955997643751127,0.5043968091625989,-2.396552381152601,1.991677909929722,2.0012930978013443,1.2749062776565552,0.2185587230553848,0.008499420247972012,-2.358107805252075,-4.5749361832680995,-5.733334212563932,0.7586716549921894,0.41304312365361934,0,0.0,0,0.0,"{""type"":""MultiPoint"",""coordinates"":[]}"
00000000000000000249,850,KEMAYORAN,SERDANG,3171031004,3.171031004E12,Tidak Diketahui,Serdang 05,Banjir besar,-,-,1225,-,005,0,2020,1577865600000,-,0,0,-2.50118563745159,-11.52557341196491,-15.047244429421664,1.8521692420290632,7.99387576706473,-4.598164983165834,-8.842785369889974,2.3849601055040233,JAKARTA PUSAT,1,0.9856765713643768,0,0.109977090492306,2296.7842549240313,2036.3536736710532,1772.2965711743798,333.1861075701004,147.63586875470008,-36.792688572753605,90.15083375488479,143.78094811486565,10,4.420266247261697,0,4.710128388017531,-0.8866215226187987,-5.302995720399034,1.7166425289274796,1.7181394972309507,1.0,4.400000095367432,1.7893950473269213,0.0,2.5736947059631348,-0.13644758130626944,-2.112211227416992,1.7651469664772121,1.7770410563549668,186294.791843,187083.55991008616,5.938532829284668,2.1421704938117574,0.0,3.6479744911193848,-0.26196137096602906,-2.709965467453003,1.1673287463710025,1.1350063216324942,25.319587942351436,14.664725773610442,11.310936631902111,11.42951449251878,0.7640574972341657,-2.607027847196676,3.417526080881729,3.4086054030867827,99.18708801269531,15.348412396569167,0.00849947426468134,92.54608726501465,9.053604731286867,-7.102497706189752,35.878043190258566,36.09118705651265,1,0.014323428635623206,0,0.10997709049230595,"{""type"":""MultiPoint"",""coordinates"":[]}"
0000000000000000024a,2000,KEMAYORAN,SERDANG,3171031004,3.17103100401E12,Tidak Diketahui,Serdang 06,-,-,-,1226,"1. Curah hujan tinggi, saluran air tidak berfungsi dengan baik
2. Stasiun pompa air tidak bekerja dengan maksimal",006,0,2020,1577865600000,-,0,0,-5.722512940847149,-11.788710011046506,-16.150897819566598,1.6936179060329555,1.3114649629511967,-5.253925041144538,-9.990783363171637,1.9131790726463558,JAKARTA PUSAT,1,1.0,1,0.0,2205.0284078255804,2073.6562294372056,1878.3732438998293,354.6614681055687,264.2751579650679,105.71375399460658,54.920164784377356,74.92292346528204,9,5.138324275077755,1,3.819400855920522,0.06842971648049745,-4.05306704707521,1.6496944576069894,1.6862181536168832,1.0,4.900000095367432,3.250350364337395,0.0,3.0710413455963135,1.335680604127075,-1.983281135559082,1.6262051165052425,1.6082469202181449,111046.38202,111517.41093455319,6.226082801818848,2.208074514829398,0.0,3.5622193813323975,-0.5334938797865807,-3.211416006088257,1.1145286233138654,1.0279709416680471,22.538157673941267,14.494233348721922,11.55974038491282,8.778771955139353,0.6708220779662681,-2.284409670070305,3.5667124050198202,3.558987794362366,99.41658020019531,15.845646305532977,0.008499491959810257,92.69084692001343,9.384852764290406,-7.034097741357982,38.41547512459219,38.64874272603028,0,0.0,0,0.0,"{""type"":""MultiPoint"",""coordinates"":[]}"
0000000000000000024b,444,KEMAYORAN,SERDANG,3171031004,3.17103100401E12,Tidak Diketahui,Serdang 07,-,-,-,1227,"1. Curah hujan sangat tinggi secara berkala;
2. Kondisi rumah lebih rendah daripada jalan",007,0,2020,1577865600000,-,0,0,-8.64319246381027,-13.50045996448198,-16.244521034486755,1.4415686369425875,-1.6499100239966185,-6.998243041471431,-10.401425545963784,1.8045163385133,JAKARTA PUSAT,1,0.9974483596597814,0,0.1428261375083549,2042.9645670126718,1984.114719562867,1855.3248465545596,394.7556362889909,305.4937099818264,188.0831179588638,48.34389563644753,55.86950180360598,7,2.9823815309842043,0,2.2339514978605957,-1.9187141438281523,-5.001141226818426,1.7354358288138803,1.6873713942763824,1.0,3.8000001907348633,1.6701579194746796,0.0,1.7703282833099365,-0.3497866062318423,-2.08855938911438,1.6156518112069502,1.6101875336352638,28707.2365165,28832.711916902917,5.415041923522949,2.4302714269476993,0.0,1.5853395462036133,-1.0452786458509087,-3.7963016033172607,1.2237080324371095,1.3136921524997538,22.53832866900401,17.351473588135505,11.536664633699676,8.868947793179887,3.7119682096760607,-2.0650229486879983,4.13105123061121,4.1301177745614535,99.55257415771484,47.33711095748136,0.008499563671648502,92.89706230163574,40.536275869553386,-7.00512370467186,49.5162548600275,49.53381346607156,1,0.002551640340218712,0,0.1428261375083551,"{""type"":""MultiPoint"",""coordinates"":[]}"
0000000000000000026c,500,KEMAYORAN,GUNUNG SAHARI SELATAN,3171031005,3.171031005E12,Tidak Diketahui,Gunung Sahari Selatan 01,-,-,-,1282,Meluapnya kali ciliwung,001,0,2020,1577865600000,-,0,0,12.370066093474389,-9.524429118129213,-17.62215449080893,4.059906398470374,23.639632275738045,-3.7605772155172827,-10.886063215379512,4.681077267288783,JAKARTA PUSAT,1,0.9612853271389856,0,0.2043556149658968,1037.1581193100906,783.85171756344,499.5615034733919,-81.25089613456657,-178.93758038351098,-312.3703348309356,47.42357889490134,130.41361905118268,14,7.83183568677792,1,6.693580599144636,0.5984326937758773,-6.225677603423127,2.7175156887477363,2.733756989964824,1.0,3.9000000953674316,1.6552804536238628,0.0,2.060057044029236,-0.2073818888770054,-1.9266191720962524,0.9311795484631714,0.936847057221012,171092.396086,171897.2146690305,12.801006317138672,3.3325251394972635,0.0,9.183738231658936,-0.3170027286965036,-3.6598451137542725,2.0215744180174067,2.004391077282486,18.025267677009747,12.945955528419002,10.529631586330208,5.030482895826935,-0.11178549905830698,-2.5656471644093504,1.8190916884542725,1.8009580394439526,1.5298954248428345,0.17993514653773718,0.008499431423842907,1.3833897411823273,0.04826172918156736,-0.15375631395727396,0.4642010607411626,0.4598979041071179,1,0.020783666483281373,0,0.13100436681222707,"{""type"":""MultiPoint"",""coordinates"":[]}"
0000000000000000026d,405,KEMAYORAN,GUNUNG SAHARI SELATAN,3171031005,3.171031005E12,Tidak Diketahui,Gunung Sahari Selatan 02,-,-,-,1283,Saluran air tidak lancar,002,0,2020,1577865600000,-,0,0,-1.8908524861373837,-10.641739852997363,-16.498401107890317,2.676948013802776,8.3128690271947,-4.830529803088817,-11.721171563288632,3.2935211950442453,JAKARTA PUSAT,1,0.9994110087813236,0,0.10205641805086993,668.9468866894822,471.62583487511296,278.29872698318394,-190.0180013940667,-308.66917526819736,-438.44313305273334,52.76226938480517,86.7709371353621,11,6.1226708074534155,1,5.174607703281515,-0.19875703069546408,-5.08815977175413,2.2634409246738705,2.1025245345257093,1.0,3.1999998092651367,0.6684299701795661,0.0,1.4354348182678223,-1.1422104504103836,-1.8253352642059326,0.711909951730601,0.7066474202975425,65138.0840171,65428.74614074402,9.949081420898438,2.932580145817545,0.0,5.931004047393799,-0.8717987892854445,-3.797205686569214,1.784582053911013,1.8055675336268333,16.64866413080014,13.432817205978665,11.185677842820445,3.5428844142905547,0.3269061613941445,-1.904629830513409,1.1928039018552032,1.1971000246073746,0.18698875606060028,0.05243094478768546,0.008499491959810257,-0.01346026360988617,-0.12223582609441323,-0.2030098671093583,0.05022333049165141,0.05509486775268146,1,5.889912186763761E-4,0,0.10205641805087008,"{""type"":""MultiPoint"",""coordinates"":[]}"
0000000000000000026e,250,KEMAYORAN,GUNUNG SAHARI SELATAN,3171031005,3.171031005E12,Tidak Diketahui,Gunung Sahari Selatan 03,-,-,-,1284,Banjir karena hujan,003,0,2020,1577865600000,-,0,0,-0.5647507282236457,-9.304683045104762,-16.206689320734377,3.206807160922604,6.5123812044607625,-4.339404581143632,-10.146614913090374,3.001902907299495,JAKARTA PUSAT,1,0.9588753897430384,0,0.17399263633843817,524.765112121048,393.56238486378953,262.382556060524,-257.39846500990814,-352.83600466992306,-454.12863345205693,48.35286403249751,71.15571944673496,19,7.049564562950222,1,13.5335235378036,1.6103833573036255,-4.287018544935361,2.568676939852942,2.6244832494014676,1.0,4.700000286102295,2.0435597541806207,0.0,2.8730387687683105,0.2338983538124897,-1.8150357007980347,1.6474987602853717,1.6654003710545333,64946.3144123,65159.72282271573,19.806137084960938,3.6921790046578336,0.0,15.70435905456543,-0.5603473348721879,-4.441285133361816,2.796707215310528,2.7686215825538913,15.955519032142334,12.524398751193694,10.86868212189328,2.940091834014977,-0.5512312941806823,-2.166671368429899,1.0571341316798968,1.066972130397905,0.23798587918281555,0.037727772350643424,0.008499491959810257,0.01901000738143921,-0.17238614278761477,-0.24917148891836405,0.07034576776752906,0.07357192352447404,1,0.04112461025696162,0,0.17399263633843817,"{""type"":""MultiPoint"",""coordinates"":[]}"
0000000000000000026f,280,KEMAYORAN,GUNUNG SAHARI SELATAN,3171031005,3.171031005E12,Tidak Diketahui,Gunung Sahari Selatan 05,-,-,-,1286,Tingginya curah hujan,005,0,2020,1577865600000,-,0,0,-0.9663640494473863,-9.440663749507504,-13.009888609541958,2.1781669883502746,0.5981383836644649,-4.582692025589414,-8.54916614485683,1.7407089396312574,JAKARTA PUSAT,1,1.0,1,0.0,855.2624952764933,591.6621748507895,414.86324772403617,-125.39616569000646,-249.29931645758666,-356.2705897506568,48.257899551073606,97.09195367819451,11,7.018251414623319,4,5.632524964337119,1.2448959048379007,-1.8045649072748224,1.439340439743227,1.3595524330013136,1.0,4.599999904632568,3.2038001508383687,0.8999996185302734,2.7871609926223755,1.4360680752809443,-0.9221973419189453,0.7520127227083233,0.746636260917468,62913.4651989,63144.74819752684,5.006920337677002,1.957411392420467,0.0,1.0742719173431396,-2.0278609677079538,-4.25853157043457,1.1856699613174668,1.138497496942202,16.055832296935733,13.134053125055338,11.482617557557802,2.9285512191434098,0.031015234819550683,-1.600864372093259,1.2017465534157081,1.2187233167655083,0.1614893227815628,0.026057584752271545,0.00849947426468134,-0.024120107293128967,-0.17262035449967816,-0.29515473172068596,0.05996107273651921,0.04742436509049306,0,0.0,0,0.0,"{""type"":""MultiPoint"",""coordinates"":[]}"
00000000000000000270,158,KEMAYORAN,GUNUNG SAHARI SELATAN,3171031005,3.17103100501E12,Tidak Diketahui,Gunung Sahari Selatan 07,-,-,-,1288,Curah hujan yang tinggi,007,0,2020,1577865600000,-,0,0,7.278488403409714,-9.585204007763203,-18.6401066041471,3.8364581967212197,14.09470744299755,-3.39042120246913,-13.220187864593246,3.703637137432072,JAKARTA PUSAT,1,0.9588357668451669,0,0.255077649667683,1601.393631575576,1273.1205990732578,946.0337596635238,-41.95478550789221,-110.76012133182641,-186.9225061224804,33.64604897462986,184.80130453734074,15,6.71531764071349,-1,6.802567760342965,-1.1549806585086793,-8.679600570612855,2.6543149540430173,2.710431901246931,1.0,2.8000001907348633,1.6247506428422553,0.0,1.025734782218933,-0.20161561061068706,-1.9594579935073853,0.5459277989017554,0.5440288680753583,181066.959235,181802.42446133564,10.096575736999512,3.512547051983051,0.0,5.874291896820068,-0.437687698956488,-4.126682281494141,1.9093354284369093,1.9333232118795673,17.152856444786593,12.795999157944648,10.77334757943893,4.197192723912412,-0.15517490547854185,-2.1438556441648675,1.5125923525572793,1.4971307565033278,1.0199264287948608,0.05174950823361771,0.008499338291585445,0.9245389774441719,-0.28493495353079173,-7.593219049274921,1.0596975904496204,0.15422703935853693,1,0.03625226335863159,0,0.24800854606287018,"{""type"":""MultiPoint"",""coordinates"":[]}"
00000000000000000271,350,KEMAYORAN,GUNUNG SAHARI SELATAN,3171031005,3.17103100501E12,Tidak Diketahui,Gunung Sahari Selatan 08,Sekarang kami memohon perbaikan saluran Got air kotor / Normalisasi saluran,-,-,1289,Hujan deras dan kiriman dari Bogor,008,0,2020,1577865600000,-,0,0,-3.7392256040577756,-10.15145679176775,-15.205620021068775,2.175979026296014,6.509718776688711,-3.804760125076178,-9.470483934064237,2.76539565957371,JAKARTA PUSAT,1,0.8886393910561368,0,0.32273860680187716,1864.5783944648524,1713.977695973859,1487.155996831178,-22.697369955701788,-64.75413185232061,-116.6787746206519,25.896100292215472,103.46102004790643,13,5.98241674595623,2,4.894721825963474,-2.1076485162552436,-6.017403708986587,2.40756266676623,2.435401376028133,1.0,2.8000001907348633,1.1911475011533377,0.0,1.250071406364441,-0.39140422971219146,-1.586448073387146,0.7418068922379089,0.7737501678014392,91692.2879444,92050.09208565776,10.096575736999512,3.366271166481594,0.0,5.874291896820068,-0.8910542198615795,-4.333352088928223,1.9307290917782804,1.9645854978133281,17.747257499527322,12.697189447567421,10.77334757943893,4.852107602008633,-0.26505596049949004,-2.158910141436877,1.4558510740429391,1.4348992177586815,0.13598905503749847,0.027316540751418365,0.008499305695295334,-0.04943845048546791,-4.8277997922629705,-15.164401847869158,4.075611644321222,0.03860961901937544,1,0.11136060894386299,0,0.3227386068018771,"{""type"":""MultiPoint"",""coordinates"":[]}"
00000000000000000272,160,KEMAYORAN,GUNUNG SAHARI SELATAN,3171031005,3.17103100501E12,Tidak Diketahui,Gunung Sahari Selatan 09,-,-,-,1290,Curah hujan yang tinggi,009,0,2020,1577865600000,-,0,0,-4.250266360175633,-11.69876349891103,-16.598189497018165,2.278650578780208,0.3007862231249181,-6.1863301382399625,-11.601453206266852,2.4588505522318256,JAKARTA PUSAT,1,0.8690082138040948,0,0.3726779962499649,747.9053559872657,565.4903850116505,334.4734433447411,-157.0218757487005,-260.0460830210363,-405.418181063842,48.71489050156852,88.40572026647672,11,5.7360549221527535,-1,5.632524964337119,0.7026425409894308,-6.104136947217831,2.298256424865795,2.32148962068688,1.0,4.599999904632568,3.450839926072074,1.8000001907348633,2.7869328260421753,1.57011120523529,-0.0783165693283081,0.8680945113059213,0.8772856353827658,56899.5521161,57141.33287348284,8.73574447631836,3.51054617858655,0.0,4.341068267822266,-0.9808730113019658,-4.432254791259766,2.0045803074978092,1.998730216894888,15.955519032142334,12.668500125943554,11.215136836239077,2.92585768775853,-0.35044469217035445,-1.8221842557685548,1.0268544161618487,1.0156938173787444,0.07649581879377365,0.02118941724036184,0.008499491959810257,-0.18995880708098412,-0.26663750112934737,-0.3452065968886018,0.04534987415525815,0.02071376736441883,1,0.022373421601078834,0,0.27638539919628335,"{""type"":""MultiPoint"",""coordinates"":[]}"
0000000000000000023c,84,KEMAYORAN,CEMPAKA BARU,3171031006,3.171031006E12,Tidak Diketahui,Cempaka Baru 01,-,-,-,1211,Curah hujan tinggi selama 4 Jam dan saluran air tidak dapat menampung air hujan,001,0,2020,1577865600000,-,0,0,0.11187341394204739,-10.77453667207317,-15.076433269495533,2.602437583167319,1.8342057733557948,-4.428566219262561,-9.41254975713905,2.4097204099669645,JAKARTA PUSAT,1,1.0,1,0.0,2767.4830418432575,2622.180160795315,2435.003422595757,102.48621747384186,26.902123787016187,-55.65077027606503,36.673471711198275,80.10605312595682,12,9.190073688773298,7,4.241654778887886,1.4846111227572951,-0.6450784593432086,1.1719551894281872,1.2293584233020691,1.0,4.700000286102295,3.973204956632046,2.5,3.0605422258377075,2.363896968564172,0.8477886915206909,0.5269667540464796,0.543016242361984,48278.7077607,48480.90469917718,3.353797435760498,1.8123746480431586,0.0,1.0303235054016113,-0.5517847925756142,-2.3784844875335693,0.7341493913422547,0.7318989554102475,15.955495035217883,13.195614000494158,11.88696844276232,2.3110444356540185,-0.46615679033003904,-1.8034705745475073,0.7846031249587855,0.7852223864292888,0.05099572241306305,0.01810012349650035,0.008499263785779476,-0.396213311702013,-0.4519492713431062,-0.48286159709095955,0.020692010740997684,0.011936104476021602,0,0.0,0,0.0,"{""type"":""MultiPoint"",""coordinates"":[]}"
00000000000000000240,910,KEMAYORAN,CEMPAKA BARU,3171031006,3.17103100601E12,Tidak Diketahui,Cempaka Baru 06,-,-,-,1216,"1. Curah hujan tinggi;
2. Luapan kali utan kayu",006,0,2020,1577865600000,-,0,0,-7.194057732450657,-13.791206532983916,-15.846603195529468,1.4328810536564112,4.108411276372799,-1.845929284739682,-7.049204115179922,2.109441018767189,JAKARTA PUSAT,1,0.9749223160751017,0,0.16216216216216217,2827.4688043900096,2640.110648677863,2435.003422595757,252.72908287063137,106.6318507629082,-4.960639925315263,52.86150175703076,85.51827758043257,11,6.390651669657315,2,3.6205420827395347,-0.8855999903597489,-5.532667617688444,2.083416803414197,2.092690212453404,0.9678366211145694,3.3000006675720215,1.9888618886953395,1.1000003814697266,1.762882113456726,0.5139985007944243,-0.32199692726135254,0.5203288090514748,0.5514190944262648,79665.5191169,80046.0295505246,6.66995096206665,3.0239275420456573,0.0,4.385986328125,0.7239594359988274,-2.26692533493042,1.316101388049405,1.3185984465777956,18.152721122271043,13.000706072737593,11.43545623297356,4.420336423873,-0.6688530831229276,-2.2403456698659454,1.0949117454043842,1.086178958898463,0.18698440492153168,0.03362559088529403,0.008499305695295334,-0.2072904258966446,-0.4168159334495914,-0.4945438364520669,0.06144698961272613,0.04238858621495729,1,0.013917458094446148,0,0.13301642396606667,"{""type"":""MultiPoint"",""coordinates"":[]}"
00000000000000000241,520,KEMAYORAN,CEMPAKA BARU,3171031006,3.17103100601E12,Tidak Diketahui,Cempaka Baru 07,-,-,-,1217,Curah hujan lebih tinggi,007,0,2020,1577865600000,-,0,0,2.8387947411141123,-11.759615299825361,-15.136079519063525,2.336909959187568,5.016455763100704,-3.108065093625558,-8.99474902931004,2.281465145788544,JAKARTA PUSAT,1,1.0,1,0.0,2753.454594768097,2514.830815910188,2341.3141034131877,296.35307994707136,113.28974003849156,4.9441978914628635,65.37192237273243,107.3384047135281,10,4.717519169771811,1,3.2930099857352273,-1.947639045943586,-5.871897289585728,1.8443434504280933,1.907716432160669,0.9198301236807072,1.9000000953674316,0.8725773618214892,0.0,0.5027103424072266,-0.5551786990343827,-1.494864583015442,0.6563439476824653,0.6494659398907658,113315.528894,113747.39272710212,7.222747802734375,2.5712610997719167,0.0,4.97279691696167,0.2939425147931047,-2.331038475036621,1.3908643782222325,1.38412676651838,19.90674242881349,13.84883084808584,11.185659789658873,6.331131228712939,0.1839790824737263,-2.552282744064623,1.7804822913107075,1.7645973490509173,0.7734391689300537,0.1149692437609082,0.008499338291585445,0.3800043761730194,-0.31463281936288817,-0.6788312708958983,0.1967622238328346,0.18186933014540574,0,0.0,0,0.0,"{""type"":""MultiPoint"",""coordinates"":[]}"
00000000000000000243,431,KEMAYORAN,CEMPAKA BARU,3171031006,3.17103100601E12,Tidak Diketahui,Cempaka Baru 09,-,-,-,1219,Curah hujan,009,0,2020,1577865600000,-,0,0,2.8387947411141123,-10.997583984595488,-14.679098570940955,2.6311314270896813,1.8061846865308029,-4.420748313382771,-7.5819758042473255,1.6689274610665419,JAKARTA PUSAT,1,1.0,1,0.0,2533.7244293416434,2328.5974261210526,2119.459960354695,297.8816099006244,107.42054808000891,-23.882034545310944,66.76692415788453,99.90769026281306,9,5.707569267835631,1,3.1611982881602607,-0.21860165535884427,-5.067332382310457,1.5846902709273114,1.596125582036197,1.0,1.6000003814697266,0.6873077755232216,0.0,0.17654800415039062,-0.7847064891711664,-1.5025107860565186,0.4720608869221287,0.4587912792921874,104212.84704,104663.47263393349,5.00696325302124,2.0065836142905664,0.0,2.69504714012146,-0.2865574166284413,-2.331038475036621,1.1778044976953335,1.1834498686704338,17.79621575710461,13.709727705748836,11.754301126976697,4.1051357197784775,-0.04768704852961918,-2.0101871034142373,1.675520120792978,1.6831277228237547,0.8669326305389404,0.08401854243035996,0.00849937740713358,0.2500913143157959,-1.7114458876293464,-3.9818605901673436,1.227193358950046,0.23563689160399184,0,0.0,0,0.0,"{""type"":""MultiPoint"",""coordinates"":[]}"
00000000000000000244,135,KEMAYORAN,CEMPAKA BARU,3171031006,3.17103100601E12,Tidak Diketahui,Cempaka Baru 10,-,-,-,1220,Hujan lebat Tahunan,010,0,2020,1577865600000,-,0,0,-4.583405687841061,-11.84341005256161,-15.673180200720765,2.1131084449760027,2.2097724482822394,-3.7527531431513146,-6.753602617488712,2.1570281745133952,JAKARTA PUSAT,1,0.979788372369516,0,0.12170236132510295,2291.157171937385,2121.749782665577,1912.425078044332,115.32918904153462,19.125192321808875,-78.89215719523577,43.31609529002109,78.87220158747446,9,5.90345975508263,3,3.093295292439884,0.062300116127894316,-3.145791726105041,1.4236964275705362,1.5170465607217911,1.0,2.1999998092651367,1.0490391123938758,0.40000009536743164,0.7792863845825195,-0.38009653065730253,-1.0404279232025146,0.45485355899018476,0.45309471857792455,88038.0018245,88388.8332328792,4.637037754058838,1.9552843883247983,0.0,2.3593342304229736,-0.35023314675389805,-2.337576389312744,1.001043827127859,1.0026916960809895,17.05412069210673,13.084940684523449,11.886982061009268,3.210622984016519,-0.6482187834784359,-1.831075177747815,1.0954061026881243,1.1317241222313439,0.042497195303440094,0.014921895322997676,0.00849937740713358,-0.38699349761009216,-1.2880644562954973,-3.5732459649443626,1.1544432409314107,0.009057016384910814,1,0.020211627630483887,0,0.12170236132510259,"{""type"":""MultiPoint"",""coordinates"":[]}"
00000000000000000260,-,KEMAYORAN,SUMUR BATU,3171031007,3.171031007E12,Tidak Diketahui,Sumur Batu 01,-,-,-,1261,Kali serdang tinggi hingga keluar dari got beton,001,0,2020,1577865600000,-,0,0,-1.2609502718967853,-10.816026358748342,-15.449481789320952,2.4000339579656806,9.76086563761076,-4.0222389980527264,-8.794396926888922,2.6373595203672284,JAKARTA PUSAT,1,1.0,1,0.0,2599.1107973211338,2182.1379376860164,1710.5249905529865,309.28946870531354,125.15666318869872,-67.83576289002485,101.79651166412388,250.47322475621618,11,5.307820299500833,0,5.715549215406977,-0.07489977065253407,-5.351497860199313,1.6956744259209289,1.6927357814478865,1.0,4.0,0.7851627589133899,0.0,1.9800000190734863,-1.0033131453829383,-2.2084736824035645,1.0917867544569062,1.1436157095236077,121678.226576,122164.27374654138,5.938530921936035,2.361316288862918,0.0,3.5946757793426514,0.06336738535374199,-2.325063705444336,1.312334231922136,1.3176084628594564,22.51425196125563,14.33586011729757,11.310936955395778,8.68002399735761,0.44097193762346193,-2.493875472166195,2.8552490793421157,2.840433645388939,97.61470031738281,6.497226384144158,0.008499406278133392,91.6242847442627,1.23072802347009,-6.626655485481024,24.764615772931972,25.05403010290501,0,0.0,0,0.0,"{""type"":""MultiPoint"",""coordinates"":[]}"
00000000000000000267,-,SENEN,SENEN,3171041001,3.171041001E12,Tidak Diketahui,Senen 02,-,-,-,1270,Pintu air Latuharhari jebol RW 02 ikut terdampak banjir,002,0,2013,1357027200000,-,0,0,2.715718584597019,-10.8414122252566,-16.888297505234213,3.6532193546812572,8.428670944979467,-4.655488164706361,-13.051454776343338,4.140351390305138,JAKARTA PUSAT,1,0.810642601524817,0,0.42469124587279605,2274.192385239133,2088.068368251148,1956.9060257061412,55.943370742706975,-36.85920454942572,-99.51012033173697,36.34713701907165,92.49325117127155,48,21.288548311809542,4,39.56804564907338,12.917803546779803,-4.284450784592824,11.785446987790472,11.822952867459671,1.0,8.80000114440918,2.2261790021389176,0.10000038146972656,7.293125152587891,0.6808075721682707,-1.5586588382720947,2.641812976837902,2.6295066107949934,44858.9793679,45024.663258105335,32.17049026489258,17.339671510494153,0.932817816734314,27.56638526916504,12.609338674813122,-3.8604427576065063,9.017932142068494,8.987448818605186,16.256465341511593,11.493464298282769,9.51133571213067,3.0729096266289915,-1.685187879304631,-3.6907917227778277,1.7345299161691146,1.7311825717479665,0.28897562623023987,0.05315589862993738,0.00849925260990858,-14.092145085334778,-18.878582841012882,-21.477296348661184,1.9410819592667674,0.07950768586954557,1,0.16951921580830864,0,0.41573970964154905,"{""type"":""MultiPoint"",""coordinates"":[]}"
00000000000000000268,-,SENEN,SENEN,3171041001,3.171041001E12,Tidak Diketahui,Senen 04,-,-,-,1272,"Jalan lebih tinggi dari pemukiman, sehingga terjadi genangan",004,0,2020,1577865600000,-,0,0,5.567460432710732,-10.87304916570048,-17.137616561750985,3.3944873415974617,7.609749550812648,-5.5433962912972445,-12.793382722519011,3.0647904137385438,JAKARTA PUSAT,1,0.9354759820830978,0,0.24583065414294653,2599.1107973211338,2120.175176478839,1484.2598772436477,106.80516399514318,-46.13173005156518,-114.14340520160931,44.44125805715988,250.2766160714087,32,7.591335015188182,-1,23.682168330956387,-0.45670981202793054,-9.40513552068408,3.6034767772290417,3.6835772450893893,1.0,3.200000286102295,1.1418024232911317,0.0,1.7685878276824951,-0.16271476416664424,-1.548844575881958,0.7352382503772356,0.7212168604026937,271001.127554,272108.01677437796,29.33263397216797,4.309643862732087,0.0,24.804592609405518,0.17560865570893358,-4.381349563598633,3.248648783580882,3.299439086434926,19.17436379458051,12.487756765336364,9.62412691015029,5.933216650879478,-0.6445653903227228,-3.5478264342133077,1.3244456186928921,1.2866166855594978,0.21248114109039307,0.027976953565712552,0.008499198593199253,0.03437642753124237,-8.073635979149863,-20.47934689745307,5.463308921444048,0.041806130666511454,1,0.048113061833908274,0,0.2191011235955056,"{""type"":""MultiPoint"",""coordinates"":[]}"
00000000000000000269,-,SENEN,SENEN,3171041001,3.171041001E12,Tidak Diketahui,Senen 05,Banjir surut seiring surutnya kali ciliwung,-,-,1273,Luapan air kali Ciliwung,005,0,2020,1577865600000,-,0,0,13.97704115783051,-11.015016367717616,-17.019199418134463,3.3575570281792597,22.451102837490865,-5.453631693508067,-11.951302855070304,3.7568082580963518,JAKARTA PUSAT,1,0.7918317152103557,0,0.4077820768771259,2904.042734068253,2585.116512270355,2157.6877582595803,465.55945982056073,265.65073624614683,54.29004022453137,95.3792458943872,210.35353725239318,29,8.471533980582526,0,21.294721825963503,0.016044245622976114,-8.284450784592748,4.760995836035208,4.590900371628884,1.0,4.899999618530273,0.851847380215296,0.0,2.961768388748169,-1.0671328943863656,-2.2352070808410645,0.8711035749376886,0.8512892630135764,269517.555922,270580.7232157991,20.302040100097656,5.340360053463659,0.0,14.981515884399414,0.034070673059877196,-5.31919527053833,3.459443045984276,3.4848539499495743,26.606064699202822,14.904807908774306,10.0421146580459,13.397759237417612,1.714893085621439,-3.075660440699629,4.756827028092521,4.74534193491116,360.10400390625,97.1238255860591,0.008499141782522202,334.77569580078125,71.13520742735439,-27.41181562934071,161.6618307709059,161.83542592410035,1,0.16847896440129448,0,0.3666060555964672,"{""type"":""MultiPoint"",""coordinates"":[]}"
000000000000000002af,35,SENEN,KENARI,3171041002,3.171041002E12,Tidak Diketahui,Kenari 02,-,-,-,1407,Saluran air tidak lancar,002,0,2020,1577865600000,-,0,0,6.623618548164885,-8.718583707121615,-15.911472665673163,3.336370319264906,10.646283875185366,-3.549466465743129,-10.64795025685285,3.3210295987601395,JAKARTA PUSAT,1,0.9801826598273489,0,0.183779759494891,2696.6111102062355,2373.183494339396,1930.3404582761361,23.64970611036233,-44.137872237451106,-110.79645809570434,28.01587290358823,182.5717310014093,17,11.02231952958839,6,6.8921540656215665,0.004217349240218644,-5.154350927245606,2.4258167204295513,2.1587033144922905,1.0,4.599999904632568,0.8677340267328869,0.0,3.1009128093719482,-0.7376739006711831,-1.7235947847366333,0.8411408104230519,0.8125452051097234,139391.55437,140007.62221169838,7.3788604736328125,3.230594790908013,0.0,4.3563854694366455,0.20472193634377306,-2.978403091430664,1.6560979320563078,1.6329082870751428,23.81770241899767,13.201782734724802,11.136039094006819,10.33270835568751,-0.4146249106793985,-2.5049205030498385,2.798718361115126,2.7564273037914018,357.6732482910156,20.878642305048867,0.008498926647007465,335.2273426055908,-1.311550974928128,-23.704275507479906,91.07515849648425,91.17272967719367,1,0.017340172651069685,0,0.13999999999999999,"{""type"":""MultiPoint"",""coordinates"":[]}"
000000000000000002b0,78,SENEN,KENARI,3171041002,3.171041002E12,Tidak Diketahui,Kenari 03,-,-,-,1408,Naiknya permukaan air Kali Ciliwung ditambah curah hujan tinggi,003,0,2020,1577865600000,-,0,0,1.0991553893367296,-8.876697302755199,-14.932241117794259,3.4343179350561615,3.8445190954796247,-3.5934121898376983,-10.053380868100952,3.224726623604119,JAKARTA PUSAT,1,0.7153552444411171,0,0.4096611065529924,2709.346062320677,2501.026751829682,2304.2656566744567,19.09616731881806,-37.117922526448716,-88.73519036307471,26.725659101075493,99.22621263908938,16,12.137306281350602,8,4.91954350927363,1.210420818312576,-3.165192582024485,1.7080038535593867,1.8093092604637842,1.0,2.299999237060547,1.2271691435351022,0.09999942779541016,0.7130378484725952,-0.3536618356711137,-1.5082459449768066,0.5389723873233011,0.5487861233805436,46612.7844161,46797.14692358622,6.548962593078613,2.2211845238122914,0.0,3.4276809692382812,-0.772956206982941,-3.0329368114471436,1.4888126781044164,1.4938357229643096,17.564897619624894,12.86310160252587,11.486742561694228,3.8193485888645213,-0.7950815855386218,-2.227512749984392,1.1841937333194037,1.1841185692637914,0.07649079710245132,0.01273224285523509,0.008498962968587875,-20.856737837195396,-22.502008511346737,-23.604797709733248,0.7187154079515081,0.013878755972259646,1,0.021262259489406306,0,0.16110727964792765,"{""type"":""MultiPoint"",""coordinates"":[]}"
000000000000000001e6,36,SENEN,PASEBAN,3171041003,3.171041003E12,Tidak Diketahui,Paseban 01,-,-,-,1053,Saluran air mampet (gorong-gorong),001,0,2020,1577865600000,-,0,0,4.02781780396173,-8.400419490271732,-18.218089442675364,3.5550143299728494,14.058349684706364,-2.9073943096399812,-13.922616246483063,4.3278217158789865,JAKARTA PUSAT,1,0.9906843196682085,0,0.16058749209247875,3100.391600158396,2829.8588038605735,2599.1107973211338,100.30328075871921,-4.099328872309634,-76.31964556655385,37.648487682807264,136.02000555067175,21,9.39977667889616,6,10.168616262483328,-0.6882629536583391,-4.497860199713584,2.2127521410232784,2.271281820629774,1.0,4.599999904632568,1.0263775304927267,0.0,3.1188586950302124,-0.48677010385589675,-1.5580599308013916,0.9844737711067398,0.9727825171242799,109267.122907,109792.48980410604,10.408181190490723,2.5987862334237715,0.0,7.476195335388184,-0.14755893460794148,-2.8863701820373535,2.043686516804832,2.0679500486209847,21.03684997393869,13.708998882285305,10.742251079406957,7.349371357808117,-0.010600277563755877,-2.9315819096277504,2.059033479470691,2.051749281311854,1.4193147420883179,0.19405254114741297,0.008498980663716793,-3.208083849400282,-15.455356103184837,-21.581594791263342,5.103988433878233,0.48234255999090253,1,0.0011804115488913702,0,0.13954508281924158,"{""type"":""MultiPoint"",""coordinates"":[]}"
000000000000000001e7,60,SENEN,PASEBAN,3171041003,3.171041003E12,Tidak Diketahui,Paseban 02,-,-,-,1054,Saluran air / got mampet,002,0,2020,1577865600000,-,0,0,-4.433535271293172,-9.545649803526079,-13.982858666643976,2.0551765420853925,4.606341636425077,-3.548744274188241,-7.94324101543999,2.477011338338316,JAKARTA PUSAT,1,0.9067713444553483,0,0.25613577714208524,3192.0215612176544,3007.0474058402715,2804.549198011076,101.49471999207299,7.379097560832267,-61.69941017432302,36.60230699531573,97.07747476226919,13,8.840836604514227,5,2.769186875892652,-1.203007339856907,-4.737517831668031,1.746133640641444,1.9084224177491413,1.0,2.1999998092651367,0.9541155332671996,0.0,0.6763478517532349,-0.5980448941677311,-1.5679030418395996,0.8938180422306934,0.8982535637498454,56860.2438794,57017.751075822314,6.757325172424316,1.8493665110308883,0.0,4.200579404830933,-0.8287781712885166,-2.7035720348358154,1.1404149792253406,1.1394244075546778,21.102941144387078,14.918980805345335,11.723084371507152,7.556060125651822,1.3121065976923232,-1.8190031832080713,2.4958671997450197,2.5165779758962668,1.4618098735809326,0.523661594428908,0.00849900208413601,-0.12657666206359863,-7.58116731194183,-18.004669189453125,5.427866246963625,0.6516749133458071,1,0.0932286555446516,0,0.2561357771420852,"{""type"":""MultiPoint"",""coordinates"":[]}"
000000000000000001e8,100,SENEN,PASEBAN,3171041003,3.171041003E12,Tidak Diketahui,Paseban 03,-,-,-,1055,Karena trotoar di Jalan salemba raya,003,0,2020,1577865600000,-,0,0,5.066315430253965,-8.873854916330027,-14.576063686074521,3.0170399441355937,11.998227933158452,-3.3029921415487005,-8.219345683527845,2.967515109297662,JAKARTA PUSAT,1,0.9997691064419303,0,0.07392101124765756,3166.3063194646634,2892.2331019198764,2577.499651299377,65.75096367227934,-20.306714627289995,-91.27319930700196,32.13722850187309,156.4771876845346,25,11.445958079991795,5,14.087874465051083,0.7481355171358994,-5.825106990013117,3.418707628670854,3.5024100247060863,1.0,2.5,1.0159187870323638,0.0,0.9434236288070679,-0.5642088205788245,-1.6104137897491455,0.8744623212987342,0.8795403917390306,135922.107514,136483.62955289788,12.481634140014648,3.1751151411281175,0.0,9.536701202392578,0.3048767294663899,-2.8977906703948975,2.5483410467616756,2.5729978084393124,18.17513479367252,13.38336428062917,10.650469084505623,4.4149586680611765,-0.241505573618207,-3.0240952122191604,1.9556774455806223,1.976586370806898,1.2663326263427734,0.18595741269843616,0.00849895179271698,-0.6297247651964426,-15.020057697913801,-22.55562675371766,5.883304401193111,0.39963591683594174,1,2.308935580697299E-4,0,0.07392101124765775,"{""type"":""MultiPoint"",""coordinates"":[]}"
000000000000000001e9,20,SENEN,PASEBAN,3171041003,3.171041003E12,Tidak Diketahui,Paseban 05,-,-,-,1057,Pendangkalan,005,0,2020,1577865600000,-,0,0,5.690159943446288,-8.17730059400101,-16.17565582340184,3.4673315331155177,9.794253271848032,-3.0251582823610117,-11.40789757156344,3.3038117177642774,JAKARTA PUSAT,1,0.9821694578612377,0,0.1786858200459983,3083.6927807006746,2783.0554134048607,2572.4866812680666,27.62222620676721,-45.89089606869815,-103.91630034467562,28.712996700188228,126.95053402088402,21,13.851690515957195,7,9.04422253923067,2.296841567332126,-4.59942938658947,2.8145649786390776,2.752789937243711,1.0,3.6999998092651367,1.772410211178678,0.0,2.0388015508651733,0.059738281235621506,-1.811840295791626,1.0879515308618133,1.0573131518420626,154539.692066,155193.65243369644,8.535260200500488,2.7607197279946885,0.0,5.713024377822876,-0.11168906983094555,-2.938887357711792,1.5517662183755778,1.565204542498553,17.85667481014686,12.909616756876646,11.209436927980402,4.327754822191585,-0.7415696144183154,-2.575056395452693,1.644794766394524,1.6102380192390264,0.9603697657585144,0.09386699273068237,0.008498894982039928,-12.841528534889221,-21.01252595055208,-27.58620211109519,3.2547738264392923,0.27474481967853287,1,0.017830542138762243,0,0.17868582004599823,"{""type"":""MultiPoint"",""coordinates"":[]}"
000000000000000001ea,121,SENEN,PASEBAN,3171041003,3.17104100301E12,Tidak Diketahui,Paseban 06,-,-,-,1058,Curah hujan tinggi dan gorong-gorong mampet,006,0,2020,1577865600000,-,0,0,-1.2606620294914492,-10.546695913808437,-17.10229596964892,2.8190443845454474,6.015196296948966,-4.856368342674602,-11.587124692450882,3.133817698905198,JAKARTA PUSAT,1,0.800117254772636,0,0.3682348242808504,3315.014357258475,3013.6375842937437,2728.337038197414,108.32504186915276,-13.842750731233583,-95.7910252381962,46.453482174597745,150.9150944770593,18,11.044630097834451,7,6.293580599145134,-0.9365695901472413,-5.403138373750906,1.783026614424966,1.741250371046989,1.0,2.5,0.6668611659418688,0.0,0.5758916139602661,-1.238900703109419,-1.9215974807739258,0.6325759117090336,0.6432235197739888,95207.9216657,95596.12849968464,8.776223182678223,2.2208093925423276,0.0,6.126499652862549,-0.5150016701774901,-2.8055694103240967,1.6481557661914865,1.6464530653529192,18.951175675080556,13.967182432619119,11.020811757988831,5.2905560543254175,0.32165039773013987,-2.6482567433460105,1.6754432412735187,1.65831975231694,0.8668817281723022,0.09973903390830467,0.008498866111040115,-11.601247906684875,-18.974239264433127,-27.18477900326252,4.676802959511281,0.1965213201730368,1,0.10644534828331684,0,0.2836367870880281,"{""type"":""MultiPoint"",""coordinates"":[]}"
000000000000000001eb,121,SENEN,PASEBAN,3171041003,3.17104100301E12,Tidak Diketahui,Paseban 07,-,-,-,1059,Luapan Kali Sentiong,007,0,2020,1577865600000,-,0,0,-2.6619654846486505,-10.392929163466745,-14.688012651074608,1.9920316886775788,3.3411025566983543,-3.8216027831345407,-9.124053651173117,2.401713297940295,JAKARTA PUSAT,1,0.9295672564485186,0,0.26646935501059643,3325.381902060976,3187.5577688550256,3010.2609901026703,143.34645956510712,57.38999265338913,-43.482172030584934,39.69793058338589,65.5295063147141,14,9.451929226177793,5,3.3475035663349075,-0.7858369032139186,-4.541226818829305,1.7574723329524191,2.0233693851195476,1.0,3.40000057220459,1.6121255822182727,0.0,1.8438235521316528,0.032464734513325925,-1.5717546939849854,0.9447928282203508,0.9488892329887254,81905.2199953,82290.15416332138,6.684918403625488,2.3430235798667414,0.0,3.956246852874756,-0.3111587245005379,-2.756039619445801,1.326422938916896,1.352464085554036,21.102941144387078,13.849885932364444,11.310837979000274,7.556060125651822,0.4097044942037726,-2.162782954022312,1.952369691064069,1.974061020127425,1.5383012294769287,0.2151823434263605,0.008498980663716793,1.2662096917629242,-1.3331329960409777,-8.14053647313267,2.0935651836005076,0.4828404710398532,1,0.07043274355148157,0,0.2664693550105965,"{""type"":""MultiPoint"",""coordinates"":[]}"
000000000000000001ec,25,SENEN,PASEBAN,3171041003,3.17104100301E12,Tidak Diketahui,Paseban 08,-,-,-,1060,"Saluran air terlalu kecil GG VI & GG VII rt 005, debit air kali sentiong terlalu tinggi, sehingga saluran air dari warga tertahan",008,0,2020,1577865600000,-,0,0,6.0913877638479645,-10.279047965235499,-17.244868113487456,3.2016199051197014,8.424129750330302,-3.486081917770606,-11.519148620457791,3.0596675527139814,JAKARTA PUSAT,1,0.9522768904457369,0,0.23246226230439074,3463.5491259047867,3250.2850477599377,2997.3690208403514,199.36038734912063,67.91827651573347,-53.45595242520403,50.39582598655462,100.366248796756,16,11.385159237715717,7,4.357203994294938,0.11735289070856193,-4.533238231097307,1.8683115663705672,1.900566928919974,1.0,4.199999809265137,1.369643881452969,0.0,2.492553234100342,-0.3411229227741338,-1.854579210281372,1.4088525244573031,1.3576325008864962,108592.478694,108983.72206395562,7.943168640136719,2.337653455068959,0.0,5.289720058441162,-0.37392603502285204,-2.719053268432617,1.2469798966751808,1.248780149395219,17.85667481014686,13.480445645733322,11.310837979000274,4.327754822191585,-0.05950530499760909,-2.162782954022312,1.610772158184778,1.6313904403980373,0.926374077796936,0.12573203505289074,0.008498908951878548,-0.5166354570537806,-9.907950404190982,-14.797092281281948,3.469113403095263,0.2534956743737439,1,0.023138477359642633,0,0.1917186871756995,"{""type"":""MultiPoint"",""coordinates"":[]}"
0000000000000000026a,720,SENEN,KRAMAT,3171041004,3.171041004E12,Tidak Diketahui,Kramat 05,-,-,-,1278,"Dataran rendah, masuknya air dari pintu pertamina",005,0,2020,1577865600000,-,0,0,11.985689775342575,-7.138321206824966,-14.045276627077055,4.552481676608842,14.285120998377785,-2.686969139314662,-8.059243149326427,3.790233085758156,JAKARTA PUSAT,1,1.0,1,0.0,3083.6927807006746,2883.587026462974,2690.2210275041116,228.6751217114329,89.01872486989333,-23.026067937651533,55.70580787104153,104.01440732410761,17,9.349623115577893,4,7.878744650500064,0.15196518732592101,-5.21512125534867,2.540902577899305,2.529452487260707,1.0,4.0,2.9241624484709168,1.799999713897705,2.5847359895706177,1.5489674149945347,0.44479286670684814,0.6027263354850332,0.6193404198114552,83357.6391172,83634.99587448446,7.6447672843933105,3.1298151851798615,0.9274099469184875,4.942219495773315,0.4189172343393066,-1.9148737788200378,1.5627581913736956,1.558602680635146,15.594295026120315,12.992644910168629,11.136049783399125,1.860514286751938,-0.7483711440334868,-2.593712368906713,0.9856371336590573,0.9888051657922653,0.13598473370075226,0.02746281797082711,0.008499037474393845,-11.370631515979767,-14.716571923261515,-17.421265196055174,1.5915347346236544,0.02153151876630309,0,0.0,0,0.0,"{""type"":""MultiPoint"",""coordinates"":[]}"
0000000000000000026b,88,SENEN,KRAMAT,3171041004,3.17104100401E12,Tidak Diketahui,Kramat 06,-,-,-,1279,-,006,0,2020,1577865600000,-,0,0,-4.756585769683321,-10.586230167903054,-14.519549641580138,2.0443519444910683,4.130526946808187,-3.4639885280622797,-7.112993974874355,2.0670492604513067,JAKARTA PUSAT,1,1.0,1,0.0,3346.0206224714725,3150.307216745523,2952.532506156306,303.1368682894931,183.11590708786395,46.038204457154734,53.854578079974196,87.75438021105226,11,8.026492572618032,3,2.285877318117727,-0.92376887754316,-6.032524964335893,1.756440277765326,1.7320508075688772,1.0,3.0999999046325684,1.3822735859436615,0.10000038146972656,1.7019684314727783,-0.016063274774615447,-1.3946644067764282,0.6260119996483323,0.5915984449651047,73749.2630589,74095.95956554155,7.421597957611084,2.672059711150994,0.0,4.821986198425293,0.047553409797171466,-2.703963041305542,1.5157987681379457,1.5149399194165896,17.34176178272584,13.19087006391241,11.180662384163524,3.6371341198504545,-0.49159149778666256,-2.4754613314525216,1.47242130337543,1.474640971128067,0.14448383450508118,0.04005949417645003,0.008499052375555038,-0.16396116837859154,-7.71853319919996,-13.108975503593683,4.056812203994347,0.048402652018311704,0,0.0,0,0.0,"{""type"":""MultiPoint"",""coordinates"":[]}"
000000000000000001e2,67,SENEN,KWITANG,3171041005,3.171041005E12,Tidak Diketahui,Kwitang 01,-,-,-,1044,-,001,0,2020,1577865600000,-,0,0,-3.1296647951333476,-10.93491375034464,-17.514442264617387,3.336708627204427,6.12192837043518,-4.054071490218998,-11.022331864880517,3.382138536343588,JAKARTA PUSAT,1,0.9412148922273025,0,0.23974163519328018,2821.3751145383426,2688.2523505921286,2572.4866812680666,336.8331345776428,234.89606689837467,145.31257181142246,56.83977723937271,68.91773006399195,12,8.298171129980405,3,2.9694721825970234,-0.8730669663218031,-6.291298145505651,2.299379475750695,2.280423906755559,1.0,1.8000006675720215,0.6850423426143282,0.0,-0.2794003486633301,-1.3641199137218218,-2.0639660358428955,0.5160196290306521,0.5433251771704699,32089.2749486,32206.42193289839,6.567040920257568,3.2671839544943353,0.0,2.2421770095825195,-0.9770905001280799,-3.9990570545196533,1.631912866126812,1.6828822504504954,22.77887931859816,13.908145602800873,11.20949033009262,9.447494725843212,0.5390471826271277,-2.162404922868875,4.043381934144986,4.051081527236823,358.7101135253906,55.72956085610863,0.008499115705490112,331.8961009979248,29.236326469004236,-27.192790988832712,144.23406761402077,144.55878491898682,1,0.05878510777269758,0,0.2397416351932802,"{""type"":""MultiPoint"",""coordinates"":[]}"
000000000000000001e3,526,SENEN,KWITANG,3171041005,3.171041005E12,Tidak Diketahui,Kwitang 02,-,-,-,1045,-,002,0,2020,1577865600000,-,0,0,-7.304492499841357,-11.918941364310113,-15.815530659142158,2.23185424787916,10.761003183656051,-2.1244883377494292,-8.854420792504442,3.447545884326435,JAKARTA PUSAT,1,1.0,1,0.0,2656.420916721884,2560.5381203144125,2449.0990739000135,201.41960461636654,133.24946433185016,49.67730994357771,38.60121458106478,53.432339829673765,11,8.030514270682628,4,1.7982881597725555,-1.3472785631761799,-5.09215406561977,1.6244545003868123,1.6519348924485169,1.0,1.8000006675720215,0.797659262095598,0.0,-0.30068421363830566,-1.371944903480714,-2.210955858230591,0.5024923411839888,0.4946331035051184,26509.3110479,26623.637462826453,10.260502815246582,2.8609470204273437,0.9328364133834839,6.271653175354004,-1.020293050873488,-3.0972453355789185,1.8250166928717013,1.8426389312836235,23.81507191962775,13.773741392316039,11.486757962346239,10.488577467566818,0.44280170753228626,-1.8192703419349225,3.5211900174780233,3.5288288694337147,358.4891357421875,48.99895275180053,0.008499091491103172,334.9142818450928,25.06785198523612,-26.35335548222065,121.84231244058475,121.85835560623379,0,0.0,0,0.0,"{""type"":""MultiPoint"",""coordinates"":[]}"
000000000000000001e4,186,SENEN,KWITANG,3171041005,3.171041005E12,Tidak Diketahui,Kwitang 03,-,-,-,1047,-,003,0,2020,1577865600000,-,0,0,7.058123823070678,-10.880740001936275,-15.815530659142158,3.5057383047771875,12.884727326058503,-2.5020178600685643,-9.927136839979717,4.250985825038179,JAKARTA PUSAT,1,1.0,1,0.0,2572.4866812680666,2452.1744295430663,2365.0843991588094,145.21570274744,67.19260876933888,0.26377647005847393,35.211748126616776,52.535267803011834,30,9.872183866279066,5,20.705563480742594,0.24538338606890125,-4.071611982880825,3.9651624714953457,3.8972698805761263,1.0,1.1000003814697266,0.4060685729911161,0.0,-1.1168043613433838,-1.8370325438851527,-2.2916407585144043,0.4293121978159801,0.42866572405158854,38406.318638,38566.68273455572,22.11515235900879,3.8221614945160094,0.9274099469184875,18.149772882461548,0.07411227020066828,-3.0028620958328247,4.019954721721318,4.086670680428409,23.82090812124936,17.516145725782096,10.96815099001549,10.499499823046385,4.178452865603802,-2.3705608434691605,5.132083809541598,5.135630783892284,358.4891357421875,176.5721802808898,0.008499091491103172,335.91884994506836,153.71444390683314,-24.701550751924515,177.2890693459711,177.38049666144775,0,0.0,0,0.0,"{""type"":""MultiPoint"",""coordinates"":[]}"
000000000000000001e5,144,SENEN,KWITANG,3171041005,3.17104100501E12,Tidak Diketahui,Kwitang 06,-,-,-,1049,-,006,0,2020,1577865600000,-,0,0,-4.352182104213828,-9.96512419094355,-15.496223632814763,2.350057801420824,0.0955466458779539,-4.062315010042633,-9.417829825744777,1.901911241274602,JAKARTA PUSAT,1,1.0,1,0.0,2675.787546757929,2568.414165470202,2394.016170913241,134.4240705246234,70.25069078422888,-25.17700617514265,36.94764627645627,65.3391280983282,11,8.157630863358259,5,1.2447931526399358,-1.569045822660969,-4.984878744649617,1.6222344940454123,1.5339299776947408,1.0,1.0,0.5712529745821558,0.0,-0.7169473171234131,-1.362716933665512,-2.17275333404541,0.41183909364004007,0.3446076736076955,41046.5549838,41201.30567860955,4.159983158111572,1.7551011082106585,0.0,0.7104973793029785,-1.664601003998076,-3.551771640777588,1.0602694559377726,1.0413030163163206,26.604713676351313,15.836471103928716,11.749108098685666,13.175128292916742,2.3873577923271876,-1.702026910647593,4.745427939753082,4.741175010116143,358.3956604003906,81.15370104161998,0.008499076589941978,336.45781326293945,58.520401451814564,-23.335464546456933,160.88828320241842,160.75449263160218,0,0.0,0,0.0,"{""type"":""MultiPoint"",""coordinates"":[]}"
00000000000000000235,35,SENEN,BUNGUR,3171041006,3.171041006E12,Tidak Diketahui,Bungur 01,-,-,-,1192,Curah Hujan tinggi,001,0,2020,1577865600000,-,0,0,-0.751873764398936,-10.351832519013284,-15.258485258239947,2.5219954370261912,14.883764635834929,-3.6073258908786907,-8.306150246287697,2.9365027741951653,JAKARTA PUSAT,1,0.9988423413645902,0,0.08574694002066809,1772.2965711743798,1630.5363148416648,1487.155996831178,-28.037145623874267,-74.45381811903772,-117.20197627160906,25.776938690284947,71.59738239265687,10,6.855654438897332,3,2.3629101283885454,-0.5000554160944664,-4.004279600570095,1.44169137219375,1.5632964362523996,1.0,1.5999999046325684,0.6786592542137567,0.0,0.2353208065032959,-0.720900194628195,-1.5097576379776,0.5830997732252349,0.5735294721730317,96399.2689397,96850.77482401468,4.637045383453369,2.1705744716811655,0.0,1.8515510559082031,-1.2000829300123312,-3.850048303604126,1.0551605908947024,1.0190906411634826,21.197235002582577,14.2216387526054,11.723140468362384,7.838166452951851,0.9752220580197213,-1.5361946355560558,2.1606339903652563,2.224099933147053,1.6913508176803589,0.31395907733568795,0.00849931687116623,1.3614610135555267,0.04924619417091368,-0.33419848792254925,0.5662396711296775,0.5945273257170816,1,0.0011576586354098838,0,0.08574694002066834,"{""type"":""MultiPoint"",""coordinates"":[]}"
00000000000000000236,320,SENEN,BUNGUR,3171041006,3.171041006E12,Tidak Diketahui,Bungur 02,-,-,-,1193,Tidak berfungsi saluran air dengan baik,002,0,2020,1577865600000,-,0,0,-1.8924275700027713,-11.022228809015084,-17.24989163497906,2.55937593772218,6.901776579330021,-2.7744619822448215,-10.577525149328801,2.723020497347633,JAKARTA PUSAT,1,0.9696734059097981,0,0.22003937400865128,2006.8406600684468,1801.7067139707074,1620.0927730411177,-14.486531871720672,-63.48835779819137,-113.45427156457254,25.160898262617824,91.13085680551602,12,7.583562627108506,3,5.146362339515499,0.6813201928649799,-3.8131241084160283,2.0587023260288144,2.021567385440701,1.0,2.3000006675720215,1.173441850735477,0.0,1.008502721786499,-0.15393310995646137,-1.3921256065368652,0.7688530240668273,0.754837317863622,58268.0513846,58559.54366852523,5.6244611740112305,2.6098285155485152,0.9274099469184875,3.1774091720581055,0.07462914994864227,-2.0671631693840027,1.16017810519642,1.1329668865391835,19.473499222634864,13.593059078763865,11.365626015708182,5.855314039892514,0.05937100778385089,-2.185181613276903,2.4033856567296397,2.36272401926055,4.665979862213135,0.38087345171504333,0.00849932711571455,4.289719879627228,0.028021119971216913,-0.3707263329997659,1.0579827342797121,1.0546941246770691,1,0.025062806555808115,0,0.19786448397617667,"{""type"":""MultiPoint"",""coordinates"":[]}"
00000000000000000238,25,SENEN,BUNGUR,3171041006,3.17104100601E12,Tidak Diketahui,Bungur 08,-,-,-,1199,Saluran kurang lancar,008,0,2020,1577865600000,-,0,0,1.58683062439182,-10.69919049688229,-16.87619119447365,2.9986495496232957,6.9166645031193985,-2.457837684324961,-10.577525149328801,3.0704659152929934,JAKARTA PUSAT,1,0.9916565738124076,0,0.16507964236126804,2163.661985914175,1991.353689797814,1827.2830589855034,-4.963820424544338,-57.84441796366219,-107.58243760884147,25.06837034849454,83.44012667628608,13,9.044722558650697,5,5.9306704707565725,1.9821070475419644,-2.236233951497332,1.8479070829810553,1.8174146183075492,1.0,2.3000006675720215,1.2632935906046896,0.0,1.018973469734192,-0.02291246076636137,-1.3938945531845093,0.6533784193171448,0.6360965932416168,77836.1098249,78112.62602607966,5.5796637535095215,2.5263131342366067,0.9274099469184875,3.0324699878692627,0.11267925250184273,-1.7181982398033142,1.1818784657998607,1.159934348994919,19.466183669372743,13.064057416979162,11.373672530058524,5.832060489781691,-0.5429562160511553,-2.120900215668236,2.1112315086888533,2.1319053373478516,4.640481948852539,0.5235906343297851,0.008499305695295334,4.2694355845451355,0.16726343186241915,-0.36496951896697283,1.552636082626181,1.5555998647225808,1,0.00318485623289822,0,0.09622084243913084,"{""type"":""MultiPoint"",""coordinates"":[]}"
00000000000000000231,38,CEMPAKA PUTIH,CEMPAKA PUTIH BARAT,3171051002,3.171051002E12,Tidak Diketahui,Cempaka Putih Barat 01,-,-,-,1187,Saluran air tidak jalan,001,0,2019,1546329600000,-,0,0,-3.8296462576217407,-11.633040200359734,-15.41347096629407,2.319772012785906,2.599384105575038,-4.321539542186419,-10.027425577935968,2.285686751528422,JAKARTA PUSAT,1,0.9640083573146214,0,0.1930216991936238,3173.093693426007,2931.758949567985,2696.6111102062355,287.70457005535263,141.13272721110366,-4.744885630535464,63.100708488235874,125.54958939072493,14,9.845665628572558,6,5.9523537803144695,1.7874867248372368,-1.9012838801705874,1.6500220257471057,1.619468717062896,0.5740191253457665,4.700000286102295,3.4218712242136395,1.8000001907348633,3.066362500190735,1.7862178191513842,0.14034247398376465,1.1314083622340407,1.1308576752100783,88477.7595077,88867.04714464197,5.931114673614502,2.5554667039010965,0.0,3.567441940307617,0.19516002427428703,-2.3689985275268555,1.348059126985487,1.3444738484656549,17.05409461295299,12.954043661542485,11.312165750076856,3.369380791414132,-0.7413946377188221,-2.3940400530753383,1.1832842662488048,1.1825848727338826,0.11898878961801529,0.022394107177115777,0.00849922001361847,-0.30734702199697495,-0.44190262281439613,-0.47145930025726557,0.039739489236969495,0.02711417274680693,1,0.03599164268537864,0,0.19302169919362375,"{""type"":""MultiPoint"",""coordinates"":[]}"
00000000000000000201,217,CEMPAKA PUTIH,RAWASARI,3171051003,3.171051003E12,Tidak Diketahui,Rawasari 04,-,-,-,1106,Antrian air menuju kali sentiong,004,0,2020,1577865600000,-,0,0,12.738755653005558,-10.31793081916966,-15.772889091762151,3.6209731851186984,9.157771553533252,-4.895618543091623,-10.073386745643582,2.50160084077967,JAKARTA PUSAT,1,0.8818386210342242,0,0.31325600594324693,3693.215064037931,3387.47923717976,3118.3810797648875,385.6713829786595,149.95010280170854,-9.997096348450214,87.66861307939537,134.73805464760872,17,9.727504371721206,6,6.408273894437553,-0.5301984044528933,-4.377746077031775,2.1184501108715494,2.2156523834819097,1.0,3.90000057220459,1.1768106755194625,0.0,2.2471331357955933,-0.44085392990083716,-1.5410842895507812,0.9159703689532422,0.9267226357790654,209441.198344,210284.86819020877,13.598706245422363,2.6540415188575106,0.0,11.229164123535156,0.2561669536678804,-2.4284613132476807,1.6250443765395157,1.6183132394491304,18.788667255083098,13.532249165120549,11.136030796303329,5.387541654489606,0.05585035082589271,-2.2990209003098734,1.552809833304228,1.5737154899030603,0.41644978523254395,0.06875402939042344,0.00849895179271698,0.18102054297924042,-0.098821898221114,-0.2473803972825408,0.08685769452838586,0.09449444922987524,1,0.10117411941044216,0,0.2940257209284148,"{""type"":""MultiPoint"",""coordinates"":[]}"
000000000000000002b9,97,CEMPAKA PUTIH,RAWASARI,3171051003,3.171051003E12,Tidak Diketahui,Rawasari 03,-,-,-,1432,Antrian air menuju kali sentiong,003,0,2020,1577865600000,-,0,0,-0.4081275670501056,-9.83975965146109,-15.178377508921766,2.7940977263078444,9.817224215040422,-3.6117215038314217,-10.543691212458448,2.9058376275944804,JAKARTA PUSAT,1,0.9183289817232375,0,0.2874797872880344,3694.3799324043957,3638.113252135268,3485.83891056898,391.36883327540136,333.99699869858284,194.67039541862505,44.51788103728818,47.954260696993614,19,11.309869451697129,7,8.194293865906893,0.6623544581976473,-3.562339514977573,2.6578754477286815,2.705832887529812,1.0,3.90000057220459,2.7090725722947884,1.6999998092651367,2.2471331357955933,1.090456892985484,0.05666160583496094,0.516491924832051,0.555062485488737,100196.399538,100605.39920250735,8.276663780212402,3.1144104959800822,0.0,5.8608293533325195,0.703036442132905,-2.398958683013916,1.534400188895775,1.5280429431956641,19.213551551797714,13.336525218908292,10.975496614245113,5.7154101578093375,-0.07877937557954674,-2.422554631674478,1.6002751133367452,1.59393164630477,0.22097310423851013,0.058360405964104134,0.00849895179271698,0.10823920369148254,-0.04280216573025088,-0.15514889359474182,0.0694286510245078,0.06437187178145716,1,0.08167101827676239,0,0.28747978728803447,"{""type"":""MultiPoint"",""coordinates"":[]}"
000000000000000002ac,700,MENTENG,MENTENG,3171061001,3.171061001E12,Tidak Diketahui,Menteng 02,-,-,-,1380,"1. Curah hujan tinggi;
2. Saluran tidak normal;
3. Sumbatan sampah;
4. Pintu Alhuda jebol",002,0,2020,1577865600000,-,0,0,-3.2261068381898026,-10.107534367250274,-15.061312241992477,2.1671101225146665,1.6186898575257112,-4.461935878940442,-8.853177816360503,2.3710174639172457,JAKARTA PUSAT,1,0.9102986385595081,0,0.2959780897768947,1784.3942991319204,1577.7867694803024,1419.0506394952858,-42.38098565270411,-89.75280536744047,-137.02716335363903,26.25704811298554,87.39883671077902,17,10.7364953886693,5,4.182596291013764,-1.9880033667936259,-7.631954350926344,2.8257030761234443,2.875643409170807,1.0,2.6999998092651367,1.0483271684745732,0.0,0.7992581129074097,-0.7918654138609811,-1.8515262603759766,0.7888203671259356,0.8376050028417753,95233.9516234,95715.99203877321,9.067163467407227,3.410429723055815,0.0,6.035488128662109,0.38084788089300425,-3.0872671604156494,1.7522828890379556,1.7441661706621479,16.902976230463953,13.288260223981755,10.882852594621907,3.162812187526349,-0.2988371349705999,-2.84029797699651,1.4209449559355425,1.4319660291754424,0.356950044631958,0.07640535373127823,0.008498772978782654,-12.100823100656271,-19.507914205750502,-25.333843574859202,3.0592221302882634,0.10902111515095331,1,0.08966476357780706,0,0.28553920104043273,"{""type"":""MultiPoint"",""coordinates"":[]}"
000000000000000002a8,2,MENTENG,PEGANGSAAN,3171061002,3.171061002E12,Tidak Diketahui,Pegangsaan 02,-,-,-,1375,Akibat tinggi permukaan kali ciliwung sejajar dengan air pembuangan dari saluran air (got) serta curah hujan tinggi,002,0,2020,1577865600000,-,0,0,0.49625931559641734,-11.37071784406035,-19.450913344330445,2.683779427888025,9.528177033541349,-5.551832806559957,-13.471880800295711,2.932691965242867,JAKARTA PUSAT,1,0.7376179090359712,0,0.4321847677433666,2408.35172520937,2006.3712179263675,1643.822002134209,-5.181849490130844,-62.15811700721554,-120.2300718945587,27.359883789652603,189.44022420685582,21,13.435836464436806,6,8.471041369473083,1.0260666120210722,-6.506419400855046,3.036922667836826,3.0446058020367643,1.0,5.199999809265137,2.27758720842675,0.0,3.4714406728744507,0.6024056354706405,-1.7588015794754028,1.1270615122168166,1.1327886433404812,265422.558626,266591.5394939568,13.33207893371582,3.8935845336359316,0.0,10.323098182678223,0.7932130402920301,-3.132707357406616,2.213947642263757,2.2144923725384347,23.81622678581705,12.997002086784386,10.487454809983728,10.132959821796117,-0.7815471701273683,-3.2983239428127256,3.173903096249885,3.158298005127136,356.9508361816406,21.783214890186855,0.00849878415465355,331.8399028778076,-7.585406651729499,-34.46097216196358,104.31985888679229,104.27549471957592,1,0.17039333666149936,0,0.3666060555964672,"{""type"":""MultiPoint"",""coordinates"":[]}"
000000000000000002a9,46,MENTENG,PEGANGSAAN,3171061002,3.171061002E12,Tidak Diketahui,Pegangsaan 03,-,-,-,1376,"1. Ketinggian air kali ciliwung mengalami peningkatan;
2. Drainase kurang baik;
3. Permukaan badan jalan lebih tinggi dari rumah",003,0,2020,1577865600000,-,0,0,-2.813784755539567,-9.381995265979796,-15.55479217088794,3.0194083180093494,7.108512803028221,-2.49974983898525,-10.661109731248391,3.4769203334643044,JAKARTA PUSAT,1,1.0,1,0.0,2497.8075173669595,2331.9670602552983,2074.316238620181,3.1687579070703578,-40.987509086765236,-84.21792596676414,25.169533176741716,97.43688533830009,15,10.807984256395844,5,2.722681883025116,-1.4463164834997493,-7.227674750355755,2.1548058527777227,2.1992067982793904,1.0,3.8000001907348633,1.5401291110189173,0.0,2.0642799139022827,-0.15512383396383544,-1.7164335250854492,1.257429394520071,1.2796494733818222,62050.2446186,62266.73265543677,6.53069543838501,2.264285424045878,0.0,3.576920747756958,-0.711180286599171,-2.967811346054077,1.1680701766059813,1.168838610925518,23.815917041799054,14.948579663230833,11.536493156506276,9.907905115380663,0.9807351823873245,-2.3970843482132267,3.7829385462975735,3.7733854653808603,356.704345703125,60.1779423058483,0.008498815819621086,324.65440368652344,26.499944872885383,-34.534798342734575,137.30135991425416,136.93848563518677,0,0.0,0,0.0,"{""type"":""MultiPoint"",""coordinates"":[]}"
000000000000000002aa,52,MENTENG,PEGANGSAAN,3171061002,3.17106100201E12,Tidak Diketahui,Pegangsaan 06,-,-,-,1377,"1. Banyak rumah / bangunan berdiri di atas saluran air;
2. Saluran air merembes ke rumah warga",006,0,2020,1577865600000,-,0,0,-4.92970821237253,-11.218119294455942,-15.966217105860107,2.1036530110195426,5.350494044702374,-2.102966202984413,-8.094161198452312,2.6312564577591586,JAKARTA PUSAT,1,0.987785016286645,0,0.09534224628819535,2234.1069614170033,2081.2202541288693,1857.6425549492312,-14.804451808478461,-54.685964202414624,-98.6251939744161,26.034341045322876,92.52964718535836,17,13.315146579804559,9,4.630813124109309,0.8916785590025178,-3.3081312410832524,1.5621480848645133,1.557310737328377,1.0,4.199999809265137,2.8652996950209833,0.0,2.453009843826294,1.0434292456865712,-1.907531976699829,1.463862346535566,1.4348963372690975,72867.7153008,73127.67272174696,6.549026012420654,2.0076135722932786,0.0,3.5513112545013428,-0.7861599359682033,-2.8983957767486572,1.153035111185034,1.1728334298679808,23.463556346320722,13.83808799960307,11.212220705868445,9.296989770829642,-0.2692295561441498,-2.7734389558720363,2.9873874160252796,3.023184946515705,355.6929931640625,12.828917689980843,0.008498740382492542,322.06597900390625,-20.402069983195883,-34.828583136200905,80.16819216074965,80.16605506695461,1,0.012214983713355046,0,0.09534224628819508,"{""type"":""MultiPoint"",""coordinates"":[]}"
000000000000000002ab,3,MENTENG,PEGANGSAAN,3171061002,3.17106100201E12,Tidak Diketahui,Pegangsaan 07,-,-,-,1378,Curah hujan tinggi dan sungai meluap,007,0,2019,1546329600000,-,0,0,-2.7118332262604468,-12.211061884300989,-15.896375222688324,2.2439600383943823,13.975651999215206,-1.959974367480625,-10.209962632832724,3.364924659469737,JAKARTA PUSAT,1,0.9850445017265695,0,0.14139190265868368,2974.311993662356,2630.854451246122,2411.9223005209274,-5.637442441253825,-54.822964835563845,-99.26622222397918,27.006962998370945,172.06147658882972,14,11.087544380137157,6,1.7720399429395446,-1.5206039771282436,-6.994864479314446,2.179004125598396,1.9832899919082243,1.0,3.09999942779541,1.631571720873392,0.0,1.2763761281967163,-0.3729305763947559,-2.2224249839782715,1.3043688759486487,1.2245955345689619,143385.789461,143951.51430403246,6.204781532287598,1.8753582253761558,0.0,3.5976076126098633,-0.873623278834327,-2.852735757827759,1.1253574479756738,1.0918726703739259,26.598671020712406,16.122371267170703,11.406433846643852,12.572077436577397,2.0281603577273826,-2.738623855688253,4.820938455672172,4.819000357392435,356.1689453125,108.01719520001718,0.008498772978782654,324.6868133544922,74.25017870936493,-35.06828342471272,163.5080973360296,163.26133581091727,1,0.005252662808229174,0,0.10049854899791943,"{""type"":""MultiPoint"",""coordinates"":[]}"
000000000000000002b7,12,MENTENG,PEGANGSAAN,3171061002,3.17106100201E12,Tidak Diketahui,Pegangsaan 08,-,-,-,1429,Akibat tinggi permukaan kali ciliwung sejajar dengan air pembuangan dari saluran air (got) serta curah hujan tinggi,008,0,2020,1577865600000,-,0,0,-5.8000898318572895,-12.115142532422613,-16.585661043093808,1.9568743497411134,8.078336179877187,-1.8465018982535863,-9.707187528390175,3.721382732483148,JAKARTA PUSAT,1,1.0,1,0.0,2991.621423949063,2722.3767098613084,2440.2988331759434,-3.553827293876566,-52.33286412949994,-99.40064136584351,26.136821963656388,155.88657183691603,14,10.186627153176511,5,1.725820256776899,-2.3729918389802376,-7.6219686162616025,1.9347956732597393,1.8907504850644004,1.0,3.09999942779541,1.2006703997656336,0.0,1.2441935539245605,-0.7781333526785144,-2.2177746295928955,0.9442733472136676,0.9039349317228523,94215.5890832,94587.03572851738,6.22649621963501,2.4531127709573144,0.0,3.558626651763916,-0.2656016885825805,-2.7406563758850098,1.236960722491168,1.217512390166,23.815130488851864,14.708169872756333,11.723048914697667,9.866190935212279,0.6737759313147013,-2.363538181079317,4.273150180511416,4.2353222853228045,356.42388916015625,71.57808767690612,0.00849878415465355,325.49165534973145,38.635724220726935,-34.85652575083077,149.7235023699065,149.06102586457703,0,0.0,0,0.0,"{""type"":""MultiPoint"",""coordinates"":[]}"
000000000000000002ba,10,MENTENG,PEGANGSAAN,3171061002,3.171061002E12,Tidak Diketahui,Pegangsaan 05,-,-,-,1434,"1. Curah hujan tinggi;
2. Saluan air (got) lingkungan kurang memadai",005,0,2020,1577865600000,-,0,0,1.5618007135416747,-11.139552104510612,-15.8663308013992,2.8270327489869116,3.903977850090225,-3.0525969661278567,-8.43239680434726,2.862967204347231,JAKARTA PUSAT,1,0.957046503372382,0,0.24816680858541135,2348.6536640603117,2130.502292474393,1857.6425549492312,-6.860993335104467,-52.63681962356549,-100.29025985093654,26.066221439819575,113.33024534156877,20,14.037628682996095,10,7.615406562055064,1.714609300135198,-2.3392296718963888,2.0012165432446394,2.021380704892527,1.0,5.199999809265137,3.746390761658788,1.5,3.4677032232284546,1.9751351293607964,-0.26376593112945557,0.8050392207345278,0.7965160935801089,57354.0614578,57584.33673494739,6.724203109741211,2.955946327532385,0.0,3.6894772052764893,0.009397152154040349,-2.942089796066284,1.5262907063346325,1.5386429935902173,15.955435752675792,12.53866684058421,11.185588122132156,1.9684562816336815,-1.4610514829156163,-2.7984850602060636,0.917596128287273,0.9308642617145605,0.04249391704797745,0.01428985414678746,0.008498772978782654,-29.423106729984283,-34.02254439455861,-35.11125600710511,1.2037465442211885,0.010580257599738761,1,0.04295349662761804,0,0.24816680858541132,"{""type"":""MultiPoint"",""coordinates"":[]}"
000000000000000002ad,60,MENTENG,CIKINI,3171061003,3.171061003E12,Tidak Diketahui,Cikini 01,-,-,-,1401,Luapan kali ciliwung,001,0,2010,1262332800000,-,0,0,6.190476966045189,-9.98631423815595,-15.913746687340774,3.2371373106635337,6.075599369986356,-3.468463458325529,-10.240373558917135,2.955056584472734,JAKARTA PUSAT,1,0.9954410866193542,0,0.13185543739602976,2449.0990739000135,2173.6736259836757,1956.9060257061412,25.99412141605444,-39.21722587317099,-101.81981550276464,28.29819270159489,105.76797383466152,20,10.398270432861773,6,10.183737517832535,0.08754670494453753,-3.957774607702367,2.3379154417412362,2.3070713293874685,1.0,3.5,1.5838232323231087,0.0,1.171269416809082,-0.6177747633614395,-2.084165573120117,0.6558457324462338,0.6929231691002454,74243.0299265,74537.13462181747,18.64970588684082,2.9282770876026794,0.0,15.053807497024536,-0.47867754227674586,-3.3871517181396484,2.548976816715666,2.578505951239118,23.813998706492807,13.233206062616818,10.133891297607601,10.403639548300943,-0.14705791072982113,-3.224794544403718,2.8272287893271404,2.8310366543331735,358.106689453125,11.617554412337379,0.00849903468042612,336.72856521606445,-9.521952320911488,-21.878959950059652,91.72741628852275,91.8420623275574,1,0.002208958029797433,0,0.0936549136660032,"{""type"":""MultiPoint"",""coordinates"":[]}"
000000000000000002ae,103,MENTENG,CIKINI,3171061003,3.171061003E12,Tidak Diketahui,Cikini 03,-,-,-,1403,Adanya luapan sungai Ciliwung yang masuk melalui saluran penghubung,003,0,2020,1577865600000,-,0,0,-5.701752030951403,-9.887669286447261,-15.602480393603397,2.2780255649499646,7.336303017144171,-3.849754782825567,-10.076162290776061,2.6950971547004987,JAKARTA PUSAT,1,0.9626171814968496,0,0.17205233083335322,2365.0843991588094,2150.7055994669813,1912.425078044332,3.3957765972786547,-51.15895714502763,-109.23140939693144,26.528054881010405,118.2478610615776,13,9.114530505609347,6,1.5497860199726254,-2.360756110997063,-5.202282453636471,1.534956919845595,1.5850681373183053,1.0,1.5999994277954102,0.3584139162042787,0.0,-0.1756068468093872,-1.3806311438045913,-1.804222583770752,0.37231522125308136,0.3917450618511894,90800.2146285,91183.05701760817,6.670033931732178,2.5019256923240665,0.0,3.5655369758605957,-0.6599820949399419,-3.213249921798706,1.5483905434691083,1.5377361577995152,26.602980737054487,16.623294676269634,11.21506552653779,13.096856695377236,3.1188923647621376,-2.224040284639793,4.505270787113247,4.509217052510117,357.80072021484375,119.03209268577285,0.008498926647007465,335.47204971313477,96.40923568195045,-23.002275610342622,162.23528577751387,162.25480930699828,1,0.00979714153988013,0,0.0870362919923006,"{""type"":""MultiPoint"",""coordinates"":[]}"
000000000000000002b4,81,MENTENG,KEBON SIRIH,3171061005,3.17106100501E12,Tidak Diketahui,Kebon Sirih 09,Cepat surut,-,-,1419,Kondisi wilayah seperti mangkok/piring cekungan,009,0,2020,1577865600000,-,0,0,9.194667119765926,-7.813980688916697,-17.32063140434625,5.106252356741279,14.43759992087018,-2.363978432839,-10.965032143900903,4.864290073863046,JAKARTA PUSAT,1,0.9547246083880748,0,0.24128076806256418,2464.860331787253,2233.0735426661086,1965.6814330677876,176.32841834420424,30.651509016926127,-70.2887891344194,48.954985566173434,102.28758942007396,30,10.456594239514908,4,20.76091298145586,1.3360486246826209,-4.81740370898644,3.700381169568393,3.7770191897277856,1.0,5.400000095367432,3.2023042489608096,1.0,3.1202566623687744,0.9308588823164593,-1.298459529876709,1.4836471959131434,1.4816587958362757,103659.044332,103981.43365567575,17.965681076049805,4.48270401311519,0.0,14.328353881835938,0.4238774219727062,-3.9256751537323,3.3075713135859455,3.2167336342897372,17.341759043238635,12.59180225171547,10.325368925100141,3.9972591569006983,-0.7771768760004848,-3.0551130909855093,1.2943354460114629,1.2803651400957459,0.09348959475755692,0.026502709252847974,0.008499052375555038,-14.796859834343195,-20.33609290580964,-25.36399844288826,2.222688716182301,0.025162893416639857,1,0.03547246083880748,0,0.21434855541958692,"{""type"":""MultiPoint"",""coordinates"":[]}"
000000000000000002b8,273,MENTENG,KEBON SIRIH,3171061005,3.17106100501E12,Tidak Diketahui,Kebon Sirih 08,1 Hari surut,-,-,1431,Air kiriman dan hujan deras,008,0,2020,1577865600000,-,0,0,-7.528404332720198,-10.6345738609977,-14.52170959142152,1.786509651675907,1.8305578354954992,-3.7412903475185417,-8.640409219000556,2.285086602892424,JAKARTA PUSAT,1,1.0,1,0.0,2547.273854450575,2434.548679342386,2264.7125924720826,81.81417343485555,16.12814952950962,-69.88039228509979,36.70464446071486,80.27247205309,13,7.949710777948294,5,2.5620542082749225,-2.097844841449427,-4.984878744649617,1.8408941654741908,1.9294951572348302,1.0,1.6000003814697266,0.34889658118572103,0.0,-0.5066187381744385,-1.7290402364032835,-2.1794865131378174,0.41846238086482246,0.44879020917691226,29558.3599022,29664.815121126343,4.719659328460693,2.5333571571440276,0.0,1.426894187927246,-0.8484093088803106,-3.318164587020874,1.1543242776100378,1.1520083435864796,26.604713676351313,18.35407262869658,11.672172442234569,13.135738966528047,4.939068301580867,-1.771548528520814,5.20860690588892,5.220487839412744,358.38714599609375,190.72833058189417,0.008499037474393845,336.6254692077637,168.3847138711363,-23.335464546456933,178.8352603958361,178.76966431621997,0,0.0,0,0.0,"{""type"":""MultiPoint"",""coordinates"":[]}"
000000000000000001fa,77,JOHAR BARU,JOHAR BARU,3171081001,3.171081001E12,Tidak Diketahui,Johar Baru 01,-,-,-,1092,Tidak efektifnya saluran Gendong pada pembangunan Sheedfile,001,0,2020,1577865600000,-,0,0,-3.367869216640525,-12.251415698237935,-14.937964290908216,1.7839188771325991,3.5524559812194294,-4.123800282830403,-7.814243316360033,2.2777710849402717,JAKARTA PUSAT,1,1.0,1,0.0,3482.1338548783433,3330.1445888482476,3139.010065987322,349.58131873474167,235.37999469672692,91.98569549091826,71.37077412021549,97.0093957233287,11,7.19214274774085,3,2.196576319544226,-1.2562078897850208,-5.387161198287474,1.7137558613248498,1.700509727503296,1.0,1.299999713897705,0.29959406800137894,0.0,-0.12176930904388428,-1.1711161062497975,-1.5300143957138062,0.5282278633521552,0.5105186365046971,45560.9926821,45769.77528383506,5.4005045890808105,2.61502092007675,0.0,2.9389829635620117,0.16897538705557924,-2.4372751712799072,1.1449335389884363,1.1504939420093379,21.278459756711673,16.24305621199195,11.406481537645332,7.654256928722287,2.6217802856309627,-2.1935277311208345,2.80494612676556,2.796048692154802,3.2806107997894287,1.5819082003010347,0.008499076589941978,3.0539623498916626,1.3736138666999513,-0.22518141940236092,1.154776758911009,1.1554737945499003,0,0.0,0,0.0,"{""type"":""MultiPoint"",""coordinates"":[]}"
000000000000000001fb,207,JOHAR BARU,JOHAR BARU,3171081001,3.171081001E12,Tidak Diketahui,Johar Baru 02,-,-,-,1093,Intensitas hujan cukup tinggi,002,0,2020,1577865600000,-,0,0,-5.930425284036023,-11.318695348235071,-13.728807181599162,1.6103277273194778,1.359750945801074,-4.985304910461344,-8.091120798297775,1.7467357042485332,JAKARTA PUSAT,1,1.0,1,0.0,3240.1855460822353,3168.0249156283294,3033.0447474416887,164.79632153596503,116.4876343127525,24.04607092455535,31.680843549927914,52.97446869984959,11,7.44409090909091,5,2.9922967189735594,-0.6262071067299733,-3.0134094151206128,1.1993567528509785,1.1867602959317443,1.0,1.9000000953674316,1.2254319612546398,0.0,0.4583166837692261,-0.18119329784404142,-1.3978887796401978,0.4317415532748518,0.44197740747359904,30738.1227537,30838.6731394546,4.145479202270508,1.8445756752043965,0.0,1.840362310409546,-0.49875618599355204,-2.321533441543579,1.1093981706931055,1.105351649577352,19.21357414202485,14.807352649048596,11.672184041591757,5.551441533171552,1.1454571221663055,-2.0003695895387814,2.4003495133530346,2.395253228835597,3.2806107997894287,0.3358665299623021,0.008499141782522202,3.0464088916778564,0.10447374479718172,-0.23249492142349482,0.8651933104241641,0.8664333832474955,0,0.0,0,0.0,"{""type"":""MultiPoint"",""coordinates"":[]}"
000000000000000001fc,150,JOHAR BARU,JOHAR BARU,3171081001,3.171081001E12,Tidak Diketahui,Johar Baru 03,-,-,-,1094,-,003,0,2020,1577865600000,-,0,0,9.082077681170048,-9.505307827290896,-13.870299097369129,3.170363076250631,7.886060453618775,-4.100310690984455,-7.390727095273844,2.4109104934157117,JAKARTA PUSAT,1,0.9914466843323385,0,0.08362212737350672,3693.215064037931,3483.3682701784646,3318.9059817922894,448.5114052439367,308.6219631927862,164.36150580536878,55.72249507898058,80.73843121003533,13,9.143494448730417,6,4.256490727532848,0.46819284811680867,-2.886733238230331,1.3248738626475804,1.3261892852206585,0.7231272893378219,2.700000286102295,1.3090935709235512,0.0,1.2525537014007568,-0.13851884566353675,-1.477774739265442,0.5728300569225669,0.5736096421084856,104116.141509,104546.66955167182,7.034433364868164,2.139241197488446,0.0,4.73111891746521,-0.1957394789234721,-2.3322315216064453,1.2356831957559902,1.2282026361390994,17.58388122012736,13.44936981143498,11.191547801573337,3.967303300125046,-0.19790300772829292,-2.4214706945509565,1.393341695817654,1.3865711382041053,0.9943874478340149,0.05733763119339845,0.008499091491103172,0.8115487098693848,-0.18706143174414297,-0.32368043437600136,0.18268116795057415,0.16608456262690308,0,0.0,0,0.0,"{""type"":""MultiPoint"",""coordinates"":[]}"
000000000000000001fd,174,JOHAR BARU,JOHAR BARU,3171081001,3.171081001E12,Tidak Diketahui,Johar Baru 04,-,-,-,1095,-,004,0,2020,1577865600000,-,0,0,-4.293554353012953,-10.17172013378713,-12.745538651366253,1.850910267355533,0.03377178136873226,-4.224495085741004,-6.6389784064716295,1.5872126224598402,JAKARTA PUSAT,1,1.0,1,0.0,3693.215064037931,3563.5318746569424,3463.5491259047867,448.5114052439367,344.46644849822326,259.2231981319719,57.79121368428778,70.27333883508041,14,10.571050308914385,6,5.082738944365962,1.7082591128807403,-2.886733238230331,1.9515245535772072,1.9626706612591616,0.7270005645495057,2.0,1.4458253515366422,0.0,0.5354064702987671,-0.01998071876754826,-1.4832526445388794,0.539858790546099,0.5376242291090038,19835.2673886,19877.08339173817,4.159976482391357,2.4852876319889465,0.9274099469184875,1.8431694507598877,0.1781354877765686,-1.3892373442649841,0.9047379617538658,0.9049726531029106,17.225813186799453,13.514286751298561,11.672176208866864,3.613546552915107,-0.10796776074304831,-1.9439072710166059,1.67529094743198,1.6704415306055767,0.9858883619308472,0.08385546831389445,0.008499101735651493,0.8101373761892319,-0.1166231355670139,-0.26039761304855347,0.23732813493035926,0.22788110664136657,0,0.0,0,0.0,"{""type"":""MultiPoint"",""coordinates"":[]}"
000000000000000001fe,600,JOHAR BARU,JOHAR BARU,3171081001,3.17108100101E12,Tidak Diketahui,Johar Baru 06,-,-,-,1097,-,006,0,2020,1577865600000,-,0,0,-3.45398835747621,-11.246436102493359,-15.869142076556528,1.9364839544752648,0.819632335472319,-4.766879973690476,-9.587923915074633,1.8967110720210165,JAKARTA PUSAT,1,0.9908505977913664,0,0.11951030798891775,3777.3065187347443,3650.7557892047903,3442.3651404797974,516.413766109351,391.0875842212734,181.89169059131837,62.26870388859295,71.68596090350763,15,7.533015423929911,3,5.859343794579944,-1.6297378664898796,-6.539514978601064,2.370452998309239,2.317662744342527,1.0,1.8000001907348633,0.6271699861180255,0.0,0.26690447330474854,-0.8686206302003534,-1.5372041463851929,0.49617025769754625,0.501767585503989,152875.750726,153489.829609005,9.067116737365723,2.7367465777073283,0.0,6.719122886657715,0.39152411243972574,-2.402064323425293,1.58540576685242,1.585719440771119,18.89990335561562,14.026807153215708,10.882888518128887,5.410442042977248,0.4517490716612674,-2.7353241510111364,2.1641861507890106,2.1528967605178377,1.1303731203079224,0.26248420896262775,0.008499037474393845,0.9427795112133026,0.09755937704704098,-0.18821206595748663,0.38881682096147696,0.391398555290013,1,0.007506616774664602,0,0.09781863155225404,"{""type"":""MultiPoint"",""coordinates"":[]}"
000000000000000001ff,515,JOHAR BARU,JOHAR BARU,3171081001,3.17108100101E12,Tidak Diketahui,Johar Baru 08,-,-,-,1099,Bankir / air tidak lancar,008,0,2020,1577865600000,-,0,0,4.097908931640655,-9.437907000092935,-14.172123617685543,2.9256902768714945,11.03897331664056,-3.1231079485578235,-8.772120578297162,3.190614227591305,JAKARTA PUSAT,1,0.9851732184527016,0,0.12125430454680514,3583.2274512909826,3405.807775127133,3192.0215612176544,388.64378941801215,234.64107544783218,45.62428903200953,92.53582908775165,109.35914433216776,11,6.773541554478549,0,2.196576319544226,-2.4316887304355483,-9.27902995720315,2.242802607572334,2.188998190133789,1.0,1.6000003814697266,0.5633172204006169,0.0,0.11340963840484619,-0.9670803127629481,-1.5732953548431396,0.4243594610447967,0.41775856723139065,97198.3944709,97612.02505941881,8.776071548461914,2.957834241217331,0.0,6.340581893920898,0.49032825514008166,-2.532076358795166,1.7985096728936005,1.7872379217257246,21.19189009828642,13.462686407170816,10.916045662416064,7.682830028231944,-0.08400693592525688,-2.648928026131161,2.2911472327664253,2.2883484000845065,1.682785153388977,0.20347317423747704,0.00849906262010336,1.4994155913591385,0.023208791144684382,-0.3415943570435047,0.5285293807237609,0.5408738539082215,1,0.014826781547298511,0,0.12125430454680537,"{""type"":""MultiPoint"",""coordinates"":[]}"
00000000000000000273,257,JOHAR BARU,KAMPUNG RAWA,3171081002,3.171081002E12,Tidak Diketahui,Kampung Rawa 01,-,-,-,1292,Tingginya curah hujan dan antrian air yang menuju Kali Sentiong,001,0,2020,1577865600000,-,0,0,-4.471315212133238,-11.32558367937828,-14.779436955207476,2.4031830454066574,2.671988821602037,-2.8289146725383345,-6.832841208278346,2.0000987065310394,JAKARTA PUSAT,1,1.0,1,0.0,2987.3034691983003,2882.747941782566,2779.8933419494465,57.36279389087531,-1.6638654578882262,-59.69819826788216,29.128572562965562,55.24603462834512,12,9.800793301013663,5,4.001141226819472,1.7736434781102686,-2.899286733237598,1.7987645457012842,1.8585159758939547,1.0,2.9000000953674316,2.3329367936051537,1.0999999046325684,1.3878744840621948,0.8362837482412885,-0.33323848247528076,0.6498709029554253,0.6836484402156884,23782.8452172,23896.07347348588,3.9402973651885986,2.3511549090435455,0.0,1.580906629562378,0.00387083517396539,-2.3733012676239014,1.0174936497448759,1.009615357123882,15.955480790195834,12.40878615567286,11.723119693085877,2.3470984585537362,-1.2286718407107275,-1.9187034217703456,0.8983913117414183,0.8871045339269289,0.016998406499624252,0.008782628308382393,0.008499184623360634,-0.23834619484841824,-0.2522622987435617,-0.2650924688205123,0.007072970735498926,0.002494888626711502,0,0.0,0,0.0,"{""type"":""MultiPoint"",""coordinates"":[]}"
00000000000000000274,857,JOHAR BARU,KAMPUNG RAWA,3171081002,3.171081002E12,Tidak Diketahui,Kampung Rawa 02,-,-,-,1293,Tingginya curah hujan dan antrian air yang menuju Kali Sentiong,002,0,2020,1577865600000,-,0,0,-5.299584775871014,-12.148977879213646,-14.428758898157731,1.5603447357584697,0.8499554390199209,-4.357626580264545,-6.283308607590086,1.528502045617837,JAKARTA PUSAT,1,1.0,1,0.0,3071.1090804960018,2969.0054975321127,2911.441581050983,86.94582971250657,28.21192676083348,-19.315523501946245,25.71794069171838,47.18779308435758,12,8.601766304347828,5,3.96975748930166,0.6289446753092214,-2.9058487874458683,1.7482214222954149,1.8091767757001593,1.0,2.799999713897705,1.8344837637051294,0.9000000953674316,1.3248498439788818,0.3960093563989453,-0.5051069259643555,0.7049951117253984,0.7403608327426916,25626.1084498,25731.797718810252,4.159943103790283,1.9974231770181141,0.0,1.8412704467773438,-0.3488218066485032,-2.3733012676239014,1.1005996632153885,1.0909539800073382,16.648626874976447,12.866513211769275,11.668691766868033,2.9804101719682734,-0.7894314053764997,-1.9901267547525094,1.2248272978867822,1.223269303758797,0.016998350620269775,0.011227925010683504,0.008499184623360634,-0.2261224091053009,-0.24281216989367516,-0.25619559548795223,0.008432312165333562,0.004155458894022399,0,0.0,0,0.0,"{""type"":""MultiPoint"",""coordinates"":[]}"
00000000000000000275,452,JOHAR BARU,KAMPUNG RAWA,3171081002,3.171081002E12,Tidak Diketahui,Kampung Rawa 03,-,-,-,1294,Tingginya curah hujan dan antrian air yang menuju Kali Sentiong,003,0,2020,1577865600000,-,0,0,-5.299584775871014,-10.557073719108823,-14.973897523787208,1.9746197214422319,0.5420841352274832,-4.508899265297894,-7.573123325259786,1.790573317591402,JAKARTA PUSAT,1,1.0,1,0.0,3155.4161536882916,3072.4927262270926,2997.3690208403514,122.74193476249502,67.73734463324352,15.151702622356424,28.454832362690993,49.81821004910874,10,7.6529022777369615,6,2.01312410841721,-0.3516684572573046,-2.1189728958623473,1.1144429523505248,1.1267131182879113,1.0,1.9000000953674316,1.4090375615777906,0.8000001907348633,0.4583166837692261,-0.011450630141741025,-0.5854778289794922,0.3855572888482666,0.4137580122364418,23737.1302692,23851.86790424161,3.8394336700439453,1.7305621637832058,0.0,1.5042407512664795,-0.6150085696396278,-2.3523404598236084,0.9425527814588214,0.9291992580414556,17.901390407015622,14.16755900144284,11.749126259445974,4.257835146808423,0.5061691401081687,-1.9247586748944947,1.6222307839166985,1.622104689449893,0.2549747824668884,0.07427057560292415,0.00849915947765112,0.01558847725391388,-0.16746799672839507,-0.2340201735496521,0.092340300437885,0.0922215696302617,0,0.0,0,0.0,"{""type"":""MultiPoint"",""coordinates"":[]}"
00000000000000000276,198,JOHAR BARU,KAMPUNG RAWA,3171081002,3.171081002E12,Tidak Diketahui,Kampung Rawa 04,-,-,-,1295,Tingginya curah hujan dan antrian air yang menuju Kali Sentiong,004,0,2020,1577865600000,-,0,0,-0.5441656086126693,-9.735808594653202,-13.3623658826622,2.6318886170443854,3.819153841824771,-3.903232106679801,-8.070223987461898,2.3953723663524715,JAKARTA PUSAT,1,1.0,1,0.0,3198.7543709788697,3065.5714110990625,2821.3751145383426,164.09365806910046,71.36135991193991,-45.148804173839835,44.40168233461576,88.90367043731665,13,8.973579335793355,6,4.6225392296726575,0.754020918983087,-2.1115549215399607,1.1867158426892972,1.1987238111884653,1.0,3.500000476837158,2.8235942795531757,1.9000000953674316,1.9903284311294556,1.2855509115849026,0.40753209590911865,0.38308273387561037,0.40097078553066856,47367.0908424,47517.74913707047,3.940305709838867,1.5611589678099227,0.0,1.5707781314849854,-0.8263324959955528,-2.4104135036468506,0.8776786909497832,0.874488355073567,17.054094174642074,13.531220945932432,11.886947402687543,3.451242075022863,-0.08364777538687199,-1.7806535351789279,1.2431251290558445,1.2378750271971755,0.03399674966931343,0.017007783019152286,0.008499166928231716,-0.1963183395564556,-0.2436296066497468,-0.3197391992434859,0.030233823672381692,0.009195683479980827,0,0.0,0,0.0,"{""type"":""MultiPoint"",""coordinates"":[]}"
00000000000000000278,271,JOHAR BARU,KAMPUNG RAWA,3171081002,3.17108100201E12,Tidak Diketahui,Kampung Rawa 06,-,-,-,1297,Tingginya curah hujan dan antrian air yang menuju Kali Sentiong,006,0,2020,1577865600000,-,0,0,-4.471315212133238,-11.043620108780194,-14.820927182574763,2.3844204427776,-0.577989567171272,-4.1677449013959915,-7.334214386069915,1.849321828629289,JAKARTA PUSAT,1,1.0,1,0.0,2865.260761726381,2778.907429870785,2704.577482392719,22.078999571148415,-30.33952212185788,-72.26026210995678,25.184463320732913,46.955227449085875,10,7.664911992103964,4,2.043651925820874,-0.27729465039306184,-3.839942938658444,1.5163025154247527,1.5954700534193738,1.0,3.000000476837158,1.5826947239987024,0.0,1.4223113059997559,0.08755495885932774,-1.4410842657089233,0.8295820210184587,0.8704335206669742,21049.5345287,21154.340493953543,3.353815793991089,1.8650292326674922,0.0,1.0262036323547363,-0.4748584890291083,-2.3666341304779053,0.8887063047973242,0.8887559328872994,19.287873504953755,13.985981574844216,11.88695227089668,5.61652165970621,0.33380591937458587,-1.7808174308940483,2.0351186871249065,2.0394669156902627,3.875549077987671,0.38714792184485114,0.008499198593199253,3.595303565263748,0.1138093318896827,-0.2650924688205123,1.3284816475238042,1.3313269160403223,0,0.0,0,0.0,"{""type"":""MultiPoint"",""coordinates"":[]}"
00000000000000000279,456,JOHAR BARU,KAMPUNG RAWA,3171081002,3.17108100201E12,Tidak Diketahui,Kampung Rawa 08,-,-,-,1299,Tingginya curah hujan dan antrian air yang menuju Kali Sentiong,008,0,2020,1577865600000,-,0,0,-5.930425284036023,-12.800175187520784,-14.973897523787208,1.6502692243837862,0.30681154160790347,-4.691690960627204,-7.334214386069915,1.7094428110743782,JAKARTA PUSAT,1,1.0,1,0.0,3170.3804875485657,2937.9852763954004,2790.7070829135955,149.27366441115282,27.248035891220656,-51.05026480465449,49.14721082791285,110.69498149805818,8,5.572750362844703,2,0.091012838802361,-2.34375218690217,-5.884736091297523,1.300749330497767,1.316461297742917,1.0,1.200000286102295,0.2879535864676377,0.0,-0.17777442932128906,-1.1063767682182424,-1.4331527948379517,0.4831385950072876,0.48759772401082924,19318.1365721,19354.13087371994,3.839418649673462,1.863447620653708,0.0,1.475062608718872,-0.5619575750347666,-2.4518463611602783,0.9873913353346766,0.9680659352973687,22.053534079976146,17.27036250087051,11.749134785595139,8.403927207597421,3.6220008009504085,-1.9098009433882233,2.778531363430879,2.772127960583599,3.858550548553467,2.667459914154111,0.008499141782522202,3.590875566005707,2.4105272930027946,-0.2650924688205123,1.7030593767886821,1.7042195022030537,0,0.0,0,0.0,"{""type"":""MultiPoint"",""coordinates"":[]}"
00000000000000000287,686,JOHAR BARU,GALUR,3171081003,3.171081003E12,Tidak Diketahui,Galur 01,-,-,-,1314,Hujan lebat dan lama,001,0,2020,1577865600000,-,0,0,-6.891716910494289,-12.43196451503372,-14.460916609940988,1.4590180458398874,-0.8695710729419825,-5.0421325710161495,-7.0401847005614915,1.6456126478950026,JAKARTA PUSAT,1,1.0,1,0.0,2779.8933419494465,2667.4096848403847,2533.7244293416434,5.196834616668184,-43.65743504734762,-96.85358539124991,28.836402438749367,60.255181157918635,9,6.29574656623837,5,1.085306704708172,-1.5124792925095654,-2.89300998573406,1.0391886431106339,1.047565601757847,1.0,2.000000476837158,0.830926018158419,0.0,0.4976893663406372,-0.6455287939687723,-1.463423728942871,0.4963624551126245,0.5104128924892187,15850.1276125,15906.828352311244,4.145472526550293,1.8770626909869088,0.0,1.8049118518829346,-0.47646234832509315,-2.3432865142822266,0.8923143828102251,0.8894393746300933,19.29006514346065,14.35089896948089,12.01469297631678,5.61652165970621,0.6669007447888357,-1.6741867020883348,2.390856938162842,2.389070410084133,3.9010467529296875,0.7997001247974853,0.00849922001361847,3.5955847799777985,0.5057837855488422,-0.2929931730031967,1.6005445136943484,1.6017410273845831,0,0.0,0,0.0,"{""type"":""MultiPoint"",""coordinates"":[]}"
00000000000000000288,85,JOHAR BARU,GALUR,3171081003,3.171081003E12,Tidak Diketahui,Galur 02,-,-,-,1315,air kali sentiong meluap saluran air macet/mampet,002,0,2020,1577865600000,-,0,0,-7.488605555820229,-11.702704492014576,-15.233373006501791,1.80187895537235,0.6180753293461209,-3.9896159063499796,-9.428152835792877,2.248799007943284,JAKARTA PUSAT,1,1.0,1,0.0,2821.3751145383426,2573.0302113914163,2365.0843991588094,16.16356729403651,-54.28962920811453,-107.69040815634116,30.351891154337828,108.05180589176409,12,5.903160453808751,2,4.187446504993434,-1.914562803311189,-5.845363766047906,2.402113045753895,2.4536935923007905,1.0,2.4000000953674316,0.9873501478563058,0.0,0.8570327758789062,-0.5321089404135506,-1.4676463603973389,0.6226131318208606,0.6473116781227969,43062.5182267,43252.614996332886,5.938636779785156,2.842509647658037,0.0,3.5678720474243164,0.4718989962213815,-2.380894184112549,1.4465467769718623,1.4482046088636125,19.29443420145698,13.876043400469886,11.435447154223441,5.624913925635601,0.21134360526114426,-2.227111181973827,1.904630234585178,1.9070301994757333,4.1050286293029785,0.30974066429016756,0.00849925260990858,3.7816004157066345,0.0054292306020958464,-0.31049147341400385,1.1802042988431458,1.1840381957598254,0,0.0,0,0.0,"{""type"":""MultiPoint"",""coordinates"":[]}"
00000000000000000289,145,JOHAR BARU,GALUR,3171081003,3.171081003E12,Tidak Diketahui,Galur 04,-,-,-,1317,"curah hujan tinggi, kondisi rumah lebih rendah dari jalan",004,0,2020,1577865600000,-,0,0,-5.213067965591302,-10.629148394807721,-14.406115726100968,2.0562711109937837,16.230862813863087,-2.8675761822829204,-9.579872938654706,3.260829502851587,JAKARTA PUSAT,1,1.0,1,0.0,3038.713994907392,2786.3913724196736,2497.8075173669595,106.84500777537005,-3.8052985081318527,-93.28810264523872,43.00883087725461,141.99738624426095,15,10.307579298831385,7,7.002853067047698,2.217916441811659,-1.240798858772461,1.6646891264204786,1.6516926007475494,1.0,3.200000286102295,2.69256762394722,1.5999999046325684,1.6305279731750488,1.0771283696131635,-0.0471038818359375,0.4190881907271058,0.41109440658451885,52233.1567906,52475.61300343124,7.2227864265441895,2.227790387739522,0.0,4.825411558151245,-0.15968145341029352,-2.409883737564087,1.5016027691955252,1.5032291880493387,16.648631477241572,12.758081155475145,11.113402775956793,3.0486838860779333,-0.8267780181915744,-2.4155347181391775,1.2177837672671215,1.227381902748336,0.03399695083498955,0.00915419214630565,0.008499198593199253,-0.2406861074268818,-0.2828194872119491,-0.34147992357611656,0.026476725419284506,0.0051953822063910355,0,0.0,0,0.0,"{""type"":""MultiPoint"",""coordinates"":[]}"
0000000000000000028a,145,JOHAR BARU,GALUR,3171081003,3.171081003E12,Tidak Diketahui,Galur 05,-,-,-,1318,ukuran saluran kecil,005,0,2020,1577865600000,-,0,0,-5.821436459253,-10.779098954219986,-14.7710288842367,2.049184899864616,0.8092185903776238,-4.415228980882255,-8.271905033575571,1.8878911564829373,JAKARTA PUSAT,1,1.0,1,0.0,2959.810142304346,2744.2694120449864,2547.273854450575,85.07742146851024,0.1951374663017572,-80.31142081361759,36.53814127419245,114.1398949198593,14,10.270467547839813,7,5.994864479315874,2.18411552529509,-1.1400855920107542,1.4686260762332066,1.4500553696718657,1.0,2.700000286102295,1.9583745638654881,1.5,1.0849640369415283,0.29504712399563443,-0.1928960084915161,0.4463904079403254,0.4306516492086064,35364.8125107,35509.2453980666,4.654246807098389,2.2021149852603217,0.0,2.243640661239624,-0.20944414272960254,-2.409883737564087,1.0832492860080154,1.084761666980855,16.57242638217732,13.283104541214982,11.561793175637433,3.0506149366014395,-0.2817290196457059,-1.9977904357653689,1.4733491671566126,1.4604314849968398,0.25497663021087646,0.06498407714640655,0.008499208837747574,-0.0583212673664093,-0.27127380513608707,-0.3538852594792843,0.09700088332897769,0.09907063397221993,0,0.0,0,0.0,"{""type"":""MultiPoint"",""coordinates"":[]}"
0000000000000000028b,145,JOHAR BARU,GALUR,3171081003,3.17108100301E12,Tidak Diketahui,Galur 06,-,-,-,1319,Lantai bangunan lebih rendah dari saluran air / sebagiab ada luapan dari luar,006,0,2020,1577865600000,-,0,0,-2.484274855870457,-11.011164097323219,-14.247011705023557,2.172547955869092,4.180940714902469,-4.673309527831049,-8.876451826046342,1.8125728031782353,JAKARTA PUSAT,1,1.0,1,0.0,3087.875951668441,2856.59851346818,2653.179401278082,145.4089875907025,39.79791387158866,-36.58890229859708,45.16341625384567,130.70683576199147,13,9.489388717576636,6,4.769186875892263,1.3347702085571265,-2.1623395149779316,1.8279848035328594,1.8556304620864161,1.0,3.200000286102295,2.133185263707593,1.5,1.6028531789779663,0.4768922320299653,-0.1928960084915161,0.5828549897603993,0.5564360538863006,38519.475758,38643.72456963498,4.744986534118652,2.1270275235705856,0.0,2.3335976600646973,-0.2774429805056491,-2.4148595333099365,1.0924160461665922,1.0923370027280237,19.133537834822892,13.690381070218569,11.536575716888883,5.558734994673696,0.09372208643894472,-2.08010302918688,1.6709936567485724,1.6519590730646199,0.24647735059261322,0.07102310324029287,0.008499198593199253,-0.09841270744800568,-0.29490096586724823,-0.4012857684865594,0.09288566156695456,0.09058542300482111,0,0.0,0,0.0,"{""type"":""MultiPoint"",""coordinates"":[]}"
0000000000000000028c,80,JOHAR BARU,GALUR,3171081003,3.17108100301E12,Tidak Diketahui,Galur 07,-,-,-,1320,Intesitas hujan yang cukup tinggi serta lama kondisi eksisting rumah warga lebih rendah dari jalan,007,0,2020,1577865600000,-,0,0,0.011088975641471772,-9.681670507252013,-13.951739543192865,2.811715077753025,4.180940714902469,-3.926422414662143,-7.834356138166452,2.3492052776170116,JAKARTA PUSAT,1,1.0,1,0.0,3192.0215612176544,2919.8789157128676,2709.346062320677,246.09586306073288,88.029020931363,-20.45323418815451,56.822281527844176,131.5026384489644,13,9.512009077728047,6,4.7669044222545995,1.3471224319727833,-2.1101283880164683,1.5672251442859166,1.5447183167828469,0.8968984662629996,4.700000286102295,2.0955746817587304,1.5,3.0444223880767822,0.44337059232886966,-0.18981468677520752,0.4755027078991702,0.46208895158829244,55305.4478464,55536.71629211632,5.400482654571533,2.216160273590267,0.0,3.039216995239258,-0.16395359240932136,-2.4148595333099365,1.110367421387911,1.1051433808457158,19.133537834822892,13.402145581848773,11.48677099249275,5.558734994673696,-0.2423683457663862,-2.2051790080271303,1.4712730788392288,1.4630023101040677,0.24647735059261322,0.046890036281991315,0.008499198593199253,-0.12315024435520172,-0.35470004067733035,-0.4535155901685357,0.07922405332151453,0.06854255639243106,0,0.0,0,0.0,"{""type"":""MultiPoint"",""coordinates"":[]}"
0000000000000000027a,864,JOHAR BARU,TANAH TINGGI,3171081004,3.171081004E12,Tidak Diketahui,Tanah Tinggi 01,-,-,-,1300,Curah hujan cukup tinggi yang mengakibatkan air hujan meluap dari kali sentiong ke jalan dan pemukiman,001,0,2020,1577865600000,-,0,0,-5.8235626969163325,-10.88225509953019,-16.601342852686464,2.1949209431456405,5.924322452358066,-4.9869699663264395,-10.304223715989973,2.67143670197252,JAKARTA PUSAT,1,1.0,1,0.0,2587.496455406664,2366.323442386743,2243.7160679617973,25.88034527672471,-48.11932551112082,-94.27152785519411,28.45701841846406,78.16524050671403,10,5.660219729915313,3,2.320970042796567,-2.048667257218549,-4.723823109842525,1.5334649329277041,1.5412951492949285,1.0,1.0999999046325684,0.36807054623664703,0.0,-0.06619131565093994,-0.8164263695621684,-1.2120685577392578,0.271637055440026,0.2962270389264961,60895.7435917,61213.35773991074,5.938642501831055,2.4425870099297424,0.0,2.914581537246704,-0.8521252437338013,-3.4678006172180176,1.346350619697304,1.3418158568168446,20.71765515768561,14.20466851117611,11.310888226640527,7.417997086021941,0.8312968246656555,-2.1693427658144078,1.8879502333963343,1.8570969608025514,0.9944050312042236,0.20136773584205472,0.008499208837747574,0.7492894232273102,-0.225847081887489,-2.413528621196747,0.6200704790222116,0.31020295813537546,0,0.0,0,0.0,"{""type"":""MultiPoint"",""coordinates"":[]}"
0000000000000000027b,300,JOHAR BARU,TANAH TINGGI,3171081004,3.171081004E12,Tidak Diketahui,Tanah Tinggi 02,-,-,-,1301,Curah hujan cukup tinggi yang mengakibatkan air hujan meluap dari kali sentiong ke jalan dan pemukiman,002,0,2020,1577865600000,-,0,0,-6.501007355703999,-11.126441652861288,-13.802937160611854,1.572914601861036,0.3503475534224679,-3.9633981571592956,-8.471654768762189,1.9001571519836404,JAKARTA PUSAT,1,1.0,1,0.0,2767.4830418432575,2567.348727713463,2440.2988331759434,69.03788434142598,-4.6175618646106456,-66.1757350601215,32.07067932513994,81.3046692659667,8,6.2189790750366525,4,0.20485021398060255,-1.6001932084982324,-3.861340941511541,0.9381075321950597,0.9373557137351983,1.0,0.9000000953674316,0.3023923982004793,0.0,-0.3546077013015747,-0.9697756194582178,-1.3513553142547607,0.3067307688128234,0.2984116733803511,52375.2688864,52583.42740242352,4.6273674964904785,1.715253103550761,0.0,1.470048427581787,-1.4571663061134275,-3.373065948486328,1.0419240771249398,1.0184000109633269,20.312186543080873,14.933499582397992,11.561788463807734,6.961214068621436,1.5599465716887615,-1.7867690906253575,2.242707091534666,2.247806484088246,0.6629343628883362,0.2524422066103491,0.008499198593199253,0.4211048483848572,-0.0343810720538032,-1.6352093815803528,0.4214367493830362,0.2773686722927078,0,0.0,0,0.0,"{""type"":""MultiPoint"",""coordinates"":[]}"
0000000000000000027c,677,JOHAR BARU,TANAH TINGGI,3171081004,3.171081004E12,Tidak Diketahui,Tanah Tinggi 03,-,-,-,1302,Curah hujan cukup tinggi yang mengakibatkan air hujan meluap dari kali sentiong ke jalan dan pemukiman,003,0,2020,1577865600000,-,0,0,-4.539573456001889,-11.523107711816632,-15.463387945964847,2.111759549745076,1.5230614897078723,-3.0822471752855285,-10.327030053237737,2.7481969194041262,JAKARTA PUSAT,1,0.976993865030675,0,0.12498425196844122,2612.321102482647,2424.4619607318573,2319.1560581931994,14.14723201866309,-51.452013726037116,-94.6003354711097,27.908807737812428,85.009004719724,9,6.197221219776256,3,1.4710413694727364,-1.475635337669858,-4.746647646219113,1.57398224763473,1.583328360576191,1.0,1.0999999046325684,0.7946500200865628,0.5,-0.14442241191864014,-0.48292003117585075,-0.7708132266998291,0.16493101710355135,0.17814587119925485,38738.4133908,38849.72492446938,4.9860992431640625,2.6396312268846773,0.9274099469184875,2.194263458251953,-0.15026542555657765,-2.0455201268196106,1.1591109443912881,1.1346822345747747,14.774849579066547,12.547656196280993,11.486773897247836,1.2863811212066114,-0.9790674826221624,-2.0683790445993733,0.7612681873788865,0.7540235654630879,0.04249617084860802,0.014668156204742482,0.008499208837747574,-0.2471853829920292,-0.27594786829188067,-0.30605403799563646,0.01639553990310549,0.01206054311531135,1,0.02300613496932515,0,0.12498425196844144,"{""type"":""MultiPoint"",""coordinates"":[]}"
0000000000000000027d,600,JOHAR BARU,TANAH TINGGI,3171081004,3.171081004E12,Tidak Diketahui,Tanah Tinggi 04,-,-,-,1303,Curah hujan cukup tinggi yang mengakibatkan air hujan meluap dari kali sentiong ke jalan dan pemukiman,004,0,2020,1577865600000,-,0,0,-6.8342046951195385,-11.641704570779162,-15.68428843234667,1.7675753074319023,1.2637589014933095,-3.891571369937364,-9.070286367998046,2.363406786950217,JAKARTA PUSAT,1,1.0,1,0.0,2670.959054017488,2481.286863986005,2365.0843991588094,8.895467266596825,-49.2169493727915,-107.69040815634116,29.398752849288638,80.49823862720949,9,7.100697906281155,3,1.4710413694727364,-0.5083510097376959,-4.748930099856763,1.5091749327643085,1.4853555102181901,1.0,1.200000286102295,0.8288933578540655,0.0,-0.12288141250610352,-0.5604802522916023,-1.4675036668777466,0.4431026518604908,0.41345153718805594,34941.9044711,35126.95947467127,7.644643783569336,2.2519279006946595,0.0,5.134334087371826,-0.23267436619413465,-2.518916130065918,1.399155626426545,1.3922103327540074,19.001731546928497,13.710588649050626,11.05599130282831,5.337866031224033,0.09476072158532413,-2.5453362626005074,2.4468405629221386,2.4679907794179914,4.1050286293029785,0.7104394305677543,0.008499208837747574,3.7816004157066345,0.40571146481099374,-0.31029988545924425,1.607060719503198,1.6136315416304112,0,0.0,0,0.0,"{""type"":""MultiPoint"",""coordinates"":[]}"
0000000000000000027e,600,JOHAR BARU,TANAH TINGGI,3171081004,3.171081004E12,Tidak Diketahui,Tanah Tinggi 05,,-,-,1304,Curah hujan cukup tinggi yang mengakibatkan air hujan meluap dari kali sentiong ke jalan dan pemukiman,005,0,2020,1577865600000,-,0,0,-4.155287870929598,-11.658519501204388,-14.698729434167923,1.7103783210521204,3.6230423519684614,-3.639790947171644,-8.021891203001116,2.008549045593906,JAKARTA PUSAT,1,0.9891507828454731,0,0.09448728361893272,2877.2493528392174,2706.564043754277,2587.496455406664,69.03788434142598,-8.240007267416148,-71.93558400940765,30.433595515035442,76.49244881954736,11,6.392443839346494,2,3.2188302425112925,-1.4104637909078526,-5.897289586304653,1.9064118092300437,1.8923208436924148,1.0,1.0999999046325684,0.5522166066546272,0.0,-0.2494438886642456,-0.8105233339954186,-1.4465906620025635,0.3534183297399021,0.33277285058453393,81984.6745804,82312.81482208199,7.644643783569336,3.0052843134447045,0.0,5.16681432723999,0.38238671949479425,-2.864093065261841,1.5015650093259958,1.4571784524497113,19.287873504953755,13.159000446315659,11.05599130282831,5.61652165970621,-0.39497933792274376,-2.559087063371347,2.2815084260344944,2.3090620555958794,3.875549077987671,0.5186672682969874,0.008499184623360634,3.5947433710098267,0.2502186603687174,-0.27985283359885216,1.4129573735094276,1.4161853282321417,0,0.0,0,0.0,"{""type"":""MultiPoint"",""coordinates"":[]}"
0000000000000000027f,752,JOHAR BARU,TANAH TINGGI,3171081004,3.17108100401E12,Tidak Diketahui,Tanah Tinggi 06,-,-,-,1305,Curah hujan cukup tinggi yang mengakibatkan air hujan meluap dari kali sentiong ke jalan dan pemukiman,006,0,2020,1577865600000,-,0,0,-2.8518789446104016,-11.516480264311223,-14.52782552380894,1.9920497385772225,4.909598947899223,-2.9914060680126755,-7.286239504200253,2.933960341823829,JAKARTA PUSAT,1,1.0,1,0.0,3038.713994907392,2855.874390408203,2623.82556060524,222.4745045790669,110.2345165592252,-4.868283236668503,56.864362930529396,119.26492174846085,10,6.076813655761021,3,2.09900142653413,-1.7954863394605072,-4.915263908701244,1.607183031139005,1.6315362159934712,1.0,1.6000003814697266,0.6729536415703402,0.0,0.18596315383911133,-0.7052045211159332,-1.371925950050354,0.571278662238628,0.5910885803940106,53925.6047438,54170.554441017965,4.6273674964904785,2.0673939349363675,0.0,1.470048427581787,-0.8463797350449623,-3.113243341445923,1.0063052707195526,0.9993422765968237,17.282093406736575,14.450082580905413,11.561788463807734,3.8908056418245867,1.0231153593253208,-1.7867690906253575,1.6617640060069496,1.6371466139077335,0.5354459881782532,0.15413406198502513,0.008499141782522202,0.30333830416202545,-1.06893669224102,-3.5545440055429935,0.9771626636875871,0.1638566563345374,0,0.0,0,0.0,"{""type"":""MultiPoint"",""coordinates"":[]}"
00000000000000000280,1700,JOHAR BARU,TANAH TINGGI,3171081004,3.17108100401E12,Tidak Diketahui,Tanah Tinggi 07,-,-,-,1306,Curah hujan cukup tinggi yang mengakibatkan air hujan meluap dari kali sentiong ke jalan dan pemukiman,007,0,2020,1577865600000,-,0,0,-4.676521402858847,-11.419547924041877,-14.910813829514177,1.7418294509823016,5.258508301111383,-2.814847020765042,-6.206223991533605,2.2045817780231176,JAKARTA PUSAT,1,1.0,1,0.0,2994.4966013776398,2885.8392559113713,2767.4830418432575,153.16623928801755,78.11767832431025,-4.441793644208246,37.89873834989546,76.55775216810048,11,6.459627749576989,3,3.210556348074774,-1.4058648631028654,-4.825962910127778,1.9604866378682353,1.9605775002291221,1.0,1.6000003814697266,0.6718443676582245,0.0,0.18596315383911133,-0.7237491073221121,-1.3994009494781494,0.5865289737934005,0.5943673628548277,51567.0201424,51754.2638889562,5.655346870422363,2.463015679445767,0.0,2.989280939102173,-0.2668595883285535,-2.7549734115600586,1.4517129392156256,1.4637184860037644,17.341775808782746,13.015816925696475,11.36009610603994,3.815871479007784,-0.4607190763022941,-2.182136511544977,1.309297250779597,1.315764640292617,0.05099499598145485,0.020031588558996383,0.00849915947765112,-0.1794537715613842,-0.23927753866689563,-0.8279339531436563,0.10552233331090254,0.014367274276417694,0,0.0,0,0.0,"{""type"":""MultiPoint"",""coordinates"":[]}"
00000000000000000281,1400,JOHAR BARU,TANAH TINGGI,3171081004,3.17108100401E12,Tidak Diketahui,Tanah Tinggi 08,-,-,-,1307,Curah hujan cukup tinggi yang mengakibatkan air hujan meluap dari kali sentiong ke jalan dan pemukiman,008,0,2020,1577865600000,-,0,0,-3.5576707790619944,-11.09065469538094,-14.652531459845285,2.142227132073316,4.5998606629288705,-3.149909091049222,-7.288554874542596,2.2187411743049945,JAKARTA PUSAT,1,1.0,1,0.0,3139.010065987322,2957.0694542053006,2790.7070829135955,168.30128499404918,60.115012611089924,-21.532928725784586,45.37499482425413,100.81337934576045,8,5.937792767472362,4,0.1600570613415524,-2.0113883367090417,-3.946077032809666,0.9445799885169884,0.9383529431353976,1.0,1.0999999046325684,0.1543188705918463,0.0,-0.2494438886642456,-1.2272840579857083,-1.4200571775436401,0.2616911765036443,0.2600036551114019,55874.8624871,56115.5049794194,5.655346870422363,1.5870303935899215,0.0,2.989280939102173,-0.9903534944898352,-2.649960517883301,1.0808290902536568,1.080051382687119,19.887295632664316,15.321548657038777,11.36009610603994,6.357275263537318,1.7415591359187015,-2.182136511544977,2.7423023801309907,2.7644309401136513,3.7990562915802,0.9573199515593978,0.008499141782522202,3.54089891910553,0.7085926740154986,-0.25460501573979855,1.515848700106603,1.5159946386980871,0,0.0,0,0.0,"{""type"":""MultiPoint"",""coordinates"":[]}"
00000000000000000282,1215,JOHAR BARU,TANAH TINGGI,3171081004,3.17108100401E12,Tidak Diketahui,Tanah Tinggi 09,-,-,-,1308,Curah hujan cukup tinggi yang mengakibatkan air hujan meluap dari kali sentiong ke jalan dan pemukiman,009,0,2020,1577865600000,-,0,0,-2.8518789446104016,-10.35267508751409,-14.320398546474713,2.3678831320002356,2.6489655422020117,-4.242774000010757,-7.667196518082107,2.26812755972361,JAKARTA PUSAT,1,1.0,1,0.0,3287.644004268418,3151.8889907977873,3038.713994907392,309.8531296432643,188.9535915509254,97.25985075175868,54.14998581871234,65.86150505057113,9,5.909024745269284,2,0.7435092724685326,-2.2625493820025504,-6.177460770327453,1.4325371937003586,1.401777825066836,1.0,1.5999999046325684,0.6138115474056816,0.0,0.19691848754882812,-0.8276380804868843,-1.4596006870269775,0.42277920534541114,0.40908591621860874,62154.429089,62455.18454592335,5.400496959686279,2.1411765036184107,0.0,2.7684481143951416,-0.4475964539636491,-2.6652770042419434,1.0519930867216123,1.0643934403435553,21.81908736027788,14.590914264694435,11.482540557447182,8.19336334755399,1.0602754647448516,-2.044707259172256,2.2915316470387306,2.3052968183660796,3.2806107997894287,0.3670500043065085,0.008499115705490112,3.053513750433922,-0.2859753496884838,-3.5320892333984375,1.4443061592363429,0.9685974535943636,0,0.0,0,0.0,"{""type"":""MultiPoint"",""coordinates"":[]}"
00000000000000000283,510,JOHAR BARU,TANAH TINGGI,3171081004,3.17108100401E12,Tidak Diketahui,Tanah Tinggi 10,-,-,-,1309,Curah hujan cukup tinggi yang mengakibatkan air hujan meluap dari kali sentiong ke jalan dan pemukiman,010,0,2020,1577865600000,-,0,0,-4.756585769683321,-10.777798945891428,-13.755923554274855,1.843998201731256,1.4825854631003077,-4.648607727838982,-7.814243316360033,1.9858836440730656,JAKARTA PUSAT,1,1.0,1,0.0,3413.495205640626,3321.904865447869,3220.204766362868,321.580882234045,238.01215833307344,120.64537006102228,58.21241625126524,55.38688771918854,8,5.910162829870859,4,-1.1067047075598442,-2.981179729606659,-4.962910128387268,1.1508402467650303,1.2906452953964294,1.0,0.8000001907348633,0.18850369261999195,0.0,-0.696975588798523,-1.309385707611317,-1.550784707069397,0.26021569066598377,0.2522585389041652,24778.3631754,24928.82668659701,3.8394603729248047,1.9660325066836473,0.0,1.3920931816101074,-0.5621076649842404,-2.575965404510498,1.1254663635697637,1.1198959593022166,21.19189009828642,15.066395457238384,11.75425995779305,7.682830028231944,1.5175764198703139,-1.78448085342335,2.6815131905607865,2.6810089386333638,1.742278814315796,0.620259791677598,0.00849906262010336,1.541004166007042,0.40288857508260917,-0.6838618610054255,0.842443123878208,0.8075023452986227,0,0.0,0,0.0,"{""type"":""MultiPoint"",""coordinates"":[]}"
00000000000000000284,750,JOHAR BARU,TANAH TINGGI,3171081004,3.17108100401E12,Tidak Diketahui,Tanah Tinggi 11,-,-,-,1310,Curah hujan cukup tinggi yang mengakibatkan air hujan meluap dari kali sentiong ke jalan dan pemukiman,011,0,2020,1577865600000,-,0,0,-4.52202062181888,-10.494428873374444,-14.460916609940988,2.1859535203749068,3.678517169416229,-2.932876757807661,-6.7428439201135575,2.137996230931858,JAKARTA PUSAT,1,1.0,1,0.0,2704.577482392719,2569.034498928932,2411.9223005209274,-2.2542088186087312,-51.67417267577328,-103.95058141141317,28.456653245842254,76.34290896173624,12,7.697374759152217,5,4.24450784593497,0.006826849340497456,-2.7600570613403503,1.5140532612597022,1.5269568501507236,1.0,1.0999999046325684,0.4793713792785285,0.0,-0.3001713752746582,-0.95063408023475,-1.4676463603973389,0.5060387492153883,0.48798052354303084,29002.1817661,29090.031858434282,7.644643783569336,2.8607590616768603,0.0,5.16681432723999,0.4512271961710471,-2.478212356567383,1.7914467329252601,1.8025901487859382,22.08451075225676,15.385098869473357,11.05599130282831,8.414368091498392,1.7363763535581616,-2.559087063371347,3.184690193554852,3.2042118089801406,4.02853536605835,1.9569539599530428,0.008499208837747574,3.717495948076248,1.6568497044072659,-0.30150963086634874,1.9481931530227021,1.949740599751288,0,0.0,0,0.0,"{""type"":""MultiPoint"",""coordinates"":[]}"
00000000000000000285,808,JOHAR BARU,TANAH TINGGI,3171081004,3.17108100401E12,Tidak Diketahui,Tanah Tinggi 12,-,-,-,1311,Curah hujan cukup tinggi yang mengakibatkan air hujan meluap dari kali sentiong ke jalan dan pemukiman,012,0,2020,1577865600000,-,0,0,-5.992945687821246,-11.83518141992723,-14.295719109388601,1.9236797502120646,2.3407970959535973,-3.69401364863477,-7.216444489695329,2.047853346740409,JAKARTA PUSAT,1,1.0,1,0.0,3110.091172995092,3058.281840121953,2948.157301224414,194.9411204883868,158.48960058237347,77.87045596940834,30.216130018754306,49.80204452931625,10,6.614766449020592,3,2.09900142653413,-1.395731815518242,-5.080741797431601,1.4903976630369564,1.452938384401688,1.0,1.6000003814697266,0.858781260939553,0.09999990463256836,0.17743253707885742,-0.5778262411033253,-1.3383738994598389,0.49280501224050877,0.48746153016352295,20860.5477479,20963.939931444504,5.00709867477417,1.9950289399145276,0.0,2.3877296447753906,-0.6793000460788672,-2.7549734115600586,1.0367240578289083,1.0251596497108515,16.26225495953264,13.608274246167975,11.482540557447182,2.782816913156843,0.12409610777277083,-2.0375212073309825,1.5769497815824047,1.5717505588532363,0.3739595413208008,0.10490314708079318,0.008499141782522202,0.15119074285030365,-0.2653721054333295,-1.3333970345556736,0.357513661594159,0.15010222167136975,0,0.0,0,0.0,"{""type"":""MultiPoint"",""coordinates"":[]}"
00000000000000000286,825,JOHAR BARU,TANAH TINGGI,3171081004,3.17108100401E12,Tidak Diketahui,Tanah Tinggi 13,-,-,-,1312,Curah hujan cukup tinggi yang mengakibatkan air hujan meluap dari kali sentiong ke jalan dan pemukiman,013,0,2020,1577865600000,-,0,0,-5.233838903503065,-11.588162013695769,-14.195214863403738,1.6506894747600187,1.32990836416071,-3.8178322377184144,-7.679663895846806,2.096748820667437,JAKARTA PUSAT,1,0.9592170871474286,0,0.19851201022177326,3403.396085266404,3316.0664808401407,3198.7543709788697,358.5252934613409,288.6995716111002,157.18026445929036,44.50081161760661,49.722073326149584,9,6.656694202574978,3,0.5552068473615979,-1.832215940463047,-5.387161198287474,1.4026006577574242,1.4908238751137306,1.0,1.299999713897705,0.6744288607545752,0.0,-0.10967230796813965,-0.7820301466402644,-1.4800571203231812,0.3875385330467901,0.37439645941014615,46985.5970986,47149.07793208656,4.637092113494873,2.0840818852002108,0.0,2.0869550704956055,-0.4345715206329635,-2.5912232398986816,1.0102144365881032,1.0123819219657704,19.034831289764128,13.692708140882633,11.559670196389758,5.403546693852864,0.13962164345621092,-1.9585537506219364,1.9660570514605151,1.9869611511729153,2.9916393756866455,0.22305323263964205,0.008499101735651493,2.774971678853035,-0.11696722387769591,-2.7953363209962845,1.07925659077995,0.8812160198069213,1,0.04078291285257125,0,0.19851201022177314,"{""type"":""MultiPoint"",""coordinates"":[]}"
000000000000000000de,350,TANJUNG PRIOK,TANJUNG PRIOK,3172021001,3.17202100101E12,Tidak Diketahui,Tanjung Priok 14,RT 1 s.d 6,,,421,Saluran air dangkal dan air laut pasang,014,0,2020,1577865600000,,0,0,-0.502769278449354,-9.589483676076506,-18.251738663661285,2.688425695962044,11.80276613336665,-3.2656273068278394,-11.726187159046962,3.5165859231529417,JAKARTA UTARA,1,0.9641769472977855,0,0.2249805771974613,649.3636962940959,450.7996374465881,185.53248465545596,206.10854972869413,29.2511675715331,-222.5102760300652,103.59191802823412,101.00493243594259,9,1.9612347080989005,-8,7.939800285306789,1.1458622906581293,-8.360057061340909,2.9271540476957267,3.0385438957274733,0.9999380676948115,7.200000286102295,1.8007794601592493,0.0,5.873877286911011,0.5219629905936777,-1.402111291885376,1.6877989040228347,1.7241330862904196,135096.246225,135710.99328496732,12.316861152648926,3.7352838584137826,0.0,8.947374105453491,0.41078517261056274,-3.384248971939087,2.076666614483852,2.0894717291462,17.461794065900666,12.694088761935209,11.02539720273006,3.9194494605766472,-1.0129862835034784,-2.8806345937617195,1.3244820130270367,1.351176941273557,0.6205086708068848,0.04183658764647662,0.008500121533870697,-5.386014410294592,-7.317618462366767,-8.147159511223435,0.4985611555934717,0.1145018940145379,1,0.01925360037165127,0,0.14468181025100196,"{""type"":""MultiPoint"",""coordinates"":[]}"
000000000000000000e0,350,TANJUNG PRIOK,TANJUNG PRIOK,3172021001,3.172021001E12,Tidak Diketahui,Tanjung Priok 02,RT 5 dan 6,,,423,"Sungai Tirem meluap, dangkal dan air laut pasang",002,0,2015,1420099200000,,0,0,2.4130149609673524,-8.989644009990949,-13.054705498110852,2.340186554495007,12.497131538647716,-2.1166591454163135,-6.937750816066884,2.98772660033484,JAKARTA UTARA,1,1.0,1,0.0,747.9053559872657,627.7868668270742,499.5615034733919,198.08140309633393,27.578374400962442,-113.43809904440832,75.61121087658738,60.68716646447871,5,1.906046599377417,-2,3.596861626248324,0.464920126368295,-3.474179743223849,1.8122842376231267,1.7935654946370954,0.5944589104230571,1.8999998569488525,1.0240260317532275,0.5,0.45817387104034424,-0.5611093723372504,-1.1892154216766357,0.5290507254205015,0.48157672241546323,36997.3337312,37157.839864908725,7.034297466278076,2.7327102941169503,0.0,3.932520627975464,-0.31589030129270124,-3.0894768238067627,1.6605786407839167,1.6586804155951351,17.34188417535618,13.107552144418618,11.312311082914617,3.9205873638674973,-0.4374167098390543,-2.302397465943484,1.2488602229973425,1.2074080200395632,0.06800098717212677,0.021635569728163818,0.008500111289322376,-0.4821237698197365,-2.7134291460176554,-5.454197847284377,1.2899276717980273,0.015591834140703963,0,0.0,0,0.0,"{""type"":""MultiPoint"",""coordinates"":[]}"
000000000000000000e1,400,TANJUNG PRIOK,TANJUNG PRIOK,3172021001,3.172021001E12,Tidak Diketahui,Tanjung Priok 03,RT 7 dan 8,,,424,"Sungai Tirem meluap, dangkal dan air laut pasang",003,0,2015,1420099200000,,0,0,-4.2325249977032025,-9.480009827752005,-13.723166065595137,1.8261876805837018,2.6651235874548598,-3.214708173871717,-7.6352043558672715,2.368342120650671,JAKARTA UTARA,1,0.965483291828343,0,0.24816680858541135,742.1299386218238,618.860585863861,463.8312116386399,229.8314924984104,126.64583668270923,-5.63228187624037,61.301476442717345,92.7908711136045,6,1.7114148375513984,-3,5.360057061340996,0.9553044005424512,-3.4664764621968214,2.030697880457644,2.029310641213227,1.0,2.8000001907348633,1.3849597431474647,0.10000002384185791,1.542539358139038,0.05628599208610972,-1.2860199213027954,0.6839517511123874,0.6831365741490568,60352.9440866,60523.69671059513,7.942784786224365,2.9469224311277187,0.0,4.9308202266693115,-0.22704972353421757,-3.2706780433654785,1.4219635458608446,1.4130584870425769,18.353486212574914,12.807852282025994,11.215207264528125,4.459730198336885,-1.0743264955351115,-2.668688103285618,1.295816939886119,1.2968026239421506,0.09350132942199707,0.02791643854581877,0.00850010011345148,-2.837833868339658,-4.772028327746729,-7.133963548578322,1.0100584260574272,0.031175593592834863,1,0.019516997741356342,0,0.14661169301237728,"{""type"":""MultiPoint"",""coordinates"":[]}"
000000000000000000e3,200,TANJUNG PRIOK,TANJUNG PRIOK,3172021001,3.172021001E12,Tidak Diketahui,Tanjung Priok 05,RT 5 dan 6,,,426,"Sungai Tirem meluap, dangkal dan air laut pasang",005,0,2015,1420099200000,,0,0,2.4130149609673524,-9.204071693950441,-12.661818956114804,2.530328124620091,12.497131538647716,-2.543736986675931,-7.785560389729104,3.7560212807305793,JAKARTA UTARA,1,1.0,1,0.0,649.3636962940959,544.6485914522304,382.4850156088664,166.34291215553748,13.736727216307221,-141.73906198222,74.41383988925868,61.44853413495989,7,1.699557304476143,-3,5.742368045649174,0.45526350172239366,-4.300427960056957,2.2368863243398946,2.2320892057044275,0.8479088261675125,2.0999999046325684,1.177658591015961,0.0,0.6326675415039062,-0.30367334865315804,-1.5225963592529297,0.6146922492131671,0.5926845340800051,35448.9763766,35627.44287469769,7.942769527435303,3.7978615485501863,0.0,4.800896167755127,0.6502594278472077,-3.0894768238067627,2.1351261358421723,2.133387019259811,15.955591019460764,12.657106825290311,11.030141443661039,2.4809955768895957,-1.004513978721118,-2.562131167821306,1.0532945731182832,1.0603106108867535,0.5865079164505005,0.025871656634246995,0.008500121533870697,-2.182296559214592,-5.640770592459506,-7.013394173234701,1.298617043554868,0.07517303901755812,0,0.0,0,0.0,"{""type"":""MultiPoint"",""coordinates"":[]}"
000000000000000000e4,350,TANJUNG PRIOK,TANJUNG PRIOK,3172021001,3.17202100101E12,Tidak Diketahui,Tanjung Priok 06,RT 10 dan 11,,,427,Sungai Tirem meluap dan air laut pasang,006,0,2020,1577865600000,,0,0,-8.23743089917423,-12.80341225785831,-18.92678056300562,2.043103475417364,0.46562770900530326,-6.494601329945973,-10.816162608505323,2.170871303912989,JAKARTA UTARA,1,1.0,1,0.0,473.0168798317619,272.0228956536216,92.76624232772798,44.07638872568185,-129.31767370053953,-301.3655289707587,83.66414917909715,106.82311124603665,6,0.3372641509433961,-6,5.607417974322421,-0.23090831746422383,-6.726105563480671,2.7302065541585097,2.7402958152928836,1.0,3.9000000953674316,1.02674680514226,0.0,2.485905885696411,-0.4430926195433681,-1.3882101774215698,1.2014315543150629,1.1640254184998975,47324.8426845,47534.35102579683,9.937920570373535,4.050811419140478,0.9274099469184875,6.32036018371582,0.524648035314145,-2.7208908200263977,1.784644243410089,1.8064746337562672,21.620560323089634,12.174419319430488,10.789601070735563,7.90547029585732,-1.600560624996866,-2.942103211046284,1.355215545674923,1.34969000969698,126.2158203125,0.09056095912613807,0.008500072173774242,119.27525186538696,-5.940007795877223,-6.930911567993462,13.8426490575012,13.935274713046715,0,0.0,0,0.0,"{""type"":""MultiPoint"",""coordinates"":[]}"
000000000000000000e8,300,TANJUNG PRIOK,TANJUNG PRIOK,3172021001,3.17202100102E12,Tidak Diketahui,Tanjung Priok 15,RT 1 s.d 6,,,431,Saluran air dangkal dan air laut pasang,015,0,2020,1577865600000,,0,0,3.6931513386812966,-11.707672601480498,-19.055262928612958,3.4852589833968812,11.631846122658153,-5.52844471948342,-13.380281124850487,3.924773910306607,JAKARTA UTARA,1,0.7765429400930292,0,0.4143312979119649,556.5974539663679,276.279834883891,0.0,122.04151268816787,-99.66330017236363,-354.70340107057336,121.10587462361941,135.25156452795773,6,-0.4684856242000438,-8,5.607417974322421,-0.7439432845933047,-8.360057061340909,2.419591762974419,2.4460153677249035,1.0,3.9000000953674316,0.8087097719696423,0.0,2.5535980463027954,-0.40414988743772473,-1.3882101774215698,0.9901111871356836,1.0238735065819282,111754.782131,112233.69278248453,12.316861152648926,3.421402459508104,0.0,8.947374105453491,-0.06623379051661132,-3.798968553543091,1.9943875836011131,2.0176730256971327,25.561259138249824,13.629069855599496,10.756024637007354,11.850674428846311,-0.19826133458190082,-2.9587966927141345,2.7642008284030233,2.7546221052042257,126.22431945800781,8.107689267847393,0.008500072173774242,119.35604953765869,1.4175378581543536,-8.036170923151076,33.23955939692501,33.325138956433385,1,0.00811662972559548,0,0.11144682482181982,"{""type"":""MultiPoint"",""coordinates"":[]}"
00000000000000000000,20,TANJUNG PRIOK,SUNTER JAYA,3172021002,3.172021002E12,Tidak Diketahui,Sunter Jaya 03,,,,1,jalan rendah,003,0,2015,1420099200000,,0,0,-1.4862496548376924,-11.601356808132625,-15.924860785142968,1.9472899944000595,5.176988595967285,-5.123614147071423,-8.842313080086319,1.988008951288552,JAKARTA UTARA,1,0.97739913034685,0,0.14480810666223776,1781.981323992732,1416.5832154193015,918.3389462118339,75.85450227315118,-73.39360561940899,-168.59367645489328,43.44528245314886,217.0585786264321,12,5.857602723564904,0,6.568330955777877,0.15247828163221913,-5.8573466476457545,1.8790420490956787,1.9077948323782041,1.0,5.099999904632568,1.96344265798131,0.0,3.000028371810913,-0.16015072127591143,-2.2246789932250977,1.9784965813117363,1.966540939921028,207129.517871,207807.95934589606,7.421144008636475,2.600676661778633,0.0,4.368993043899536,-0.2072084466085904,-2.9158971309661865,1.5469276052665055,1.5324791754228553,22.51425196125563,13.201532974523865,11.086053586740643,8.68002399735761,-0.471716041795118,-2.555056960148077,1.7231378618659279,1.734724753145531,97.61470031738281,1.0507085779823389,0.008499524556100368,91.33038759231567,-5.005443225502496,-7.207567750476301,14.085927291862301,14.129906755770257,1,0.022600869653149964,0,0.1448081066622378,"{""type"":""MultiPoint"",""coordinates"":[]}"
00000000000000000061,634,TANJUNG PRIOK,SUNTER JAYA,3172021002,3.172021002E12,Tidak Diketahui,Sunter Jaya 01,,,,152,"saluran kurang besar, kali meluap, rumah padat",001,0,2020,1577865600000,,0,0,-3.448831975823147,-14.070268116227364,-21.803356118426947,3.7955813039695787,4.04777203303815,-9.031872359693537,-19.106052218301194,4.5215350816945215,JAKARTA UTARA,1,0.673730522021678,0,0.4601791694266271,1903.4041547370969,1600.8580302499659,1237.6560416278837,381.8424237738734,141.86056370796175,-75.82190198748799,116.85158346180219,152.64237483689524,13,4.203211346441195,-23,8.211982881598086,-1.1677304231589616,-28.887874465049478,4.12125526365844,4.1555312380263825,1.0,5.0,1.6041019937191,0.0,3.0361768007278442,-0.27693085826766745,-2.0905849933624268,1.5727454462080375,1.5968775441600824,294087.076678,295363.7042780693,27.965572357177734,5.236124542477326,0.0,24.788209676742554,1.8816307604884017,-3.9883949756622314,4.223865726125924,4.2979137032763735,22.621731874893513,14.036801332493836,10.214387587122602,9.126529038270569,0.45858180156429,-3.329035570796899,2.8244850376182553,2.794338878675885,108.82524108886719,12.575974017112886,0.008499596267938614,101.59070873260498,5.583263427728594,-7.397067078389227,33.849213291540224,33.966462452523714,1,0.028366102981286907,0,0.1881360728341987,"{""type"":""MultiPoint"",""coordinates"":[]}"
00000000000000000062,730,TANJUNG PRIOK,SUNTER JAYA,3172021002,3.172021002E12,Tidak Diketahui,Sunter Jaya 02,,,,153,curah hujan tinggi dan air laut pasang,002,0,2020,1577865600000,,0,0,-0.19550887568755265,-11.057435146207842,-17.022945354664238,2.5772595785620926,4.04777203303815,-5.491665401594855,-9.990783363171637,2.3023221478719536,JAKARTA UTARA,1,0.9980998627678664,0,0.06622597523512248,2042.9645670126718,1862.1649300890776,1672.3672167237055,419.55241581614587,215.99518312498046,-19.722562861111783,109.82138350040576,97.00521868843947,11,5.298258207537212,-1,5.851069900143068,0.1587188093561665,-5.991155492153672,2.355017671754333,2.3991304291279594,1.0,4.800000190734863,3.461146436703569,0.0,2.825848937034607,1.475621121581324,-2.0905849933624268,1.50689274548036,1.4963197158637678,165202.538604,165887.62965583891,7.034368515014648,2.882905679044561,0.0,3.612790107727051,-0.23665393747599323,-3.418914318084717,1.4540171675066562,1.4838515985407206,25.320616451863152,13.894531353765206,11.263310257356965,11.52212278277326,0.16461239972641037,-2.537340106010703,3.2709942044975766,3.2770078254418484,107.60978698730469,12.113071072975501,0.008499552495777607,100.58856439590454,4.956864662516039,-7.40278244856745,36.83600985777648,36.8042933580604,1,0.0019001372321334321,0,0.06622597523512294,"{""type"":""MultiPoint"",""coordinates"":[]}"
00000000000000000063,900,TANJUNG PRIOK,SUNTER JAYA,3172021002,3.172021002E12,Tidak Diketahui,Sunter Jaya 05,,,,154,curah hujan tinggi dan air laut pasang,005,0,2020,1577865600000,,0,0,-1.4862496548376924,-13.65318653547685,-22.56945456727707,4.16089484885921,1.8714263844096426,-9.00432610144922,-19.494281186233202,4.674537793021002,JAKARTA UTARA,1,0.6689523401367831,0,0.46671133946970295,1543.9379758342204,1193.550338777123,932.2891972324262,30.332200315660657,-83.15822841988894,-169.9485051523818,44.78277384190174,143.72363035407298,19,6.158336458277533,-3,12.461911554922033,0.08080450774553355,-8.953780313836916,3.1953447152837837,3.2505305650037597,1.0,2.6000003814697266,1.2295728115687978,0.0,0.6152641773223877,-0.6685683111708425,-1.9980885982513428,0.8603919865852263,0.8749197554850017,195339.403339,196166.55827089984,14.6301908493042,3.935735205045073,0.0,11.44026803970337,0.7582709338321821,-3.2194182872772217,2.9052282344089666,2.9175729270340396,19.98089187037465,13.169187370559014,10.514828395754808,6.825865569217955,-0.22048147917083574,-2.5258057258580386,1.399692480861589,1.3730790144113763,0.7309717535972595,0.09729133657245978,0.008499596267938614,-0.32453715801239014,-4.770891313667569,-7.001692365854979,1.9469834199448515,0.16418457073834963,1,0.0449634827949501,0,0.23232332509210996,"{""type"":""MultiPoint"",""coordinates"":[]}"
00000000000000000064,60,TANJUNG PRIOK,SUNTER JAYA,3172021002,3.17202100201E12,Tidak Diketahui,Sunter Jaya 06,,,,155,jalan rendah,006,0,2020,1577865600000,,0,0,3.058703505652537,-13.433600224333468,-22.004125566093343,3.799008331681979,6.344499556527356,-7.7457199906553305,-18.676749753487385,4.220371412661483,JAKARTA UTARA,1,0.7003800521353568,0,0.45977907990132244,1187.987549328488,782.139956046175,278.29872698318394,-55.647872758926724,-179.095828530051,-387.8847573896888,68.56737129852345,216.22313842124032,22,6.4923015080273805,-2,15.261911554922053,-0.09639887777597686,-8.702710413694223,3.012988058365903,3.0104827343832383,0.9864795092898748,2.6000003814697266,0.5945319918083886,0.0,0.6152641773223877,-1.469155937975604,-2.2818546295166016,0.6498140161971319,0.6138329634700584,286350.37245,287489.1373152291,22.71297264099121,3.7340093279961173,0.0,19.604392766952515,0.6308374139447503,-3.132258653640747,3.1885585327321246,3.197183660873543,17.747292782371733,12.832724508394879,10.416034740993757,4.636783985930757,-0.2817773144021296,-2.5854698730682983,1.2711291556856241,1.2464959687101098,0.34848731756210327,0.04316156124447687,0.008499602787196636,0.2654621936380863,-1.148378558187009,-5.842927941121161,1.7346738923036031,0.07962656434142615,1,0.08252734670012421,0,0.30744179514128517,"{""type"":""MultiPoint"",""coordinates"":[]}"
00000000000000000065,67,TANJUNG PRIOK,SUNTER JAYA,3172021002,3.17202100201E12,Tidak Diketahui,Sunter Jaya 07,cepat surut,,,156,curah hujan tinggi,007,0,2020,1577865600000,,0,0,-2.7930850894229877,-11.842959192819777,-15.883771997370498,1.9467108752940254,7.632145967998164,-5.589484323640997,-10.579832142143085,2.5064659979481636,JAKARTA UTARA,1,0.9617077636243233,0,0.1891897494423712,1781.981323992732,1339.8226244448283,787.1476681815718,62.84442995351401,-71.61307850250532,-194.64477266678193,49.631437047167275,290.03054949158974,10,5.070332281562856,2,4.260770328103164,-0.7185919312245307,-4.405420827388948,1.6970715316679734,1.6586759056575358,0.7369359684990479,5.0,1.2229111250428284,0.0,2.703794479370117,-1.0265849007986585,-2.3074464797973633,1.8658255926175773,1.8762807909923978,179071.86252,179875.10343862235,9.214042663574219,2.4299854246652717,0.0,6.476008415222168,-0.3122768981637585,-3.013521909713745,1.517030267344891,1.5412818163343307,25.296777495075613,15.182938987431784,10.866595446866432,11.610969552327369,1.59519499574119,-2.627707420096712,3.144988865169586,3.188485688810729,97.59770202636719,11.084089535635586,0.008499491959810257,91.8525037765503,6.072630676210394,-6.380796816200018,30.160065831445177,30.477701618502905,1,0.03829223637567684,0,0.18918974944237132,"{""type"":""MultiPoint"",""coordinates"":[]}"
00000000000000000066,600,TANJUNG PRIOK,SUNTER JAYA,3172021002,3.17202100201E12,Tidak Diketahui,Sunter Jaya 08,,,,157,curah hujan tinggi dan air rob,008,0,2020,1577865600000,,0,0,9.577297326142993,-9.000159082778508,-15.883771997370498,3.2517615790831655,9.029042897005503,-3.0930783299064033,-9.91994238853745,2.836215063783045,JAKARTA UTARA,1,0.9318527875841689,0,0.26915113390917245,1672.3672167237055,1156.219752875321,586.705231461481,87.72831912994752,-64.46047893477028,-207.08322263848163,51.519928956045106,270.6437723318657,12,6.379952854129771,1,6.229386590585332,0.5194652229744147,-5.049928673323337,2.164446414663495,2.15299878668171,0.5075443598955435,6.099999904632568,2.933745464136456,0.0,3.8055062294006348,0.6134961396198617,-2.296234130859375,1.9619784077039253,1.9905164019341348,309183.676622,310513.5730619908,9.214042663574219,2.76576145226232,0.0,6.476008415222168,0.004019346801329574,-2.915393114089966,1.5098614558550605,1.5118878092490697,25.296777495075613,12.911790369440382,10.866595446866432,11.610969552327369,-0.5833400432139907,-2.627707420096712,1.5003250841900597,1.5232549813830296,96.88373565673828,0.12272385591331292,0.008499509654939175,91.10003423690796,-4.17233416129032,-6.462239378131926,5.032703261609836,4.795412912353933,1,0.06527108875379253,0,0.2652652496563298,"{""type"":""MultiPoint"",""coordinates"":[]}"
0000000000000000002e,40,TANJUNG PRIOK,PAPANGGO,3172021003,3.172021003E12,Tidak Diketahui,Papanggo 04,,,,72,jalan rendah,004,0,2020,1577865600000,,0,0,1.1994636881006517,-11.982217287772608,-19.03889529157587,2.7168497546407884,15.61946290693698,-3.244894049897806,-10.89404757587572,3.5081369950636803,JAKARTA UTARA,1,0.8985794088269022,0,0.3134989291230495,1391.4936349159198,1118.8012226334838,655.95639015131,323.86741040476454,116.5574020318322,-112.74537835141075,98.23293666939772,152.52201561816233,15,5.1989629191175535,-1,10.314693295292752,0.1683233334556622,-5.495577746076752,2.8344945171980256,2.896174256071553,0.8783258658016949,7.700000286102295,2.775102142946655,0.0,4.875064373016357,-0.07373825481206907,-3.0260486602783203,2.048493800920952,2.0252761330639655,565764.014853,567968.2989857247,21.65027618408203,3.1275492399593214,0.0,18.687018632888794,0.1684324768478262,-3.141758918762207,2.0449089149369555,2.043980008666916,21.283435556211376,12.982555138313941,9.971771240132997,8.036547730251893,-0.3846753441111013,-3.5232960009354795,1.7208556955843077,1.704988348922144,1.750969648361206,0.10019391127571299,0.008499839343130589,1.5763346999883652,-0.0647639141061396,-0.2078284751623869,0.28355615160473835,0.28069541463968645,1,0.08349672598128072,0,0.28945981111118124,"{""type"":""MultiPoint"",""coordinates"":[]}"
00000000000000000032,100,TANJUNG PRIOK,PAPANGGO,3172021003,3.17202100301E12,Tidak Diketahui,Papanggo 07,,,,78,luapan danau cincin,007,0,2020,1577865600000,,0,0,-3.417283183548277,-13.625662854483037,-22.33258477103798,3.7331399712825437,1.8433718340967413,-6.6565730104997725,-17.12593175844528,3.5583016037996247,JAKARTA UTARA,1,0.763157894736842,0,0.4330127018922193,840.0340520953622,679.8728019361585,473.0168798317619,123.1081033902708,-50.81324835294438,-169.15715940473706,62.874071111744584,85.74568125723849,9,3.2253384912959375,-3,6.965763195435263,1.1965075705901935,-5.527817403708794,3.3056866910923706,3.306055050963308,1.0,6.900000095367432,3.0738165565400135,0.0,5.115263938903809,1.174038837006508,-2.205078363418579,2.288881929173312,2.2797025891450606,68567.0914947,68822.02188512703,11.737350463867188,3.484236372508671,0.0,8.762166738510132,0.565392845943699,-2.992931604385376,2.5117317457592403,2.5153643718830145,18.15280634453148,12.800550871809126,11.32631205950404,4.334487949063728,-1.0309421451327885,-2.521642404597557,1.7151011271638337,1.7179597347938034,0.1360013782978058,0.01786800506040734,0.008500018157064915,-0.17340198811143637,-1.7738280998685874,-3.2190387845039368,0.895336731046984,0.02392130704228482,1,0.0940140486613051,0,0.2712931993250107,"{""type"":""MultiPoint"",""coordinates"":[]}"
00000000000000000033,2112,TANJUNG PRIOK,PAPANGGO,3172021003,3.17202100301E12,Tidak Diketahui,Papanggo 08,,,,79,pompa penghisap air danau tidak berfungsi,008,0,2015,1420099200000,,0,0,0.9541364296773782,-17.54682026755361,-24.170631445890024,4.27821555984112,7.597549970888158,-11.800760176016334,-22.175715581893904,5.8920879792200225,JAKARTA UTARA,1,0.5297427044053731,0,0.4991964942582288,880.0578471922215,305.07637769352016,0.0,189.76173335677515,-205.80243736173492,-484.22806110022844,120.2908592365065,198.1692588623133,13,-0.7879242197083268,-14,12.43024251069905,-2.2145544797737795,-14.054778887303849,3.6098633297890235,3.319306373436304,1.0,6.900000095367432,0.8087365577033813,0.0,4.507275342941284,-1.1486741271265841,-2.7508702278137207,1.563738424895604,1.4193050196255326,921295.940523,925038.4572499888,24.121734619140625,2.762735953449945,0.0,20.190271615982056,-0.7308494879898024,-3.8664605617523193,3.1003140831842266,3.181073848140223,25.561259138249824,15.429755365114941,9.851287814662125,11.850674428846311,1.6604027563086368,-3.7491174431117074,3.5904117114187364,3.587807832793664,126.56432342529297,9.173698539859169,0.008499981835484505,119.35604953765869,3.8364048077516815,-9.108892485499382,32.00773392041508,32.70336450774674,1,0.050482334590280634,0,0.24720918707511463,"{""type"":""MultiPoint"",""coordinates"":[]}"
00000000000000000034,10,TANJUNG PRIOK,PAPANGGO,3172021003,3.17202100301E12,Tidak Diketahui,Papanggo 09,,,,80,"hujan lokal, luapan saluran  saluran PHB",009,0,2020,1577865600000,,0,0,10.550527135852548,-10.030387043237221,-16.93238645235476,3.6602098828069565,2.5078173032851736,-5.1086303420825026,-10.728574334186828,2.6290520710994594,JAKARTA UTARA,1,0.7453307931545438,0,0.45364749739447463,986.1186824432255,719.6480085223626,414.86324772403617,8.033136519598429,-149.96201422986232,-309.917409503152,72.37257643928206,139.79981817273801,11,3.6440981551137384,-9,6.718116975749121,-0.1687504350990579,-12.686162624821398,2.9421247402107857,3.1093759994964105,1.0,6.900000095367432,2.8105922135385435,0.0,4.48211145401001,-0.007030629561196168,-2.778259515762329,2.1132865211951426,2.161351511013865,214303.263879,215115.63793712485,16.816743850708008,3.1262962674115506,0.0,13.908613443374634,0.08203021304048697,-3.267890691757202,2.634384531688472,2.620025637880093,21.542822340872853,13.523070907356033,10.568895541092855,7.8951013437639315,-0.1344458035955252,-3.07824323015617,2.1704708336977747,2.1683624644662007,2.2694931030273438,0.16704331530390332,0.008499931544065475,2.0886680483818054,-0.24751761515384615,-2.855858724564314,0.7326040744310903,0.46314921768056666,1,0.2297559148714442,0,0.44320590021979234,"{""type"":""MultiPoint"",""coordinates"":[]}"
00000000000000000035,,TANJUNG PRIOK,PAPANGGO,3172021003,3.17202100301E12,Tidak Diketahui,Papanggo 13,,,,84,"saluran / drainase tersumbat, luapan air dari waduk cincin",013,0,2020,1577865600000,,0,0,10.719039731087278,-11.429316726428025,-17.197738965889847,3.5250697545138077,9.494452621615178,-2.188654931211169,-11.222593995276512,4.367402693182694,JAKARTA UTARA,1,0.861690838344535,0,0.380820167533181,946.0337596635238,630.7665351988429,262.382556060524,152.08564889706633,-51.34662106009411,-287.0727815988452,98.40992752471354,169.73765842972432,16,7.479958296874127,-5,11.72696148359509,4.338509316687945,-7.659629101283666,3.384989954091226,3.537456713516082,1.0,10.899999618530273,7.082041490915342,0.0,8.369928359985352,4.561210042032609,-2.2938945293426514,2.4708711856180945,2.528238204868695,187348.724789,188138.81601895439,13.862760543823242,3.931246402160974,0.0,10.47588300704956,0.6617743223630913,-3.352311372756958,2.6030685385568013,2.547317897134138,16.570133390565744,12.331969831325209,10.624637516773767,2.721974453473795,-1.4323744314778575,-3.1068853529272396,0.9869701997587523,1.0030339917793343,0.5694948434829712,0.020538769205882528,0.008499899879097939,-0.0756409615278244,-4.336331505096145,-8.514562763273716,2.7015035103039264,0.06393356115352593,1,0.12931692513916554,0,0.37386628625753354,"{""type"":""MultiPoint"",""coordinates"":[]}"
00000000000000000025,685,TANJUNG PRIOK,SUNTER AGUNG,3172021006,3.17202100601E12,Tidak Diketahui,Sunter Agung 12,,,,52,"Curah hujan yang besar dan tidak henti, air tergenang di wilayah Rw 012",012,0,2020,1577865600000,,0,0,-2.858663685106589,-9.886611062686669,-15.51268143651165,2.572397693047363,4.987071233469575,-4.146551453036106,-10.380126110382575,2.519137452665794,JAKARTA UTARA,1,0.9050646353377606,0,0.3142696805273545,1577.0261195713756,1248.4596127341808,946.0337596635238,432.98259208743025,121.33736904657445,-123.94571333374051,131.39707363390417,152.46439858788804,14,7.195534285754739,2,7.504707560628161,0.45466402052327937,-4.652781740370358,2.0483676476353883,2.0217861033301823,1.0,2.200000286102295,1.0067623501981715,0.0,0.10873055458068848,-1.409708777564972,-3.1215977668762207,0.879795113393602,0.7072991672864483,246389.995238,247358.83418097327,7.467686653137207,2.6649903256891765,0.0,4.307968378067017,-0.4648545997534752,-3.1937880516052246,1.4231242309908234,1.4182640425521502,19.510895979967987,13.432321266521807,11.079746620934232,6.4421088736005245,0.3883625601138081,-2.0210821438801148,1.7199469682985733,1.7291383651536443,0.8159816861152649,0.07965301510491925,0.008499732241034508,0.4054584801197052,-0.22265950169791457,-2.978516109287739,0.5482614943267436,0.14269627938869456,1,0.09493536466223965,0,0.31426968052735443,"{""type"":""MultiPoint"",""coordinates"":[]}"
00000000000000000026,634,TANJUNG PRIOK,SUNTER AGUNG,3172021006,3.172021006E12,Tidak Diketahui,Sunter Agung 01,,,,53,Curah hujan tinggi,001,0,2020,1577865600000,,0,0,-6.17200231430573,-13.295087587227341,-21.37668332000487,2.559941324720961,4.63668248477341,-7.328057445629713,-17.175473497653925,2.9896373319433964,JAKARTA UTARA,1,0.9275336269135138,0,0.28618176042508364,382.4850156088664,167.95694161014274,0.0,29.995944170605583,-200.88544018606135,-447.3044622339566,113.504485641817,98.54715712974225,12,1.9917767592342954,-9,9.302710413694921,-0.5442985817013075,-11.202853067046913,2.957296163906039,3.0116440692751194,1.0,2.9000000953674316,1.1643899312219268,0.0,1.0806277990341187,-0.6782834306044582,-1.90388023853302,0.9593643603413164,0.960085367238959,232899.813028,233821.82632578549,13.765764236450195,3.9084897576478754,0.0,10.052757263183594,0.18131642240942425,-3.7975618839263916,2.392979310786482,2.392859045181432,20.36229352706928,14.265974517791825,10.454358198852724,6.866847555253589,0.6733581766943684,-2.9889611770951703,2.9990092475765064,2.9614609222371016,9.230639457702637,2.482659356344466,0.008499917574226856,4.040485858917236,-3.4339300833296607,-7.060501078143716,4.139039240050547,3.8798841268781623,1,0.0063658967676223,0,0.11469767022723502,"{""type"":""MultiPoint"",""coordinates"":[]}"
00000000000000000027,,TANJUNG PRIOK,SUNTER AGUNG,3172021006,3.17202100601E12,Tidak Diketahui,Sunter Agung 11,,,,54,Saluran air tersendat,011,0,2020,1577865600000,,0,0,3.5761505334567576,-9.413256814770236,-15.159366289589354,2.8575418138195974,4.851799188500696,-3.775210993989341,-10.380126110382575,2.437951479119677,JAKARTA UTARA,1,0.9430648883212633,0,0.27760124678326636,1659.4529908961447,1508.596278761244,1302.0362575498923,451.2749608547856,293.48235585656766,57.797112712415355,89.2201673153322,87.85657723727982,11,6.157279073480113,0,4.798288159772255,0.042589049341757494,-5.686447931525931,2.074109431529902,2.116786893710723,1.0,2.8000001907348633,1.3209744307852391,0.0,1.0821113586425781,-0.6796189484785807,-2.8346362113952637,1.0903887082523214,0.9134028514893794,240325.302906,241327.39573419624,6.669831275939941,2.6578185289962812,0.0,3.783470630645752,-0.4872640568761995,-3.265247344970703,1.385496660333296,1.3695822487263478,20.560724495851062,13.183142340100966,11.312255381301306,7.258005569796639,-0.17369301387525093,-2.0129160714891885,1.6606414938953635,1.6362486464939336,0.9859781861305237,0.0871042278026025,0.008499713614583015,-0.536068856716156,-4.288067156940391,-6.149401042610407,1.3711018048628367,0.23208034686655032,1,0.056935111678736806,0,0.27760124678326653,"{""type"":""MultiPoint"",""coordinates"":[]}"
00000000000000000028,500,TANJUNG PRIOK,SUNTER AGUNG,3172021006,3.17202100602E12,Tidak Diketahui,Sunter Agung 15,,,,57,curah hujan ektrim,015,0,2019,1546329600000,,0,0,0.9732641173045583,-10.714392654223637,-16.15450827246508,2.8219098278688852,10.480543845008508,-4.633679324379489,-9.978925935346737,2.639962407306224,JAKARTA UTARA,1,0.839068159367797,0,0.3753663652655036,1350.6968763229709,1262.8999541780945,1120.898770843552,312.95272657393434,240.29358100528069,114.37480304353824,50.67915218095494,58.796117043309216,14,6.351525628361322,3,9.061340941512496,0.5619416090444886,-3.6082738944359605,1.8923070107094162,1.8190502976299534,1.0,6.199999809265137,3.240308343114635,0.0,3.2642507553100586,0.1805184354584273,-3.147132635116577,2.6745813893277623,2.6937462228990925,127144.715618,127661.79916714678,11.940643310546875,2.435274445325964,0.0,8.960711479187012,-0.5919114368167436,-3.063939094543457,1.740183294567767,1.7311046401824672,18.440463922414445,13.147895207296179,11.219653529259526,5.317009572449415,-0.08864067260281833,-2.183564501401669,1.3963392021388354,1.3529063373240595,0.14449721574783325,0.029900841760788378,0.00849984958767891,0.07001625746488571,-0.07992742538593006,-0.1337943309918046,0.05509604655486764,0.043372485571187315,1,0.15393480408297663,0,0.36994527180683284,"{""type"":""MultiPoint"",""coordinates"":[]}"
00000000000000000029,1363,TANJUNG PRIOK,SUNTER AGUNG,3172021006,3.172021006E12,Tidak Diketahui,Sunter Agung 02,,,,62,Surah hujan tinggi dan lancarnya saluran draenase,002,0,2020,1577865600000,,0,0,2.113076842593499,-9.74651937035275,-16.297564950473884,2.8458743306016685,7.388971223459922,-4.415951431766638,-10.557985895414486,3.124021409194134,JAKARTA UTARA,1,0.9954091532964173,0,0.14069079067862744,649.3636962940959,379.296041826663,185.53248465545596,212.16866621242747,-34.44839968045594,-263.1690811902246,111.71526606452815,127.33867230665165,9,3.986274788205783,-2,5.697574893010222,0.9156431158670266,-5.425106990014015,2.111441149864696,2.1003301152925404,1.0,3.6000003814697266,2.6690993588975784,0.0,1.7630245685577393,0.7978432423161556,-1.9161769151687622,0.6232420508002755,0.6079376331080901,147455.378756,148014.23990940722,7.942859649658203,2.7224775953287526,0.0,4.461189270019531,-0.8953117082297725,-3.830254077911377,1.6346867208250415,1.5935448669623817,17.495311353813165,12.696261580904606,11.311012862414097,3.7251207502588866,-1.0962604315102733,-2.5095757582766645,1.0927106426582442,1.0861907992205666,1.4364498853683472,0.024873283359841528,0.00849988218396902,-5.1079384088516235,-6.742403453305434,-7.5674864538013935,0.4483200809153178,0.1740215929420607,1,6.389322731790427E-4,0,0.12215542042876591,"{""type"":""MultiPoint"",""coordinates"":[]}"
0000000000000000002a,2,TANJUNG PRIOK,SUNTER AGUNG,3172021006,3.17202100601E12,Tidak Diketahui,Sunter Agung 06,,,,64,Kali meluap,006,0,2020,1577865600000,,0,0,3.2542500754865578,-12.320511866903262,-22.1753080042603,3.25243659984844,11.584031393992351,-6.288476028558463,-18.578469994356595,3.686502438994155,JAKARTA UTARA,1,0.7843137254901963,0,0.42102677413232503,1147.455046826599,521.4137785976039,0.0,300.3897452539102,-15.43831916014771,-424.4305434272112,175.35814653290288,305.63745552526143,15,2.0820328131252515,-20,10.563766048502394,-0.5211848809897653,-20.971184022824456,4.249422841944961,4.7860398750898865,1.0,8.899999618530273,2.490344802864125,0.0,6.287132263183594,0.297715055075537,-2.267817497253418,1.8899885256776203,2.1105944503882075,523089.978055,525223.9944914368,21.38434410095215,4.268106509728227,0.0,17.512904405593872,0.6412790042464855,-4.013289451599121,2.9896080589594116,3.0121651933528493,25.433954691063594,13.497568718819238,10.274319725018378,11.761797122831112,-0.09736845707372765,-3.229748836355613,3.092645905899795,3.0728923428237147,121.43032836914062,12.124015222636974,0.008499892428517342,113.71975517272949,4.614049114779688,-8.705401551909745,37.14033332198894,37.23727508937507,1,0.10700280112044822,0,0.31736909190383955,"{""type"":""MultiPoint"",""coordinates"":[]}"
0000000000000000002b,420,TANJUNG PRIOK,SUNTER AGUNG,3172021006,3.17202100601E12,Tidak Diketahui,Sunter Agung 07,,,,67,Luapan air kali dan got,007,0,2020,1577865600000,,0,0,3.4229544296652152,-10.743140170967445,-17.684758319346365,3.1428878145297063,6.360494642217985,-5.428183054528034,-11.832004731635745,3.064426879336967,JAKARTA UTARA,1,0.9595652574375978,0,0.2443220355606363,1147.455046826599,836.3392170535716,564.2750229076685,348.0273941114327,207.35707016891755,18.379218259632808,66.98956136351983,151.87716135285876,9,4.1477848392742,-4,4.9417974322398885,0.3453958303143283,-7.203138373751537,1.871530155471798,2.0271261861928784,1.0,5.599999904632568,2.834630556868721,0.0,2.965449333190918,0.4447230907548052,-2.4317262172698975,1.503695825416499,1.5898845568069238,227133.182469,228090.85863820798,8.508800506591797,2.359138387561865,0.0,4.829632043838501,-1.1425531686609531,-3.7660892009735107,1.4672599004843447,1.491998598717601,22.649010061629838,13.725146959453415,11.225403747878156,9.082790270311822,0.16953083584981468,-2.4493011704939747,2.7813956762358667,2.8059639024859186,111.1286849975586,8.212093862600659,0.00849988218396902,104.15483140945435,0.9790891202081666,-8.420090842992067,33.315698255122186,33.40706320271202,1,0.002640385619109023,0,0.08164781919863383,"{""type"":""MultiPoint"",""coordinates"":[]}"
0000000000000000002c,183,TANJUNG PRIOK,SUNTER AGUNG,3172021006,3.17202100601E12,Tidak Diketahui,Sunter Agung 09,,,,69,"Curah hujan tinggi, dan kondisi rumah rendah",009,0,2020,1577865600000,,0,0,0.6642006857821485,-9.202943046908095,-14.704306806688088,2.8677491782037334,3.694119072730893,-4.061638013136679,-8.592246697617329,2.2750126179578065,JAKARTA UTARA,1,0.9925759668508287,0,0.11702985796078294,1328.210458360942,1137.2517834999178,1024.6366367176336,345.7845952943088,175.3583062135041,25.028558077316347,71.68019233921967,62.21061327413126,11,6.097064917127074,2,5.750356633381351,1.0279534169817006,-3.4707560627670127,1.9023655536544508,1.8929184958943077,1.0,5.799999713897705,1.638739678378922,0.0,3.209871292114258,-0.7455660551992237,-2.37520694732666,1.8497776547811393,1.9801672942883222,101020.036587,101422.13025182235,6.756728172302246,2.6705010846339534,0.0,3.7919728755950928,-0.36898651151038014,-2.995877981185913,1.2364933795026523,1.210389248172039,17.95042198820956,13.320653795211141,11.180841231340642,4.443247286818741,-0.1910041119007933,-2.3377475124523315,1.6745838620931632,1.6821941961719287,1.062476396560669,0.17422125266169616,0.008499824441969395,-4.122377812862396,-5.5204438668018705,-6.307696312665939,0.4962403537665122,0.3678319276341533,1,1.0359116022099449E-4,0,0.0830434773826486,"{""type"":""MultiPoint"",""coordinates"":[]}"
0000000000000000001b,300,PADEMANGAN,PADEMANGAN TIMUR,3172051001,3.17205100101E12,Tidak Diketahui,Pademangan Timur 10,,,,40,Hujan deras,010,0,2020,1577865600000,,0,0,10.087894139306156,-13.587513249905633,-22.31397793605753,4.314647178639349,19.489140427253837,-8.179787149205128,-19.922426806200278,4.663890284512459,JAKARTA UTARA,1,0.5219913049392932,0,0.49861706118366345,2034.5225285572158,706.4657474945016,0.0,419.55241581614587,-76.15871275324557,-536.386447602181,217.57867313169746,478.73330059992765,33,2.6859674530387387,-16,29.66276747503592,-0.6371393093082204,-19.5195435092722,4.548358475336024,4.554713629655969,1.0,4.900000095367432,1.8831533433456054,0.0,3.0867334604263306,0.004925818242380777,-2.130727529525757,1.3561326446638122,1.3676964417171722,2461221.43985,2471181.566679145,35.97293472290039,5.56126661373453,0.0,30.928345203399658,1.0428084531461457,-5.678842067718506,3.6855350693665176,3.773174805344493,22.617205392611375,12.94557740265175,9.368235373590519,9.1532380034341,-0.29404683231318796,-3.7988468668885513,2.4273992883191045,2.456833555314956,108.6552505493164,1.6886878629711037,0.008499596267938614,101.40880966186523,-1.3540040568236036,-7.353345367126167,12.376888617072952,12.56565845735097,1,0.2303255829771798,0,0.4184691351733942,"{""type"":""MultiPoint"",""coordinates"":[]}"
0000000000000000001c,11,PADEMANGAN,PADEMANGAN TIMUR,3172051001,3.172051001E12,Tidak Diketahui,Pademangan Timur 01,Gudang RT 13 RW 01,,,41,Curah hujan tinggi,001,0,2013,1357027200000,,0,0,3.0932108908247136,-10.194095396499504,-16.234435691245018,3.365408707754944,5.568695930295181,-4.092782083124818,-9.354530952929984,2.334584582283788,JAKARTA UTARA,1,1.0,1,0.0,764.9700312177328,532.4106341959261,293.3526157307405,204.40744297185358,12.543509010147458,-167.84926408545573,74.10602051755382,93.59602617249203,7,2.9322885801453014,-1,3.5560627674752823,-0.694476477601314,-4.716119828815696,1.5240451654166622,1.5445973700823443,1.0,4.100000381469727,2.1014091179642524,0.0,2.1568620204925537,0.26742499839777867,-1.940399408340454,0.9701898653926861,0.9372103662036725,158954.521796,159613.45690782188,4.744575500488281,2.0407848231503767,0.0,1.4039232730865479,-1.2220598653477917,-3.331920623779297,1.0561956455353092,1.0637672132960578,19.095529506688813,13.41895773840463,11.558192885058164,5.77705560258055,0.0803193882943475,-1.7450545310349899,1.3694950384887679,1.384395724887274,6.357701301574707,0.049982385985920086,0.00849984958767891,5.762997567653656,-0.4641508711494394,-0.5921018496155739,0.43267676404456745,0.4344070603844116,0,0.0,0,0.0,"{""type"":""MultiPoint"",""coordinates"":[]}"
0000000000000000001d,180,PADEMANGAN,PADEMANGAN TIMUR,3172051001,3.172051001E12,Tidak Diketahui,Pademangan Timur 02,Kantor Sekretariat RW 02 dan Swadaya Masyarakat serta gedung SKKT,,,42,Intensitas / Curah Hujan Tinggi,002,0,2020,1577865600000,,0,0,4.186104813847959,-8.804398579781182,-18.58067589743215,4.0130041356785915,9.915778055465163,-3.550927818394492,-13.263649049493036,3.3070537015480896,JAKARTA UTARA,1,1.0,1,0.0,622.2948715860543,410.44463935365735,262.382556060524,87.62680752015956,-87.22623969702558,-215.4843980931342,74.19482990511572,93.26892903790005,6,2.605569166005315,-1,2.715834522111506,-0.7262613938462137,-4.434522111269363,1.4263932751809738,1.4246374404509707,1.0,3.0,1.945705809671684,0.0,1.2792296409606934,0.12270138297514221,-1.9604851007461548,1.182271409582848,1.151538456109201,101087.419406,101517.31754809261,5.414906978607178,2.1292224024472572,0.0,2.093027114868164,-1.1845391111744765,-3.346461057662964,1.1119187193732127,1.1144612701202048,19.716761923977092,14.849519845195594,11.556118791312404,6.3773019948721466,1.4508709076266948,-1.858696862696167,2.856524255543998,2.8452986322955036,6.3322014808654785,1.486207201228146,0.008499839343130589,5.760026454925537,0.9572960261455647,-0.5586287584155798,2.587534579932245,2.6058825131863035,0,0.0,0,0.0,"{""type"":""MultiPoint"",""coordinates"":[]}"
0000000000000000001e,Semua KK,PADEMANGAN,PADEMANGAN TIMUR,3172051001,3.172051001E12,Tidak Diketahui,Pademangan Timur 04,Posko dan Dapur Umum disediakan oleh RW 14,,,44,Intensitas / Curah Hujan Tinggi,004,0,2020,1577865600000,,0,0,-4.014228922931869,-9.627207472073762,-18.170716416746494,2.569441545979262,2.9921360650437343,-4.13198347721331,-13.534716598041957,2.457056963860145,JAKARTA UTARA,1,0.9961769009298155,0,0.13360853142453716,1057.6978978086688,749.7725489271851,499.5615034733919,347.3086035280239,85.87327965006274,-108.44243774320239,113.30638848477145,145.2370780652893,6,2.24515032803134,-2,2.9369472182598457,-0.9110694813460665,-5.19087018544913,1.6944914253237278,1.719984624186512,1.0,3.5,1.5160900249619391,0.0,1.5386589765548706,-0.34360259610146976,-1.8955206871032715,1.1112588541756343,1.1748567433790997,73958.4056645,74237.24151690346,8.696743965148926,2.866150285985879,0.0,4.767642259597778,-0.8901914500518376,-3.8140170574188232,1.75609267376355,1.791847155378135,19.65437670888454,14.4743475457033,11.556097364058237,6.406780840968532,1.222948290515291,-1.7074648682431306,2.453346337936198,2.441579387314432,5.626713275909424,0.9845997323019855,0.008499746210873127,5.201803892850876,0.5844291058472851,-0.47519940696656704,2.101593645115702,2.0955656298904457,1,0.0038230990701845474,0,0.133608531424537,"{""type"":""MultiPoint"",""coordinates"":[]}"
0000000000000000001f,200,PADEMANGAN,PADEMANGAN TIMUR,3172051001,3.17205100101E12,Tidak Diketahui,Pademangan Timur 06,Posko dan Dapur Umum,,,46,Intensitas / Curah Hujan Tinggi,006,0,2020,1577865600000,,0,0,1.484135464157379,-8.286903078547727,-13.444829274608203,3.562915947036113,3.1269718589380426,-3.9884808750397798,-8.675754199436337,2.143137830707882,JAKARTA UTARA,1,0.9964711920954705,0,0.154257446837482,1081.8309929570876,967.4009944314739,829.7264954480723,380.9096112598446,280.01341020597846,156.94994473233214,56.85968775002153,63.80197377841953,5,2.5279738226613633,-1,1.6559201141229183,-0.961415078054545,-4.199144079885652,1.2606760946658027,1.3274209584573444,1.0,2.8000001907348633,0.3877582427520096,0.0,0.9421113729476929,-1.3991360134710082,-1.7871041297912598,0.5841754821514561,0.6057772590914492,54384.1398325,54611.26458374573,4.719644069671631,1.70549652082125,0.0,1.0286927223205566,-1.6906601597122244,-3.670884609222412,0.8445919563858293,0.8610831111688344,20.27303882365907,14.369496137464681,11.784998099608606,6.987734818309631,1.0446085555084559,-1.5169205380995,2.1259562155117346,2.132056603469037,0.7564793229103088,0.21964999436402385,0.008499746210873127,0.39827778935432434,-0.14523423821736456,-0.37180621549487114,0.29272861255364646,0.2887456159184449,1,6.416014371872194E-5,0,0.10975609756097561,"{""type"":""MultiPoint"",""coordinates"":[]}"
00000000000000000020,9,PADEMANGAN,PADEMANGAN TIMUR,3172051001,3.17205100101E12,Tidak Diketahui,Pademangan Timur 07,sudah ada peninggian jalan gang,,,47,Got Macet/Pasang Surut,007,0,2020,1577865600000,,0,0,10.148437739289442,-8.523887195571714,-13.246412624861179,3.2616701231996057,4.57478740947226,-3.4281481427582055,-7.36992122136223,2.054714611200165,JAKARTA UTARA,1,1.0,1,0.0,946.0337596635238,773.4383201222911,540.9154964785438,313.3347714289566,181.73507589261058,-4.3981012352836615,77.63394679709545,106.58045368867515,7,4.315559552871643,1,3.459058487874723,0.723353543322213,-2.7580599144077174,1.667466152742269,1.6376257758774382,1.0,3.700000286102295,2.2411410008882258,0.20000004768371582,1.9782599210739136,0.46417068709111603,-1.6814265251159668,1.3179948551874383,1.2999821807671348,54324.1468624,54541.15389073032,3.9401485919952393,2.341444079828924,0.0,0.8449318408966064,-0.791768779094339,-3.1656365394592285,0.9484561670069654,0.9440931339341952,18.15278258042568,12.75366612116765,11.723231203449165,4.764729517130794,-0.6454339211473612,-1.6916323696295912,1.0619543826788058,1.0583340770056926,0.08499808609485626,0.01725246843592444,0.0084998132660985,-0.2833266705274582,-0.40525210421347146,-0.47627462074160576,0.03953950843218635,0.019463797747895143,0,0.0,0,0.0,"{""type"":""MultiPoint"",""coordinates"":[]}"
00000000000000000021,499,PADEMANGAN,PADEMANGAN TIMUR,3172051001,3.17205100101E12,Tidak Diketahui,Pademangan Timur 08,,,,48,"Jalan Rendah, Saluran Mampet dan Tersumbat",008,0,2020,1577865600000,,0,0,10.148437739289442,-9.018708514497407,-15.513497756030915,3.619574049360537,4.57478740947226,-3.7599575326124604,-7.964954236715131,2.2252776431593193,JAKARTA UTARA,1,0.8901913125294025,0,0.31325600594324693,913.6415294927517,807.9845560942287,586.705231461481,295.66064731686936,200.5299016754011,46.176506975477764,51.192029911832655,70.16855396004092,6,2.7858710992629754,0,1.8353780313840433,-0.9771326251144541,-3.9272467902992907,1.2113276840321023,1.1799351559803357,1.0,3.700000286102295,1.6030657709308491,0.0,1.9782599210739136,-0.08233343999232912,-1.702282428741455,1.253010202090987,1.2414010557558204,89035.9605498,89370.01999710522,3.940147638320923,1.5481044702747129,0.0,0.8449318408966064,-1.4338361365314336,-3.1724612712860107,0.7603075424304734,0.7519027836322784,18.15278258042568,13.910702193045783,11.887049255762376,4.764729517130794,0.4675379977035487,-1.5612469381968186,1.403349404840849,1.3921769797192505,0.43348968029022217,0.055200481323743805,0.008499781601130962,0.11457690596580505,-0.33578989534734915,-0.4485786370933056,0.13108617676482567,0.11006323661667865,1,0.10102712874392347,0,0.30388203411429154,"{""type"":""MultiPoint"",""coordinates"":[]}"
00000000000000000022,12,PADEMANGAN,PADEMANGAN TIMUR,3172051001,3.17205100101E12,Tidak Diketahui,Pademangan Timur 09,,,,49,Curah hujan tinggi dan air kiriman / genangan,009,0,2020,1577865600000,,0,0,0.8731609564958619,-9.554888567555821,-14.04788646499117,2.7220754355676315,-1.496289027238633,-4.484329982692216,-8.15927693394963,1.5365987287365825,JAKARTA UTARA,1,1.0,1,0.0,1037.1581193100906,940.9669844057047,829.7264954480723,350.15353594096007,274.95870327085333,163.77334012635913,42.95171311352687,47.130842805812094,5,2.94087923193532,1,1.1463623395152616,-0.9087554846570947,-2.779172610556076,0.7693385192125441,0.7775532106048417,1.0,2.8000001907348633,0.40393293454065954,0.0,0.9400572776794434,-1.3537127894947216,-1.7499572038650513,0.40197829772012994,0.40831740032369385,41407.5950682,41595.29807738121,2.945629835128784,1.302600927398685,0.0,-0.058763980865478516,-1.7867821587724313,-3.188222646713257,0.7181271296487443,0.7104069234616865,17.747313162578,14.276750803097508,12.019422156529034,4.3610284128791275,0.8781519374245769,-1.4039931765024036,1.7607595750611738,1.7648624560265347,0.6034845113754272,0.11071776188326457,0.008499760180711746,0.24172484874725342,-0.2473548146870494,-0.3693890469148755,0.20527219156421678,0.19855121963995254,0,0.0,0,0.0,"{""type"":""MultiPoint"",""coordinates"":[]}"
00000000000000000023,200,PADEMANGAN,PADEMANGAN TIMUR,3172051001,3.17205100101E12,Tidak Diketahui,Pademangan Timur 12,,,,50,Meluap air laut/kali,012,0,2020,1577865600000,,0,0,-7.459289114802461,-12.10471986773983,-17.998865697505025,2.0102759547773807,-3.9929427971022005,-7.271100631640866,-11.802228340639056,1.8220995691196193,JAKARTA UTARA,1,0.9985599907839411,0,0.14821242649744862,334.4734433447411,191.2649741154757,92.76624232772798,-101.33802764903481,-208.747338763439,-299.2898383001709,41.89017840925464,55.9314845961841,7,2.227924658717816,-4,4.243366619115752,-0.6603743235138619,-6.94179743223945,2.5798769068338148,2.6071289909704585,1.0,3.4000000953674316,1.807989166667471,0.0,1.5128674507141113,-0.06885897078469337,-1.9215692281723022,0.9728096947195531,0.9827627100725793,60519.9405093,60842.56597801046,7.643996715545654,3.716341093116472,0.0,4.008093357086182,0.11783813785472556,-3.6344382762908936,1.9538379582978622,1.9622622695542344,19.79401023123002,12.896482217913965,11.180864494634752,6.257943263547729,-0.6724588178913484,-2.4031603869458777,2.358210269870235,2.348690755881269,8.440141677856445,0.7311699210808977,0.00849994271993637,3.8374218940734863,-3.3670528392105714,-5.156560577452183,2.727442336266909,2.6148056512399886,1,0.0011520073728471863,0,0.10540260134434673,"{""type"":""MultiPoint"",""coordinates"":[]}"
00000000000000000024,300,PADEMANGAN,PADEMANGAN TIMUR,3172051001,3.17205100101E12,Tidak Diketahui,Pademangan Timur 10,,,,51,Hujan deras,010,0,2020,1577865600000,,0,0,-3.8715119411985786,-12.53610835114906,-20.92917053671117,3.0922665713384188,4.563782970807721,-6.863672761578611,-17.172975541568054,3.041518822011991,JAKARTA UTARA,1,0.9765931569405881,0,0.1514039013764985,463.8312116386399,260.03719003284596,0.0,-17.74917209174481,-208.28657485279717,-458.1234774430054,102.16815050325933,114.28405920459045,10,3.8093489684925563,-3,6.892154065620779,0.6433842965167714,-6.060485021397774,2.518342997381418,2.5988873452779258,1.0,4.100000381469727,1.540877098758359,0.0,2.1697007417678833,-0.3182826815666508,-1.9491583108901978,1.3568330914077942,1.3864676228492632,152061.555904,152639.55297268883,9.502952575683594,3.371361396935448,0.0,6.186401605606079,-0.08391058791440689,-3.588019847869873,1.8852092482489984,1.8795589001468673,19.962906594326736,13.859571066469467,11.061225716877667,6.607689092040438,0.46210692890094673,-2.457798970785854,2.5452793833918568,2.5433381316516144,8.440141677856445,0.9050898082562856,0.008499899879097939,5.7712767124176025,-0.7694839861596477,-4.478614088147879,2.597892050194007,2.1134157997172336,0,0.0,0,0.0,"{""type"":""MultiPoint"",""coordinates"":[]}"
0000000000000000000d,100,PADEMANGAN,PADEMANGAN BARAT,3172051002,3.172051002E12,Tidak Diketahui,Pademangan Barat 05,,,,24,curah hujan tinggi,005,0,2020,1577865600000,,0,0,-4.739600976553879,-11.717554572549876,-15.461721811748108,2.1123648534459507,2.7989540305261844,-4.156253926833715,-8.101328606116525,2.0472815500596067,JAKARTA UTARA,1,0.997061430104016,0,0.0957785225258207,855.2624952764933,740.4204309419473,556.5974539663679,276.85645815141197,137.6805308878496,-57.851611048364816,89.97469637961909,83.24178423154041,7,4.61294836512897,1,3.1726105563483507,0.6728185245617966,-2.849358059914118,1.447394571145159,1.4971394764005725,1.0,4.200000286102295,2.5804048918805873,0.5999999046325684,2.6243369579315186,0.9849317682129137,-1.0193724632263184,1.2362126860583802,1.2288486256025308,74802.076267,75123.86955041206,5.006729602813721,1.7264383396382164,0.0,2.1884052753448486,-1.0257773379975048,-2.7757246494293213,1.001694505156453,1.0157155948156655,17.05416992652613,13.057146697087976,11.482700114039492,3.5828214144978947,-0.4442086045530893,-2.0322893497618892,1.013049653375876,1.0089368735946147,0.03399938717484474,0.011655324940527168,0.008499824441969395,-0.2940903529524803,-0.3504048542978947,-0.4098733887076378,0.02798687020338912,0.00634859345013658,1,0.002938569895983954,0,0.09577852252582038,"{""type"":""MultiPoint"",""coordinates"":[]}"
0000000000000000000e,515,PADEMANGAN,PADEMANGAN BARAT,3172051002,3.172051002E12,Tidak Diketahui,Pademangan Barat 01,,,,25,hujan ekstrem dan saluran dangkal,001,0,2020,1577865600000,,0,0,2.2662221405055476,-10.32045097946109,-18.130789433320352,3.4436093900189513,7.102876503356121,-4.312426955440741,-12.374797980375646,3.5097384134356044,JAKARTA UTARA,1,0.9359609745971617,0,0.2358861394460247,747.9053559872657,431.3678854896844,92.76624232772798,119.76097513469222,-144.50122983563944,-437.90973215229195,132.67371755054276,163.83658498199048,9,5.359895171125352,1,3.9874465049932493,0.20126414730302516,-4.494436519257769,1.7610931052840328,1.7324179124368853,1.0,2.3000001907348633,0.9763824056430225,0.0,0.7997434139251709,-0.5892664545619645,-1.8251640796661377,0.9358173098486815,0.9118843646697762,134473.738909,134998.10086543675,7.06204080581665,2.340429515584547,0.0,4.268835544586182,-0.48753696531594815,-2.867232322692871,1.3671145249993852,1.3686259232693914,19.693223447291253,13.386721188796145,11.136204963343205,6.342380229610292,0.07941773210378153,-2.169062490690683,1.9183101138234608,1.9124643196741185,1.096458077430725,0.1361628682618305,0.008499746210873127,0.918968677520752,-0.030284675845968254,-0.21891377493739128,0.3615808287025679,0.36329424158912793,1,0.045693972339707845,0,0.20288131466788395,"{""type"":""MultiPoint"",""coordinates"":[]}"
0000000000000000000f,50,PADEMANGAN,PADEMANGAN BARAT,3172051002,3.17205100201E12,Tidak Diketahui,Pademangan Barat 13,,,,26,saluran air belum maksimal,013,0,2020,1577865600000,,0,0,6.9749815024483635,-12.08123457681125,-20.12876093126703,3.4935109973155813,6.401991532140801,-6.620485228141644,-16.154886872083964,3.4544742641325223,JAKARTA UTARA,1,0.8568578384958744,0,0.3465950944363784,792.5951218871414,518.5794651120378,185.53248465545596,-24.79884181722946,-222.6398373603517,-439.9017072165542,93.04482065834164,158.74770883189618,11,4.9017651832814835,-2,5.940656205421229,-0.10917081315843756,-6.915834522110854,2.4558468677841567,2.4463019074570314,1.0,3.5999999046325684,1.5577370248756122,0.0,1.401369333267212,-0.4646004652111906,-2.263195514678955,0.870116485687557,0.8285984545553097,206340.038387,207186.0811727192,9.425020217895508,3.289695707555312,0.0,6.549761056900024,0.09754998654219843,-3.4031598567962646,1.7018532764257936,1.6888159405913388,19.073932851854643,12.951657804991164,11.015467504787154,5.943075108139579,-0.19829291840564295,-2.1042075411299397,1.8882821172917543,1.881510701586759,3.6294312477111816,0.2507915379844284,0.00849988218396902,3.417308658361435,0.061727340354169796,-0.20945495460182428,0.8537269906602503,0.8594275272922891,1,0.07329568510753416,0,0.24502163140751587,"{""type"":""MultiPoint"",""coordinates"":[]}"
00000000000000000010,1,PADEMANGAN,PADEMANGAN BARAT,3172051002,3.172051002E12,Tidak Diketahui,Pademangan Barat 02,,,,27,Rembes,002,0,2020,1577865600000,,0,0,-6.6582678012529986,-11.622497755146409,-15.513497756030915,1.398822554676568,2.677797171693271,-4.832347943298002,-8.262812045912728,1.9139890643663615,JAKARTA UTARA,1,0.9503540191586839,0,0.32852548467788656,829.7264954480723,688.569382610576,540.9154964785438,175.42764044162152,45.79039130732285,-87.5470274225587,69.37785905688239,79.09552421403657,6,2.8812161599333597,-1,1.2390870185452991,-1.4766132513731738,-5.662482168330598,1.6437002953948432,1.6569737868106165,1.0,1.6999998092651367,0.4338691666939515,0.0,0.07666170597076416,-1.208713389723959,-1.6527817249298096,0.46931040173855354,0.4679654585384068,41867.2253639,42055.10377383055,6.464860916137695,1.9449995443851733,0.0,3.629394054412842,-0.9051985689025775,-2.8848540782928467,1.2392163793870283,1.234406940367034,19.693223447291253,14.025544729688772,11.558169147486714,6.342380229610292,0.6270304494474646,-1.7750082802866114,1.9943556586666018,1.9901409806025159,0.3824911117553711,0.10529352302202599,0.008499781601130962,0.11649034917354584,-0.19432484302584424,-0.3356065647676587,0.16161253959361171,0.14370634011403327,1,0.04773011245314451,0,0.3099914104555367,"{""type"":""MultiPoint"",""coordinates"":[]}"
00000000000000000011,100,PADEMANGAN,PADEMANGAN BARAT,3172051002,3.172051002E12,Tidak Diketahui,Pademangan Barat 03,"RT.001, 002, 007, 008, 012, 011",,,28,Jalan rendang dan saluran tidak lancar,003,0,2020,1577865600000,,0,0,-4.93530866735615,-11.422048621596488,-15.230994859622289,1.9881109802947179,4.12108426280761,-5.314981625510971,-8.868679507823652,2.1244983080461473,JAKARTA UTARA,1,0.8861319880572429,0,0.33071891388307384,622.2948715860543,384.9794871801054,131.191278030262,-5.244840033519495,-209.46289104147536,-417.4711416314012,100.01503383104036,119.34584707647964,6,2.382425615154947,-1,1.2390870185452991,-2.422465266706158,-5.739800285306339,1.627913145704642,1.737486963043338,1.0,1.9000000953674316,0.40162149524266516,0.0,0.27877330780029297,-1.261503787410379,-1.6809700727462769,0.5264038281968276,0.5273991903230136,67806.882456,68065.77097052812,6.464860916137695,2.0064975167080505,0.0,3.629394054412842,-0.7804374733515382,-2.7961835861206055,1.264484496382935,1.2727654495438778,19.13360934986097,13.385044260445992,11.75435326724996,5.771212634543188,0.12356726944944763,-1.5326997252149415,1.4753218253951288,1.4874341994026126,0.2974933981895447,0.046895551454215624,0.008499795570969582,0.13720035552978516,-0.10360439467759418,-0.24709743820130825,0.07332277573064794,0.08623083823571398,1,0.08761453721816122,0,0.3075420306099899,"{""type"":""MultiPoint"",""coordinates"":[]}"
00000000000000000012,200,PADEMANGAN,PADEMANGAN BARAT,3172051002,3.172051002E12,Tidak Diketahui,Pademangan Barat 04,,,,29,Hujan deras dan luapan kali yang tidak menampung air hujan,004,0,2020,1577865600000,,0,0,-3.1638695417323257,-10.583125367055318,-14.61251002761915,2.6023343283536198,1.3396795682698652,-4.592368170951035,-7.925541197518612,1.8861974644351285,JAKARTA UTARA,1,0.9746947300771207,0,0.2799416848895061,855.2624952764933,655.8622755064953,473.0168798317619,228.44028338853457,31.024275220972612,-142.51808021719285,92.95387055533233,98.63781625604587,5,2.311294987146529,-1,0.9572039942941579,-1.8648350089292671,-5.573751783166526,1.5502552093887916,1.4402380755575497,1.0,1.5999999046325684,0.4166532476411072,0.0,0.034036993980407715,-1.2192234102741912,-1.6700713634490967,0.4616428958385185,0.4433752193293182,43431.6683262,43610.54150975852,4.986049175262451,1.9437051045212754,0.0,2.25760555267334,-0.8236087666953742,-2.747709035873413,0.8969629342320289,0.8912386196906735,17.05416992652613,13.736651623659645,12.014827314668528,3.5995362883286735,0.3005844290052877,-1.4366123287456602,1.3642328578646732,1.3624933740766116,0.20399567484855652,0.05084869090619118,0.008499795570969582,-0.06340897083282471,-0.2764824289871333,-0.3518180614337325,0.07735685935594616,0.06017398920499173,1,0.025305269922879167,0,0.27994168488950605,"{""type"":""MultiPoint"",""coordinates"":[]}"
00000000000000000013,210,PADEMANGAN,PADEMANGAN BARAT,3172051002,3.17205100201E12,Tidak Diketahui,Pademangan Barat 06,,,,30,curah hujan tinggi,006,0,2020,1577865600000,,0,0,2.2814586427803376,-10.596784188162836,-14.846665090543492,3.0022354177484143,6.719892207018617,-3.477196273166135,-8.22674514033918,2.6101748553613326,JAKARTA UTARA,1,1.0,1,0.0,564.2750229076685,379.5386289559892,185.53248465545596,-47.09445288914958,-221.0763968716166,-394.11055941690984,97.70444234308411,107.44103645531212,8,3.646550502904094,-1,3.6944365192585247,-0.9202111649535087,-5.505848787446141,1.8553732666946978,1.8174857462631786,1.0,2.0999999046325684,0.7576143515989859,0.0,0.5120968818664551,-0.9105109658790456,-1.7489585876464844,0.8079110952855979,0.7910796146517564,49265.0618085,49478.731863559246,5.4003729820251465,2.32305915837569,0.0,2.722846269607544,-0.3734170351484071,-2.766977548599243,1.3119716988890209,1.306367875124224,18.66360925605748,13.393260679186971,11.558179524232072,5.358643475609874,0.0922318667948298,-1.8151102262270875,1.6313570795351522,1.6222718786484793,0.12749774754047394,0.03862257932049843,0.008499824441969395,-0.011978678405284882,-0.11933142739379912,-0.3106399094685912,0.07660449216472635,0.044868731052361555,0,0.0,0,0.0,"{""type"":""MultiPoint"",""coordinates"":[]}"
00000000000000000014,1019,PADEMANGAN,PADEMANGAN BARAT,3172051002,3.17205100201E12,Tidak Diketahui,Pademangan Barat 07,,,,31,"curah hujan tinggi, penyumbatan saluran air dan jalan lingkungan yang rendah",007,0,2020,1577865600000,,0,0,-0.08251001313757564,-11.442368699210938,-15.494330537566373,2.4782112863476105,2.0727555793047987,-4.877244302620583,-8.741725166295701,2.4313257983865397,JAKARTA UTARA,1,0.9528154779093272,0,0.20608041101101565,655.95639015131,475.3485705333535,262.382556060524,10.280916879714596,-156.55452688873282,-350.20047886215235,87.11925366468618,93.22498815071397,16,6.417210511117529,2,11.421968616262827,1.8676355999827123,-2.4724679029953798,2.3717936852394574,2.4035981258557526,1.0,2.499999761581421,1.7720416348413546,1.6000001430511475,0.7487015724182129,0.05091554642136717,-0.24801695346832275,0.2829472601213121,0.26425988940139705,60260.4298245,60547.88667820634,11.984338760375977,3.15062014596021,0.0,9.148446083068848,0.37714097079189735,-2.8253111839294434,2.3484507943921056,2.384780820183651,18.035005607591753,13.16390146809338,10.751593711371637,4.7964194428603655,-0.10776336971723885,-2.4812352412534278,1.3004276272779738,1.2939953916279894,0.07649902254343033,0.028524578632283953,0.008499868214130402,-0.07745049148797989,-0.1430833489201917,-0.2246932815760374,0.0444137477842781,0.024114672049527018,1,0.04718452209067283,0,0.20608041101101565,"{""type"":""MultiPoint"",""coordinates"":[]}"
00000000000000000015,847,PADEMANGAN,PADEMANGAN BARAT,3172051002,3.17205100201E12,Tidak Diketahui,Pademangan Barat 08,,,,32,hujan deras,008,0,2020,1577865600000,,0,0,2.2814586427803376,-11.873324257658677,-15.494330537566373,2.792765248292411,3.7947319646002384,-3.1768217968418324,-8.22674514033918,2.5790511034676036,JAKARTA UTARA,1,0.9868926708756519,0,0.10975609756097544,655.95639015131,427.67476883975496,207.43162386201809,48.73298002500894,-181.2587479506275,-388.71135493242446,111.33048453101645,114.39238063440153,10,6.121465824869617,3,5.1235378031387615,1.6602132634336602,-1.817403708986764,1.3736164143365697,1.4011659120699935,1.0,4.400000095367432,1.8762900195801095,0.0,2.8200000524520874,0.2123117329097207,-1.7489585876464844,0.8866143048757775,0.8667369124164283,50997.4643295,51155.25389860465,5.4003729820251465,1.921207009735685,0.0,2.7240664958953857,-0.7582629144788935,-2.7612805366516113,1.1554394773680454,1.1653514961778377,17.341855468671223,13.179299659162,11.558179524232072,4.085296057430673,-0.15575766270143004,-1.8151102262270875,1.3262442892475244,1.29766603281946,0.12749774754047394,0.021931513027980062,0.008499839343130589,-0.013567216694355011,-0.17206604947116674,-0.3245668029412627,0.08415881882085009,0.03601590317039494,1,0.013107329124348067,0,0.10975609756097561,"{""type"":""MultiPoint"",""coordinates"":[]}"
00000000000000000016,43,PADEMANGAN,PADEMANGAN BARAT,3172051002,3.17205100201E12,Tidak Diketahui,Pademangan Barat 09,,,,33,ketinggin rumah lebih rendah dari ketinggian jalan,009,0,2020,1577865600000,,0,0,3.2889158740313498,-10.504387571438606,-17.688687812911013,3.2842748318031356,16.875267940530804,-3.734678138913867,-11.552438943247203,4.272513202814047,JAKARTA UTARA,1,0.9616714213794261,0,0.20184751022351363,334.4734433447411,148.18869382026833,0.0,-281.51474842377365,-427.0644200926735,-561.4696954329108,56.779608179392845,75.94024072219729,10,4.090552106058063,0,5.1235378031387615,-1.0363797121505351,-5.444793152638649,1.856513178924513,1.7685048134476096,1.0,2.499999761581421,0.9803791940122228,0.0,0.7370325326919556,-0.8344227139032375,-2.002025604248047,0.8201491334705159,0.8329054814476999,103909.513852,104362.8680794887,6.566473484039307,2.3984285360935806,0.0,3.1968417167663574,-0.5657723130666082,-3.1454577445983887,1.2992546100927815,1.2958303668681799,18.66360925605748,13.876578847325392,11.263375807032489,5.358643475609874,0.58307623883092,-1.9322708749675996,1.9706262613706114,1.9737939983171342,1.5979499816894531,0.2095646361144765,0.0084998132660985,1.3999280333518982,0.02999448128451578,-0.18894382193684578,0.4857170329051341,0.4934175550997679,1,0.020573921798959557,0,0.14430489325798443,"{""type"":""MultiPoint"",""coordinates"":[]}"
00000000000000000017,580,PADEMANGAN,PADEMANGAN BARAT,3172051002,3.17205100201E12,Tidak Diketahui,Pademangan Barat 10,,,,34,curah hujan tinggi dan air laut sedang pasang,010,0,2020,1577865600000,,0,0,-6.02884666041037,-12.444654112087143,-15.461721811748108,1.6921818694151,9.467140230985487,-4.099445620953946,-8.191916752122282,2.569420059029171,JAKARTA UTARA,1,0.9766751301803159,0,0.15676267316115666,875.1549798115764,781.1966348417178,649.3636962940959,279.8102153067688,203.44062059740259,74.88152973962838,57.12751281500522,67.50324993376174,8,3.4568575977966187,1,4.136091298145797,-0.3860157232390717,-2.8975748930096947,1.821710608188817,1.8504957280842929,1.0,4.200000286102295,3.3271637511714065,1.6000001430511475,2.6059346199035645,1.6610397194638167,-0.020142555236816406,0.636526389996902,0.6254326565855867,81027.9738534,81332.46429373049,5.9309306144714355,2.3019327036653263,0.0,2.877017021179199,-0.6350600666611363,-3.1193532943725586,1.2076358700783723,1.2001413156908765,18.788776159594576,13.23733687787756,11.312274802941495,5.417549669021135,-0.16114380750629753,-2.0007793504531595,1.4101032492113565,1.4169457035065587,0.14449799060821533,0.03248332923768544,0.008499868214130402,-0.26950184255838394,-0.34910259968739255,-0.436987666413188,0.04764758393910366,0.035933957158256626,1,0.001377114085295004,0,0.0912838696739514,"{""type"":""MultiPoint"",""coordinates"":[]}"
00000000000000000018,738,PADEMANGAN,PADEMANGAN BARAT,3172051002,3.17205100201E12,Tidak Diketahui,Pademangan Barat 12,,,,36,curah hujan tinggi dan got tersumbat,012,0,2020,1577865600000,,0,0,-4.756252988479832,-12.534636674821085,-20.849998836135725,2.4754399807445684,3.364121331363819,-7.238280310027506,-17.23420949023449,2.5335702640815327,JAKARTA UTARA,1,0.9585698727900457,0,0.2712931993250107,1057.6978978086688,773.2805027902638,463.8312116386399,272.6329763075162,36.94254815223178,-222.6478800444367,109.31614188716459,138.8515688652675,13,4.345297402507122,-2,8.437375178317033,-0.0017696922327426726,-6.184878744650187,2.17487179134227,2.2067566698664356,1.0,2.499999761581421,1.279655739096358,0.0,0.7562336921691895,-0.45382437105596674,-1.9276914596557617,0.6650629279531094,0.6514597016355579,150510.53088,151137.36313006206,10.31457233428955,2.6955391356273632,0.0,7.445336103439331,-0.2809078749974045,-3.046241283416748,1.6094733919665134,1.5934096721060031,19.356766487723796,12.90269709278381,10.751593711371637,6.177331258810417,-0.3203370891621018,-2.4812352412534278,1.435645892272071,1.4187827699777542,0.4079975187778473,0.03833803612881532,0.008499899879097939,0.21127167344093323,-0.15471672336178696,-0.24898444674909115,0.09219898666532322,0.08862343484604847,1,0.004703756053479156,0,0.12155245781143217,"{""type"":""MultiPoint"",""coordinates"":[]}"
00000000000000000019,,PADEMANGAN,PADEMANGAN BARAT,3172051002,3.17205100201E12,Tidak Diketahui,Pademangan Barat 14,,,,37,,014,0,2020,1577865600000,,0,0,-2.297568250595827,-10.206361004629725,-15.568600446725663,2.548300099302351,1.0062701406801728,-4.642669048559265,-9.598172219013723,1.9730167397666323,JAKARTA UTARA,1,0.8416100365917409,0,0.35750459958803815,1081.8309929570876,799.9335446705569,593.993774664244,381.37947477024,136.44979408196963,-43.50063606809522,91.26780811626895,108.37481576871802,8,4.685025899348952,2,3.152639087018957,0.012628580714419175,-2.6858773181165665,1.202955877437793,1.2343150156404088,1.0,2.8999998569488525,1.636002451670021,0.0,1.7399998903274536,0.1715544667901329,-1.625535011291504,0.8884860604388033,0.8140053708989724,73424.4860256,73735.9743647231,4.644423484802246,1.743170452393807,0.0,1.6126422882080078,-1.1920210923842876,-2.990679979324341,1.0613169005214023,1.113103652351832,19.693223447291253,13.621336520108537,11.559769485156377,6.342380229610292,0.24620553717459404,-1.7855313065033798,1.4513044308163001,1.4571005496145444,0.3824911117553711,0.04304542605156747,0.008499706164002419,0.1174919456243515,-0.20007591019166598,-0.26541225612163544,0.09859432828580306,0.11003698400837632,1,0.1494083543221024,0,0.3392971595164746,"{""type"":""MultiPoint"",""coordinates"":[]}"
0000000000000000001a,1051,PADEMANGAN,PADEMANGAN BARAT,3172051002,3.17205100202E12,Tidak Diketahui,Pademangan Barat 15,meningkatkan koordinasi dan kerjasama lintas wilayah,,,38,Tidak mencukupi pompa karena debit air dan drainase kurang baik,015,0,2020,1577865600000,,0,0,-3.3308065955168873,-11.484687213955642,-14.616830155063024,1.6600526572841015,1.198942516882192,-5.406087972952859,-8.78397422531933,2.071360465456954,JAKARTA UTARA,1,0.9856284153005465,0,0.1458305202717255,875.1549798115764,688.6169891745428,499.5615034733919,269.8052174351369,72.33069580019736,-115.85782180924946,97.52004841291043,93.9206689047669,10,6.3318579234972665,2,5.944650499287036,2.180845178239046,-1.8921540656202525,1.594879778510127,1.6070790937631498,1.0,4.700000286102295,3.706639568870834,1.6000001430511475,3.09854519367218,2.0941139147451002,-0.018402099609375,1.2706093430476557,1.2641338189867104,63897.7889992,64141.68530058853,5.547544956207275,2.161155431690763,0.0,2.7321109771728516,-0.5814514147877039,-2.7369487285614014,1.146545461798223,1.1676357909064925,15.955564065911915,12.722169662604005,11.37954940239335,2.6117319883090353,-0.6747322866849614,-1.9968129570406017,0.9163566913948897,0.925083854118971,0.059499166905879974,0.012401471118559763,0.00849984958767891,-0.2053655767813325,-0.2665959207704443,-0.32671173475682735,0.03086657380911212,0.011451515549605858,1,0.014371584699453547,0,0.1458305202717254,"{""type"":""MultiPoint"",""coordinates"":[]}"
000000000000000000cd,,PADEMANGAN,ANCOL,3172051003,3.172051003E12,Tidak Diketahui,Ancol 01,,,,370,luapan kali rob pompa kurang maksimal,001,0,2020,1577865600000,,0,0,10.638451004148678,-12.820764146081446,-20.340366108967284,3.002320385320764,9.350927891264483,-5.436173457498055,-17.18568504880222,3.390135250046627,JAKARTA UTARA,1,0.8573402498858302,0,0.3634169941057774,1328.210458360942,825.7905384111687,92.76624232772798,299.62410377886863,-74.62926933294095,-442.3520561615051,131.81831612585728,275.9798184344497,10,3.5771261958570952,-5,8.062482168331028,0.5021643038748611,-6.792867332382174,2.3147595355522785,2.1842158183416926,0.821432464850013,6.900000095367432,2.2261136820622807,0.0,5.1919355392456055,0.4549019735710294,-2.036210775375366,1.6600435755724134,1.6843834850237862,1191406.67241,1196202.2081263615,8.247800827026367,2.6019242796955533,0.0,7.5907480120658875,0.35434155921109434,-2.884211540222168,1.595559431721351,1.4755569108739806,26.634991553494512,13.556541102411185,10.979183188055677,12.899439406834903,-0.31646331031875,-3.633969445103409,2.7132213645944505,2.676603653124412,369.427978515625,16.924703183831095,0.00849994271993637,348.1275520324707,2.5900320148694043,-24.444553576409817,78.6579864013983,80.11563036573108,1,0.08447405707326787,0,0.2801448604328719,"{""type"":""MultiPoint"",""coordinates"":[]}"
000000000000000000ce,172,PADEMANGAN,ANCOL,3172051003,3.172051003E12,Tidak Diketahui,Ancol 04,,,,371,"Luapan kali, rob, pompa air kurang maksimal",004,0,2020,1577865600000,,0,0,3.239988700802411,-12.002485443726988,-19.671214334938156,3.3625072631934896,9.49272190563847,-5.60816383211183,-15.168399698747237,3.8260443825023094,JAKARTA UTARA,1,0.9522442100006246,0,0.20676133022318066,1369.6771539316378,1114.7776191685534,622.2948715860543,380.62257981141806,147.16267007050007,-233.4959251961618,150.96949603839607,187.63934578219926,12,4.083782452781769,-2,6.623965763195859,-1.3941856195074127,-7.5902995720394655,2.476385797930217,2.508192262476082,1.0,4.5,1.3873261334123461,0.0,2.514921545982361,-0.77829441379131,-2.550499200820923,1.3105609812145602,1.3180957711572994,502816.776764,504927.6116252803,9.24073600769043,2.943198330495594,0.0,6.054504156112671,-0.49515872661284105,-3.6195120811462402,1.5468408246697114,1.5553725765149455,23.84329623757718,14.312423245736774,10.863695254755388,10.333475862008806,0.8904369744384095,-2.694186804930217,3.294237610436398,3.305687109492845,368.7139892578125,31.858304648676828,0.00849984958767891,347.6586971282959,16.176193430310047,-22.125002779066563,105.77689349133396,107.53682510676775,1,0.005063431619396412,0,0.06788369582692214,"{""type"":""MultiPoint"",""coordinates"":[]}"
000000000000000000cf,,PADEMANGAN,ANCOL,3172051003,3.172051003E12,Tidak Diketahui,Ancol 05,,,,372,"Luapan kali, rob, pompa air kurang maksimal",005,0,2020,1577865600000,,0,0,9.9467763408227,-11.0053288647698,-20.01799465127695,4.039850029263249,9.39359791079496,-5.305774499126055,-16.648960061780382,4.15655959065265,JAKARTA UTARA,1,0.9060878161298295,0,0.29072517389381836,1132.3562962360413,578.6490852107113,0.0,212.00388786954795,-147.5850289581855,-561.4696954329108,177.9959628412375,290.6028650785656,35,6.1987925576359535,-3,29.419686162625293,0.6324847854252117,-8.518402282453188,5.197592090500948,5.234332684841997,1.0,14.40000057220459,3.0502182768461976,0.0,12.177432775497437,0.8551362441889748,-2.3316404819488525,2.27795060852656,2.365304752224275,592661.541109,595171.1437825584,23.287277221679688,4.50890547459014,0.0,19.79500937461853,1.0410751517156986,-3.622605800628662,4.014053289200663,4.029870792743547,19.481923133907184,13.249732735971985,9.890834998054626,6.074763102919652,-0.0302838920024447,-3.604727309260566,2.213397454507708,2.1736682769051647,3.110934257507324,0.23384522248209044,0.008499795570969582,2.9020104110240936,-3.7830377058347824,-19.3304474465549,6.167555345664696,0.5792739530407199,1,0.04822119967519094,0,0.20496478675874322,"{""type"":""MultiPoint"",""coordinates"":[]}"
000000000000000000d0,,PADEMANGAN,ANCOL,3172051003,3.17205100301E12,Tidak Diketahui,Ancol 08,,,,373,"Luapan kali, rob, pompa air kurang maksimal",008,0,2020,1577865600000,,0,0,0.806801370343351,-12.434544410814999,-21.15983087830114,3.108026283714582,8.613211544669586,-4.091171065700582,-15.91658017158327,4.1827104800712265,JAKARTA UTARA,1,0.8969682729452738,0,0.3641185526359595,675.3484381614854,312.9379394024444,0.0,21.32830348307914,-222.81758173733093,-495.3067323298115,89.56032637014525,155.52569226377884,9,2.60541246553285,-9,6.516975748930272,-0.22485106712186498,-10.382025677603307,2.216782470165447,2.333938409500066,0.5493752874086191,5.300000190734863,1.1961945069351274,0.0,3.534121513366699,-0.4609162958384288,-1.9258323907852173,1.2761453880212792,1.284477751158126,504807.612726,506849.0217294544,16.269058227539062,2.8916315767213634,0.0,14.051470518112183,0.4880671947818635,-2.7183725833892822,1.9630516239340337,1.9129522701837196,26.639377494339765,13.78886331979119,10.763667209368585,12.732117319119917,0.04074616691166419,-3.1680768367752474,3.322506089141277,3.3191489253270103,370.9919738769531,37.73446410021267,0.0084999930113554,352.84242820739746,17.314720922826798,-23.863918505609035,114.96023525617399,114.9009747561237,1,0.016426749963718793,0,0.13350929786935073,"{""type"":""MultiPoint"",""coordinates"":[]}"
000000000000000000d1,,PADEMANGAN,ANCOL,3172051003,3.17205100301E12,Tidak Diketahui,Ancol 11,,,,374,"Luapan kali, rob, pompa air kurang maksimal",011,0,2020,1577865600000,,0,0,0.4855373965464168,-13.057523218381812,-21.705568744539125,2.9508480180643235,15.391184204837414,-5.491698254728838,-16.240058420734698,3.569470338772164,JAKARTA UTARA,1,0.6660929639895886,0,0.4765703957445517,1967.8691704539299,1462.3594518472203,1024.6366367176336,372.5076828293063,111.94547447596075,-153.46007159672513,128.482821927325,208.79113946843958,18,2.563228073989529,-3,14.110128388017412,-0.10046714361803841,-7.042225392296419,2.342532906028606,2.9551230793896526,0.5765894902538551,7.5,1.6442718846217805,0.0,5.576096296310425,-0.3268411233968903,-2.056666612625122,1.6747631624945294,1.7262883094852923,1154729.14679,1159782.327128415,18.46068572998047,1.8861455355366905,0.0,15.76097822189331,-0.06298851007372548,-3.2844290733337402,2.0475492838675793,2.2992531214153074,20.114470596708845,14.65049669868523,10.144937697497127,5.697264215213513,0.7189030120197368,-3.3641209184114,2.4224378284943415,2.584850251104968,3.9779322147369385,0.14606733867103514,0.008499967865645885,3.775547742843628,-0.5404450724086918,-10.840077765285969,2.06753534984588,0.6996023861108572,1,0.17884426085958777,0,0.38400693343060904,"{""type"":""MultiPoint"",""coordinates"":[]}"
000000000000000000f5,118,PADEMANGAN,ANCOL,3172051003,3.172051003E12,Tidak Diketahui,Ancol 02,,,,461,"Luapan kali, rob, pompa air kurang maksimal",002,0,2020,1577865600000,,0,0,3.450888114183843,-11.639413382893107,-19.355843947286782,3.8043217343974054,8.249993077523513,-5.867249740121591,-15.464427503536553,3.839661567892773,JAKARTA UTARA,1,0.9381948140825793,0,0.27014103344396223,1403.8079779207503,1131.052933254882,706.486653451565,362.10816407706454,107.46565988529092,-206.97160959690723,158.01977089510453,177.78957344024613,12,4.7278838111170245,-1,7.152639087018955,-0.048905979714430496,-5.606562054207889,2.2972875818197687,2.3474794519273297,1.0,4.199999809265137,2.15808984429997,0.0,1.790499210357666,-0.16461977267861772,-2.550499200820923,1.0840132341415882,1.1218604716270895,458845.428696,460651.0222263942,9.195145606994629,3.1379065857215673,0.0,6.054504156112671,-0.13005225644819768,-3.5772459506988525,1.7256351206236977,1.7325471063378954,22.014680980215083,13.126801179470231,10.868728798993272,8.840580194777095,-0.24943302574023393,-2.694186804930217,1.8565864724843173,1.8394304488739541,3.6379311084747314,0.11773231052517717,0.008499931544065475,3.4138818979263306,-7.6914118647534035,-21.00916972849518,7.139613811757293,0.3766552416178367,1,0.046331077484601926,0,0.22924310917998555,"{""type"":""MultiPoint"",""coordinates"":[]}"
0000000000000000033c,Nihil,TAMAN SARI,TANGKI,3173031004,3.173031004E12,Tidak Diketahui,Tangki 01,Nihil,Nihil,Nihil,1650,Nihil,001,0,2020,1577865600000,Nihil,0,0,6.28812714230378,-8.383032491026412,-14.058314926226858,3.527186006028476,12.393323554570188,-2.892395640307214,-9.122435607789626,3.2194712280449242,JAKARTA BARAT,1,0.9805112919867018,0,0.12498425196844122,540.9154964785438,300.6224013446596,131.191278030262,-195.44227274533625,-364.76505862892606,-493.1886370027843,59.54849050217357,89.38835319027088,13,5.934770147884903,0,6.494436519258743,-0.582576917325326,-6.587731811697032,2.2606143352196963,2.2668978584688513,1.0,1.0,0.2696358293592145,0.0,-0.14202570915222168,-0.9410786174029608,-1.3605706691741943,0.19560562708962378,0.2635016113288829,91264.2539028,91643.82300611962,8.73572826385498,3.0629263259013517,0.0,5.669869899749756,-0.010660974755914635,-3.351468086242676,1.8672412347082767,1.822864230075865,20.998947725398803,14.678772443623647,11.082663251712416,7.429195063781574,1.1405862783142364,-2.545886078008257,2.6431644411949646,2.6256767163143144,2.473374128341675,0.8539408146802293,0.008499663323163986,-2.1512577533721924,-9.198699504832625,-15.534134304150939,4.428445090636018,1.07310220824557,1,0.019488708013298182,0,0.12498425196844144,"{""type"":""MultiPoint"",""coordinates"":[]}"
00000000000000000341,Nihil,TAMAN SARI,TANGKI,3173031004,3.17303100401E12,Tidak Diketahui,Tangki 06,Nihil,Nihil,Nihil,1655,Nihil,006,0,2020,1577865600000,Nihil,0,0,-5.905150578204934,-11.193684232120532,-14.738287496689356,1.9827032282919361,5.03795267940245,-2.843559067239297,-6.107547000009208,2.1980024041504613,JAKARTA BARAT,1,1.0,1,0.0,675.3484381614854,472.90450578884753,293.3526157307405,-137.21083811744938,-248.13067015144665,-344.16524296271456,54.99851776253347,119.82123830776615,8,4.598628027439451,2,1.2970042796011043,-2.0608401070204314,-4.609985734664241,1.3900826509637154,1.3962264150943395,1.0,2.799999952316284,2.0527930294083867,1.1000001430511475,0.9963480234146118,0.32443840432263865,-0.666704535484314,0.34810903166178553,0.3592147591722686,24816.9494541,24870.84891822061,4.644418716430664,2.136685950606206,0.0,1.1716246604919434,-1.391302736069531,-3.5393850803375244,1.1241192928269725,1.1243065714596931,17.901454648927892,12.991209936127245,11.561851249854765,4.299419705770406,-0.5680146855356666,-2.0623731961694833,1.3172610370145739,1.3061671640817785,0.05949808284640312,0.014683834050227771,0.008499732241034508,-11.87878568470478,-16.61265741490116,-19.279424283653498,2.262210025397751,0.013715328757336047,0,0.0,0,0.0,"{""type"":""MultiPoint"",""coordinates"":[]}"
0000000000000000034a,Nihil,TAMAN SARI,PINANGSIA,3173031008,3.173031008E12,Tidak Diketahui,Pinangsia 05,Nihil,Nihil,Nihil,1667,Nihil,005,0,2020,1577865600000,Nihil,0,0,8.678417214086075,-8.114712230230328,-16.906698047420743,3.4293310375782697,8.588077168139847,-2.9476700901356865,-11.452263668514242,3.3143566715943327,JAKARTA BARAT,1,0.999860110512695,0,0.09876816579193802,1498.6845104201757,1331.9217161671377,1057.6978978086688,338.8422470830651,204.17100952396163,31.763320779389687,78.61846874319568,107.6246241572467,12,6.903686087990489,1,5.866191155492693,0.616046787612727,-5.370613409414571,2.1813108904433087,2.146867884660965,0.5219723402505843,3.9000000953674316,2.376790017247415,0.0,2.3855921030044556,0.6951477156657975,-1.8449357748031616,1.1763496304266905,1.1387532637377404,149607.847301,150233.92883538082,7.467628479003906,2.8381729831404514,0.0,4.506466388702393,-0.41939077668095387,-3.5134265422821045,1.5429833251884255,1.5096982822622156,26.631902913650556,13.39192783162781,11.084010605695749,13.092447668909953,-0.3089498340346616,-2.6411980099869456,3.3145089642586796,3.266632942419224,368.2464904785156,25.15133340548361,0.008499760180711746,347.30459785461426,2.097678219965133,-24.49446366354823,112.43014362442838,111.90959832015349,1,1.3988948730502907E-4,0,0.09876816579193803,"{""type"":""MultiPoint"",""coordinates"":[]}"
0000000000000000014f,25 KK,PASAR MINGGU,PASAR MINGGU,3174041001,3.17404100101E12,Tidak Diketahui,Pasar Minggu 07,,,,693,masuk air meluapnya kali baru melalui saluran ke jalan badan kali tinggi daripada jalan lingkungan,007,0,2020,1577865600000,,0,0,-4.361356160303133,-13.034806391904375,-16.232426978387785,1.6512703621886442,8.994122390063263,-4.223122669003465,-9.173881166000669,2.7480193655185694,JAKARTA SELATAN,1,0.729534951362182,0,0.43794316956227064,3290.260514037345,2829.1379375364577,2375.975098656976,24.349130317672007,-41.61605541594019,-108.98850851676207,28.40404865538553,200.86921148285532,46,41.69936657725494,35,6.500142653356065,1.5695375782564627,-5.695292439368863,2.294582891491373,2.317918115136647,0.7061883481288055,6.299999237060547,3.4319555212137427,0.0,2.2386293411254883,-1.379093668068888,-5.620085716247559,2.0660074043116032,1.8882906245575122,215831.368102,216743.33449283842,6.670449733734131,2.2625841763343324,0.0,3.77691912651062,-0.6060981881465171,-3.134920120239258,1.2657628291988965,1.2656207458216402,20.882499230045827,13.373572265276579,11.193511065054434,7.464450821062433,0.02837442733970374,-2.109642121798549,1.917398319440869,1.9270666211280185,1.2405904531478882,0.12447322346182803,0.008497278206050396,1.0099612772464752,-0.08336665062554349,-0.3357171015813947,0.35393991477990844,0.3652098645833984,1,0.27046504863781784,0,0.43794316956227064,"{""type"":""MultiPoint"",""coordinates"":[]}"
00000000000000000150,,PASAR MINGGU,PASAR MINGGU,3174041001,3.17404100101E12,Tidak Diketahui,Pasar Minggu 08,,,,694,,008,0,2020,1577865600000,NIHIL,0,0,-5.537348682717327,-13.290041438878607,-20.555542871661043,2.3046918723720897,2.0407896841204973,-5.371598755126193,-13.049420790765463,2.544002338237565,JAKARTA SELATAN,1,0.7693824286009355,0,0.4101210700675224,2821.3751145383426,2478.8136797639727,2230.251726514454,68.67943162708707,-22.622159627030342,-108.98850851676207,33.75366300192863,137.997159139213,47,41.7927971909796,37,5.962054208277046,-0.10422774585834244,-5.040798858770181,2.031363629009587,1.805351248215928,0.8839882914844127,6.299999237060547,2.618443849632613,0.0,2.2989144325256348,-1.6054400790970376,-4.0830817222595215,1.7047184592407776,1.7123240123989136,185607.335179,186428.30121175692,5.581035137176514,2.1652902251670376,0.0,2.57666277885437,-0.706025125328696,-3.134920120239258,1.1261389729912548,1.1636936955349326,20.580212937215673,14.064603101812551,11.373182037950777,7.227458073934651,0.7381304152599408,-1.9808502171135753,1.978167994259164,1.9747380168222055,0.9176917672157288,0.15008903385828495,0.008497227914631367,0.680577427148819,-0.014413601163515434,-0.2668477790430188,0.26585025239443255,0.2780191035151478,1,0.23061757139906494,0,0.4101210700675224,"{""type"":""MultiPoint"",""coordinates"":[]}"
00000000000000000209,224,SAWAH BESAR,GUNUNG SAHARI UTARA,3171021004,3.171021004E12,Tinggi,Gunung Sahari Utara 01,terulang kembali,12 Jam (setengah hari),6 M,1121,"1. Curah hujan tinggi;
2. Dataran rendah",001,4,2020,1577865600000,Relatif paling tinggi sepinggang dan dibawah dengkul kalo digang,100,15,-1.655940103474286,-10.504033297090302,-17.9134352381338,2.9440020302838015,4.257730509521115,-5.123943064870993,-13.2429341673336,2.7657860005909143,JAKARTA PUSAT,1,0.9492648805026014,0,0.21841572133518533,1081.8309929570876,822.5720340473104,473.0168798317619,375.5358850345848,178.54200499511967,-84.49320236828271,116.49151052983044,163.24549982034702,14,4.815410522679677,1,8.875606276747984,-0.27892733203877584,-4.44251069900092,1.9049684630405752,1.8374669787907518,1.0,3.299999952316284,0.9649236520601546,0.0,2.198516368865967,-0.22246656803329232,-1.435720443725586,1.2616202740910973,1.2202654424850354,161618.242507,162250.64946637326,13.648222923278809,2.3494649406088763,0.0,10.606462240219116,-0.5741977808597435,-3.439464807510376,1.7042604855616732,1.7288735469977505,20.519882235092037,13.77910700471972,10.463234282794165,7.155975768967977,0.39277178364176907,-2.907033486339337,2.0311872722083417,2.0339152766670763,0.8754634857177734,0.18641742771285627,0.00849967822432518,0.7173309922218323,-0.02746412303633205,-0.2811271883547306,0.3420482436221733,0.31905104158325065,1,0.008398281482760851,0,0.09512633176255551,"{""type"":""MultiPoint"",""coordinates"":[]}"
0000000000000000025a,262,SAWAH BESAR,MANGGA DUA SELATAN,3171021005,3.17102100501E12,Tinggi,Mangga Dua Selatan 06,,Sehari semalam,-,1255,saluran air yang tersumbat,006,4,2012,1325404800000,1 M,100,0,3.198399506633569,-11.537871229099432,-17.559203690139654,3.2390014041939903,15.880997082550028,-0.3341780743471907,-12.93637141104829,5.031902640775197,JAKARTA PUSAT,1,0.9798169811690475,0,0.16594252252566136,918.3389462118339,494.85662269317373,185.53248465545596,71.215126614626,-163.3360390722984,-371.0705771433878,105.29126201822754,189.858224991847,23,6.156624145160978,-2,16.992011412268717,-0.07770144981517639,-8.044793152638544,3.846178025187217,3.7824600308096787,1.0,7.100000381469727,2.411727738731289,0.0,4.861655235290527,0.4002798275139063,-1.9476747512817383,1.5106576110249057,1.617257890387548,176754.463185,177467.6552601006,19.591156005859375,4.476813329937968,0.0,16.08724594116211,0.9474483962655431,-3.4960694313049316,3.4118188648061105,3.4209316685862112,21.91653654566655,12.988265643167345,10.080876683712916,8.403087644661309,-0.5329087317644875,-3.499493902825648,2.2771758891951372,2.2699831445534566,3.340348720550537,0.37328913551116083,0.008499760180711746,-4.216922283172607,-13.086859410439999,-17.77544904872775,3.1272723774727784,1.039732729914208,1,0.016989007113044508,0,0.1539526586383121,"{""type"":""MultiPoint"",""coordinates"":[]}"
0000000000000000013d,819,TEBET,TEBET BARAT,3174011002,3.174011002E12,Tinggi,Tebet Barat 01,,1-2 Jam,± 50.000- 60.000,656,Meluapnya PHB Kalibata dan Saluran Rawa Bilal,001,4,2020,1577865600000,,100,0,-5.573061067263897,-11.944094522971904,-16.103447481386297,1.9050408064007796,9.60960355811288,-2.773668167242263,-10.377283296141627,3.1970645735804846,JAKARTA SELATAN,1,0.9517312159023388,0,0.2065672991391307,3739.5267799363287,3303.132716823678,2886.2081166657636,25.424619904256815,-37.978356581268685,-101.70839826296606,27.025471751119156,181.0480676601141,27,19.533473775185005,12,9.885021398004522,1.8023489435247702,-5.8584878744631474,2.909902624423664,2.67924585325985,1.0,4.80000114440918,2.579388497484013,0.0,2.5208568572998047,0.3064645559817501,-2.7359771728515625,1.4678136320253796,1.4650151539888283,322773.974439,324056.424148618,7.605966567993164,2.53413055324995,0.0,4.344040393829346,-0.3525944585005057,-3.0356054306030273,1.5102452827594584,1.519584282730513,19.48953263916728,13.526043846473451,11.312039369658205,5.970681298529097,-0.07124966291271592,-2.298121689361528,2.29391444714197,2.2862589291785094,4.852393627166748,0.5166030339909862,0.00849838275462389,4.313546597957611,0.014022889160052853,-1.754262643866241,1.42976573597773,1.4380823624791272,1,0.0317398584778264,0,0.1699706579607316,"{""type"":""MultiPoint"",""coordinates"":[]}"
00000000000000000132,180,TEBET,KEBON BARU,3174011004,3.174011004E12,Tinggi,Kebon Baru 01,,2 hari,± 20.000,632,"Curah hujan yang ekstrim, banjir kiriman dari bogor (katulampa) dan Petugas pompa yang kurang sigap dan tanggap dalam memeriksa saluran",001,4,2020,1577865600000,,100,0,-3.7036086213561408,-11.840681628178388,-18.41057345155148,2.3708222291802694,6.808314396686955,-4.1973379112290194,-12.785991492531267,3.028407357843821,JAKARTA SELATAN,1,0.9517543859649121,0,0.2703077200940698,4605.729490425012,4456.95189633386,4200.170260476811,345.44801532000656,263.5053690882909,131.91695291967153,50.83535215107135,91.28521101574172,20,15.11082123411978,9,1.6704707560645673,-3.649258718206398,-10.203994293863946,2.5536314256340527,2.403648440422367,1.0,3.6999998092651367,1.3519928528190885,0.0,1.3615689277648926,-1.0565700634133073,-2.648045778274536,1.337089832970117,1.2760062746232643,92219.0397013,92642.35964908575,6.670166969299316,2.504788029172694,0.0,4.050018787384033,-0.09715690885890775,-2.6436004638671875,1.3498660796558983,1.3543058880356456,26.55225130612926,15.175067962030797,11.193690177850407,12.884135273667077,1.4502625684069541,-2.5346226905809033,4.072032637490869,4.0523591174564855,340.2344970703125,62.73816564323423,0.008498415350914001,319.78661727905273,41.744768200532526,-23.080991197377443,135.76731092778937,135.59209292576747,0,0.0,0,0.0,"{""type"":""MultiPoint"",""coordinates"":[]}"
00000000000000000133,416,TEBET,KEBON BARU,3174011004,3.174011004E12,Tinggi,Kebon Baru 02,,1 hari,± 8.000,633,Curah hujan tinggi dan Mesin pompa sudah tua,002,4,2020,1577865600000,,80,60,-3.8221894221287274,-12.500957853251002,-17.218574956787876,2.5607977969601965,-0.3052053207489369,-5.045758347344328,-10.63471847091812,2.2902286083815464,JAKARTA SELATAN,1,0.9464971526950073,0,0.2874797872880346,4712.853798069809,4582.7162728933,4425.6401038404565,326.04087681232977,239.9743060812254,168.26743029245335,46.058236792624044,73.37025534795352,21,16.97152695007284,11,1.7962910128409177,-2.211332978539837,-8.320970042793967,2.471647748876693,2.3680563781904396,1.0,4.100000381469727,2.680174925266994,0.0,1.7679319381713867,0.2852251363296317,-2.647446632385254,1.7201922280298774,1.6558580571799348,52622.5528291,52838.65336799956,6.204838275909424,2.795366487334443,0.0,3.5862653255462646,0.18695589748064803,-2.624147415161133,1.4760802726263218,1.477897197217336,26.550925748594167,14.850379901775083,11.266608778714911,12.87268286532253,1.1383750388214922,-2.412039006492032,4.198968067136486,4.20230957050454,339.9285583496094,66.75392281382693,0.00849838275462389,319.6941719055176,46.22592893226185,-21.01233746111393,137.9184181994243,137.81117137336258,1,0.03006224341146868,0,0.15905777550540118,"{""type"":""MultiPoint"",""coordinates"":[]}"
0000000000000000013b,125,TEBET,KEBON BARU,3174011004,3.17401100401E12,Tinggi,Kebon Baru 12,,3 jam,± 30.000,643,"Hujan lokal, saluran tidak lancar, dan curah hujan hujan yang tinggi dan durasi yang lama",012,4,2020,1577865600000,100-120 cm,120,100,-7.214280579347955,-11.900551492628603,-14.266036490249716,1.3089967090267252,1.2341332824279414,-3.639946985791548,-7.706873134881555,1.9070008129823492,JAKARTA SELATAN,1,1.0,1,0.0,4920.110210960908,4828.738841762717,4657.752288287196,158.3092058655002,94.98242788834865,-6.767104635687247,37.714912618618,64.4721972100318,22,19.498104327363055,17,1.3580599144100631,-1.1149225775905038,-3.6727532096983353,1.4233147750122315,1.4536758172373414,1.0,1.8999996185302734,1.0206041240056272,0.0,-0.7954070568084717,-1.6505218776538801,-2.637261152267456,0.5437249709393798,0.5738293501631333,26869.2803249,26996.68623162191,5.007545471191406,2.4546925257835412,0.0,1.9160892963409424,-0.6368341865859354,-3.107748508453369,1.008131033801134,1.005665549927691,16.648518058108827,13.28938668995864,11.722957432493722,3.0503700369509144,-0.3143461561208874,-1.8500200217440295,1.4203963587076935,1.419068349425727,0.552385151386261,0.06575166578112997,0.008498254232108593,-16.956552505493164,-18.307717488575783,-19.13065135665238,0.6367926012124054,0.1739262582034367,0,0.0,0,0.0,"{""type"":""MultiPoint"",""coordinates"":[]}"
00000000000000000181,307,TEBET,MANGGARAI,3174011007,3.174011007E12,Tinggi,Manggarai 01,,4 hari,± 20.000,783,Intensitas Curah Hujan yang tinggi dan meluapnya tanggul Kali Ciliwung,001,4,2020,1577865600000,,120,100,-2.918072200041302,-12.043760356216383,-16.01781156324396,1.9347252177283651,5.292076590923687,-3.8214506110449444,-11.059870026340725,2.428726683140822,JAKARTA SELATAN,1,0.8949691085613415,0,0.3137779989946096,3352.4441657665852,2855.058439117517,2456.1165641394814,42.00897318006082,-47.685454619124684,-103.32540299136826,29.021573784567227,219.45127099101077,19,12.853486319505736,8,5.454208273895501,-1.029677185409255,-6.256776034235758,2.029896848936276,2.085310626300854,1.0,4.899999618530273,2.743455406917338,0.0,2.7485873699188232,0.5065798827032254,-2.5090157985687256,1.4562941532307523,1.4003160129480285,213242.016974,214153.47123261075,8.719182014465332,2.3899672686603592,0.0,6.2126665115356445,-0.11579313330533271,-2.551102876663208,1.2942440767896874,1.2984521893477203,26.560961406271982,14.499415078438116,10.922605476837132,12.33030046789347,0.24962116489281075,-3.34592538992883,3.8099977452582183,3.7916835732614866,343.6084289550781,44.130831223073734,0.008498637937009335,314.2414836883545,12.224085127686175,-34.88932890444994,123.26891696599738,123.70372431244319,1,0.09674414043346084,0,0.3047037704970223,"{""type"":""MultiPoint"",""coordinates"":[]}"
00000000000000000144,674,SETIA BUDI,MENTENG ATAS,3174021005,3.17402100501E12,Tinggi,Menteng Atas 08,,3-5 jam,± 50.000,678,"Banyak saluran air yang sudah menjadi pondasi rumah sehingga menghambat saluran air, Durasi hujan yang panjang (± 10 jam) dengan curah hujan yang tinggi",008,4,2020,1577865600000,50-80 cm,80,50,4.892199925080652,-10.756350150662556,-14.498197754178355,2.3006707209183688,0.6400395539934977,-4.833610528467953,-8.94022086479178,1.845270568798657,JAKARTA SELATAN,1,0.9892631203777955,0,0.0936549136660031,2559.0707531400412,2298.508831336006,2034.5225285572158,-9.96493098117162,-64.95974315498977,-121.5835405110422,25.812229126737563,126.04724096212499,17,13.380067718078946,9,0.8858773181180162,-2.9329589366028856,-6.582881597716572,1.5096567531659595,1.4300183983521577,1.0,3.299999237060547,1.0327139522773765,0.0,0.04944276809692383,-2.342705529003574,-3.6621968746185303,0.7955810083989285,0.8238523031916175,78324.0856016,78663.63901351136,5.247517108917236,2.094480458214503,0.0,1.730618953704834,-1.8778214545521017,-4.309561729431152,1.265784861516482,1.1970597512642376,22.464125667937815,14.230278675173036,11.536424113253547,9.134288434539627,0.9074699173326715,-1.8282833083088406,2.700485720723427,2.7182300479387425,5.719241619110107,1.285219339722643,0.008498522453010082,5.142978489398956,0.6685221981464493,-0.686181427910924,2.428879269780943,2.399254749386857,1,0.010736879622204402,0,0.0936549136660032,"{""type"":""MultiPoint"",""coordinates"":[]}"
00000000000000000156,118,PASAR MINGGU,PEJATEN TIMUR,3174041005,3.17404100501E12,Tinggi,Pejaten Timur 08,setiap tahun kena banjir,2 jam,1 hektar,710,kiriman air dan curah hujan,008,4,2020,1577865600000,1 m,100,0,-7.134585255298672,-12.804665291474576,-17.767192351548452,1.8628939915864484,6.0227448433429736,-4.017169033473985,-10.964896023400014,2.670853268760385,JAKARTA SELATAN,1,0.8629057924888608,0,0.36357128044973475,4304.393629270136,3810.085538604562,3089.269083231159,374.58540848189523,107.73374164011702,-74.61040501705475,119.43570713344891,341.681175109724,43,34.6744509866327,16,6.47246790299905,-1.7764678456342877,-18.061055634803864,4.930999774770187,5.5867316464466334,1.0,13.69999885559082,3.5895713317073015,0.0,7.013807773590088,-2.760089491074086,-6.931269645690918,3.6274136834853588,3.7028647733443116,262807.883537,263824.08511810115,15.877336502075195,3.9538834964812652,0.0,12.373315811157227,0.6679239957226826,-3.4816455841064453,2.440588367157532,2.4945492680753447,23.38735597474235,13.807831483914962,10.42299436521649,9.893477781400309,0.37525676713138917,-3.0573768491120052,3.110705250419108,3.114611297963165,329.6716003417969,14.092438765121575,0.00849734153598547,308.85460090637207,0.3601862580132388,-24.07581300009042,77.46317776721634,79.42313063437177,1,0.1337126034373011,0,0.3610005574560303,"{""type"":""MultiPoint"",""coordinates"":[]}"
00000000000000000158,40,PASAR MINGGU,PEJATEN TIMUR,3174041005,3.17404100501E12,Tinggi,Pejaten Timur 10,setiap tahun kena banjir,1 hari,5000 m,712,"Jurah hujan tinggi,",010,4,2020,1577865600000,1 m,100,0,-8.437415190571489,-13.738852923821472,-17.767192351548452,1.533029917552058,7.771141772696183,-3.632819835349806,-9.787140714042184,2.928128436863861,JAKARTA SELATAN,1,0.9257551118338618,0,0.28316700498296987,4283.350023716669,3622.8851889471375,3083.6927807006746,375.1797416857089,92.6347919106159,-75.12502357463109,108.11783423647562,336.55533465325226,47,38.16156594065739,17,7.835092724682724,0.7582710136872681,-17.883309557770914,5.030797406719288,5.928341637685801,1.0,15.999998092651367,5.081672564905658,0.0,9.270925521850586,-0.9946796069704905,-6.909586429595947,4.368261429874908,4.283828686779047,261565.634558,262681.56972659624,17.230485916137695,3.727851916349755,0.0,13.712356328964233,0.44523983058149935,-3.4847493171691895,2.627045369068855,2.664762016955916,23.72268946870575,13.736961765813092,10.487153681920521,10.190038744419791,0.24037049424771798,-3.005831810782876,2.5078828003602003,2.5001492545733965,329.4676513671875,8.974931184576672,0.008497313596308231,308.85460090637207,-5.563448766662662,-22.98594052158296,55.20302720155411,56.04737103137839,1,0.0742448881661379,0,0.28316700498296976,"{""type"":""MultiPoint"",""coordinates"":[]}"
000000000000000001b7,200,PASAR MINGGU,PEJATEN TIMUR,3174041005,3.174041005E12,Tinggi,Pejaten Timur 05,setiap tahun kena banjir,1 hari,1 hektar,914,jurah hujantinggi dan kali meluap,005,4,2020,1577865600000,1m,100,0,-2.6835678964928382,-12.5398806785792,-18.367935482865434,1.9607108217317673,4.878411552663209,-4.361584063861615,-12.58166067619261,2.524700394444418,JAKARTA SELATAN,1,0.8901211412052172,0,0.33938801739328844,4636.456420326374,4071.4537253624508,3344.734433447411,32.47558114668391,-31.000892279205583,-88.35499150040641,26.937763994448975,315.77179251457454,39,31.40630484908971,19,7.717546362340851,0.22308520510061716,-12.152924393721616,4.195887304631086,4.310355171072879,0.9561259678291024,13.100000381469727,7.1004723063535,0.0,5.5230817794799805,0.21470250630693005,-6.6470184326171875,3.9844446248140626,4.065476709113198,405475.414119,407087.3640253837,16.333057403564453,3.2529017399093556,0.0,13.231284141540527,0.12483462858488105,-3.2169792652130127,2.531456527329739,2.526898892274895,23.735422291179322,13.382741470553203,10.922412924941721,10.178921186940745,-0.09641554345165125,-2.6139942070760878,2.3956726248129567,2.395699684108405,331.5750732421875,15.488895276331375,0.008497674949467182,312.14097023010254,-3.0335137350470296,-21.56375217437744,68.65752764488798,69.04809216295375,1,0.10364111917954366,0,0.3266403763392791,"{""type"":""MultiPoint"",""coordinates"":[]}"
0000000000000000018f,± 168 KK,PANCORAN,KALIBATA,3174081002,3.17408100201E12,Tinggi,Kalibata 10,,± 1 x 12 Jam,"4 RT Terdampak (RT 001, 002, 008 dan 011)",825,Saluran air dangkal dan sempit,010,4,2020,1577865600000,± 1 meter,100,0,-5.0407082232979725,-11.90035663110833,-15.303087437192836,2.064440322876751,7.907483414534015,-4.362904166786747,-8.334405685543153,2.6468506882056464,JAKARTA SELATAN,1,1.0,1,0.0,4741.072006325661,4517.966421618649,4297.390543770962,22.04752990731322,-35.92448809048174,-89.44343016164294,26.6903343326084,108.0011203275201,34,27.92833423896637,22,5.310128388018125,-0.9474290486243586,-7.368901569185891,3.129437632498945,2.797924813940277,0.9992268828064589,7.299999237060547,4.574539617791682,1.8999996185302734,2.060227870941162,-0.8335649242423004,-3.5273613929748535,1.7865578337955015,1.752034907054364,57730.360466,58014.280118867006,5.624488353729248,2.669263135441862,0.0,2.388030767440796,-0.36418153962125704,-2.9448418617248535,1.1532741318568211,1.1653742351801268,16.42916205931299,13.240279450188316,11.541792549602313,3.1931193652629535,-0.11826397409388731,-1.8306157778855798,1.4423944814996164,1.3881001899211105,0.441887229681015,0.056557920829331185,0.008497864939272404,-3.544234424829483,-9.139756430046905,-16.413753505796194,3.6082448027252454,0.09416316837673776,0,0.0,0,0.0,"{""type"":""MultiPoint"",""coordinates"":[]}"
00000000000000000193,± 250 KK,PANCORAN,RAWA JATI,3174081003,3.17408100301E12,Tinggi,Rawa Jati 07,,± 1 x 24 Jam,"6 RT Terdampak 
  (RT 001, 002, 003, 004, 005 dan 006)",839,Meluapnya Kali Ciliwung,007,4,2020,1577865600000,,100,0,-2.309725445192342,-12.648383423707529,-18.534138641756407,2.522640065495342,9.11863644804567,-5.5782686971707545,-13.129865772430026,3.040692922792071,JAKARTA SELATAN,1,0.6306615382976233,0,0.48999009478921507,5012.811695004283,4445.802485721567,3870.698557220822,102.58130889606491,-9.06302420758326,-84.65439769038085,37.34471853604561,299.9077690082781,46,27.426180252938003,11,20.13865905848945,1.581744219289807,-14.142368045647292,5.360877029916932,5.511141788298758,1.0,13.399999618530273,6.482836425663226,0.0,8.980998516082764,1.9455705618090444,-4.7100138664245605,3.8701403176463716,3.8512737152681895,327372.665843,328635.69898500876,16.994848251342773,4.765053750341891,0.0,13.849107265472412,1.6359341447763904,-3.1956682205200195,2.7729177567730114,2.7725143476135927,26.540282987451103,12.97012338606804,10.454119119159172,12.899542495592383,-0.506490848787174,-2.9483675538635286,2.7163450447400073,2.7481721481664105,336.3678283691406,20.757236115698433,0.008497943170368671,314.25586891174316,4.13859819606798,-22.872254583984613,82.01573202619198,83.22133178597034,1,0.3443962623991822,0,0.484844321080019,"{""type"":""MultiPoint"",""coordinates"":[]}"
0000000000000000010f,33,JAGAKARSA,LENTENG AGUNG,3174091004,3.17409100401E12,Tinggi,Lenteng Agung 07,,3 jm,20 m,541,luapan kali dari kali ciliwung,007,4,2019,1546329600000,1 m,100,0,-5.384739165860989,-13.055775447827637,-20.395571137645227,1.9906144539353516,8.923547219128757,-5.240346695494182,-14.97358222472808,2.699712266404639,JAKARTA SELATAN,1,0.8050178924049998,0,0.4183991404730074,1049.530224242096,636.4024868775834,207.43162386201809,248.8031294183885,-132.0362407637557,-485.54896906039596,154.23725298104634,180.6612061862358,63,50.83765524292571,37,9.823680456495488,-1.3805095451354066,-14.066476462192462,5.766589732721246,6.365287615448886,0.9934645777022886,22.299999237060547,10.424238152398477,0.0,13.717145919799805,1.717101413107205,-9.432097434997559,5.73850291017852,5.81798020828727,347888.014904,349286.71256637806,19.00626564025879,3.9217740530333844,0.0,14.999930381774902,-0.08665065091598587,-4.033839702606201,2.542409726339467,2.560909978258305,26.374016360416668,13.372229756140628,10.466435115809245,12.651221012160695,-0.3280336489605159,-3.317448974661632,3.2070735178242478,3.209715543001174,284.6663513183594,24.85805637302783,0.008496712893247604,264.85001945495605,5.256364764942434,-23.290599826723337,86.29665470214074,86.83342957371289,1,0.17818229203211608,0,0.3941134909984461,"{""type"":""MultiPoint"",""coordinates"":[]}"
00000000000000000552,588,MATRAMAN,KEBON MANGGIS,3175011005,3.175011005E12,Tinggi,Kebon Manggis 03,,24,16748,2490,Dampak Luapan Kali Ciliwung,003,4,2020,1577865600000,80,80,0,6.031589292396184,-10.457477750589922,-18.511505477796504,3.0210601445354213,18.382626859144196,-3.302789484815079,-13.40594939725629,3.8527632188245797,JAKARTA TIMUR,1,0.9431607888753768,0,0.2368226370187931,3452.3502670087446,2826.1090888602193,2226.3898158654715,105.40583095385682,-34.09733898677418,-98.78050529878828,38.631733224694706,317.8824742734347,22,12.091462662366279,6,9.077318116976615,-1.0031024407645885,-7.487874465049021,2.821539525109156,2.9250755845748597,1.0,6.0,2.4909390840379304,0.0,3.7072181701660156,0.2970898964520657,-2.247560501098633,1.4560569038566724,1.5402528817975658,395594.731973,397259.89554366184,13.120243072509766,2.4052154349127104,0.0,10.607959508895874,-0.2136850162811902,-2.852735757827759,1.6727083155596114,1.6389218162521269,26.59797872057141,14.404676205430434,10.504051638512342,12.474462746542416,0.2977958479003243,-3.4850928831235457,4.156576680605594,4.1790983442285246,355.9224548339844,53.52657370075922,0.008498708717525005,322.9900321960449,20.73947542402452,-35.733135744929314,133.00406298803514,133.3186967097777,1,0.037690124958141676,0,0.18070684780369523,"{""type"":""MultiPoint"",""coordinates"":[]}"
00000000000000000553,222,MATRAMAN,KEBON MANGGIS,3175011005,3.175011005E12,Tinggi,Kebon Manggis 04,,24,7684,2491,Dampak Luapan Kali Ciliwung,004,4,2020,1577865600000,100,100,0,-2.087920102879226,-11.565929290991525,-16.60806192103893,2.488918940790523,8.931574319237427,-4.281887601254063,-11.543834072651258,3.5105725903561242,JAKARTA TIMUR,1,0.9119628686929181,0,0.2803958023743075,3584.4280636387275,3199.833330079998,2729.913656091607,138.50510389227202,2.3988357556157243,-89.85277019259001,51.681393866052225,216.22217171781648,25,12.796143800635493,5,10.797717546363238,-1.2829112171953956,-8.533523537802193,3.7175157001818424,3.8621697443514558,1.0,6.200000762939453,2.1917819987753635,0.0,3.8318123817443848,-0.24955983399983916,-2.627047061920166,1.6173489086090878,1.634991484629642,209831.285177,210628.59492472932,9.643638610839844,3.1885850151794375,0.0,7.159214973449707,0.6752871630487728,-2.553640604019165,1.903161495037651,1.8948292926027366,23.77650707839354,14.018862125774739,10.82008943477742,9.738579500355122,-0.07818634252152615,-3.2033883099643496,3.68837919954621,3.73406741891812,343.51495361328125,44.48187636805172,0.00849865097552538,313.18110847473145,12.263874365131764,-35.97595259267837,118.2182350415391,118.99118331775662,1,0.0583420671757249,0,0.23920535789911948,"{""type"":""MultiPoint"",""coordinates"":[]}"
0000000000000000054e,930,JATINEGARA,KAMPUNG MELAYU,3175031001,3.175031001E12,Tinggi,Kampung Melayu 02,,< 24 JAM,5000,2484,BANJIR KIRIMAN DAN CURAH HUJAN TINGGI,002,4,2020,1577865600000,30 s.d. 125 cm,125,30,6.826617917683587,-10.223487328823312,-18.282979651019875,3.9429951953523594,4.731147117729619,-4.892420672562205,-12.495368657448982,3.356025994534405,JAKARTA TIMUR,1,1.0,1,0.0,4117.400169979267,3990.0031599203494,3858.4512421436248,346.88069920292764,210.13261088214225,45.66487344353345,88.1898751474939,67.13556604495237,22,13.67332297906959,7,4.858487874466775,-3.3298863573644555,-9.833380884449301,3.3864325794500596,3.4243318695527263,1.0,5.09999942779541,2.519428768768773,0.0,2.8049066066741943,0.25045292021810145,-2.269500732421875,1.6402670071143193,1.655042264168647,47247.2771114,47431.714722525816,6.226642608642578,2.9058589084500537,0.9274099469184875,3.5652666091918945,0.2619897489425707,-1.7383131384849548,1.3422978758568078,1.3518478180960194,23.420832498312027,13.594842718280045,11.263094657030429,9.539731520190031,-0.2931990382567328,-2.5594712128307577,3.1551260954580624,3.1724739833666304,340.8208923339844,22.733972427502103,0.008498547598719597,315.9757308959961,-2.0085910949744434,-25.771467246115208,105.29511728653956,105.38823388677172,0,0.0,0,0.0,"{""type"":""MultiPoint"",""coordinates"":[]}"
00000000000000000514,18,JATINEGARA,BIDARA CINA,3175031002,3.175031002E12,Tinggi,Bidara Cina 05,,48,400,2374,Luapan Kali Ciliwung,005,4,2020,1577865600000,100,100,0,-0.7511599394444821,-11.876760417765203,-19.097495229977028,2.9714546483045874,7.023425941884156,-5.516514150680644,-13.045161295433449,3.318776737723348,JAKARTA TIMUR,1,0.8164334705075443,0,0.37757347416769327,5118.1415062800825,4867.631207358071,4661.445986162131,343.8377219953072,186.36699709520454,75.29755031594141,54.431521051999546,104.87543638979975,28,21.95423868312757,12,7.081312410843719,0.8215371104203717,-8.946647646217642,3.6598957668293877,3.7527109542533177,1.0,7.100000381469727,4.286351702916443,0.0,3.8627676963806152,1.1259571464431297,-3.0369186401367188,2.0598014149568398,2.1483587164966877,127179.293627,127702.77702574607,8.71943473815918,3.6658723264286697,0.0,6.186246156692505,1.0656594212212187,-2.6849513053894043,2.003467243774076,2.000478062003668,22.960207692416745,13.154000007842992,10.944137202624566,9.352141866451671,-0.4510395992233891,-2.6647374531193346,2.7471443222049228,2.755987662584089,339.4696350097656,20.03760631555039,0.008498246781527996,320.16223335266113,1.6833679889845135,-19.75903570279479,90.58359974139405,90.89650836106259,1,0.14417009602194783,0,0.33384220416830257,"{""type"":""MultiPoint"",""coordinates"":[]}"
00000000000000000515,363,JATINEGARA,BIDARA CINA,3175031002,3.17503100201E12,Tinggi,Bidara Cina 06,,48,400,2375,Luapan Kali Ciliwung,006,4,2020,1577865600000,100,100,0,2.571658964095021,-9.98593140059104,-14.34613070120379,3.263390720312324,6.805036237398772,-3.703953226732498,-9.227677179540894,2.850396637355427,JAKARTA TIMUR,1,0.9269690519076468,0,0.3054766312211495,5249.290756032934,5092.293653862807,4930.593412216127,440.83285512802377,332.28996087684925,219.91332072171008,55.744006359285166,89.93731215992864,26,21.130615141094903,13,4.28873038516587,-0.5316628696609922,-8.398002853065144,3.0586284319355284,3.137405930418034,1.0,5.5,3.1352601066686376,0.0,2.37554931640625,0.08215511989713226,-2.9223110675811768,1.9399185256113505,1.987198486989668,63851.4506332,64132.470702609644,6.567720890045166,2.6181339417916636,0.0,3.7888340950012207,-0.16701407660550988,-2.9248664379119873,1.4315410504841641,1.4390562435205203,15.955370439189114,12.795402985348565,11.219265098311723,2.422787231777086,-0.7904932343777915,-2.4057461006653167,1.1203338267394205,1.1365409298854205,0.15296834707260132,0.019270738990605604,0.008498218841850758,-14.598267510533333,-17.570799086947158,-19.845462672412395,1.5717018758786276,0.03773618833578636,1,0.0504885104524862,0,0.2763853991962833,"{""type"":""MultiPoint"",""coordinates"":[]}"
0000000000000000051b,120,JATINEGARA,BIDARA CINA,3175031002,3.17503100201E12,Tinggi,Bidara Cina 12,,24,200,2381,Luapan Kali Ciliwung,012,4,2020,1577865600000,100,100,0,-2.8470895057898655,-12.768785408447902,-18.251439545529426,2.3931494715806236,10.320572900879766,-2.8245799415184067,-11.337179932687182,3.7105057239785832,JAKARTA TIMUR,1,0.9199774901519414,0,0.26553476535765014,4995.615034733919,4768.3758300980335,4531.324713308207,304.89927188182355,137.9494152102099,-19.254583392884342,83.20963874253513,119.56567597403978,30,24.552016507221897,20,7.817974322398339,2.4706112954392294,-2.0490727532079376,2.236161900885868,2.259696714322579,1.0,3.3999996185302734,1.0685946032871694,0.0,0.48085570335388184,-1.828077727423177,-2.8232808113098145,0.9135509356988466,0.9263142797321678,93060.9271444,93388.8059113644,7.0631890296936035,2.7203717954542053,0.0,4.104220390319824,-0.17223123983736668,-3.040494680404663,1.4153397508101582,1.4233106768783585,19.389357512873325,13.154302548548454,11.135851809868353,5.820574051569912,-0.45145994436009507,-2.48530960403572,1.8134072536913342,1.8143339145800925,0.6033713221549988,0.07325432837366513,0.008498139679431915,-13.597260743379593,-16.84912751566121,-18.58690739516169,1.3020657222023273,0.1522567397962046,1,0.0800225098480585,0,0.26553476535765014,"{""type"":""MultiPoint"",""coordinates"":[]}"
00000000000000000457,60,KRAMAT JATI,BALE KAMBANG,3175041005,3.175041005E12,Tinggi,Bale Kambang 03,,7 - 12,190,2037,Luapan Sungai Ciliwung,003,4,2020,1577865600000,80-250,100,30,-5.420296756006198,-12.385712517431026,-16.099482949618608,1.492570780057299,6.523775751648125,-4.600379196736128,-9.11791900641838,2.158834979339048,JAKARTA TIMUR,1,0.9518511886108252,0,0.22482594518270693,3858.4512421436248,3563.2300722506147,3267.9534058899885,196.1295374567635,32.41341590679895,-69.12585800797297,52.82452834169596,156.1042367742638,42,36.783386309710366,27,8.508987161201617,3.2385433526169316,-6.982025677600362,2.547719016793797,2.3918040274648353,1.0,17.600000381469727,10.13026232878887,0.0,11.783309936523438,4.544130350955627,-5.992325305938721,5.377032128265949,5.586503501185941,311594.038102,312844.9221000471,8.509882926940918,2.5454064426400724,0.0,5.0874199867248535,-0.8851038914757728,-3.550468683242798,1.4556224365476882,1.4643857397061981,21.670307785880947,12.84618316406831,11.262838641172378,8.054309476379109,-0.7429971364454607,-2.4418090395986436,1.3229158847839808,1.312356130160731,326.75701904296875,0.054589368439482054,0.008497360162436962,303.0307197570801,-21.97076221028541,-26.027110774070024,16.129417274892802,16.077225471235963,1,0.048148811389174935,0,0.22482594518270702,"{""type"":""MultiPoint"",""coordinates"":[]}"
000000000000000004b2,36,KRAMAT JATI,CILILITAN,3175041006,3.17504100602E12,Tinggi,Cililitan 15,,30 jam,600,2205,meluapnya Kali Item & Kali Baru,015,4,2020,1577865600000,100 cm,100,0,-4.437244036915491,-12.587352631751568,-18.575908172901475,2.0468625533943694,5.762189243690904,-5.0864623906753,-12.741165840307072,2.445973170917258,JAKARTA TIMUR,1,0.94979357121793,0,0.20322945168094292,3214.8555853169687,2873.6697753393705,2599.1107973211338,9.770460288556478,-43.4906948073109,-94.54165139917086,25.394193439769705,137.9664762690652,31,26.724085815393693,19,2.409129814551875,-1.394477346469617,-8.703281027102612,2.375982076271879,2.4322292965436656,1.0,3.9000015258789062,0.6901136597009297,0.0,-0.45146799087524414,-3.7774461653864657,-4.860199451446533,0.8902430664052117,0.8515058303820782,94653.9401431,95005.94041909264,8.517396926879883,2.9916147019739374,0.0,5.647833347320557,0.13602239024459842,-2.8317792415618896,1.8277186087302615,1.8365510630566964,21.36694608484049,14.744410489758245,10.946278005418602,7.849100732569978,1.234806900775067,-2.5972903254400617,2.5460274561510445,2.543117832593412,2.4388365745544434,0.6663504862051459,0.008497760631144047,1.2369747757911682,-8.62720491464081,-15.604400396347046,3.8871428255873752,0.8813258079276854,1,0.05020642878207017,0,0.20322945168094292,"{""type"":""MultiPoint"",""coordinates"":[]}"
0000000000000000045d,90 KK,PASAR REBO,GEDONG,3175051001,3.17505100101E12,Tinggi,Gedong 10,,2 jam,700 m2,2059,"Penyempitan kali di hilir (kramat jati) dan wilayah cekungan di rt. 04, 05, 06, 09 rw. 010 Kel. Gedong",010,4,2020,1577865600000,50 - 100,100,50,-3.8091769681969083,-12.829487675663822,-17.040062015474373,1.7999257845305996,5.751738556834276,-5.131937414252602,-9.562541126881175,1.957997893092209,JAKARTA TIMUR,1,0.9742137728789564,0,0.14608952310255038,3230.8765595471127,2844.294997174331,2577.499651299377,190.74485357220965,-0.37151974719683495,-90.84010465144183,50.14790363810325,141.39651951280814,42,36.79077763171201,30,6.852781740373636,0.14576382727345527,-7.718402282450008,2.982094771616141,2.7714101193411866,1.0,10.399999618530273,3.292692130443024,0.0,6.720227956771851,-0.5991927174372311,-4.501483917236328,3.4689909167381017,3.2055109342048085,207157.270623,207995.81551583155,8.340004920959473,2.918038401527313,0.0,5.6279990673065186,0.14447197215812738,-2.9443600177764893,1.4196559322809708,1.4090637214167412,17.323831787591125,13.019792980299064,11.05556422453028,4.007140538387393,-0.31456407176470297,-2.3637203377640663,1.5778754696217125,1.5762843608230206,0.6118035316467285,0.08892180639945314,0.008497245609760284,0.3325192630290985,-1.1988830730867703,-8.157031178474426,2.114400040855022,0.18128381127186424,1,0.02578622712104359,0,0.1460895231025503,"{""type"":""MultiPoint"",""coordinates"":[]}"
0000000000000000045e,13 KK,PASAR REBO,GEDONG,3175051001,3.17505100101E12,Tinggi,Gedong 11,,2 jam,500 m2,2060,Luapan Sungai Ciliwung Rt. 004/011 Kel. Gedong,011,4,2020,1577865600000,100,100,0,8.72841505403676,-12.425447537109212,-20.82572265520224,4.194157222928402,15.740309127560213,-5.441325390847932,-14.429563416683111,4.350959647629488,JAKARTA TIMUR,1,0.6704646414265006,0,0.469416848372609,3477.1876395195422,3272.9043443019477,3038.713994907392,451.85465994547985,220.56697095673633,8.638693815034912,109.41692433587977,110.81985368843836,47,38.4407780912449,20,8.418830242513955,-0.6717660139011671,-19.289586305275023,5.062222876692668,5.147327295832849,1.0,15.299999237060547,7.815699746566108,0.0,9.360084533691406,1.8221617457385682,-7.377432346343994,5.001499658255697,4.974423213431654,223873.965387,224837.15086577967,16.340862274169922,3.5544026827013964,0.0,12.998831272125244,0.25176313097366915,-3.3837149143218994,2.9103976816296893,2.947707772012237,26.49963209944448,13.578522058401704,10.27441081632896,12.741684590766864,0.007694689759093934,-3.3584345073152306,2.8172101822572175,2.8345476417429887,322.60186767578125,18.93180757570382,0.0084971459582448,301.3302764892578,2.33934733209141,-23.555215867236257,78.71689160281842,80.16004996059824,1,0.3291145159530527,0,0.46818897065254667,"{""type"":""MultiPoint"",""coordinates"":[]}"
000000000000000005ab,49,PASAR REBO,BARU,3175051002,3.175051002E12,Tinggi,Baru 01,,1-2 Jam,50 m,2638,Volume /Intensitas Air yang besar dan penyempitan kali Cijantung,001,4,2020,1577865600000,60-100 cm,100,60,2.407119411840748,-12.690959865092593,-16.806725263950177,2.1973471517076053,11.035313418368393,-3.7228454031117155,-10.101286545656366,2.8499809619910312,JAKARTA TIMUR,1,0.7614383410544895,0,0.4378471148485637,1529.9400624354655,1207.5957987883128,855.2624952764933,-37.812155055920584,-110.2800466314241,-184.3904457819915,29.57650072191923,147.23495378018154,54,45.087359364659186,32,7.6624821683343995,-1.0413761522037803,-13.594008559197675,4.75868484371493,5.029907352418468,1.0,17.0,7.776905675933366,0.0,8.243109703063965,-0.8071629244980189,-8.822254180908203,4.657168244301833,4.600157445036987,237095.647874,238038.43059296283,12.021406173706055,3.683795176962648,0.0,8.045364141464233,-0.021737053457608405,-4.107813835144043,2.200466586862409,2.325490529135479,23.7099986337852,13.773635274075527,10.594171451007718,10.089010287226149,0.2557223154603473,-2.922116603901138,2.769218936653016,2.776988877442549,20.313636779785156,2.887617323969838,0.008496837690472603,8.885331153869629,-8.306936103665384,-25.892666520550847,8.453345884934414,7.04762502071227,1,0.22573718655783523,0,0.43074098439171926,"{""type"":""MultiPoint"",""coordinates"":[]}"
000000000000000005ac,15,PASAR REBO,BARU,3175051002,3.175051002E12,Tinggi,Baru 02,,1-2 Jam,42 m,2639,Volume /Intensitas Air yang besar dan penyempitan kali Cijantung,002,4,2020,1577865600000,80-100 cm,100,80,-4.264753513041795,-12.565132277092705,-16.57754006837652,2.2434249858052646,4.319290710504411,-4.3200734136654715,-9.692581779927236,2.5067877836508603,JAKARTA TIMUR,1,0.8217799440382706,0,0.4026305545514098,1120.898770843552,891.2704463125511,675.3484381614854,-71.20623480578956,-150.76018736968126,-237.28781202522453,37.79039238009634,113.10013134451366,56,46.14328910551494,35,8.348074179746746,-1.1901030583201226,-11.99172610556004,5.745115650517992,6.112834660926471,1.0,13.800003051757812,6.214018286216001,0.0,4.462057113647461,-2.711981569066871,-9.155292510986328,4.886790211166527,5.084168956400402,77303.2803065,77629.4806792924,13.677239418029785,4.546375963624737,0.9274099469184875,9.72765564918518,0.6492776416308702,-3.0390060544013977,2.498604084597772,2.5078552037310087,20.90277539789819,13.419529761129613,10.97871076591535,7.298182744829216,-0.1655243319105661,-2.5877715827664023,3.109196219385424,3.1467928997240238,19.744346618652344,3.445247435271183,0.008496851660311222,2.456605911254883,-14.075937452379435,-25.95653229020536,7.365869737989199,7.994169871499482,1,0.17822005596172938,0,0.4026305545514098,"{""type"":""MultiPoint"",""coordinates"":[]}"
000000000000000005ad,10,PASAR REBO,BARU,3175051002,3.175051002E12,Tinggi,Baru 03,,1-2 Jam,40 m,2640,Volume /Intensitas Air yang besar dan penyempitan kali Cijantung,003,4,2020,1577865600000,80-100 cm,100,80,-3.8398320004524438,-12.233884947692099,-19.856032885861225,2.3217761600388642,1.5188409405271321,-6.345073516126246,-15.145126891329216,2.330538814035212,JAKARTA TIMUR,1,0.546889715389404,0,0.49998827158321735,1037.1581193100906,788.0056105111555,463.8312116386399,-43.35239883218719,-166.5348187272292,-326.36622178013096,62.9658042107416,147.04657550353244,55,42.38400881127587,31,8.672753209704155,-4.646057310861381,-16.746647646215926,6.443814683768519,6.106043376515938,1.0,20.60000228881836,6.410866242633945,0.0,12.756663799285889,-0.9045069966690785,-7.565506935119629,5.5939010510768545,5.709120343589591,218456.521903,219325.6951534576,11.518553733825684,4.062035318403564,0.0,7.581204891204834,0.17351982585144698,-4.1239800453186035,2.550100723141718,2.5496379117872077,23.62807850496594,14.6243336656308,10.649994155091159,10.03161723851972,0.9516424173676201,-3.0583125543480776,4.297927290663808,4.277906344441354,295.6181945800781,64.63697049327736,0.00849690567702055,275.90973472595215,40.632555552815475,-27.481842366047204,130.60020785240047,129.58756531956783,1,0.41995626286973026,0,0.4976959486187657,"{""type"":""MultiPoint"",""coordinates"":[]}"
000000000000000005ae,10,PASAR REBO,BARU,3175051002,3.175051002E12,Tinggi,Baru 04,,1-2 Jam,48 m,2641,Volume /Intensitas Air yang besar dan penyempitan kali Cijantung,004,4,2020,1577865600000,80-100 cm,100,80,5.56541178189756,-12.895055464625537,-19.439701604400852,3.2828518804649254,14.262100997164577,-6.6315425691192695,-14.281998174371177,3.53928394173717,JAKARTA TIMUR,1,0.2612318332036082,0,0.4416429652453101,1622.7464894356312,1118.4263103975577,706.486653451565,-41.293227184273746,-117.59162874466679,-229.0222785962577,34.28191233259454,192.9303055076366,54,41.931964629773724,26,8.901854493584644,-3.321047093185686,-17.742653352349976,8.13988554666448,8.418201810573791,1.0,20.60000228881836,8.150900560866674,0.0,12.592926025390625,0.13259816790038978,-8.343282699584961,7.291657990774454,7.340542806255825,273340.394655,274428.4467590905,17.702268600463867,4.480264217795042,0.0,13.59764814376831,0.3972775341867539,-4.31381368637085,3.6962096784900744,3.6746771482047094,26.412909212160113,14.047838248520224,10.18945050771232,12.857754911228117,0.4079611161330338,-3.4445589312294196,3.9756340447156675,3.962665111588263,296.2044677734375,44.62774572002872,0.008496913127601147,275.4600772857666,18.9063090967823,-28.61077338270843,112.43671716060051,111.31989636715244,1,0.683135343430605,0,0.4723539142868354,"{""type"":""MultiPoint"",""coordinates"":[]}"
000000000000000005af,12,PASAR REBO,BARU,3175051002,3.175051002E12,Tinggi,Baru 05,,2-3 Jam,50 m,2642,Volume /Intensitas Air yang besar dan penyempitan kali Cijantung,005,4,2020,1577865600000,80-100 cm,100,80,-4.673810033448335,-12.014560671653264,-14.8836208803007,2.0542941585427648,5.442455960843787,-3.0913391320375414,-7.342660166690531,2.850499945673739,JAKARTA TIMUR,1,0.6436827027561002,0,0.4891125055402159,706.486653451565,560.1816743878277,414.86324772403617,-176.60308648490332,-264.3408214898509,-359.22799019900555,45.79303536796494,80.51229913028035,57,49.91484737725972,43,9.828530670474215,2.316663780158034,-4.354065620538563,4.007209570121314,3.821302080522009,1.0,13.5,8.22630772359355,0.0,5.210984230041504,-0.3720781820324187,-9.131611824035645,3.980927219409206,3.797330883137161,35356.0276837,35446.18338128659,7.064108848571777,3.1255136048571237,0.9274099469184875,2.8947224617004395,-0.9586083411016357,-3.3060709834098816,1.3817231037186677,1.4072741724510434,20.90277539789819,13.353441879732427,11.482038408705867,7.298182744829216,-0.41123162235430755,-2.344715126049751,2.5430159427799968,2.49491656311721,19.48944091796875,1.7344620921581428,0.008496851660311222,1.730682373046875,-22.90042732491193,-28.551926019601524,8.35147134885741,6.169436333276175,1,0.35631729724390016,0,0.4891125055402159,"{""type"":""MultiPoint"",""coordinates"":[]}"
000000000000000005b2,64,PASAR REBO,CIJANTUNG,3175051003,3.175051003E12,Tinggi,Cijantung 05,,3 Jam,500 M2,2651,Kiriman Hujan Dari Bogor sehingga saluran Kali Cijantung tidak lancar dan tidak dapat nempung depot air yang tinggi,005,4,2020,1577865600000,50 cm s.d 100 cm,100,50,2.4363169559893425,-13.680814576897115,-20.535828049392002,2.248869884719575,2.1024683502066117,-7.169385431709763,-14.494795892595578,2.3949008792576176,JAKARTA TIMUR,1,0.3098002017555746,0,0.4533149242980913,2627.1032952506102,2031.0763018626005,1391.4936349159198,12.254990126153189,-65.93630470566764,-137.6259774498817,28.593120553282247,238.17409970550113,52,38.49850188957646,25,10.272467902999068,-2.98367663504344,-15.672182596288103,5.819922987937915,5.942399831744043,1.0,16.700000762939453,6.375808567076584,0.0,8.612297058105469,-1.2453077959368555,-8.579972267150879,4.824184767509421,5.040487278918138,463130.930457,465034.993598083,14.63025951385498,4.666355418815131,0.0,10.740488290786743,0.6727366589193396,-4.064386367797852,2.6180616916826485,2.6142741658379274,26.416436376846693,14.15533366495371,10.39053849594072,12.647945742157315,0.45265999380597555,-3.3212143090316033,4.021258893980155,4.0308726305106655,297.02020263671875,33.651633539025724,0.00849695224314928,276.78649139404297,12.257717731359934,-26.602110624313354,92.66248248743075,93.58512737869928,1,0.6329855308128943,0,0.47499302169417235,"{""type"":""MultiPoint"",""coordinates"":[]}"
000000000000000005b4,50,PASAR REBO,CIJANTUNG,3175051003,3.17505100301E12,Tinggi,Cijantung 09,,3 Jam,100 M2,2655,Kiriman Hujan Dari Bogor sehingga saluran Kali Gongseng tidak lancar dan tidak dapat nempung depot air yang tinggi,009,4,2020,1577865600000,50 cm s.d 100 cm,100,50,-0.8831235864221048,-11.206572292753751,-16.878142720630912,2.697518488112201,10.19528831164581,-3.8397088153321453,-10.300173408449819,3.1435474051607053,JAKARTA TIMUR,1,0.949104447118113,0,0.225862863402123,2324.715369545493,2068.526292619125,1827.2830589855034,118.80105724827808,10.418827837684281,-80.07694616009621,41.27797372743613,118.9011490608141,58,47.425756509500346,39,8.357203994297727,-2.606585389884725,-12.034236804560742,4.837606882819954,4.675851379238105,1.0,9.10000228881836,1.9559701555543954,0.0,3.734524726867676,-3.7644399024769575,-6.5965189933776855,2.241395076681836,2.1804128820267006,153614.769939,154265.1233620976,8.736031532287598,2.9105273192809613,0.0,5.71025276184082,-0.09826645995157379,-3.0137016773223877,1.6307772627503114,1.6291477726212664,21.005023305020117,13.613122503276426,10.920420341215278,7.577233533716267,0.17123415423246183,-2.5741334442261117,2.4331824596991667,2.4233092991355947,1.325457215309143,0.32037643498174123,0.008496726863086224,1.1066783517599106,0.08730437947078476,-0.48122324980795383,0.5209736435439772,0.5318686043742915,1,0.047967129009557095,0,0.21590897593671804,"{""type"":""MultiPoint"",""coordinates"":[]}"
000000000000000005b5,42,PASAR REBO,CIJANTUNG,3175051003,3.17505100301E12,Tinggi,Cijantung 11,,3 Jam,100 M2,2657,Kiriman Hujan Dari Bogor sehingga saluran Kali Gongseng tidak lancar dan tidak dapat nempung depot air yang tinggi,011,4,2020,1577865600000,50 cm s.d 100 cm,100,50,-4.9709384445654825,-13.511796687209596,-16.920533910303142,1.6672666089906327,4.704315959050607,-2.852233223393096,-8.550183970985572,2.235576476888574,JAKARTA TIMUR,1,0.9841246959185511,0,0.1841746130332232,2141.6750118583345,1878.6354312109481,1487.155996831178,239.4685143239958,74.42373087476597,-70.07714854099322,69.45406863462593,166.26736829557734,53,44.03068744931977,37,5.06676176890506,-3.775427866870675,-11.458202567756544,3.501127628746507,3.448081635891679,1.0,16.0,6.003629594433899,0.0,7.914294242858887,-1.4978439006346584,-7.684821605682373,3.7537938371549147,4.176373470571503,193541.541383,194322.48006579286,6.686110496520996,2.6098252493547456,0.0,3.683898687362671,-0.32329777878290317,-3.0643019676208496,1.3246535879886217,1.332266088619503,21.760319017814922,13.822184674019347,11.403268834831175,8.310856937333696,0.36389843190117394,-2.199166022174996,2.01676101161609,2.009808187913022,2.8463826179504395,0.20037699826645752,0.008496780879795551,2.5739875733852386,-0.23042601263552517,-1.2411932181566954,0.7783895449489013,0.6677089936694612,1,0.014145418506171728,0,0.16308301363396954,"{""type"":""MultiPoint"",""coordinates"":[]}"
000000000000000005a8,12 KK,PASAR REBO,PEKAYON,3175051005,3.175051005E12,Tinggi,Pekayon 02,,4 jam,1400 m,2629,Curah hujan yang tinggi dan saluran air yang tersumbat/mampet di Rt. 007/02 dan Rt. 001/09,002,4,2012,1325404800000,100 cm,100,0,7.731727746679706,-13.628161259359036,-23.05893414289806,2.525506505755354,10.455889450082587,-5.482896202734027,-16.87280487623007,2.734243220813632,JAKARTA TIMUR,1,0.804171381321264,0,0.3900750337162745,1495.8107119745314,1073.023792736749,586.705231461481,190.08750148133106,81.74348264347668,-54.21641703558396,48.225284599341386,226.25695810113675,65,58.82585516581077,49,6.213409415126229,-0.11318890089661583,-10.74008559200714,3.641474226569404,3.718443665953701,1.0,8.60000228881836,2.4710770076659077,0.0,2.9919276237487793,-3.216218160819279,-6.160742282867432,2.307490812618976,2.358294125856305,320480.437082,321811.0436862475,10.260601997375488,3.077798919309156,0.0,7.121266603469849,0.026145983788594448,-3.097604751586914,1.775691210631262,1.778701302822719,20.4877550669703,13.529690228977477,10.756563779102883,7.060819788964254,0.09927690662377923,-2.7035540358848262,2.1815173568762924,2.1844666491710676,0.9176156520843506,0.19083024782477764,0.00849646981805563,-0.1588495969772339,-0.7652007582126387,-1.1040647821500897,0.28746203863036607,0.3080308631766077,1,0.1703259639655323,0,0.3654593916202925,"{""type"":""MultiPoint"",""coordinates"":[]}"
