system:index,Jumlah_KK_,KECAMATAN,KELURAHAN,KODE_KEL,KODE_RW,Kategori_B,Kel_dan_RW,Keterangan,Lama_Genan,Luas_Genan,OBJECTID,Penyebab_B,RW,TINGGI,Tahun,Tahun_Banj,Tinggi_Gen,Tinggi_Max,Tinggi_Min,VH_dry_max,VH_dry_mean,VH_dry_min,VH_dry_stdDev,VV_dry_max,VV_dry_mean,VV_dry_min,VV_dry_stdDev,WILAYAH,builtup_max,builtup_mean,builtup_min,builtup_stdDev,dist_river_max,dist_river_mean,dist_river_min,dist_river_rel_max,dist_river_rel_mean,dist_river_rel_min,dist_river_rel_stdDev,dist_river_stdDev,elevation_max,elevation_mean,elevation_min,elevation_rel_max,elevation_rel_mean,elevation_rel_min,elevation_rel_stdDev,elevation_stdDev,frac_dalam,hand_max,hand_mean,hand_min,hand_rel_max,hand_rel_mean,hand_rel_min,hand_rel_stdDev,hand_stdDev,luas_area,luas_rw,slope_max,slope_mean,slope_min,slope_rel_max,slope_rel_mean,slope_rel_min,slope_rel_stdDev,slope_stdDev,twi_max,twi_mean,twi_min,twi_rel_max,twi_rel_mean,twi_rel_min,twi_rel_stdDev,twi_stdDev,upstream_area_max,upstream_area_mean,upstream_area_min,upstream_area_rel_max,upstream_area_rel_mean,upstream_area_rel_min,upstream_area_rel_stdDev,upstream_area_stdDev,vegetasi_max,vegetasi_mean,vegetasi_min,vegetasi_stdDev,.geo
000000000000000002a0,138,SAWAH BESAR,PASAR BARU,3171021001,3.171021001E12,Rendah,Pasar Baru 05,Dibawah jalan kartini raya,12 Jam (setengah hari),-,1354,"1. Intensitas hujan tinggi;
2. Meluapnya air sungai ciiwung;
3. Kurangnya resapan air disekitar wilayah;
4. Sempitnya saluran air di sekitar wilayah",005,2,2020,1577865600000,sebetis dan dijalan sedengkul dan kartini,30,15,2.4719785167048576,-8.901074487080324,-17.0835470764852,3.2391653028588223,10.097814540642922,-3.187978942596152,-10.53996414691661,3.3608421107043895,JAKARTA PUSAT,1,0.9853577611079054,0,0.12338875467614277,1288.7498256496885,989.749772885954,675.3484381614854,218.01705180425347,-60.377705784594546,-397.9871672649765,171.44592007272726,163.0865885196222,13,7.482568763223696,1,6.3031865377740806,0.8190451932193294,-5.863229502326132,2.1213170501009064,2.0910052879033447,1.0,2.8000001907348633,2.04432591152182,0.0,1.0747655630111694,0.31794205202772446,-1.6492661237716675,0.5638372497781153,0.5792778199306626,145014.180698,145692.48200547943,9.06704044342041,2.958675270393894,0.0,5.101634502410889,-1.071755931119571,-4.100851058959961,1.8672954780302344,1.8757239092851405,18.95125010038509,12.903557658165363,10.920773936596321,5.642864068336204,-0.3581792430389052,-2.3507477921184243,1.4111252078388787,1.4174901565400133,1.5298954248428345,0.03631557114818208,0.008499491959810257,-5.49345357902348,-10.65002115664213,-13.098897621035576,1.5886221792167556,0.12094227168080338,1,0.009617234083477588,0,0.10100988630033723,"{""type"":""MultiPoint"",""coordinates"":[]}"
00000000000000000255,240,SAWAH BESAR,MANGGA DUA SELATAN,3171021005,3.171021005E12,Rendah,Mangga Dua Selatan 01,-,5 Jam,"RT 05, 07 dan 08",1250,Hujan deras dan meluapnya kali ciliwung serta pasangnya air laut,001,2,2020,1577865600000,30 cm,30,0,-0.8174806313814669,-11.187645446712118,-16.924880731390594,2.3828284983012264,10.376125377729846,-5.486175227655062,-10.563133148558578,2.736749278264666,JAKARTA PUSAT,1,0.8594725884802217,0,0.33145951395485673,524.765112121048,290.79034370828964,92.76624232772798,-255.32211013731023,-532.7760848102037,-766.0999235027864,126.82785200741927,110.58774050335128,11,5.804104292653912,-1,5.1117794486226495,-0.14550392430709472,-7.10068027210771,2.1861702027480545,2.156763054733485,1.0,1.4000000953674316,0.3677679673406003,0.0,-0.2723522186279297,-1.291495477413414,-1.6977945566177368,0.40543596624723044,0.41178539842420486,140732.427615,141294.25095889138,6.566623210906982,2.5494995027000535,0.0,3.262303352355957,-0.7836707674385684,-3.4084033966064453,1.3300140051310758,1.3227158991512196,18.844593028746498,13.27214631039062,11.321650196474993,5.359299467054031,-0.16320109438667682,-2.1643484485805224,1.504642210897034,1.5069243877392673,2.473374128341675,0.0856672562329403,0.008499663323163986,-7.297606412321329,-9.058224728367781,-10.776552982628345,0.8982554828330597,0.45989852431558365,1,0.1342073956577773,0,0.3254506862391634,"{""type"":""MultiPoint"",""coordinates"":[]}"
00000000000000000258,80,SAWAH BESAR,MANGGA DUA SELATAN,3171021005,3.171021005E12,Rendah,Mangga Dua Selatan 04,Sudah dihubungi,1 - 2 Jam,1 RW (10 % ),1253,Intensitas hujan yang tinggi serta kiriman air dari bogor,004,2,2020,1577865600000,10 - 30 Cm,30,10,-6.511023027111273,-10.875586860660894,-14.824830291644144,1.8647726155791473,5.4712824080684985,-5.524073807910432,-9.358508085487866,2.619552055984148,JAKARTA PUSAT,1,1.0,1,0.0,463.8312116386399,340.44414389964425,207.43162386201809,-434.1071398047216,-555.4164620409974,-679.5584823979211,56.3038248177554,59.77766608137838,7,4.013349514563107,1,1.0881489437891823,-1.8445731427825194,-4.839312567130993,1.6457850676684305,1.6747829588288967,1.0,2.200000047683716,1.3196429802045413,0.0,0.5908915996551514,-0.2802024801544608,-1.604482650756836,0.8050974658686408,0.8075966703849604,20103.6154775,20200.09429918101,5.938413619995117,2.6915063212487476,0.9274099469184875,2.9015581607818604,-0.34090266122525353,-2.1201736330986023,1.3606235913355507,1.359806717399888,19.13932731893599,14.08867618779435,12.251308606685814,5.63840988205035,0.5959356768213355,-1.2521922301402402,2.2742989627618018,2.2747238987127827,3.340348720550537,0.5901635962876849,0.008499732241034508,-7.209734678268433,-10.18383303727637,-11.012782789766788,1.4424424139536005,1.4395237639514928,0,0.0,0,0.0,"{""type"":""MultiPoint"",""coordinates"":[]}"
0000000000000000025c,150,SAWAH BESAR,MANGGA DUA SELATAN,3171021005,3.17102100501E12,Rendah,Mangga Dua Selatan 10,-,1 Jam setelah hujan berhenti,45 dan 60 (dijalan),1257,curah hujan intensitas lebat dan ekstrim,010,2,2020,1577865600000,30 cm,30,0,-0.7040673035036269,-11.084211697673737,-18.324356569382907,3.2479826789448656,8.025956842422254,-4.464591521729775,-13.690757376647838,3.5566084434933662,JAKARTA PUSAT,1,0.9321602559441575,0,0.25999966613226416,927.6624232772798,554.4298854846248,185.53248465545596,175.976541454134,-209.62141750297172,-652.2650955228386,174.26977945529947,152.7284134905313,14,7.135218982525026,0,8.593770139635835,1.597453604651119,-5.42914428929363,2.830066546380867,2.92414290141561,1.0,2.700000286102295,1.0381444492297098,0.0,1.0359258651733398,-0.6533057198963877,-1.7349086999893188,0.6555775265806746,0.6564947021927926,287865.638713,288992.71917937516,9.240738868713379,3.3375635201456753,0.0,5.728535413742065,-0.12362832301066168,-3.5675208568573,1.8694859549526974,1.8586480258369626,17.796251577031857,12.562949912095915,10.863669300412896,4.486505137702,-0.7727765910668413,-2.467839216738243,1.3480753780595638,1.33555413521502,0.9179623126983643,0.038214451328629905,0.008499663323163986,-3.408047378063202,-6.111860489466571,-7.818324737250805,0.9817927045653343,0.16717163933403534,1,0.05144332145713663,0,0.21137108216357317,"{""type"":""MultiPoint"",""coordinates"":[]}"
0000000000000000002d,500,TANJUNG PRIOK,SUNTER AGUNG,3172021006,3.17202100601E12,Rendah,Sunter Agung 10,,,,70,"Hujan deras, air dari hulu",010,2,2020,1577865600000,10  -  30 cm,30,10,8.886804481023557,-9.453572136968639,-17.90418256881152,3.634893501032578,9.425260010529811,-4.2018107726020295,-13.252831331255656,3.4389960774263786,JAKARTA UTARA,1,0.9598442542330172,0,0.20571748877883914,1659.4529908961447,1293.5209406371832,829.7264954480723,616.5075852302855,318.42604966218187,-39.35952235564764,140.80571505232828,184.52063366486797,10,5.191365701790756,-3,5.9211600429651154,0.6621309144979448,-7.362907268169735,2.164571977195628,2.106962601467845,1.0,4.800000190734863,1.6854667320271317,0.0,2.597808837890625,-0.49236566562885803,-2.2254421710968018,1.4479790069321583,1.4597346136060099,429067.791109,430815.5657844323,9.597153663635254,2.7572382755704217,0.0,5.961532831192017,-0.9564062802318197,-3.810000419616699,1.4912014929156685,1.490078570155877,25.41729566641277,13.755284706573914,10.82512822461659,12.058943669257065,0.37248537726442565,-2.526259021092798,2.9209270891522436,2.9185463206041202,110.68669128417969,6.824682541692376,0.008499663323163986,106.58368730545044,2.950230258296215,-4.469330137595534,31.09160475910992,31.05191134236185,1,0.02960470163630602,0,0.17918539545651638,"{""type"":""MultiPoint"",""coordinates"":[]}"
0000000000000000032a,532,TAMAN SARI,TAMAN SARI,3173031001,3.173031001E12,Rendah,Taman Sari 01,,1 jam,100-250m2,1632,Luapan Kali Tamansari,001,2,2020,1577865600000,30cm,30,0,5.6732140018060875,-9.084623863655136,-18.966046799291128,3.4461480720553985,9.972050709691956,-3.430955225433708,-13.157596220635664,3.2465424803978973,JAKARTA BARAT,1,0.9558333448566728,0,0.2054594257152527,1037.1581193100906,746.9899028013164,371.0649693109119,182.2355764135906,-101.20836513885652,-469.94236397583404,172.4740588693883,174.67326166144974,13,6.268830288867074,1,6.626566416041232,-0.21907453934961976,-5.6343000358026885,2.5303848963567654,2.5067810987950505,1.0,1.8000001907348633,0.8205594885198776,0.0,0.1638808250427246,-0.8379168195307242,-1.6419262886047363,0.5066238869327564,0.5145248039060712,252231.697459,253272.89057782092,10.461448669433594,3.13643472686348,0.0,7.147712469100952,-0.2352544438842753,-3.4408671855926514,1.7204302471616928,1.702183484358038,19.35672686707919,13.330216220028209,11.191644365623853,5.7821194170932735,-0.22519740396671947,-2.367544102343521,1.743760520375231,1.7406441035905282,2.405376672744751,0.10824378483950006,0.008499577641487122,-8.938128232955933,-13.85268531046464,-14.931571613997221,1.1705169501351063,0.3060993340528802,1,0.030062087752533998,0,0.1747873208478873,"{""type"":""MultiPoint"",""coordinates"":[]}"
0000000000000000032b,1408,TAMAN SARI,TAMAN SARI,3173031001,3.173031001E12,Rendah,Taman Sari 02,,1 jam,100-250m2,1633,Luapan Kali Beton,002,2,2020,1577865600000,30cm,30,0,-2.020812112125883,-9.446329786227501,-15.444276612221287,2.4116420773807943,3.1335949306887723,-3.8825471537860463,-10.090997862604716,2.4758566787517364,JAKARTA BARAT,1,1.0,1,0.0,1057.6978978086688,842.2853034255246,593.993774664244,194.69542492120752,-21.21302804665717,-270.02264743984995,105.24601674181218,104.69200962548517,11,6.769743757022215,1,4.449838882922709,0.1604692854874635,-5.561331901180419,1.7370009592768538,1.7002178192308939,1.0,1.9000000953674316,1.0349569591493042,0.0,0.2672538757324219,-0.6309426330473632,-1.6923595666885376,0.6183518761331951,0.6110685451848784,96258.1008977,96639.65183545164,8.50893497467041,2.1386232968278147,0.0,5.195207118988037,-1.1614923158227188,-3.3114123344421387,1.4943790396575254,1.4910755116729169,17.944613946649792,13.353744544671049,11.326260539446135,4.410922822701583,-0.18715863001342414,-2.206275163614526,1.9503204418042281,1.9485981403861474,1.0369393825531006,0.1609034393430509,0.008499602787196636,-12.361113786697388,-14.239155579710228,-14.999518890865147,0.7090118174685913,0.38929223046467704,0,0.0,0,0.0,"{""type"":""MultiPoint"",""coordinates"":[]}"
0000000000000000032c,474,TAMAN SARI,TAMAN SARI,3173031001,3.173031001E12,Rendah,Taman Sari 03,,1 jam,100-250m2,1634,Luapan Kali Beton,003,2,2020,1577865600000,30cm,30,0,-2.6580249016534765,-8.005166500104034,-12.642702548556757,2.124064921248529,0.49450073360599206,-3.545755338617058,-6.449454304173405,1.7833129424933787,JAKARTA BARAT,1,1.0,1,0.0,1132.3562962360413,1045.2317328082077,913.6415294927517,267.1347213033606,182.06766112353836,52.73686141222174,61.94810936567416,64.02431166113723,9,5.153035384299502,1,2.3432151808102715,-1.5658796031396398,-5.71614751163512,1.5894498009011102,1.592426520195585,1.0,1.6999998092651367,0.7492436742922927,0.0,0.00839221477508545,-0.9329614275641267,-1.6891586780548096,0.47318241782619325,0.47423569155340956,50995.5601776,51200.76319440316,6.226043701171875,2.628691619695411,0.0,2.8362529277801514,-0.7015102084359709,-3.300703525543213,1.2476875995291894,1.256252604443948,20.62834519894233,13.354316947254256,11.403839735501535,7.088252916387262,-0.1920658393373233,-2.1528326205460377,2.121322551101486,2.120317153832397,0.9094451069831848,0.1757017307167173,0.008499577641487122,-14.104264914989471,-14.80556630409942,-15.070819422602654,0.30434317411713063,0.34733682995253107,0,0.0,0,0.0,"{""type"":""MultiPoint"",""coordinates"":[]}"
0000000000000000032d,686,TAMAN SARI,TAMAN SARI,3173031001,3.173031001E12,Rendah,Taman Sari 04,,1 jam,100-250m2,1635,Luapan Kali Tamansari,004,2,2020,1577865600000,30cm,30,0,-2.449111306715773,-9.473857502985075,-14.398029427863795,2.4842540115915157,2.9270999578850994,-3.005357801766462,-7.07319189145843,2.307839520470745,JAKARTA BARAT,1,0.9768331887533807,0,0.1988381600204733,1220.1494165879717,1109.5029691867453,1020.4286656050078,344.51028698133587,242.36216342270595,161.69776196256623,56.04345794219635,62.243022765446064,11,7.017145481451244,2,4.310204081633764,0.3354836949871185,-4.709488005727499,1.9993902974694433,1.9892366342585297,1.0,2.1999998092651367,1.4860539040456242,0.6999998092651367,0.5039381980895996,-0.20967595668607228,-0.9875835180282593,0.3994246774464449,0.4073404598230416,68355.4449357,68659.5039064678,6.226046562194824,2.6049063855417844,0.0,2.8362529277801514,-0.8308868053288293,-3.4967360496520996,1.3436062056151974,1.3343420807495174,17.054138223928632,12.703177715874821,11.263310257356965,3.5022180579531543,-0.8444655971549506,-2.2942158175585696,1.0538364364347823,1.0544360786307776,0.042497750371694565,0.014081506554198724,0.008499552495777607,-14.317655131220818,-14.711670329739494,-14.900717317126691,0.14923535580114256,0.009791198267745846,1,0.023166811246619387,0,0.1988381600204733,"{""type"":""MultiPoint"",""coordinates"":[]}"
0000000000000000032e,754,TAMAN SARI,TAMAN SARI,3173031001,3.173031001E12,Rendah,Taman Sari 05,,1 jam,100-250m2,1636,Luapan Kali Beton,005,2,2020,1577865600000,30cm,30,0,-5.390853220343544,-9.427753662313165,-13.404033107926498,1.7325157490989558,0.4426710717722073,-2.999911279845321,-6.2513833719211895,1.6857017388054356,JAKARTA BARAT,1,1.0,1,0.0,1187.987549328488,1122.0807191273177,1049.530224242096,310.2441844903652,248.48530396640112,167.179435826602,38.64351021907644,38.49315288218185,8,5.441838649155723,2,1.2927318295750378,-1.276475544748787,-4.746437522376265,1.567169936709247,1.5631495878235149,1.0,1.0999999046325684,0.7236226588289384,0.0,-0.5660581588745117,-0.9468532470678401,-1.6714214086532593,0.44686952778404215,0.4503518680674531,40914.986305,41094.76154981593,5.848976135253906,2.384092121808049,0.0,2.465599536895752,-0.9590091659015059,-3.3617241382598877,1.4527559144953266,1.46282276131321,20.609476411283303,14.006296787940736,11.486819905347769,7.065453708849278,0.4601461928358224,-2.0597055951657897,2.185440928816626,2.18466404645125,0.8924458622932434,0.20986316138948358,0.008499563671648502,-14.098982512950897,-14.71874906162849,-15.017042681574821,0.33647712792290285,0.34878983023483484,0,0.0,0,0.0,"{""type"":""MultiPoint"",""coordinates"":[]}"
0000000000000000032f,624,TAMAN SARI,TAMAN SARI,3173031001,3.17303100101E12,Rendah,Taman Sari 06,,1 jam,100-250m2,1637,Luapan Kali Tamansari dan beton,006,2,2020,1577865600000,30cm,30,0,-2.217310787587838,-9.316189460727237,-15.367431873503481,2.787171495971135,5.5791637201002775,-2.2823600636430865,-8.48652012692108,2.687813429884793,JAKARTA BARAT,1,1.0,1,0.0,1302.0362575498923,1168.7740423110015,986.1186824432255,414.25095387998556,282.3176509426065,94.34688171094945,92.0996880534319,89.71987804242309,12,6.941176470588233,2,5.197923379879413,0.20001299213047,-4.746437522376265,2.218424593155116,2.223909637986239,1.0,2.6000003814697266,1.537545413664855,0.0,0.9019409418106079,-0.1583819635015006,-1.6833369731903076,0.7381377921042025,0.7350420081883005,60370.7226882,60600.05460501296,7.230140209197998,2.854751122133399,0.0,3.7541842460632324,-0.618806738986406,-3.5144736766815186,1.6833701324561474,1.6786929672256514,20.29931840465661,12.99402641072018,11.112408800932652,6.7578601945315775,-0.5440188615358703,-2.436733635463698,1.789558596770701,1.7911118374743489,0.7734519243240356,0.05935409806255002,0.008499524556100368,-14.11293113231659,-14.7253433603805,-15.023380832746625,0.2344788684115682,0.20679947834090223,0,0.0,0,0.0,"{""type"":""MultiPoint"",""coordinates"":[]}"
00000000000000000330,824,TAMAN SARI,TAMAN SARI,3173031001,3.17303100101E12,Rendah,Taman Sari 07,,1 jam,100-250m2,1638,Luapan Kali Tamansari dan beton,007,2,2020,1577865600000,30cm,30,0,2.443757885781557,-9.28781000426244,-13.752078373215099,2.849018862260269,3.122271327084733,-2.6251562775409027,-8.48652012692108,2.5502101296235167,JAKARTA BARAT,1,1.0,1,0.0,1394.5824148206966,1178.2187826403613,955.0869205754603,489.967916303488,274.1963940122418,40.39943904587983,126.5238973238286,124.15524862617274,12,9.17276124382757,5,5.197923379879413,2.3684838299263746,-1.826781238810173,1.714057083916676,1.7210683150740098,1.0,2.6000003814697266,1.595155369244286,0.0,0.8985109329223633,-0.11831898227419535,-1.7087576389312744,0.8511399294791595,0.84989149753384,52403.5920103,52638.33361000249,5.931036949157715,2.413504522771585,0.0,2.2880775928497314,-1.1341225807114403,-3.606997013092041,1.3067028169438706,1.3165612031556837,20.29931840465661,13.216972375156164,11.312212588405162,6.7578601945315775,-0.3044873215771044,-2.1981542414190116,2.0106690175424924,2.0157277056575302,0.6544582843780518,0.11014421837728522,0.008499509654939175,-14.120117902755737,-14.607398223242948,-14.888133224099874,0.2158642378550411,0.24588163251481007,0,0.0,0,0.0,"{""type"":""MultiPoint"",""coordinates"":[]}"
00000000000000000331,790,TAMAN SARI,TAMAN SARI,3173031001,3.17303100101E12,Rendah,Taman Sari 08,,1 jam,100-250m2,1639,Luapan Kali Tamansari dan beton,008,2,2020,1577865600000,30cm,30,0,2.5432456977855167,-8.793920359210988,-14.065137944634152,3.5965906064577235,10.788346733524715,-1.1328117302788965,-7.671494486386153,3.504375708618161,JAKARTA BARAT,1,0.9848763418539825,0,0.10540260134434677,1394.5824148206966,1181.6038650101905,913.6415294927517,483.9231799930643,253.3181718908571,-17.574536334807362,137.92918520661507,136.7390928822856,12,7.6751082379455555,1,5.1465091299689405,0.795711707188148,-5.893161475115211,2.240297691898933,2.2321406117542404,1.0,2.6999998092651367,1.5984460723109537,0.0,0.9497957229614258,-0.1405369244565828,-1.7399356365203857,0.8102746574270563,0.8092899089005858,58801.5844403,59030.56216387024,8.508989334106445,3.085073484329344,0.9274099469184875,4.745598554611206,-0.5891459341872438,-2.840819537639618,1.7481938268364294,1.7754348631946029,17.41975142574002,12.865661061530485,11.140136792088427,3.9315916052177577,-0.6276631529219736,-2.3312999684702707,1.5511626271492194,1.5560080590350311,0.6119606494903564,0.08201139953844021,0.008499491959810257,-14.185265302658081,-14.73085544363745,-15.142615925520658,0.22918269466024932,0.20894198763871139,0,0.0,0,0.0,"{""type"":""MultiPoint"",""coordinates"":[]}"
00000000000000000324,27,TAMAN SARI,MAPHAR,3173031003,3.173031003E12,Rendah,Maphar 04,Nihil,2 jam,4.228 m,1626,intensitas hujan yang tinggi air tidak tertampung ke saluran,004,2,2020,1577865600000,5 - 30 cm,30,5,-1.3191829448614383,-8.667468576495214,-15.773581920716232,2.7195587637795424,3.6519277378857313,-3.0923586051752574,-10.912834284961196,2.8829536944394474,JAKARTA BARAT,1,1.0,1,0.0,918.3389462118339,729.645380990507,540.9154964785438,38.984415108526946,-141.31034831789114,-312.609885532774,87.10520984100432,93.51288481763517,14,6.7998726040882485,4,7.286573576800249,0.0613417721577374,-2.76655925527995,2.057434485737614,2.0492607847511,0.8233368987304246,4.5,3.247929939005161,0.0,2.8866522312164307,1.5978659204881964,-1.6534122228622437,1.168318976986399,1.1725493418446034,60247.0365093,60488.5580291398,8.339978218078613,3.104190163668555,0.0,4.9894280433654785,-0.23042105273688498,-3.2637321949005127,1.7988544987729578,1.7876726487636543,26.619522806713306,13.285602944109709,11.558119364651986,13.026661922840997,-0.26677289593389486,-2.0202703176484444,2.8533908405293396,2.8593470972079778,363.6736755371094,15.246105654860582,0.008499509654939175,349.12567806243896,0.4729822250672012,-14.93102796562016,97.92089657611625,97.88564254959662,0,0.0,0,0.0,"{""type"":""MultiPoint"",""coordinates"":[]}"
00000000000000000326,90,TAMAN SARI,MAPHAR,3173031003,3.17303100301E12,Rendah,Maphar 06,Nihil,2 jam,6.533 m,1628,"intensitas hujan yang tinggi, air tidak tertampung di saluran",006,2,2020,1577865600000,10 - 30 cm,30,10,-1.3753280308935834,-8.730296483921753,-13.433110131345739,2.598419838215566,2.8408071923729112,-3.228300432580645,-8.48652012692108,1.9633840694902978,JAKARTA BARAT,1,1.0,1,0.0,1117.0534807085016,959.7163976203359,798.0053903044136,244.9768426137141,74.15009035822511,-102.14175160667378,78.6727459969081,72.23121226819252,9,6.696433791289099,2,2.257142857143979,-0.07387546412167054,-4.746437522376265,1.6038058063360117,1.6149961783914555,1.0,4.40000057220459,1.2351505660550772,0.0,2.709366798400879,-0.43832441820313595,-1.7065306901931763,1.0096136460024558,1.0135680080077165,47771.2727296,47946.98560051551,5.8489766120910645,2.0550821975409304,0.0,2.4775149822235107,-1.3163977598924455,-3.376680850982666,1.2406010327559278,1.2327354446146928,17.766379211320427,14.103495828799202,11.887000580497682,4.221113702045196,0.569689199129622,-1.6325720384026763,1.9478596518370246,1.9494431983097291,0.8414484262466431,0.22804661475532237,0.008499509654939175,-14.11293113231659,-14.692467201028327,-15.002109672874212,0.35171135723686464,0.344409816697674,0,0.0,0,0.0,"{""type"":""MultiPoint"",""coordinates"":[]}"
00000000000000000327,82,TAMAN SARI,MAPHAR,3173031003,3.17303100301E12,Rendah,Maphar 07,Nihil,2 jam,2.225 m,1629,"intensitas hujan yang tinggi, air tidak tertampung di saluran",007,2,2020,1577865600000,10 - 30 cm,30,10,-1.284099207336404,-8.044549043494484,-11.830733793257576,2.2010930224752245,6.536854584241498,-2.2468856477491324,-7.625299494794618,2.5945404899629865,JAKARTA BARAT,1,1.0,1,0.0,1132.3562962360413,1087.1144657379798,1003.4203300342234,267.7316228140255,219.63005578183672,134.72328276544613,43.840799940362864,43.40771258106738,8,5.635277148155781,4,1.2534192624429243,-1.1090783979159204,-2.7452918009298033,1.087188780754084,1.0891576139441372,1.0,1.4000000953674316,0.6684524757995228,0.0,-0.2458646297454834,-0.9900319322271246,-1.670884370803833,0.5764824254457956,0.5721965828991591,16928.3903444,17008.082511439967,3.7262096405029297,1.8278786584492346,0.0,0.45412778854370117,-1.4593238263996806,-3.300151824951172,1.0216935388511506,1.0244930558676186,20.609476411283303,15.22628706385145,11.779194311403359,7.065453708849278,1.6799799069464068,-1.7707354051133812,2.4179966701425086,2.4188468192299686,0.8924458622932434,0.37608783722577077,0.008499563671648502,-14.098982512950897,-14.648168167266508,-15.056735574267805,0.3991834565568653,0.42052397876455605,0,0.0,0,0.0,"{""type"":""MultiPoint"",""coordinates"":[]}"
00000000000000000328,52,TAMAN SARI,MAPHAR,3173031003,3.17303100301E12,Rendah,Maphar 08,Nihil,2 jam,8.709 m,1630,"intensitas hujan yang tinggi, air tidak tertampung di saluran",008,2,2020,1577865600000,20 - 30 cm,30,20,1.9530012024850603,-9.09677718239335,-16.737006199107288,3.060020667247891,6.536854584241498,-4.0038770746850005,-9.975197530121548,2.3667807807594903,JAKARTA BARAT,1,0.9712751577050165,0,0.15014785612263945,1173.410462922962,1067.534315434979,946.0337596635238,316.3649959901978,211.96478052110746,107.11561452729586,55.59797294427834,57.8723080785701,21,8.050428056473416,4,14.373648406732212,1.361885542506037,-2.7035445757239334,2.431974660428349,2.4035107458310736,0.8110541738703237,4.40000057220459,2.0770201034716353,0.0,2.7955894470214844,0.4317222770340417,-1.6923595666885376,1.576803938526144,1.5638840361730062,92895.9522018,93289.68872292784,11.202068328857422,2.6716487257486534,0.0,7.981127023696899,-0.5828477630867869,-3.300703525543213,2.0947929301847967,2.0835972014294755,23.48633315973874,14.162531419262555,10.667046584529851,9.919686348231297,0.6161502112306768,-2.8890489864024698,3.4030711391173596,3.4073145387200396,363.8776550292969,28.17089058047862,0.008499577641487122,349.2331266403198,13.345397627305907,-15.03781858086586,109.1507094039283,109.09968692208106,1,0.02872484229498348,0,0.1501478561226395,"{""type"":""MultiPoint"",""coordinates"":[]}"
00000000000000000348,158,TAMAN SARI,PINANGSIA,3173031008,3.173031008E12,Rendah,Pinangsia 03,,1-2 jam,10000 m2,1665,Saluran air yang kecil dan mampet,003,2,2020,1577865600000,20 cm,20,0,-6.178110087928178,-12.47329419836874,-16.33747169907484,1.957786615579065,6.296611304348078,-3.903063791703943,-10.60117639685504,3.458705963505922,JAKARTA BARAT,1,0.9831817220224244,0,0.13360853142453716,1081.8309929570876,1001.3175666387655,880.0578471922215,195.40060451840395,110.72501008354344,-14.530631520113047,58.915192618828236,57.127970959180374,8,5.530251745292995,1,2.395631936986396,-0.0018437477526829396,-4.448836376654878,1.6591830751492467,1.7143053914651887,1.0,3.9000000953674316,2.978654515927352,0.0,2.2574795484542847,1.3352664678702522,-1.6369781494140625,0.956157023680696,0.9566020810767268,32998.6525256,33142.79889664627,5.848956108093262,2.1668126531716054,0.0,2.889333963394165,-0.7941781803886756,-2.9621829986572266,1.2206296937643646,1.2208208367318867,19.222308344943666,12.966896183523545,11.536722342608009,5.638010034888296,-0.6295484589928241,-2.05362376087664,1.6019259453093628,1.6011708232193649,3.6633400917053223,0.04850771341071725,0.0084998132660985,-8.6468985080719,-12.116273605441055,-12.48430662136525,0.8036257914812318,0.8238644242323562,0,0.0,0,0.0,"{""type"":""MultiPoint"",""coordinates"":[]}"
000000000000000001a4,± 35 KK,PANCORAN,RAWA JATI,3174081003,3.174081003E12,Rendah,Rawa Jati 04,,± 1 x 12 Jam,"2 RT Terdampak
  (RT 005 dan 006)",874,Jika hujan lebat air meluap menunggu antrian masuk ke terowongan di bawah rel kereta Jl. Kaca Jendela Ciliwung,004,2,2020,1577865600000,,30,0,-3.811323177137016,-12.658956328805793,-15.621657695535692,1.6613938321847326,8.03212835712116,-4.205430656267985,-8.035083002696467,2.520071723468214,JAKARTA SELATAN,1,0.958399268558568,0,0.21794494717703378,4811.340631776362,4497.6366602791995,4297.390543770962,174.65129084374894,39.58515139483883,-72.90304834969265,53.11195091228002,129.01795096942246,37,29.536976474311633,25,10.139706408881512,2.275594536960128,-2.2973863229480393,2.5322703096008183,2.3761033956751034,1.0,8.30000114440918,4.335425176176798,2.1999988555908203,3.2119455337524414,-0.8157901379588988,-3.004763126373291,1.8638738654108131,1.8516916812693056,99105.4059134,99529.57435052209,5.931478977203369,2.356107278770127,0.0,2.7435672283172607,-0.7915179638745736,-3.1922354698181152,1.1872998954505132,1.1862277060915185,17.34162852537238,12.929047769692914,11.311949372743397,3.9339218930812034,-0.4817758617328794,-2.0944346279618458,1.077822586161227,1.0772817267802592,0.15296265482902527,0.01927265022489732,0.008497871458530426,-9.70019462518394,-10.52534587022104,-10.901538186706603,0.27892032405254136,0.02636510501082375,1,0.041600731441431935,0,0.21794494717703367,"{""type"":""MultiPoint"",""coordinates"":[]}"
0000000000000000047c,14,MATRAMAN,UTAN KAYU UTARA,3175011002,3.175011002E12,Rendah,Utan Kayu Utara 01,,3 s.d 4,804,2111,Sampah/saluran tidak lancar,001,2,2020,1577865600000,5 s.d 20,20,5,-8.116541238472024,-11.91612767278673,-15.772889091762151,1.6048640847048474,-0.29164063457306855,-4.938600366131554,-10.543691212458448,2.3166378768958453,JAKARTA TIMUR,1,1.0,1,0.0,3696.7085679538654,3579.032536568517,3405.9236727557327,753.3332642588439,643.7472285793954,488.90243479105266,71.87764900319111,80.49642094262542,18,12.011899252991341,8,7.252918009309926,1.0357408787964835,-2.9235947010373877,1.8314574946007551,1.8040060614705513,0.9986043757385029,3.90000057220459,2.4793746778904633,1.8000001907348633,2.1634377241134644,0.752380772190809,0.08929479122161865,0.6297603634415102,0.6369681427821575,52756.0026639,52980.536863069756,6.724194526672363,2.51630083276739,0.0,4.1474761962890625,-0.06334645258597796,-2.5962560176849365,1.3485720807188026,1.3473472117119705,18.25803454342707,13.228631314711864,11.185607053049793,4.642488668362308,-0.45060646176161906,-2.500794800799671,1.368176864542529,1.3647052116583314,0.08498918265104294,0.03061003861093683,0.008498926647007465,-5.811605341732502,-9.078485259845724,-11.004875659942627,1.456204947262452,0.027402615630165175,0,0.0,0,0.0,"{""type"":""MultiPoint"",""coordinates"":[]}"
00000000000000000490,141 KK,MATRAMAN,KAYU MANIS,3175011003,3.175011003E12,Rendah,Kayu Manis 01,Program Normalisasi saluran Tahun 2017 hasil usulan tahun 2015,1 Jam,600 M2,2143,"Saluran Air Kecil, Gorong-Gorong yang Kearah Palmeriam Mengecil, volume hujan Tinggi",001,2,2020,1577865600000,10-30 CM,30,10,-0.625503386538897,-9.930275123790624,-15.169639983801865,2.5192869149607784,1.8296341481471958,-4.616997405267221,-9.093739768264461,2.2168656173136068,JAKARTA TIMUR,1,1.0,1,0.0,3734.9214496423538,3594.1001849763425,3403.396085266404,772.5157004634766,642.1784937614528,463.2619999940475,78.23585488788858,80.38353982739399,16,12.499041533546324,9,4.50082348729039,1.2763559705600762,-2.364124597206537,1.37806611653251,1.3792811404246517,1.0,4.300000190734863,3.0757828472775257,1.3000001907348633,2.5645257234573364,1.3195109493054515,-0.4495666027069092,1.0073625131028776,1.0077752606396717,65485.6717574,65802.91069859381,5.4153666496276855,2.0254560734485536,0.0,2.7925543785095215,-0.5687220480654059,-2.613168478012085,0.9141891906682893,0.9175631472139895,15.955448354619351,12.839147341597211,11.403693829526196,2.2395033507675866,-0.8803687112895211,-2.303572303399907,0.867459108095608,0.8675844568761071,0.05099344253540039,0.014755428432664489,0.008498894982039928,-10.65384697727859,-11.3879565218654,-11.946996939368546,0.34148666061836785,0.012704307662952153,0,0.0,0,0.0,"{""type"":""MultiPoint"",""coordinates"":[]}"
0000000000000000048d,15 KK,MATRAMAN,PAL MERIAM,3175011004,3.175011004E12,Rendah,Pal Meriam 04,Segera,jika hujan berhenti maka air akan surut,5 rt di RW. 04,2136,Penyebab Saluran Air atau Banyak Lumpur,004,2,2018,1514793600000,20-30,30,20,-3.496833708051449,-9.320049244529915,-15.384248549239008,2.3531427782721597,1.3295659198242744,-4.417798560544375,-10.889217166781533,2.4184723840472313,JAKARTA TIMUR,1,0.9954751131221719,0,0.11321815437767993,3443.6148646598244,3278.397173527445,3159.504364628071,448.3982713036762,310.86839825863444,202.33013325967113,67.29472320483234,84.8914868891406,17,14.15653485474457,11,3.969924812031387,1.3430984034768858,-1.6611528822043837,1.0603005266307348,1.101678444698626,1.0,3.8999996185302734,1.6613349680025324,0.3000001907348633,1.9722445011138916,-0.32510794113562447,-1.7071964740753174,1.0096475498501445,0.9957845759531022,53196.6922602,53421.16372687412,4.16008996963501,1.725826768572115,0.0,1.5238940715789795,-0.9011088302623438,-2.6355621814727783,0.9938305674610893,0.9953304796161799,19.356626931931757,13.65417828489226,11.668612944560003,5.631712491252561,-0.08336591618016469,-2.0611159752975983,1.8051498636026992,1.8014763638371358,0.32295289635658264,0.06058203453541681,0.00849878415465355,-13.621343106031418,-14.235942457538629,-14.677680376917124,0.30023077827001243,0.11194248527755754,1,0.004524886877828054,0,0.11321815437767983,"{""type"":""MultiPoint"",""coordinates"":[]}"
0000000000000000048e,30 KK,MATRAMAN,PAL MERIAM,3175011004,3.17501100401E12,Rendah,Pal Meriam 08,KK AKTIF,jika hujan berhenti maka air akan surut,5 rt di RW. 08,2140,Saluran Got Yang Mampet,008,2,2020,1577865600000,20-30,30,20,1.8247722239018431,-10.242365055144694,-15.909838319933133,2.675713533808236,6.272242679513074,-4.579342080293261,-11.797770125909848,2.696523870419828,JAKARTA TIMUR,1,0.9621441794328333,0,0.18196209517817882,3729.156788929705,3469.221363965275,3246.818481470479,604.0701728923091,406.9919308162515,234.34799421210255,84.11006585311559,106.36788505207076,22,17.320500093901746,13,7.98832796276565,3.4920414838369283,-0.5378446115274294,1.9807279286375044,2.0599504650275833,0.7912684422617741,6.0,2.7776915234728525,1.8000001907348633,3.855252265930176,0.6275034223554516,-0.3198423385620117,1.0218241062853903,1.0231524200948732,129950.604771,130521.59477194099,10.480097770690918,2.2442621520215917,0.0,7.858505487442017,-0.36895955246333345,-2.616321563720703,1.3239943827028886,1.3248285342457262,18.951159544484444,13.327310680900881,10.735184537040999,5.20928531203627,-0.40711197237232943,-3.014316899113224,1.426192962917406,1.4263130458986204,0.18697212636470795,0.04629073276692748,0.008498708717525005,-13.74524250254035,-14.277665473531274,-14.76310961227864,0.2446739523559525,0.05892294675119068,1,0.03785582056716657,0,0.18196209517817896,"{""type"":""MultiPoint"",""coordinates"":[]}"
0000000000000000044f,170,KRAMAT JATI,KAMPUNG TENGAH,3175041002,3.175041002E12,Rendah,Kampung Tengah 05,,1,1500,2024,"Pendangkalan saluran air, Penyempitan saluran, Gorong-gorong terisi kabel dan pipa dan wilayah RW 05 merupakan dataran rendah",005,2,2020,1577865600000,30,30,0,-2.684310098040275,-12.959234298655304,-17.08480920212844,1.8812262926499572,7.219386405871202,-5.376663426515516,-11.125329240606003,2.5826552795853828,JAKARTA TIMUR,1,0.7697116142249305,0,0.3887568584528825,1983.1157560849251,1784.8921938974097,1669.7923618991035,-243.15003924098164,-305.72534256405277,-345.7861111743739,27.74000382704774,72.51939003142435,35,28.620081945684728,24,2.3345506623715266,-2.9999085806111796,-7.193412101681279,1.7802553780622348,1.9597189744762709,1.0,4.100000381469727,1.580438133121921,0.0,0.759441614151001,-1.837681196414354,-3.634049415588379,1.2122437976849159,1.1905436812571197,132753.42924,133290.6891081543,5.849115371704102,2.152954771115186,0.0,3.1054272651672363,-0.6112076479885054,-2.782386064529419,1.1060251996993504,1.1060622275588234,18.894599574742575,13.338829638868122,11.325989783834284,5.330896431156297,-0.22076928914365543,-2.2602169338141618,2.1806093258037142,2.192371150957048,2.9910924434661865,0.2638970057316346,0.008497485890984535,0.40465497970581055,-2.5462270540944267,-4.362607732415199,0.934255818304399,1.0173363004165175,1,0.23028838577506963,0,0.3887568584528825,"{""type"":""MultiPoint"",""coordinates"":[]}"
000000000000000005b1,10,PASAR REBO,CIJANTUNG,3175051003,3.175051003E12,Rendah,Cijantung 03,,3 Jam,50 m2,2649,Kiriman Hujan Dari Bogor sehingga saluran Kali Cijantung tidak lancar dan tidak dapat nempung depot air yang tinggi,003,2,2020,1577865600000,30cm,30,0,-2.939160797314581,-13.64823124400713,-17.308296799328698,1.732664491699849,6.466121320096855,-4.387225261327866,-11.070899996025396,2.3916984747673387,JAKARTA TIMUR,1,0.9210593602390017,0,0.2848598452875728,2243.7160679617973,1735.8381481336587,1205.9611502604637,-6.7286336622437375,-186.6415080716546,-435.15933266835145,95.80705823794675,258.56798610708654,53,43.0134976920696,30,5.922878625138068,-3.0290639607017265,-14.454135338342262,4.349440220043818,5.0949847950799025,1.0,12.799999237060547,6.487067440989699,0.0,5.225126266479492,-0.7643023537056468,-7.622069835662842,3.588921699233896,3.7097249372551286,259237.445816,260304.14700670383,11.059226036071777,3.0140013660223945,0.0,7.730135202407837,-0.4213164457890268,-3.500812530517578,1.8484607144154763,1.836919417297943,20.622600093649673,13.108048160189743,10.837800179428356,7.023943139613934,-0.4597556214322852,-2.7352978603334837,2.2338113320414754,2.237547963314534,20.8404483795166,1.11326389155286,0.008496877737343311,10.076714515686035,-10.666426183345974,-13.178759921342134,5.243334047755809,5.295932772902515,1,0.07713735886635532,0,0.28066932062240874,"{""type"":""MultiPoint"",""coordinates"":[]}"
000000000000000005b6,60,PASAR REBO,KALISARI,3175051004,3.175051004E12,Rendah,Kalisari 03,,2,600,2660,Luapan Kali Cijantung,003,2,2020,1577865600000,30,30,0,-2.1421464507951082,-13.27394616887255,-17.32976901620128,1.7965539057710507,6.6920668574197295,-4.113042734096126,-9.814629864067701,2.251877766586675,JAKARTA TIMUR,1,0.9365406902789948,0,0.2690449344826068,1529.9400624354655,1107.428394279252,668.9468866894822,310.54115446424544,-115.70993924833411,-518.5851093771607,181.72322795963265,206.55077599194138,64,53.42542706654982,37,11.477407805232737,1.9611730165531387,-14.125026852841259,5.397284225315811,5.183796048505022,1.0,22.799999237060547,9.455918674785472,0.0,14.984273910522461,1.5598785520018867,-8.13623332977295,5.95806927192492,5.861742315028103,370027.649109,371579.63520152203,11.988670349121094,3.203994965571479,0.0,8.307147026062012,-0.4108233236610351,-3.703014612197876,2.0073908011350694,2.0238436313343193,20.881928437523563,13.563053638389903,10.91552728379924,7.3308293549495325,0.006263482028460665,-2.649376379406112,2.4293277027753595,2.4287583120059706,19.311006546020508,2.0715723240651625,0.00849669799208641,9.591352462768555,-9.365177394275062,-12.70434997510165,6.21565675791104,6.194856878466155,1,0.06345930972100515,0,0.26904493448260686,"{""type"":""MultiPoint"",""coordinates"":[]}"
00000000000000000237,87,SENEN,BUNGUR,3171041006,3.171041006E12,Sangat Rendah,Bungur 04,-,-,-,1195,Kali poncol lumpur sudah sangat penuh perlu pengerukan,004,1,2020,1577865600000,10 cm,10,0,-6.281222558120171,-11.619015244049224,-15.11735215095814,2.178097877178141,6.409972964370018,-3.4581504897255684,-10.281937227365113,2.610889101347233,JAKARTA PUSAT,1,0.9914460028932638,0,0.1072040053173593,2257.100091630674,2013.316409464361,1857.6425549492312,46.439113232868294,-85.64331880280395,-182.38009451169364,55.618113374730875,112.61634259525461,12,7.402100761054155,3,4.259935553169825,-0.28898182397102506,-4.94421768707358,1.8966860067610862,1.8795532419699303,1.0,1.6000003814697266,0.8833198601648159,0.0,-0.09297502040863037,-0.819786770170279,-1.7566417455673218,0.6262552416910162,0.6357011244896846,55457.8280648,55714.350679783834,5.8760786056518555,2.6212047056976644,0.0,2.2617974281311035,-0.9489169612614057,-3.5569427013397217,1.3334089540378555,1.3419788723532313,20.783795760029292,13.602341555858372,11.32155919466242,7.3859373914843705,0.21518037435707021,-2.047320787603722,2.4988670946373905,2.5071651299654047,1.0623993873596191,0.27182836898173357,0.008499263785779476,-7.900319576263428,-9.4546132673896,-10.212406040169299,0.6633271372596534,0.46550661316659603,1,0.008553997106736273,0,0.10720400531735916,"{""type"":""MultiPoint"",""coordinates"":[]}"
0000000000000000033d,114,TAMAN SARI,TANGKI,3173031004,3.173031004E12,Sangat Rendah,Tangki 02,,30 menit,300 m2,1651,Curah hujan tinggi,002,1,2020,1577865600000,15 cm,15,0,6.28812714230378,-9.54891763499031,-16.725920607748357,3.9028002971280458,6.1498588429551235,-3.7174457376890775,-11.510299982693201,3.4574426792481074,JAKARTA BARAT,1,0.9050055763301188,0,0.26884920001572726,655.95639015131,487.8480471051529,293.3526157307405,-209.21269093490548,-386.5128661749579,-582.8286658078941,88.81825187832776,88.64889886478308,14,7.112117037328608,0,7.642463301111049,0.8502903682399708,-6.268671679196867,2.4507613730263516,2.463228655190004,1.0,2.799999952316284,0.519805766861559,0.0,1.2179018259048462,-1.0884892571037352,-1.6284425258636475,0.6093023282408542,0.6057550697291249,106370.174275,106832.65559300344,8.73572826385498,3.5522981039700223,0.0,5.517379999160767,0.4138705021462432,-3.153449296951294,1.8385120390126823,1.8639002329772605,20.88999472081531,13.3896340393626,11.082663251712416,7.347222714900143,-0.15085913328539705,-2.458126594655866,1.9728279585678,1.9758903068544966,1.3089290857315063,0.26583914607349035,0.008499656803905964,-10.738323211669922,-12.020839785305363,-12.924015487544239,0.5472044031903046,0.4801405496856015,1,0.008364495178114544,0,0.08058057520220885,"{""type"":""MultiPoint"",""coordinates"":[]}"
0000000000000000033e,40,TAMAN SARI,TANGKI,3173031004,3.173031004E12,Sangat Rendah,Tangki 03,,30 menit,400 m2,1652,Curah hujan tinggi,003,1,2020,1577865600000,15 cm,15,0,-1.5372189667376233,-10.76498284549631,-16.725920607748357,2.6489349574117065,5.097432731422433,-4.420594909177961,-11.510299982693201,2.9210517185034255,JAKARTA BARAT,1,0.8818236027538355,0,0.3127527356210486,798.0053903044136,667.869824625205,540.9154964785438,-70.8533739845692,-207.02433111472374,-334.57711824094076,74.54974892289327,72.74599732580565,13,6.637393614137802,2,6.606516290727926,0.2954774509952512,-4.277192982455054,2.2171452272271117,2.2662953634855745,1.0,1.9000000953674316,0.5856236470077149,0.0,0.2718583345413208,-1.0265057888587796,-1.6415252685546875,0.6042046165626623,0.6085055435197022,64308.5551912,64573.853341885275,7.880088806152344,2.956659686628731,0.0,4.723826169967651,-0.17864020490036328,-3.153449296951294,1.651020675101827,1.6619318179536424,20.88999472081531,14.337713502069066,11.025336492636173,7.347222714900143,0.7887562248547605,-2.510703969188965,2.598938587252206,2.5987505598672653,1.181433916091919,0.4024768874506897,0.008499656803905964,-11.372071981430054,-12.484521894043146,-13.162088836543262,0.4936689451656381,0.5194945862471931,1,0.10939448148750476,0,0.28316700498296976,"{""type"":""MultiPoint"",""coordinates"":[]}"
0000000000000000033f,300,TAMAN SARI,TANGKI,3173031004,3.173031004E12,Sangat Rendah,Tangki 04,,30 menit,300 m2,1653,Curah hujan tinggi,004,1,2020,1577865600000,10 cm,10,0,4.090667041158589,-9.348726594648518,-15.361052150273245,3.592063936371484,1.6817315134226511,-3.352744324825728,-6.611272789267199,1.7162551425711565,JAKARTA BARAT,1,1.0,1,0.0,649.3636962940959,401.79788826616425,185.53248465545596,-238.62608535995957,-483.19206511406406,-695.7267339081408,142.869724075699,146.73961528049637,9,6.368245573695101,4,2.8564267812399393,0.26561916073678515,-2.1162907268159277,1.0222897282287091,1.0237240711915003,1.0,2.799999952316284,1.7676247361063218,0.5,1.2179089784622192,0.1688111272864738,-1.1238954067230225,0.9077299791984329,0.8941894715642325,30332.0354051,30427.132795499663,4.145422458648682,1.7316243978417254,0.0,1.051772117614746,-1.3274936517180178,-3.0871293544769287,0.93954959134475,0.9413236368959829,15.955543028490945,13.015698484207848,11.672262974547106,2.455141362496704,-0.5070055084390582,-1.830112340458891,1.0120133245932605,1.0140298142147985,0.02549915947020054,0.01234989842902342,0.008499706164002419,-10.589517025277019,-11.578113037832875,-12.610060123726726,0.572579369857734,0.006603396207463111,0,0.0,0,0.0,"{""type"":""MultiPoint"",""coordinates"":[]}"
00000000000000000340,100,TAMAN SARI,TANGKI,3173031004,3.173031004E12,Sangat Rendah,Tangki 05,,30 menit,400 m2,1654,Curah hujan tinggi,005,1,2020,1577865600000,15 cm,15,0,-7.262266730104465,-11.352242245382671,-15.361052150273245,1.9152052380352673,1.712010757441269,-3.1105986135713497,-5.985004945479293,1.693389353904346,JAKARTA BARAT,1,1.0,1,0.0,655.95639015131,419.01702964442796,185.53248465545596,-235.55812983959459,-469.5114635190851,-695.7267339081408,135.34458091611975,137.81455638524292,7,5.39541080680977,3,0.9148585750100775,-0.6731427172127542,-3.012316505548437,1.1002840562978577,1.1263649767911934,1.0,2.799999952316284,2.018268013600505,0.5,1.2179089784622192,0.42297449528420955,-1.1182241439819336,0.5593192018607941,0.5532327841136824,23813.9905663,23934.30326454932,2.9321208000183105,1.683928071623109,0.0,-0.11082863807678223,-1.362161948317338,-3.0595920085906982,0.6950985535648565,0.694849541845806,17.34183848532077,13.243592657887826,12.019415231244277,3.846919729801037,-0.27291389776470193,-1.496780083826767,1.0883511290596162,1.0857023653957636,0.033998891711235046,0.016905072388507362,0.008499713614583015,-10.694273361936212,-11.524375915207758,-12.54251423291862,0.5485104060239919,0.011096266522467679,0,0.0,0,0.0,"{""type"":""MultiPoint"",""coordinates"":[]}"
00000000000000000342,63,TAMAN SARI,TANGKI,3173031004,3.17303100401E12,Sangat Rendah,Tangki 07,,30 menit,300 m2,1656,Curah hujan tinggi,007,1,2020,1577865600000,10 cm,10,0,-0.7535737045766272,-11.322301049438643,-16.049792397118836,3.0344501834244966,4.101513261199461,-3.986336460577545,-8.399290524702877,2.441778928934649,JAKARTA BARAT,1,1.0,1,0.0,706.486653451565,501.22643000016063,293.3526157307405,-190.35845206404633,-394.7995473928631,-597.4242658607166,114.0677789076403,115.30427262286098,10,5.418410725964684,1,4.014965986395684,-0.5502539048722443,-4.986251342641212,1.7635367389670282,1.7519362041338338,1.0,2.799999952316284,1.7045864467140581,0.0,1.215173602104187,0.11487773917444859,-1.5938704013824463,0.9807719082116839,0.9800005380276327,42654.510075,42856.130356250156,4.986055374145508,2.25953212881825,0.0,1.9751436710357666,-0.757701702386706,-3.0240304470062256,1.0705192367587972,1.069950429983333,19.176785462969946,13.818287185591853,11.486844649452554,5.634631871770221,0.2975099546525241,-2.039391876300357,2.6961686200214174,2.7014379616011848,3.4678449630737305,0.6865033296222703,0.008499732241034508,-7.809487819671631,-10.886012961171515,-12.123147714883089,1.4406488697643642,1.4618988268568778,0,0.0,0,0.0,"{""type"":""MultiPoint"",""coordinates"":[]}"
00000000000000000349,60,TAMAN SARI,PINANGSIA,3173031008,3.173031008E12,Sangat Rendah,Pinangsia 04,,1 jam,10000 m2,1666,Saluran air kurang baik dan Intensitas hujan tinggi,004,1,2020,1577865600000,10 cm,10,0,2.815326316444988,-10.36585006943128,-15.933251883226031,3.227751245024872,6.304881916736979,-4.25785499646992,-10.252703567051789,3.304634973979385,JAKARTA BARAT,1,0.9699186032794621,0,0.14958715986462168,1369.6771539316378,1135.419037685846,918.3389462118339,486.91094084921394,247.8842240726285,24.811494202320546,103.69845480341631,101.52037563275721,10,5.3896818843144185,1,4.493161475117425,-0.09187657910350555,-4.7182241317568785,1.9216899281311373,1.919509629899331,1.0,4.199999809265137,2.1357162869978312,0.0,2.552761673927307,0.4866151768207493,-1.6576584577560425,1.368287845564404,1.366770358001643,88751.0746497,89110.06349508598,8.775334358215332,2.706453345944225,0.0,5.818486928939819,-0.2464718048639384,-2.9517881870269775,1.5414581803057885,1.5413208786565598,26.631902913650556,14.839700102011342,11.40388013383227,13.027023076309888,1.2273057724109786,-2.1978839775559518,4.221055732181236,4.2222030450721455,368.2804870605469,75.42559581834966,0.008499795570969582,355.51189041137695,62.902677031151775,-13.042015325278044,150.67553717813325,150.87563732608544,1,0.03008139672053792,0,0.14958715986462157,"{""type"":""MultiPoint"",""coordinates"":[]}"
000000000000000005b0,150,PASAR REBO,CIJANTUNG,3175051003,3.175051003E12,Sangat Rendah,Cijantung 02,,3 Jam,150 M2,2648,Kiriman Hujan Dari Bogor sehingga saluran Kali Cijantung tidak lancar dan tidak dapat nempung depot air yang tinggi,002,1,2020,1577865600000,5cm,5,0,-4.466423705752668,-13.186479654073642,-19.92125652937016,2.3226529109178307,6.466121320096855,-4.865642539202132,-11.282509314600997,2.6228309090988184,JAKARTA TIMUR,1,0.7237049268461272,0,0.45064929908807705,1956.9060257061412,1569.622201961818,1261.7573092267978,-135.55491337633725,-299.154861156717,-457.7173810798406,74.79923414754711,178.6561825771874,53,39.58720863254101,30,7.281704260655161,-6.173319445180336,-14.986466165409816,4.915499500964485,5.124505022134048,1.0,13.10000228881836,3.558197491125306,0.0,5.845644950866699,-3.701818895149531,-7.498095512390137,3.6409705029601587,3.69395614299815,181656.177153,182368.61467126862,10.480965614318848,3.9320521701600377,0.0,7.045340538024902,0.5061389031207332,-3.453685760498047,2.3485906406703854,2.3503502477861127,23.740813002885215,14.042018272623151,10.785640032975218,10.14448004284882,0.44310311613609354,-2.827944680676426,3.154720440886629,3.157058647858,20.763975143432617,4.1653526221015005,0.00849690567702055,9.102920532226562,-8.758492279487655,-13.495364485308528,8.395766908142058,8.3924423665686,1,0.2369916669866749,0,0.4312453610479346,"{""type"":""MultiPoint"",""coordinates"":[]}"
0000000000000000013e,819,TEBET,TEBET BARAT,3174011002,3.17401100201E12,Sangat Tinggi,Tebet Barat 07,,1-2 Jam,± 50.000- 60.000,662,Meluapnya PHB Kalibata dan Saluran Rawa Bilal,007,5,2020,1577865600000,,150,0,-4.780861522485333,-11.812848763877666,-14.690963776558712,1.7314958189638894,4.348752879675557,-5.0829124163833255,-7.894677508254483,2.1018667296457827,JAKARTA SELATAN,1,0.8174249473529559,0,0.392676726249301,4100.645674560969,3913.7966402999305,3675.697739681896,38.90037451522221,-44.54754454357513,-124.81557801523786,36.93509095092328,113.53864662720287,22,15.968509721337973,9,3.165485141425979,-3.2850987143360606,-10.062585034012681,2.1064537680948443,2.0935924273126045,1.0,2.5,0.6038885996036837,0.0,-0.5982241630554199,-2.478599738885551,-3.124847888946533,0.7290524119143094,0.7323145850037032,71196.5633906,71481.85254592041,6.5676398277282715,2.7445915737496085,0.0,3.216409921646118,-0.6078010858713669,-3.3977487087249756,1.570183681792319,1.5676689959758363,21.12584191100457,14.208410593323547,11.406372264552447,7.62248823761545,0.6987530108962595,-2.1262792235668027,2.362828056082522,2.3652819534931955,1.8356058597564697,0.38070465878433557,0.008498300798237324,-7.222675126045942,-9.726960585783843,-11.103705215267837,1.0641602091681888,0.7058195739255647,1,0.17008668397081153,0,0.3849787225030045,"{""type"":""MultiPoint"",""coordinates"":[]}"
00000000000000000120,16,TEBET,MENTENG DALAM,3174011003,3.174011003E12,Sangat Tinggi,Menteng Dalam 05,,1 jam,± 350,572,"Perumahan penduduk di dataran rendah, debit air yang terlalu banyak, saluran tidak cukup untuk menampung",005,5,2020,1577865600000,± 150 cm,150,0,17.234831077942566,-8.750305197178715,-17.790707652376238,5.740992717520504,23.130534369730036,-3.0281126061191492,-12.180854594427014,5.198126790923272,JAKARTA SELATAN,1,0.9377325989409437,0,0.2266060457112926,2821.3751145383426,2563.9507670894354,2245.632955170002,-135.48316632600017,-202.42257954888558,-278.9480226141927,28.72111133904083,123.4981782554897,39,15.006124662399241,7,22.329180093091473,-1.5918035021796335,-9.370282849980562,4.964582623479791,4.9916004056261345,1.0,5.400001525878906,1.8060438806824115,0.0,2.189403533935547,-1.6203270602621231,-3.6997923851013184,1.9307653779482186,1.9207924548816104,164046.37761,164760.91483245528,22.04218292236328,4.788382331618136,0.0,18.290515899658203,0.8945077412248565,-4.205339431762695,4.047646012952543,4.006747362188502,22.328669878861895,13.811445669725497,9.951799089981103,8.828365274614871,0.3981340370311703,-3.5071587400252415,2.7422529197781342,2.76126590937099,5.6512532234191895,0.742346495902212,0.008498458191752434,-1.6787433344870806,-6.323138791385398,-10.590834626927972,1.9086281826704885,1.6505887124135508,1,0.02973013206303298,0,0.16251841625400879,"{""type"":""MultiPoint"",""coordinates"":[]}"
00000000000000000123,83,TEBET,MENTENG DALAM,3174011003,3.17401100301E12,Sangat Tinggi,Menteng Dalam 11,,"0,5 jam",± 2.000,575,Meluapnya air kali dan air dari RT 012/11,011,5,2020,1577865600000,,200,100,-1.2632972660638058,-11.768238997207087,-16.26085267574114,2.109564315271369,2.6821860278672345,-5.117153787449987,-10.933030693058504,2.2276125588988647,JAKARTA SELATAN,1,0.7792828685258965,0,0.40674104801722977,3062.6912234195856,2730.962643564445,2450.8553301844463,-132.6836976907107,-190.1200824045167,-247.68542188985248,26.555769971698727,135.1232321324088,30,16.632859040030358,5,12.712925170069397,-1.1144936846806848,-12.638310060865123,4.16157407084905,4.192481146474904,0.557288972952208,9.90000057220459,4.643868355722996,0.0,5.948120832443237,0.8062833484900431,-4.084282398223877,2.631110715715831,2.5819731451690444,183846.940631,184625.19889377675,16.4595947265625,4.105811098183476,0.0,11.943938255310059,-0.28537574196942883,-4.45734977722168,2.6116773209560415,2.654755210734733,17.419627793100325,12.723568163897395,10.26690729539379,4.3078182890121965,-0.4447587588095036,-2.8704469609762224,1.4981642486550695,1.4917235595313516,0.5948880910873413,0.061104516154397236,0.008498415350914001,0.16997644305229187,-1.10276395368848,-4.325208397582173,0.9006927342272973,0.1458309402844688,1,0.19169038133181562,0,0.3875660644990598,"{""type"":""MultiPoint"",""coordinates"":[]}"
00000000000000000138,617,TEBET,KEBON BARU,3174011004,3.17401100401E12,Sangat Tinggi,Kebon Baru 08,,± 4 hari,± 10.000,639,Banjir kiriman dari bogor dan curah hujan yang dan durasi hujan yang lama,008,5,2020,1577865600000,,200,0,-6.162526027104189,-11.940153553745583,-19.097495229977028,2.5132682368347004,-0.17055395167651566,-6.0357716247311535,-13.045161295433449,2.669072817939343,JAKARTA SELATAN,1,0.9941977001793437,0,0.14355980733669327,5061.501645298686,4935.52417213894,4792.523509066431,799.9418578748046,687.9583708468094,563.4859735460523,58.86331751316834,72.14028398937565,24,17.197752927524004,12,3.9006086645196625,-2.9940266472538206,-8.314715359826899,2.942597900018881,2.943907742743295,1.0,5.600000381469727,1.9861910097935318,0.0,2.870068311691284,-0.7740882390259013,-2.8146867752075195,1.9922748817698048,1.9784868020566573,66013.1176142,66268.59248768444,7.46864652633667,2.7321007139874687,0.9274099469184875,4.639332294464111,-0.10163474259641635,-1.9110984206199646,1.6308198165735652,1.629237650524549,23.416846848774586,15.036321498869338,11.482356322780312,9.769204835335932,1.3907859047258009,-2.1708559428911993,3.991616184707264,3.9923728508451117,339.4696350097656,72.68586453874487,0.008498307317495346,327.8976459503174,60.64967504796871,-12.55789552256465,138.46305884099948,138.3646031102732,0,0.0,0,0.0,"{""type"":""MultiPoint"",""coordinates"":[]}"
00000000000000000139,292,TEBET,KEBON BARU,3174011004,3.17401100401E12,Sangat Tinggi,Kebon Baru 09,,± 4 hari,± 10.000,640,Banjir kiriman,009,5,2020,1577865600000,,200,0,-7.157490747143367,-11.165201801062958,-14.190375884730472,1.5704385316259,10.195696956519775,-3.418858392666246,-9.602668994342238,2.7395372478922275,JAKARTA SELATAN,1,0.9842466176561439,0,0.1117944413459218,5118.1415062800825,4906.461085636343,4724.707758823175,761.8708572482301,581.6693962827005,436.2981985472761,72.4347299550044,83.68495671688521,25,22.1451164514734,18,4.480558539206431,1.440522924306237,-2.795202291441644,1.6715296184917021,1.6186701127236305,1.0,6.30000114440918,2.873577744904667,0.0,3.553814172744751,0.08565776960988358,-2.7945363521575928,1.5750679106411534,1.554363695232296,56350.2128771,56562.91062032914,4.644939422607422,1.994732195760127,0.0,1.791790246963501,-0.8617875718559337,-2.8553009033203125,1.0872853201550474,1.0882374435318247,17.405219693194464,12.978026220925221,11.557872633728818,3.8181560972466073,-0.6435780559067648,-2.0969523703706443,1.1540744032047467,1.1556935732268085,0.5863783359527588,0.022932233277549712,0.008498254232108593,-10.769771477207541,-11.349316383444455,-11.773317228071392,0.24813748998171062,0.09066731181750073,1,0.01575338234385618,0,0.11179444134592212,"{""type"":""MultiPoint"",""coordinates"":[]}"
0000000000000000013a,484,TEBET,KEBON BARU,3174011004,3.17401100401E12,Sangat Tinggi,Kebon Baru 10,,± 4 hari,± 10.000,641,Banjir kiriman dari Bogor dan Depok,010,5,2020,1577865600000,,200,0,-5.254436024995565,-11.788031886593973,-16.733764566524528,1.9148676839806917,4.96719591165097,-4.865162631299764,-11.397252046870175,2.607935235907782,JAKARTA SELATAN,1,0.9243098334474107,0,0.32657680674741113,5249.290756032934,5081.915824558299,4923.607091438574,912.579841023251,769.5008302551445,639.5578419556878,57.47855862663041,69.04358566921138,26,18.011065480264662,12,5.2814178302913035,-2.7131514965328583,-9.070318653776116,3.768685367635158,3.7593768851325926,1.0,6.30000114440918,2.1533997237831937,0.0,3.553814172744751,-0.6879174052009897,-2.975696325302124,2.3454000727832702,2.300030475222512,122364.104649,122872.07648629195,8.387731552124023,2.8547909606945954,0.0,5.536426305770874,0.009011399333209926,-2.8533902168273926,1.6160833585360534,1.614981718426372,23.765793301470485,14.566204273303235,10.961897539170275,10.141331480093882,0.9346665811791259,-2.652427356548346,3.509302747164431,3.504388838529006,339.37615966796875,49.47563620334018,0.008498254232108593,327.8486604690552,37.96116160630205,-11.758636394515634,117.20122053836343,117.2124058548093,1,0.06978667579283597,0,0.305320523612584,"{""type"":""MultiPoint"",""coordinates"":[]}"
0000000000000000017d,± 722 KK,TEBET,BUKIT DURI,3174011005,3.17401100501E12,Sangat Tinggi,Bukit Duri 10,,± 1 x 24 Jam,,779,Meluapnya Kali Ciliwung dan Intensitas Curah Hujan yang tinggi,010,5,2020,1577865600000,,200,100,6.826617917683587,-12.202246555638355,-19.142212314912456,3.476221059752023,1.2752832501749234,-5.458133173101252,-13.736724558288751,3.5489898999229217,JAKARTA SELATAN,1,0.9459170149862371,0,0.2716240662930543,4407.128814786838,4180.260896327951,3946.6558052670644,627.6249428689225,528.1741124432874,400.95301422934745,65.0500359483134,113.85099793004,23,15.008385156488933,7,5.324453992124411,-2.4593334624724967,-9.887790905834873,2.9815565711218057,3.185702926681055,1.0,5.499999046325684,1.7428327787784108,0.0,3.0235579013824463,-0.7049590126431939,-2.4990978240966797,1.4908106539457793,1.5020388427676576,136873.70891,137407.89485854233,5.938958168029785,2.7791708681756346,0.0,3.312669038772583,0.1340225786122601,-2.6730902194976807,1.3726229791540792,1.3754574190635207,26.554124153420776,15.844590565540885,11.312043785969683,12.839947793050788,2.142277059821441,-2.3945681519826643,4.895698993924573,4.899293533536995,340.8208923339844,103.85093688857295,0.008498458191752434,328.3163871765137,91.12881460900415,-13.699343539774418,158.90479765821289,158.95908940739642,1,0.006499133448873484,0,0.07293145292505805,"{""type"":""MultiPoint"",""coordinates"":[]}"
0000000000000000017e,± 226 KK,TEBET,BUKIT DURI,3174011005,3.17401100501E12,Sangat Tinggi,Bukit Duri 11,Wilayah RW 011 dan 012 masuk dalam Program CAP dan CIP,± 1 x 24 Jam,6 Ha,780,Meluapnya Kali Cilwung,011,5,2020,1577865600000,,200,100,-6.146741306252671,-12.401636521065099,-17.926188711783748,2.0867413650063518,0.981124475593284,-4.2679587401775105,-11.922267129405608,2.4162079790338193,JAKARTA SELATAN,1,1.0,1,0.0,4109.031461794913,3898.4030080771104,3733.7692295163256,438.1799739706189,301.92031886780444,209.22977191067957,62.56410935340817,93.18665285062725,20,15.118909348441926,11,2.3861797350531724,-2.2210812086861638,-6.3513068385236515,1.920020761250322,1.9173991935927284,1.0,5.90000057220459,3.649433465112032,0.8999996185302734,3.489882469177246,1.1878113022100487,-1.556126594543457,1.386699959514208,1.3782216987243538,49258.2476923,49475.13284893792,6.549145221710205,2.827880048996666,0.9274099469184875,3.8726091384887695,0.14855067570385105,-1.7490301132202148,1.3828611619398987,1.3831535151364915,14.901048625593749,12.926874946671713,11.212166947970967,1.2014465666973368,-0.7626813121104954,-2.46848428342188,0.8881717635538612,0.890054487504709,0.06798792630434036,0.021921540358401943,0.008498483337461948,-12.613008207641542,-13.194173997348683,-14.391259816475213,0.5316177852694116,0.01556539262537674,0,0.0,0,0.0,"{""type"":""MultiPoint"",""coordinates"":[]}"
0000000000000000017f,± 200 KK,TEBET,BUKIT DURI,3174011005,3.17401100501E12,Sangat Tinggi,Bukit Duri 12,,,,781,Meluapnya Kali Ciliwung dan Pompa Air kurang maksimal,012,5,2020,1577865600000,,200,100,-3.723402292918933,-11.856001966370721,-18.738451419249216,2.7817092013315334,5.4002546327731,-5.428020118526192,-14.34621891645758,3.2794038759292956,JAKARTA SELATAN,1,0.9819011827634705,0,0.17828016475162003,4019.037897083563,3735.813353634881,3463.5491259047867,625.2334385307531,333.2516144284447,158.01156467958754,115.56601552272821,134.4779848717125,18,12.770479330459041,8,2.1208020050137986,-3.5532514370517934,-8.21646974579157,2.029294773656732,2.1512288330850593,1.0,4.90000057220459,1.7903787689960102,0.0,2.554859161376953,-0.52608473413676,-2.3634228706359863,1.6144528404817735,1.6355528958387848,151394.757612,151989.66949678256,7.034503936767578,2.2451792135915434,0.0,4.404828071594238,-0.37060324330745786,-2.65800142288208,1.2926435628346529,1.289790905109617,26.555271092959725,16.110496717684782,11.365533904152223,12.80012778225641,2.3504252010347058,-2.3903795423954612,4.677027535611713,4.678290152318846,341.32232666015625,104.04848423649048,0.008498522453010082,326.81886100769043,89.56130863862568,-14.630599619820714,156.361623155451,156.40737789549513,1,0.006455629077997836,0,0.09644431260175651,"{""type"":""MultiPoint"",""coordinates"":[]}"
000000000000000001b1,22 KK,TEBET,BUKIT DURI,3174011005,3.174011005E12,Sangat Tinggi,Bukit Duri 01,,≥ 1 hari,"2 RT Terdampak
  (RT 010 dan 011)",903,Meluapnya saluran/sodetan kalibata,001,5,2020,1577865600000,,200,100,-1.9545649053654428,-11.357459866538536,-16.327314559272963,2.187771196275041,15.07013999218223,-2.2201584210289838,-9.547901465942576,3.2114176445177094,JAKARTA SELATAN,1,0.9657816622691292,0,0.2217278451421594,3532.4332672578244,3252.189654898563,2987.3034691983003,201.22786887777738,41.04902744397296,-116.53727116824894,66.58191820603108,125.3275777105769,20,15.045143469656983,8,3.9619047619064034,-0.9138429493431497,-8.201074113854553,2.1555500200273374,2.163673145713437,1.0,7.200000762939453,3.710834606970834,0.0,4.658797740936279,1.2760322723429556,-2.3766560554504395,1.8766636017000526,1.9378223611509366,84638.8016032,84944.19814132432,7.034503936767578,2.4718507364254667,0.0,4.404828071594238,-0.2656849924877953,-2.8804590702056885,1.2441796451067113,1.2102937584231785,23.771762287302757,14.373740099109126,11.557929631777714,10.03557264738218,0.6655977768500746,-2.1722894388741327,3.569762837906515,3.580336949058156,341.5347900390625,45.986875595283124,0.008498565293848515,326.9552516937256,31.391324880067522,-14.955172140151262,123.68618468277015,123.73613760447243,1,0.02976583113456464,0,0.20608041101101565,"{""type"":""MultiPoint"",""coordinates"":[]}"
0000000000000000013f,275,TEBET,MANGGARAI SELATAN,3174011006,3.174011006E12,Sangat Tinggi,Manggarai Selatan 02,,5-6 jam,± 5.000,665,"Curah hujan yang tinggi, Saluran air yang mengecil (akibat pembangunan hunian), Pendangkalan Kali Sodetan Kalibata, Sampah dari Rumah Tangga, Kurangnya daerah resapan air",002,5,2020,1577865600000,,150,0,-4.802715559295747,-12.520848088814693,-15.993253793380738,1.857340862528719,11.596021767452648,-2.562996388100381,-8.671056511325864,3.0642677490703045,JAKARTA SELATAN,1,0.9895807796028439,0,0.08804240366863003,3246.818481470479,3067.8680729342377,2881.732216143706,-60.811559362747175,-130.3706779700916,-191.37643240482794,29.115960619312833,81.11812564589701,23,15.78074691509357,10,6.4254923021856065,-0.8296790640473367,-6.476405298960142,3.031636237948911,3.0375156731848727,1.0,4.500000953674316,1.5057980731157652,0.0,1.537752389907837,-1.25022862563874,-2.7325026988983154,1.1741807455637858,1.2507957838120916,85426.2690852,85775.34876763214,5.547544956207275,2.9113068041959655,0.0,2.245189666748047,-0.2554908208357233,-3.2124369144439697,1.2744013264604719,1.2818241480723638,22.114470038197446,13.987628889453397,11.379382734584862,8.421057229002246,0.3187380034892119,-2.264213426367597,2.4178553395483595,2.428333314746229,4.062180042266846,0.6225507285854924,0.008498472161591053,-8.974330425262451,-11.840755243712461,-13.20748872216791,1.1275189691980916,1.2077737367767913,1,0.010419220397156165,0,0.08804240366863003,"{""type"":""MultiPoint"",""coordinates"":[]}"
00000000000000000140,155,TEBET,MANGGARAI SELATAN,3174011006,3.17401100601E12,Sangat Tinggi,Manggarai Selatan 06,,"1,5 jam",± 4.000,669,Kali Jane terlalu dangkal dan curah hujan yang tinggi,006,5,2020,1577865600000,,200,0,-6.837849991777989,-11.13501829551982,-15.144018534810137,1.8717367837700192,-0.6150887579544604,-4.269162692459763,-8.671056511325864,1.872015028912508,JAKARTA SELATAN,1,1.0,1,0.0,3087.875951668441,2966.7320689075405,2832.030467164061,-72.556797862459,-129.6202961840262,-195.25718794452723,30.729330096207796,68.90594354809701,18,14.452434017595309,11,1.8488363766575766,-1.6241029133353138,-5.396133190116604,1.6526073117453275,1.5986105077709025,1.0,2.6999998092651367,0.7252084126850027,0.0,0.022341489791870117,-1.8933346043024595,-2.6184818744659424,0.5548565220923756,0.570635689561888,29759.0559001,29887.68856500967,4.16019868850708,2.332841594352051,0.0,1.0848543643951416,-0.751133922943272,-3.1320416927337646,0.9631346592412922,0.960181816346126,19.34698625499146,14.479665285345325,11.6685543916486,5.645810461535229,0.7793021957737257,-2.03562380066305,2.764210390908984,2.7628900082678363,4.08767557144165,1.243200306532866,0.008498522453010082,-9.000253200531006,-12.286233839509228,-14.12157023139298,1.8764618124701629,1.8817821658639144,0,0.0,0,0.0,"{""type"":""MultiPoint"",""coordinates"":[]}"
00000000000000000180,400,TEBET,MANGGARAI,3174011007,3.174011007E12,Sangat Tinggi,Manggarai 04,,1 hari,± 20.000,782,Intensitas Curah Hujan yang tinggi dan meluapnya tanggul Kali Ciliwung (kiriman Katulampa),004,5,2020,1577865600000,,150,0,-3.386141085674794,-10.165320844110312,-16.01781156324396,2.2382731550041073,2.8775826791794508,-4.08759658058299,-8.841131155237145,2.5717957643753797,JAKARTA SELATAN,1,0.9114416404767092,0,0.2786560953350945,2729.913656091607,2384.5949985159846,2141.6750118583345,-62.76950044617524,-180.73816267433102,-255.47027220579866,39.38449300637351,136.44001284493578,16,11.89694122040016,8,1.7021124239188072,-2.0603651051249394,-5.753311851054374,1.5677244720517496,1.7282187733496928,1.0,4.09999942779541,1.7397889063881107,0.0,1.683142900466919,-0.6292819716628664,-2.5683350563049316,1.2120699366412062,1.2103704823460326,112125.723878,112587.41706718074,4.7452592849731445,2.0921823115949287,0.0,1.5270538330078125,-0.9830140026384947,-3.1561505794525146,0.9106567812129689,0.8995358385520164,23.77851248754303,14.511098333352804,11.668588078328256,10.139179822450222,0.8793763001259236,-1.9673612184384108,3.6506673349623577,3.6541406658753557,348.4949951171875,34.072492727756526,0.00849867332726717,333.78574085235596,19.331641970169173,-15.188589043915272,109.63444394156315,109.6723740646838,1,0.014127018701185545,0,0.133608531424537,"{""type"":""MultiPoint"",""coordinates"":[]}"
00000000000000000182,115,TEBET,MANGGARAI,3174011007,3.17401100701E12,Sangat Tinggi,Manggarai 10,,4 hari,± 50.000,790,Intensitas Curah Hujan yang tinggi dan meluapnya tanggul Kali Ciliwung,010,5,2020,1577865600000,,200,0,-4.26980141165363,-11.349623179253713,-16.660117723092537,2.0258707575001393,6.095471824166129,-4.3925370480456225,-10.537821350561426,2.75350390278656,JAKARTA SELATAN,1,0.9417124964874956,0,0.2503061168843049,3376.7421908074275,3103.125590763148,2758.138671748824,215.71390437464925,27.02154441414425,-126.02352205982288,78.85167931643471,135.8957626016024,19,13.179318373409338,9,3.4723236663101478,-2.095835676977728,-6.3802363050468,2.3391699711161773,2.389272080307261,1.0,6.200000762939453,2.9209145744305047,0.0,3.6926753520965576,0.5633058058617844,-2.302076578140259,1.4483388695441837,1.527971365514747,87026.8376769,87364.90221049599,6.549088001251221,2.584616740121926,0.0,3.9025986194610596,-0.15547354075101938,-2.9871506690979004,1.3574012005572147,1.3283548839884547,26.5567899929664,14.192062740678573,11.48669690659411,12.795969605253141,0.46637360170346787,-2.287210094546836,4.04249520166806,4.054456400685671,342.8945617675781,47.78593845487197,0.00849859043955803,327.99500846862793,32.71140483519478,-15.414445430971682,126.73132750814432,126.68993213064778,1,0.05828750351250451,0,0.2503061168843048,"{""type"":""MultiPoint"",""coordinates"":[]}"
00000000000000000154,341,PASAR MINGGU,PEJATEN TIMUR,3174041005,3.174041005E12,Sangat Tinggi,Pejaten Timur 03,setiap tahun kena banjir,2 jam,1 hektar,706,luapan kali ciliwung dan air hujan,003,5,2020,1577865600000,3 m,300,0,-6.1408637874999545,-12.619075396188077,-20.355526203726196,2.2273951832714154,4.628628564935216,-5.621026764711481,-14.346666935205004,2.867544159243319,JAKARTA SELATAN,1,0.6325051307803154,0,0.48722374967618387,4005.0958957172274,3743.061893304668,3403.396085266404,784.003403987052,608.9337100629069,330.3684520948491,105.74401792571376,129.23806790827342,42,28.395426691701985,18,3.6403866809900407,-8.60537199094542,-19.234514858573476,5.166764323641694,5.452104528251656,1.0,11.899999618530273,3.7761884852878365,0.0,6.284897327423096,-1.6220976966243927,-5.608191967010498,3.8061176397585283,3.835148207729628,239510.796775,240480.99851820443,16.9153995513916,4.858468698492779,0.0,13.8051118850708,1.7986366291938904,-3.0964810848236084,3.0048633845885266,3.009621531054374,23.72749822493483,14.340415177636197,10.237848664618918,10.277062018746202,0.8389964772445792,-3.278616293107733,4.025548218845653,4.022948427706518,326.56158447265625,54.015932853103806,0.008497288450598717,314.86577320098877,41.96790992098014,-12.721189448609948,126.37428524569013,126.36978559467967,1,0.3443663304368077,0,0.48,"{""type"":""MultiPoint"",""coordinates"":[]}"
00000000000000000155,300,PASAR MINGGU,PEJATEN TIMUR,3174041005,3.17404100501E12,Sangat Tinggi,Pejaten Timur 06,,1 hari,1 hektar,708,"pendangkalan saluran air, luapan kali ciliwung",006,5,2020,1577865600000,2 m,200,0,-2.0034498231098645,-11.873083854835423,-17.38602077422278,2.4888242384813903,8.771682332157102,-3.9350228677855186,-11.3267494982231,3.0459115923455133,JAKARTA SELATAN,1,0.8419451557131291,0,0.40210707932040574,4468.213922834007,4144.1241793813215,3767.0405300494886,512.7197153908478,171.06310104121584,-41.51049749138747,129.64450919742708,183.97716274940817,39,29.302825378066665,18,7.714500537057852,-2.5615600587947935,-14.876476906550941,5.527300396184565,5.524198663192388,0.9917632683019163,15.69999885559082,6.624936820292294,0.0,10.204309463500977,1.2418417999791531,-5.523780822753906,4.749672341232888,4.7798975222984454,318646.510623,319942.2213087265,15.699620246887207,4.091158584987431,0.0,12.611738920211792,1.0485246739600815,-3.089885711669922,2.767766073061825,2.7736453936520515,26.524605388183062,14.076385428871035,10.437589063026946,13.041129433463764,0.5954339949992165,-3.0427634653611424,3.859356507772151,3.8562670191900046,331.0906982421875,45.54179563030701,0.008497570641338825,319.61563777923584,34.52421130530736,-11.722322042100132,124.60830625542448,124.77109777406856,1,0.1543453045324229,0,0.3967805536575211,"{""type"":""MultiPoint"",""coordinates"":[]}"
00000000000000000157,200,PASAR MINGGU,PEJATEN TIMUR,3174041005,3.17404100501E12,Sangat Tinggi,Pejaten Timur 09,,setengah hari,2000 m,711,kali meluap dari kali,009,5,2020,1577865600000,500 cm,500,0,-3.586902007830618,-13.150457703996437,-17.369388761750685,1.598742793230999,3.053543631005647,-3.9698679345359675,-11.872771111175535,2.3582114351835615,JAKARTA SELATAN,1,0.8461445535703497,0,0.38805121695508055,4206.312360166264,3934.953439668746,3608.356420548421,784.003403987052,600.9684518450343,375.2236367527339,99.16188200386236,134.03790162523407,44,36.10717694101158,21,7.233440744720298,-0.1794352496813003,-14.146867167918586,6.112825382929201,6.384089172749577,1.0,16.399999618530273,9.119503598451729,0.0,11.030806541442871,3.7797875251189827,-5.274472236633301,5.154338046190722,5.164795591113999,288701.386668,289875.7723551033,17.230485916137695,3.886842349725821,0.0,14.124192953109741,0.781629568912342,-3.1508495807647705,3.3141581290074926,3.3062673209788653,23.727862478829987,13.384221405343567,10.437536459917665,10.243173175266529,-0.09765751553783505,-3.0430040957638163,3.176341704689685,3.1789697335439735,326.8504943847656,27.32668279159452,0.008497360162436962,315.51699447631836,16.16208001437426,-11.652632591314614,101.32139843990876,101.4731423782901,1,0.15036422281013298,0,0.38370321746249053,"{""type"":""MultiPoint"",""coordinates"":[]}"
000000000000000001a5,40 KK,PANCORAN,RAWA JATI,3174081003,3.17408100301E12,Sangat Tinggi,Rawa Jati 06,,± 1 x 24 Jam,± 1.000 m²,876,Banjir kiriman yang diakibatkan karena Kali Ciliwung meluap,006,5,2020,1577865600000,,150,100,-5.041725327740048,-12.531280631118294,-18.78294906879165,1.7629416574560355,8.80407297223697,-4.4461554807164525,-12.501013349829257,2.731656331192132,JAKARTA SELATAN,1,0.7618320848452758,0,0.4397599604670306,4361.000152658897,4074.2648965103303,3679.207876792152,3.004835745305172,-88.30891947101809,-174.90636400726635,34.83361516374426,160.6368355903244,36,28.77268692280139,18,7.324525599715155,-0.20772516549208273,-10.627640529894496,3.9680153497188053,3.9507009567848224,1.0,10.899999618530273,5.703010339715107,0.0,5.581037998199463,0.43922366874798086,-5.291357040405273,2.5627295547583353,2.6056466339952835,223882.736435,224787.91340335074,8.517386436462402,3.113186538928645,0.0,5.5745038986206055,0.13895498629762632,-2.9940268993377686,1.7427225604505316,1.7373832628947103,23.745270218771896,13.434264329825966,11.055676653297189,10.31336499222041,-0.007868544279128486,-2.3975180696339358,2.7407824527721605,2.7369329014162616,332.917724609375,20.922690362685078,0.00849779974669218,322.1228265762329,10.047330801417038,-11.086700798943639,84.1171377170294,84.16143170661506,1,0.21594430860755948,0,0.42581669449743625,"{""type"":""MultiPoint"",""coordinates"":[]}"
00000000000000000190,"± 400 KK 
  RT 008, RT 011",PANCORAN,PENGADEGAN,3174081005,3.174081005E12,Sangat Tinggi,Pengadegan 01,Warga pernah dilakukan pendataan normalisasi Kali Ciliwung dan menanyakan kapan proses normalisasi dilaksanakan,± 1 x 24 Jam,kurang megetahui detai luasannya,826,meluapnya Air Sungai Ciliwung,001,5,2020,1577865600000,,160,0,-2.023497440027967,-12.028113279359184,-18.23637659271321,2.496755068847357,7.967129305870413,-5.568189094695172,-13.905819285013317,2.856112268130393,JAKARTA SELATAN,1,0.7779955303421006,0,0.43711632139386136,4751.950197313952,4429.455682751006,4027.5936021300267,335.76719685165153,137.48486029883134,-77.13064262462831,92.68218939503353,171.51016817606555,30,22.06405363589477,15,6.1921947726474365,-1.9984910162124656,-9.056355173646725,3.271685135462159,3.441493093294701,1.0,8.399999618530273,3.6707298899508403,0.0,4.929201364517212,0.13309910981868664,-3.895223617553711,2.692645390725681,2.6926359550891137,202818.512744,203660.41195354183,9.195145606994629,3.4114593609616732,0.0,6.109991788864136,0.3848050095257486,-3.158294200897217,1.902581944501287,1.9113219837635664,26.542708236401694,14.256239740300217,10.922483250808195,13.032845017951031,0.7536858754766305,-2.568838181723615,3.954875282394231,3.9606040278742025,336.89471435546875,51.65305025016553,0.008498021401464939,325.7922763824463,40.69781620769406,-11.20724157243967,127.57897327447382,127.59979197897805,1,0.21139762764311487,0,0.4287473633940007,"{""type"":""MultiPoint"",""coordinates"":[]}"
00000000000000000192,95 KK,PANCORAN,CIKOKO,3174081006,3.174081006E12,Sangat Tinggi,Cikoko 01,Banjir sudah rutin per 5 tahun,± 1 x 24 Jam,Berdasarkan informasi Ketua RW bahwa hampir seluruh warga di wilayah RT.02/01 terdampak banjir,834,Meluapnya Air Sungai Ciliwung dan kali di daerah tsb kurang tinggi,001,5,2020,1577865600000,,300,200,0.5253164066154536,-13.022201181330466,-18.118891986428196,2.8933830670264133,6.899580480265554,-5.55252256075032,-12.698906591558362,3.280707742716187,JAKARTA SELATAN,1,0.8622287658999299,0,0.3659934611732063,5222.99483232306,5012.147033168477,4760.092526326834,753.6909687681573,565.4088445318936,352.63442065299296,89.93662167940646,104.38573559819241,53,21.567377084791573,11,30.131328320803473,-1.327100685125615,-11.939419978516263,6.487289045603179,6.43773180352064,1.0,13.100000381469727,4.205684312262146,0.0,9.775116920471191,0.9040291130216181,-3.31416392326355,3.1938703387492295,3.2058939056958504,144684.68446,145239.70417415223,26.216163635253906,5.66243023125832,0.0,23.119115829467773,2.613613930855373,-3.0899155139923096,5.426761493500192,5.4402507059988245,23.76358659826042,13.956991341348347,9.756045788507924,10.219700457544183,0.4880897788515707,-3.675308643928192,3.597868113413674,3.621001654604915,338.5433349609375,39.46635063252596,0.008498139679431915,327.68157386779785,28.664535757334903,-11.193080929107964,110.23292916738014,110.33044739908709,1,0.08853274118413747,0,0.31948553318915673,"{""type"":""MultiPoint"",""coordinates"":[]}"
0000000000000000010d,10,JAGAKARSA,LENTENG AGUNG,3174091004,3.174091004E12,Sangat Tinggi,Lenteng Agung 04,,1 jam,200 m,538,luapan kali dari kali ciliwung,004,5,2020,1577865600000,500 m,500,0,-6.127598874664809,-13.317518283856009,-17.02395657345688,1.7882787801204678,1.549380177534801,-5.36111009587289,-12.415185757102808,2.2813441217388313,JAKARTA SELATAN,1,0.9148442071386776,0,0.3191176974288566,932.2891972324262,480.5627934041166,92.76624232772798,63.68707595610567,-490.2052323261465,-1020.7757051536612,295.95943768275663,233.3141628615954,61,47.32562902282038,33,7.841962047982399,-4.929868023780206,-17.952094522014136,5.393310811962166,5.804201905789007,0.9932563349939879,13.200000762939453,5.002675477421861,0.0,5.159370422363281,-2.824383422959054,-8.284217834472656,3.979665914387126,3.96852291657042,190747.908426,191556.89840595095,14.729968070983887,4.007395924287513,0.0,11.12362790107727,0.41661885407229593,-3.611706256866455,2.482340377640745,2.4847026179535465,23.59035736624123,13.789365290044215,10.466435115809245,10.11612008348749,0.34218124212492457,-2.983420218481724,3.477965186364549,3.477843829761796,284.6748352050781,6.731185678575533,0.008496780879795551,272.90503787994385,-4.326983131897939,-11.8973339907825,43.13531291583983,43.24444821517406,1,0.08358323581041546,0,0.30929478706587094,"{""type"":""MultiPoint"",""coordinates"":[]}"
0000000000000000054f,994,JATINEGARA,KAMPUNG MELAYU,3175031001,3.175031001E12,Sangat Tinggi,Kampung Melayu 03,,< 24 JAM,6000,2485,BANJIR KIRIMAN DAN CURAH HUJAN TINGGI,003,5,2020,1577865600000,30 s.d. 150 cm,150,30,-2.5615130676975033,-11.440631361791226,-18.738451419249216,3.7680029746572385,5.4002546327731,-5.325704411364248,-14.34621891645758,4.1715196328500355,JAKARTA TIMUR,1,0.9551529169879208,0,0.22329687826943623,4049.966334915201,3940.0198866052456,3777.3065187347443,651.9021740787289,487.91963898906465,267.7454363922461,113.81670779792427,73.02994641942853,20,12.533603186841422,7,3.763122090942989,-3.97655942275062,-9.887790905834873,2.277650005184294,2.206110878391255,1.0,4.59999942779541,1.8178873084192566,0.0,2.245849609375,-0.5337941783064588,-2.3914287090301514,1.4338403039718282,1.4469782592431568,54360.194133,54567.08627664517,8.516953468322754,2.6496358837054395,0.0,5.964247703552246,0.05008571673652804,-2.613367795944214,1.5784704231736635,1.573211677363757,26.555271092959725,14.391436303147707,11.639565030163812,12.80012778225641,0.6389857964235796,-2.1191930009423654,3.607711005337162,3.6099535942563796,341.0418701171875,38.04155224989809,0.008498522453010082,326.7264356613159,23.69951128660141,-14.630599619820714,113.17119956207442,113.25488777645455,0,0.0,0,0.0,"{""type"":""MultiPoint"",""coordinates"":[]}"
00000000000000000550,252,JATINEGARA,KAMPUNG MELAYU,3175031001,3.175031001E12,Sangat Tinggi,Kampung Melayu 05,,< 24 JAM,5000,2486,BANJIR KIRIMAN DAN CURAH HUJAN TINGGI,005,5,2020,1577865600000,30 s.d. 300 cm,300,30,0.5961496471873997,-9.127059547676787,-14.931209203742736,2.8507638162973317,2.8327818819683452,-3.5453579423410333,-9.060767957398168,2.3642802562387795,JAKARTA TIMUR,1,0.9944569008470353,0,0.10425091187368303,3759.0364889192397,3573.804189755425,3403.396085266404,476.21959514694345,314.41340804850375,172.2466994349379,84.86285368244515,95.00973690868538,19,16.30051071250623,10,3.673469387756473,0.8214290620150513,-5.724668814893015,2.2953085702067493,2.2018643778209044,1.0,4.59999942779541,3.5596290187094426,0.0,2.377793788909912,1.3283095254373007,-2.273820400238037,1.361530950699708,1.3531341735146478,55971.8570924,56246.55807161458,6.204805374145508,2.3324325493929936,0.0,3.602339744567871,-0.26144739831034447,-2.602050304412842,1.374718711184321,1.379579664092063,23.42230584493582,13.104881500017205,11.48669302887532,9.672938572667915,-0.6656583995665973,-2.281914151399935,2.8790778977422247,2.8753261840199413,341.32232666015625,14.20954722396908,0.008498601615428925,326.7580289840698,-0.5335720673350338,-14.950200607068837,90.9729771238116,90.94226005446954,1,0.005543099152964624,0,0.10425091187368284,"{""type"":""MultiPoint"",""coordinates"":[]}"
00000000000000000551,1424,JATINEGARA,KAMPUNG MELAYU,3175031001,3.17503100101E12,Sangat Tinggi,Kampung Melayu 07,,< 24 JAM,6000,2487,"PENYEMPITAN SUNGAI, BANJIR KIRIMAN DAN CURAH HUJAN TINGGI",007,5,2020,1577865600000,30 s.d. 200 cm,200,30,-10.229935671945999,-13.203132340658684,-15.85285702570387,1.282577347323243,3.922028299204859,-3.7731329457162817,-8.939576657775174,2.29602737340257,JAKARTA TIMUR,1,0.9802458758011979,0,0.19230769230769215,3466.0328473612344,3337.6848554794788,3198.7543709788697,274.30397349231407,157.34039105227598,62.54773511655503,50.04940502195943,67.7050095924681,16,12.11495219081644,9,0.7541711421424502,-3.1879259911423814,-6.321589688505501,1.800082465615105,1.8504557250938336,1.0,3.0,1.270516019490282,0.0,0.767132043838501,-0.9689559331270433,-2.2958109378814697,1.2788986229212287,1.2809295323822525,33175.3546128,33336.0404677326,4.745297431945801,2.1994764243177323,0.0,2.129556179046631,-0.4389223161584957,-2.644465446472168,1.1391270647784755,1.1323121871367212,26.5567899929664,16.50691847338436,11.536443929204722,12.795969605253141,2.7471552091767557,-2.226961862039378,4.986946338018065,4.984927519846279,341.5602722167969,90.98783977253883,0.008498601615428925,326.6653051376343,76.04911279081576,-14.960828353650868,154.58285493171266,154.59070204532617,1,0.019754124198802146,0,0.19230769230769232,"{""type"":""MultiPoint"",""coordinates"":[]}"
000000000000000005d7,897,JATINEGARA,KAMPUNG MELAYU,3175031001,3.17503100101E12,Sangat Tinggi,Kampung Melayu 08,,< 24 JAM,7000,2706,"PENYEMPITAN SUNGAI, BANJIR KIRIMAN DAN CURAH HUJAN TINGGI",008,5,2020,1577865600000,30 s.d. 250 cm,250,30,-1.9545649053654428,-12.63211646797026,-16.327314559272963,2.313756027661519,4.415162819008419,-2.4485577420195392,-9.650170218193097,2.7621012936179334,JAKARTA TIMUR,1,0.9434100930916218,0,0.24384589675773363,3496.9305243137433,3366.039495893435,3257.4030848734587,212.75117007073732,135.14779486635274,61.97924115822616,44.55113194537233,72.2088337389364,16,12.130491589090315,10,0.43322592194916076,-3.5816151926428783,-6.054278553525137,1.5142109082017763,1.4238015607358177,1.0,3.0,1.1964315222541277,0.0,0.7417399883270264,-1.1013092255058896,-2.36364483833313,1.3066201723836042,1.294485103155781,42785.0286645,42922.103629905374,4.719669342041016,1.9247768359374673,0.0,2.0929901599884033,-0.7202862749034704,-2.6623973846435547,1.0703180303051,1.0661045360191932,26.556541129037882,18.510127348934752,11.561718222039593,12.81702132401512,4.7662393720710945,-2.190680832113747,5.288120411782996,5.283789523460811,341.47528076171875,184.26144326047705,0.00849859043955803,326.9277858734131,169.46002457661993,-14.951860971748829,169.0041710331777,168.94567898833435,1,0.05658990690837826,0,0.24384589675773358,"{""type"":""MultiPoint"",""coordinates"":[]}"
000000000000000005d8,986,JATINEGARA,KAMPUNG MELAYU,3175031001,3.175031001E12,Sangat Tinggi,Kampung Melayu 04,,< 24 JAM,5000,2709,BANJIR KIRIMAN DAN CURAH HUJAN TINGGI,004,5,2020,1577865600000,30 s.d. 300 cm,300,30,-3.6795370698708862,-9.928949551583653,-18.738451419249216,3.097313716971693,1.9551594996509043,-3.9306762081526188,-12.795230824322559,3.062534118575136,JAKARTA TIMUR,1,0.9863295173397073,0,0.15612494995995987,3990.0269515220684,3735.057745799942,3520.231388768886,629.4497472883891,409.6158128948761,231.92017302683416,100.72258376746296,112.9507032876827,20,14.980081351952025,10,4.211815252418031,-0.8090180311815083,-6.015753669887669,2.189890116696876,2.149353908090105,1.0,4.59999942779541,2.9964732762657187,0.0,2.366551399230957,0.7413658648560607,-2.2853634357452393,1.410494787034368,1.3979110947946745,83125.9077067,83457.7586258516,6.670129299163818,3.0565876553917124,0.0,4.104267120361328,0.4651620147457892,-2.6051180362701416,1.5189889936554972,1.5186947942762001,23.765564519804272,13.653585085911034,11.312061079782705,9.980086650591266,-0.11148385656509459,-2.4492776994534644,3.423344465058135,3.4245798282100455,341.2628173828125,24.39467181546723,0.00849859043955803,326.7845458984375,9.950209450954357,-14.710980959236622,112.81435201391861,112.84328171508676,1,0.01069316895206944,0,0.09090593428863095,"{""type"":""MultiPoint"",""coordinates"":[]}"
000000000000000005e2,166,JATINEGARA,KAMPUNG MELAYU,3175031001,3.17503100101E12,Sangat Tinggi,Kampung Melayu 06,,< 24 JAM,2000,2725,BANJIR KIRIMAN DAN CURAH HUJAN TINGGI,006,5,2020,1577865600000,30 s.d. 175 cm,175,30,-3.315473289445706,-10.047253760274062,-15.151893390008835,2.272617045054325,6.095471824166129,-4.053743235657346,-10.181486113118128,2.964771750039174,JAKARTA TIMUR,1,0.9889051094890511,0,0.14986672195868136,3712.968124883651,3517.1794740978917,3352.4441657665852,480.55506052997634,312.85340609579487,178.77105145650512,68.33395227509935,85.18578262133116,19,15.331503649635035,10,3.673469387756473,0.2205574499349052,-4.901324740420984,1.9741046673575378,2.0837276677930405,1.0,4.500000953674316,1.4136995836244013,0.0,2.292789936065674,-0.7901387470273205,-2.218911647796631,1.1329459946136171,1.1394732270259913,59768.4815363,59990.10098731746,6.685102939605713,2.2664080880053725,0.0,4.115994215011597,-0.32671891173133016,-2.602050304412842,1.2461380031458407,1.2497492213779553,17.81883290073414,14.034212544905401,11.536443929204722,4.058571654993868,0.2530494714321319,-2.226961862039378,2.0977757514620223,2.1002636370382457,1.2747806310653687,0.342076457850635,0.008498619310557842,-13.310306072235107,-14.403700362534037,-14.93080094549805,0.5759357723882386,0.5427117296677315,1,0.011094890510948906,0,0.1498667219586816,"{""type"":""MultiPoint"",""coordinates"":[]}"
00000000000000000510,103,JATINEGARA,BIDARA CINA,3175031002,3.175031002E12,Sangat Tinggi,Bidara Cina 01,,48,200,2370,Luapan Kali Ciliwung,001,5,2020,1577865600000,200,200,0,-4.610104215067432,-11.877242793956619,-18.41057345155148,2.6271149788744355,7.41385862496689,-5.341801209857738,-12.785991492531267,3.362184279115274,JAKARTA TIMUR,1,0.9206250353847025,0,0.30149231157300527,4503.703138716528,4323.823091006169,4142.404854298993,631.0212665158479,489.72919404857953,311.1351450830375,80.02437606534046,91.65149747333932,25,18.82726603634717,10,6.958968850699595,0.5640695344055634,-8.339133548154614,3.6280688849128135,3.5411267043228896,1.0,5.699999809265137,3.2028135662945973,0.0,3.1834869384765625,0.6760026962619564,-2.5601789951324463,2.062291908455913,2.051390501275624,61651.6224002,61857.59539838926,7.645296096801758,3.6450853336642313,0.0,4.974438428878784,0.9956763587545743,-2.7003960609436035,1.7007630911472904,1.7061502751174749,26.55225130612926,13.81933634073193,11.061034706775999,12.892160661929035,0.1486343744922463,-2.5976765083240796,4.016492593622959,4.0145480397305615,340.3619689941406,50.50295602546185,0.00849843304604292,327.8542652130127,38.183322968927925,-12.587749214842916,130.55316193311518,130.65240901652996,1,0.037819170016418505,0,0.18047616184504506,"{""type"":""MultiPoint"",""coordinates"":[]}"
00000000000000000511,250,JATINEGARA,BIDARA CINA,3175031002,3.175031002E12,Sangat Tinggi,Bidara Cina 02,,48,1000,2371,Luapan Kali Ciliwung,002,5,2020,1577865600000,150,150,0,0.5064281361742862,-11.104271290922032,-16.15521485405918,2.7064832461590784,3.974447666412925,-3.888480870122002,-9.885053544021439,2.638715341844607,JAKARTA TIMUR,1,0.8954138051449188,0,0.33906619950530814,4583.25324652654,4397.372757950451,4195.0449745402975,571.0278732264323,447.56704801241733,304.8697782223776,67.83231247331808,88.76349643480903,20,16.145501105808396,9,1.3634801288951692,-2.6172575834869463,-9.79018976011302,2.2878938091501757,2.2696697521574243,1.0,5.699999809265137,2.301961022058308,0.0,3.167769193649292,-0.26513295519991636,-2.585291862487793,1.5140021310562413,1.5077464082436418,59909.4632616,60161.04339966097,4.9861650466918945,2.420523510255659,0.0,2.273904323577881,-0.28261999825273454,-2.730074167251587,1.2121486136986672,1.21046724512293,23.76774523946289,15.433610002624718,12.251048935566322,10.081654506718282,1.756118256453352,-1.4261817523452347,3.568240872626931,3.5681658749171703,339.988037109375,60.99951168633317,0.008498397655785084,327.6259775161743,48.64009570059476,-12.567030318081379,134.0336558942294,134.08835119455617,1,7.566057502037014E-4,0,0.10910102576069176,"{""type"":""MultiPoint"",""coordinates"":[]}"
00000000000000000512,340,JATINEGARA,BIDARA CINA,3175031002,3.175031002E12,Sangat Tinggi,Bidara Cina 03,,48,1000,2372,"Luapan Kali Ciliwung , Pompa besar tidak berfungsi",003,5,2020,1577865600000,150,150,0,-5.63180291234735,-12.390657874232089,-17.02118287668742,2.105565610966719,5.3823311918158705,-3.7470738908711945,-10.63471847091812,2.6692519265694585,JAKARTA TIMUR,1,0.9532092669958219,0,0.23368863038546517,4768.22095132273,4559.524907673426,4361.000152658897,669.1787692106282,516.1826651091781,345.3283692264058,80.93870239056758,100.43118732806677,24,17.27459172047094,14,4.733619763696421,-1.869096989664925,-5.0292875044740235,2.1755341667053485,2.2289647762930374,1.0,5.199999809265137,2.833839585216969,0.0,2.5813746452331543,0.22132460588382027,-2.6355602741241455,1.879694669773979,1.886279636884681,46137.5043874,46307.32221487623,6.549186706542969,2.5819962205698492,0.0,3.791935682296753,-0.16453653174210892,-2.730074167251587,1.498846221876194,1.5016411785356083,23.76112285406509,14.617600584403334,11.212148722632405,10.076604140593991,0.9381139304511973,-2.4683309942949325,3.674292952315147,3.6759995109440022,339.69061279296875,51.82559737089476,0.008498361334204674,327.09687423706055,39.31656377543403,-12.630179235711694,119.49126778098056,119.53620197085029,0,0.0,0,0.0,"{""type"":""MultiPoint"",""coordinates"":[]}"
00000000000000000516,1518,JATINEGARA,BIDARA CINA,3175031002,3.17503100201E12,Sangat Tinggi,Bidara Cina 07,,48,2200,2376,Luapan Kali Ciliwung,007,5,2020,1577865600000,500,500,0,-6.601778789623355,-12.05184350617931,-15.270064275002465,1.5808247151519335,0.8117395866018501,-3.595093030397694,-9.177006653942975,1.9788489301944288,JAKARTA TIMUR,1,0.8863269831670193,0,0.35067325122623083,5352.379055826938,5205.3274368179,4961.910128403266,986.9821790286533,859.5764926315104,681.6651623085127,76.17386832219916,103.35427940143691,24,18.423420018143332,14,2.774078052274948,-2.883452152418155,-7.6207662012159965,2.3096855095999365,2.346488696855531,1.0,6.100000381469727,1.3308336273122603,0.0,3.1289944648742676,-1.6508997786358686,-3.0673468112945557,1.332888035014715,1.3432288459653905,138400.394183,139000.70166294888,7.958510398864746,2.125437837008831,0.0,5.07562780380249,-0.7467881787683609,-2.8926684856414795,1.4025771263161813,1.4031440292159714,26.54869585032876,15.559838879155736,11.541832969172352,12.956670543484355,1.9469533483852992,-2.0488568223916364,4.255949294627935,4.2573273308727515,338.9512634277344,84.4610068809858,0.008498204872012138,327.46822929382324,72.99510326778353,-11.723818637430668,143.78306305333697,143.83536903924062,1,0.08985989315593185,0,0.3285254846778865,"{""type"":""MultiPoint"",""coordinates"":[]}"
0000000000000000051a,427,JATINEGARA,BIDARA CINA,3175031002,3.17503100201E12,Sangat Tinggi,Bidara Cina 11,,24,400,2380,Luapan Kali Ciliwung,011,5,2020,1577865600000,150,150,0,-4.9842244929686075,-12.791625085330413,-18.151912294520514,2.0907476652461066,11.931783380602077,-3.372821968685177,-12.121482545664419,3.6724922313256623,JAKARTA TIMUR,1,0.8458196965188931,0,0.38375973197681446,5313.65165615001,5033.620850313744,4690.890864729903,917.0589813420584,665.9586701252227,390.8548538914647,115.00225765933887,136.2820582438207,36,22.02719428741446,14,13.785320443968438,0.1017685626073547,-7.6207662012159965,3.6329823145806843,3.774501131504741,1.0,8.600000381469727,3.306829755972813,0.0,5.438532590866089,0.1638695885592909,-3.196641445159912,2.3506509414087002,2.3790449701123397,175819.809303,176543.0107331362,17.855907440185547,3.998313142111717,0.0,14.94351601600647,1.1041767209587996,-2.8979132175445557,2.782163199142081,2.7861620222751093,26.54869585032876,13.591675463124925,10.443214101681859,12.956670543484355,0.005579024849083388,-3.1187475796939417,3.365832560029116,3.36516753182034,338.8067932128906,32.25686454231739,0.008498162031173706,327.46822929382324,20.91647171157263,-11.444230106659234,109.90833021537247,109.88136603267276,1,0.10984825944659322,0,0.3390103898337393,"{""type"":""MultiPoint"",""coordinates"":[]}"
0000000000000000051c,100,JATINEGARA,BIDARA CINA,3175031002,3.17503100201E12,Sangat Tinggi,Bidara Cina 13,,48,200,2382,Luapan Kali Ciliwung,013,5,2020,1577865600000,150,150,0,-6.575653275981676,-10.95055204632345,-17.718583903850686,2.802309629305824,0.9054558327979055,-5.260599267071367,-12.241218078734157,3.0285514190093865,JAKARTA TIMUR,1,0.7254740313272876,0,0.4714045207910316,4425.6401038404565,4329.935587702622,4195.0449745402975,527.3786163533364,442.19261956776137,319.41268177663915,61.10582528244335,73.68190389942285,21,15.887056883759278,12,2.6023630504847794,-2.615886229528319,-6.663301109916183,2.957991227510597,2.884000748519378,1.0,5.699999809265137,2.4210633311700147,0.0,3.1742782592773438,-0.12629266150805535,-2.5637738704681396,1.7696734797700961,1.758916231228472,8463.28600724,8507.012878956535,5.400617599487305,3.0582759944938567,1.3153373003005981,2.765615463256836,0.3932244021442443,-1.3320339918136597,1.0431932866820173,1.0542421995826523,13.920208925725452,12.911776744807012,11.40638301210173,0.2402938945526003,-0.7555120874752841,-2.2791582802469517,0.49457456850181936,0.4953311500595287,0.025495335459709167,0.021466803512407772,0.00849843304604292,-12.099938151426613,-12.278281016537484,-12.4625713378191,0.11758834719604794,0.0056366536106284984,1,0.1393239901071723,0,0.3499271061118826,"{""type"":""MultiPoint"",""coordinates"":[]}"
0000000000000000051d,230,JATINEGARA,BIDARA CINA,3175031002,3.17503100201E12,Sangat Tinggi,Bidara Cina 14,,48,5000,2383,Luapan Kali Ciliwung,014,5,2020,1577865600000,300,300,0,-7.056158764151472,-11.441839813162002,-16.23394228909646,1.8936630221943327,-1.4689810728681505,-4.701051135368087,-10.21799918071722,2.118435260041761,JAKARTA TIMUR,1,0.8329816588216199,0,0.36080121229410994,4824.736501687555,4751.066723148138,4621.58402781297,690.5202835066784,628.0471751181414,508.1316734745269,44.465876398446184,51.36848761958074,21,17.795974679435155,14,1.598997493735677,-1.7242862762430575,-5.425062656640289,1.9085458443538248,1.8946618668626838,1.0,4.600000381469727,1.6176922427739169,0.0,1.9183175563812256,-1.054831191522505,-2.6938130855560303,1.37284939058889,1.3711217564285625,21499.9586683,21576.03163112408,5.624479293823242,2.43643427921607,0.0,2.8130829334259033,-0.3564310630620483,-2.79384183883667,1.197878696146598,1.2019025803980343,23.76659454138057,16.150113989461968,11.66851621807924,10.106729625338085,2.4860681322431457,-1.9906367841596282,4.78689740057329,4.791865957119999,339.5631408691406,115.19280487139007,0.008498361334204674,326.98802185058594,102.63206616869432,-12.635777303948998,156.6856621811864,156.71047779080152,0,0.0,0,0.0,"{""type"":""MultiPoint"",""coordinates"":[]}"
0000000000000000051e,200,JATINEGARA,BIDARA CINA,3175031002,3.17503100202E12,Sangat Tinggi,Bidara Cina 15,,48,200,2384,Luapan Kali Ciliwung,015,5,2020,1577865600000,200,200,0,-8.081730549773084,-11.16864930989012,-15.555162938475302,1.7971441077994605,0.5892796061679033,-3.7034075902529673,-9.573714115307952,2.131927375405724,JAKARTA TIMUR,1,0.9793506493506493,0,0.14903269373413633,4768.22095132273,4591.930842405173,4418.829177362677,671.2977406548607,510.7373426793467,364.4702332388988,79.65232265735501,92.84603553111361,24,19.267402597402594,14,4.733619763696421,-0.04099053756701118,-5.425062656640289,2.0549313851698363,2.042927732204023,1.0,6.499999046325684,4.154597555507313,0.0,3.859447717666626,1.5104617608677253,-2.647268295288086,1.5025992991777088,1.5018081652713198,26822.6720948,26943.41414855437,5.9390153884887695,2.4866703630964473,0.0,3.1963701248168945,-0.27566604584068455,-2.7628629207611084,1.3076757398804915,1.3038253215330728,22.960835377078272,13.033560511124065,11.310724280250346,9.277361142494863,-0.636825214687917,-2.3638565286380757,2.779658311295615,2.7834712954310836,339.588623046875,10.463962705176106,0.008498361334204674,326.9548645019531,-1.9534445570562902,-12.630179235711694,85.53582285532772,85.58797155084166,0,0.0,0,0.0,"{""type"":""MultiPoint"",""coordinates"":[]}"
0000000000000000051f,68,JATINEGARA,BIDARA CINA,3175031002,3.17503100202E12,Sangat Tinggi,Bidara Cina 16,,48,200,2385,Luapan Kali Ciliwung,016,5,2020,1577865600000,200,200,0,-10.383869669761165,-13.278539056388066,-17.542108130508474,1.6813352505120216,2.284368132616318,-3.8938286338494783,-11.232095635999238,3.2159290964876264,JAKARTA TIMUR,1,0.6782255953938758,0,0.46351240544347894,5030.804923627973,4856.6610087259005,4690.890864729903,721.3696870578415,558.0222034379209,390.8548538914647,94.47863207020194,97.48861197231986,28,21.816016749542005,18,5.81482277121518,-0.020243424576784515,-3.5424274973133585,2.055451188951665,2.176958728491558,1.0,3.3999996185302734,2.603560218072256,0.9000015258789062,0.16423892974853516,-0.5423337519090858,-2.1743485927581787,0.5796123041176563,0.6255792502116417,26654.2642891,26778.08328935867,11.142607688903809,2.5663474039456133,0.0,8.241127490997314,-0.3351766377398868,-2.902297019958496,2.06107051955214,2.0615898201402345,17.341655704300468,13.185520000939803,10.672336545139055,3.7250729460967325,-0.42200273926221304,-2.9139827944000007,1.330093571140167,1.3348601903542803,0.09348005801439285,0.022726670716779765,0.008498162031173706,-11.094584554433823,-11.261462200235096,-11.399598151445389,0.06938977901732563,0.021734806140248978,1,0.3217744046061241,0,0.46351240544347894,"{""type"":""MultiPoint"",""coordinates"":[]}"
00000000000000000521,53,JATINEGARA,BALI MESTER,3175031003,3.17503100301E12,Sangat Tinggi,Bali Mester 06,Tahun 2020 air meluap ke Jl. Raya Jatinegara Barat,5 Jam,350 m2,2391,Luapan Kali Ciliwung,006,5,2020,1577865600000,"1,6 m",160,0,2.0628353209647905,-11.109117376793485,-19.459606351081685,3.0323756742744634,8.674913863423235,-3.797144145742881,-14.455680385549329,3.5479454619145394,JAKARTA TIMUR,1,0.9583947838236435,0,0.20588221630999573,4019.037897083563,3848.5326396104824,3584.4280636387275,666.0080147312156,563.9517130563337,382.87597582835997,77.9579711311237,101.75708269463263,28,17.715322518047053,12,12.563122090942906,2.278267251945965,-4.104117436446927,3.027427118653445,3.0689272158171694,1.0,4.800000190734863,1.5826262185766604,0.0,2.515352725982666,-0.6341276107289301,-2.280472755432129,1.4580167070066894,1.4767189319818435,179657.821808,180388.90495753323,9.214407920837402,3.104701824841929,0.0,6.631048202514648,0.537641357578153,-2.564225435256958,1.775903690403824,1.777987674006043,18.03095847461791,12.93044393332542,11.061055701003166,4.293079302847497,-0.8253370738317264,-2.694775982606771,1.8225501779034734,1.819598021457746,1.1642980575561523,0.14533171605618503,0.00849859043955803,-11.813906967639923,-13.965315010772986,-14.657889863476157,0.63424032048863,0.37754722734294327,1,0.03170845300007763,0,0.1870115907307295,"{""type"":""MultiPoint"",""coordinates"":[]}"
00000000000000000455,311,KRAMAT JATI,BALE KAMBANG,3175041005,3.175041005E12,Sangat Tinggi,Bale Kambang 01,,7 - 12,850,2035,Luapan Sungai Ciliwung,001,5,2020,1577865600000,80-250,250,80,-4.01800887070109,-13.254632519124693,-18.367935482865434,1.6559683663812195,6.570441442672736,-4.977176952071552,-12.581660676192609,2.774449009785908,JAKARTA TIMUR,1,0.7652222884781021,0,0.438835758128824,3937.924255178528,3494.33909696669,3194.7163878362667,36.862952037607556,-116.89063684593599,-211.72296268031369,56.31231768611197,174.7267066902615,36,28.080688619448306,14,5.004654493377483,-2.381506231558495,-16.08993913354706,5.002383341566385,4.827584863276743,1.0,12.600000381469727,6.959713620551255,0.0,7.863645076751709,1.8408809430255009,-5.278539180755615,4.314217118949308,4.223305605218427,315997.47081,317257.5850927129,18.23781394958496,4.0518853137843776,0.0,15.271732091903687,1.0701697913524997,-2.989614486694336,2.891410098790749,2.8985279338987384,26.52778622098349,14.088904627676056,10.513308425223416,13.106712046843754,0.6290761865138182,-2.9555453962110025,3.7978041940408507,3.794044171779251,331.7960205078125,46.57846309733085,0.008497660048305988,320.7921781539917,35.11872297774899,-12.258021861314774,121.82346578649208,121.85692447447754,1,0.22027871640274735,0,0.429635466204854,"{""type"":""MultiPoint"",""coordinates"":[]}"
00000000000000000456,67,KRAMAT JATI,BALE KAMBANG,3175041005,3.175041005E12,Sangat Tinggi,Bale Kambang 02,,7 - 12,300,2036,Luapan Sungai Ciliwung,002,5,2020,1577865600000,80-250,250,80,-6.350317022557912,-13.494643887945118,-18.0239473280433,1.4529644930300125,5.162037108502821,-4.13533368213503,-10.790621417796324,2.4785882953496112,JAKARTA TIMUR,1,0.8912744812924317,0,0.3329155802415108,4283.350023716669,3664.1752391396662,3339.584723798207,367.48522214924606,122.3344876193586,-80.99624018009126,101.65891652677907,237.87311434817505,41,34.425325163710056,18,8.698961689940546,1.3389794782714135,-14.62384532760342,4.023235883920527,4.263182069246979,1.0,15.80000114440918,6.455650893690229,0.0,10.394795417785645,1.132057557762896,-5.5128679275512695,4.262152639204895,4.273846377684575,347729.590627,349164.9005844385,12.896014213562012,2.9048432474643526,0.0,9.810252904891968,-0.1316778188453787,-3.0693647861480713,2.0920131441918985,2.098528630939198,26.523757159919768,13.269454390580883,10.603102473849447,13.067433534854313,-0.20285788387451173,-2.8558845027770623,2.348412731209068,2.345821118263532,330.4618835449219,13.711383293294054,0.008497517555952072,319.49170112609863,1.941182440419387,-12.248937313444912,66.60239232912315,66.476779711553,1,0.10469419067579903,0,0.32527380252930294,"{""type"":""MultiPoint"",""coordinates"":[]}"
00000000000000000458,492,KRAMAT JATI,BALE KAMBANG,3175041005,3.175041005E12,Sangat Tinggi,Bale Kambang 05,,12 - 24,1000,2039,Luapan Sungai Ciliwung,005,5,2020,1577865600000,100-250,250,100,-3.381119173110452,-13.676713894315661,-18.148838888930094,1.7190490153397453,5.162037108502821,-6.557586316762099,-12.716736195029213,2.5195542598799125,JAKARTA TIMUR,1,0.5445736273739094,0,0.4983946961145444,4206.312360166264,3881.4934229123023,3442.3651404797974,772.6076140874734,471.5295585777551,101.12177367546519,146.47964064687764,178.24136141756964,41,29.187281228019362,17,6.073684210527674,-5.8952782072201355,-19.234514858573476,5.395785361873839,5.041472204609305,1.0,16.399999618530273,6.138128536126039,0.0,11.0545072555542,0.8196514004357702,-5.557443618774414,5.048660611836716,5.036590721198656,421450.969844,423193.40427078016,16.297557830810547,5.235873936845757,0.0,13.214384078979492,2.1651387420856376,-3.0820577144622803,2.752888627941884,2.7527922191170133,23.737287176858604,14.51801094578688,10.40832122201483,10.281809983364617,1.0427748401047783,-3.078068002592431,4.445284659134189,4.444717927531001,329.7310791015625,76.18683905230083,0.008497367613017559,318.66407203674316,64.52374920629475,-12.160038818605244,143.13492483934752,143.09040513475495,1,0.4485828954445782,0,0.4972929221875356,"{""type"":""MultiPoint"",""coordinates"":[]}"
000000000000000004af,329,KRAMAT JATI,CILILITAN,3175041006,3.175041006E12,Sangat Tinggi,Cililitan 05,,48 Jam,5000,2196,Luapan kali Ciliwung dan Kali Item,005,5,2020,1577865600000,100 - 300 Cm,300,100,-4.08868298262307,-12.877050288678971,-16.032935544767327,1.6610538836023654,5.067408594436141,-4.159401398490852,-9.63668310202657,2.341612746338483,JAKARTA TIMUR,1,0.9780049698260561,0,0.14517078291797464,3321.497865031356,3078.458687491202,2675.787546757929,-98.87692861661617,-159.52478024005964,-234.47086091803385,28.121184742237954,134.5004728971256,35,29.256187433439848,19,6.8161833154331575,1.0506050358430108,-8.464590046542902,3.1577175284686034,3.463943096407327,1.0,12.600000381469727,6.523861150826216,0.0,8.240458488464355,2.183744617397159,-4.238417625427246,3.9340043117385006,4.052066509527882,245560.266995,246586.5728786126,8.536334037780762,2.8641723164058055,0.0,5.653965950012207,-0.03351714273103386,-2.9393763542175293,1.665946987030252,1.6562492788430287,17.90122383468737,13.094274258094298,10.946278005418602,4.416046408201964,-0.45121457637639806,-2.6238479494559943,1.421195156382248,1.4221744391822344,2.243385076522827,0.05195526017401769,0.008497760631144047,-8.114744424819946,-10.492441621671587,-10.996475093066692,0.34562950850117796,0.25106918400651723,1,0.02199503017394392,0,0.14517078291797475,"{""type"":""MultiPoint"",""coordinates"":[]}"
000000000000000004b0,529,KRAMAT JATI,CILILITAN,3175041006,3.17504100601E12,Sangat Tinggi,Cililitan 06,,50 jam,8400,2197,luapan kali ciliwung krn air kiriman dari bogor,006,5,2020,1577865600000,250 cm,250,0,-4.745975653731223,-13.514680583931913,-18.61694731516192,1.5609477196385417,2.595502700412653,-4.827103962849495,-12.080441893929144,2.5426387727288184,JAKARTA TIMUR,1,0.7417460294096003,0,0.4521661132064003,4091.1911183486804,3521.999240338099,3151.3226391168187,-56.02658356495158,-140.83414294816905,-211.34758060268814,29.78508967798751,230.14384709702009,33,23.70600703593035,15,4.526387397065616,-4.262360145260482,-13.293662728247313,3.1318843983790363,3.1552138445937334,1.0,11.80000114440918,3.6668099672440575,0.0,7.319836616516113,-0.94582129597957,-5.214593410491943,3.0115829678052743,2.9575702871481497,236935.268854,237910.0712017401,11.51754379272461,3.264682258843468,0.0,8.547173261642456,0.3458984391401215,-2.962700128555298,1.8308939635979782,1.8378118080887889,23.74695620987108,14.119524502100393,11.139912576976364,10.297075627931743,0.6359638904467959,-2.297390736860063,3.201311428297623,3.1970357369932647,332.95172119140625,30.22951672555196,0.00849779974669218,322.22862911224365,19.569059200209797,-11.07414224743843,95.84386637588852,95.8848828182333,1,0.24160619397382885,0,0.4414629935316682,"{""type"":""MultiPoint"",""coordinates"":[]}"
000000000000000004b1,901,KRAMAT JATI,CILILITAN,3175041006,3.17504100601E12,Sangat Tinggi,Cililitan 07,,34 jam,3 ha,2198,meluapnya kali ciliwung,007,5,2020,1577865600000,500 cm,500,0,-6.2593101611741755,-12.762119633472379,-18.1129886702212,2.0372145997315996,7.640719804761,-4.933335923262013,-11.412027763842783,2.794015134127375,JAKARTA TIMUR,1,0.8888273550878987,0,0.3392675929394975,3870.698557220822,3538.6959608869984,3083.6927807006746,-52.323502216690486,-137.4077155739442,-217.12453957436537,30.590554778155223,157.06304771089853,30,22.88940955951265,14,3.516075904047863,-3.7628887973513714,-12.391836734691697,3.2526090098852003,3.2095441423331574,1.0,7.5,2.393781629783768,0.0,3.4460649490356445,-1.8243407633841482,-4.528936386108398,2.2471603359519334,2.210519282187306,245531.438668,246518.01572725267,9.131183624267578,3.3704342175711934,0.0,6.2073142528533936,0.42400447270856717,-2.9909169673919678,1.8806997051737915,1.8695739314535056,26.539447959181874,14.436868515553519,11.079367398330849,13.033483261070621,0.9248569503060288,-2.4697657778183686,3.6736425038936957,3.6704916342445615,335.7984619140625,37.123105796751595,0.00849785003811121,325.20201301574707,26.581377440687685,-10.764025000855327,111.35124528444827,111.377602571961,1,0.10755161739229215,0,0.33589550272624175,"{""type"":""MultiPoint"",""coordinates"":[]}"
000000000000000004b3,516,KRAMAT JATI,CILILITAN,3175041006,3.17504100602E12,Sangat Tinggi,Cililitan 16,,,4.6 ha,2206,Saluran air tdk menampung dan luapan kali ciliwung krn air kiriman dari Bogor,016,5,2020,1577865600000,250 Cm,250,0,-9.477243610620063,-13.555524045992248,-17.10645940252087,1.1299538761866499,4.589280803753526,-4.505651215327012,-12.080441893929144,2.8066972474345264,JAKARTA TIMUR,1,0.6787264833574527,0,0.46787632899722714,3993.260798022001,3591.235715698197,3216.1937146508,-66.41714705640698,-142.77941541704354,-208.14697628077556,28.988461269087583,201.52757706138087,33,25.41180254060137,18,4.526387397065616,-3.5729673442446814,-11.50819906910015,3.4368653285292,3.3558018913324075,1.0,11.80000114440918,5.107600544009041,0.0,7.318339824676514,0.16613510589164984,-5.291357040405273,3.760169169283733,3.5744188298305897,151823.974201,152464.40812869396,7.943521976470947,2.8424808827274166,0.0,5.010025262832642,-0.10819698496771595,-2.953644037246704,1.5839357721655614,1.5823253236002959,26.52870777293326,14.586715373059567,11.060953425387398,13.120420259033564,1.1411371138178033,-2.347028119084868,3.8486122458667906,3.8391624223035965,332.3738708496094,52.98418943676588,0.008497778326272964,321.30872631073,42.03460008353305,-11.082090737298131,121.49161028371637,121.52491374029546,1,0.3072611582018238,0,0.45804642767665926,"{""type"":""MultiPoint"",""coordinates"":[]}"
00000000000000000577,151,KRAMAT JATI,CAWANG,3175041007,3.175041007E12,Sangat Tinggi,Cawang 01,RW 001,20 Jam s.d 36 Jam,± 500 M,2534,Luapan Sungai Ciliwung,001,5,2020,1577865600000,270 cm,270,0,-2.130595178506348,-12.996337677804998,-18.249409271304273,2.9389550269324225,8.560432404660636,-5.588114964941726,-13.698364512550382,3.6873820352065945,JAKARTA TIMUR,1,0.7437155119558556,0,0.4389966322998829,5028.238404496413,4748.821766918604,4439.230607744934,615.9681914044995,413.5056404184217,213.02013675843318,86.06332838706855,130.08969727762636,29,19.490950791379984,13,6.737701396349383,-3.009580075068289,-9.713856068741904,4.162173601264249,4.035772522133488,1.0,7.0,2.174743951589196,0.0,3.7907912731170654,-1.096408918843401,-3.331249475479126,2.313394762690834,2.2935313337570085,153653.893305,154257.88312220626,12.325596809387207,4.137899145208194,0.0,9.421817779541016,1.223632753366378,-2.9069836139678955,2.3676563894221627,2.362765248164802,23.76358659826042,13.79706756771357,10.568559381994694,10.219700457544183,0.2221592711373594,-3.0166411208729436,2.9840968905271494,2.9793324577313305,338.5433349609375,15.912448468540052,0.008498118259012699,327.28441047668457,4.514138953053964,-11.536707930266857,71.88802764400293,71.86557691353944,1,0.18720621295728596,0,0.40281572248105735,"{""type"":""MultiPoint"",""coordinates"":[]}"
00000000000000000578,119,KRAMAT JATI,CAWANG,3175041007,3.175041007E12,Sangat Tinggi,Cawang 02,RW 002,24 Jam s.d 48 Jam,± 900 M,2535,Luapan Sungai Ciliwung,002,5,2020,1577865600000,400 cm,400,0,-5.955858344187908,-12.657427086483743,-16.73885889605713,1.7093830111212585,0.9964845009772342,-5.175121023968387,-10.498597597034845,2.2115125245771736,JAKARTA TIMUR,1,0.605355533418718,0,0.48737477273829644,4916.610843369583,4582.668224194056,4234.8577061483975,505.4401650321897,279.8887501276093,61.2657814211334,96.61211946288607,155.1677292853704,32,21.423153550590577,11,8.78474758324532,-1.5517292030606613,-11.939419978516263,4.8736764422573495,4.9638052747026045,1.0,7.899999618530273,2.804508746662738,0.0,4.554715156555176,-0.5167921268421422,-3.358675241470337,2.508653272374725,2.5252252388943104,146894.345195,147547.28461279688,9.597299575805664,3.3170802802176826,0.0,6.678225040435791,0.37081747755459854,-2.9892349243164062,1.9452461798494323,1.9420274780487319,26.5430362981752,14.692737507920361,11.214967978632298,13.009601856323885,1.1307801378811735,-2.3686833691293447,3.9571220029885708,3.9420739425051408,338.4923400878906,57.02372409711064,0.008498072624206543,327.5656404495239,45.733622329382065,-11.485024539753795,122.18731821367547,122.1310838250284,1,0.36397704093733674,0,0.4797727806060519,"{""type"":""MultiPoint"",""coordinates"":[]}"
00000000000000000579,195,KRAMAT JATI,CAWANG,3175041007,3.175041007E12,Sangat Tinggi,Cawang 03,RW 003,24 Jam s.d 48 Jam,± 800 M,2536,Luapan Sungai Ciliwung,003,5,2020,1577865600000,470 cm,470,0,-1.2795931193464436,-11.015546512392472,-15.92877419856923,2.898667737449784,13.044103486974322,-2.146236406224635,-8.610746698692985,4.317364984729745,JAKARTA TIMUR,1,0.9215686274509804,0,0.2910731121943447,4145.519835203624,3965.458477279951,3753.3088663802037,30.226936903606656,-56.1017152333754,-138.86411084207793,31.79137950298682,86.17903061223605,29,24.630502200880354,17,3.9413533834607257,-0.833125405548535,-8.852559971354761,3.4795492177344856,3.2564696049112345,1.0,9.5,6.193427172790961,0.0,5.667776584625244,2.1446245878088144,-4.200035572052002,3.515311835090488,3.427862999083833,69739.5280761,70018.33072710376,6.567941188812256,2.771446400756191,0.0,3.5055112838745117,-0.24324869903541646,-3.0029494762420654,1.5006252300989753,1.516438312102995,22.950107687058907,13.372230605386951,11.219196660632567,9.464734101941271,-0.10977649389717263,-2.2686898289179602,3.507797366502688,3.5088696519941456,336.49530029296875,30.483273608926876,0.008497943170368671,325.60920333862305,19.611607314549993,-10.989520763978362,116.62442079813314,116.66089127503054,1,0.0784313725490196,0,0.2910731121943446,"{""type"":""MultiPoint"",""coordinates"":[]}"
0000000000000000057a,161,KRAMAT JATI,CAWANG,3175041007,3.175041007E12,Sangat Tinggi,Cawang 05,RW 005,24 Jam s.d 48 Jam,± 400 M,2539,Luapan Sungai Ciliwung,005,5,2020,1577865600000,410 cm,410,0,-4.644090599003173,-12.266999220426626,-18.23637659271321,2.244852201758226,14.205153170846932,-2.907224169010383,-13.905819285013317,3.4426211663691335,JAKARTA TIMUR,1,0.9153301145087593,0,0.2646098363117119,4174.480904747759,3900.150514492758,3551.8690852957257,37.12011407689806,-70.59091626360707,-173.46226307905044,40.76473099357054,127.68673441823783,32,25.492184175962418,14,7.19219477264792,0.47388903072975247,-12.324453992120976,3.829418226482465,3.421691779323577,1.0,9.5,6.067707739256179,0.0,5.832918167114258,2.215824965497225,-4.280587196350098,2.7884743995935315,2.702030066812377,123281.147828,189392.52703269187,7.436324119567871,2.6196322179326663,0.0,4.404983997344971,-0.363902646390174,-2.993492841720581,1.5028134473934756,1.5105900794023654,23.062373789508392,13.761889527261435,11.11211383765157,9.577063297909907,0.2417731158769805,-2.4078314738500026,2.8159774490123697,2.810207157759947,336.5632629394531,26.432953583493404,0.008497925475239754,325.72105979919434,15.440652836975035,-11.416574658825994,94.81068315345092,94.76840688761905,1,0.06580091385019514,0,0.23860629921247914,"{""type"":""MultiPoint"",""coordinates"":[]}"
0000000000000000057b,37,KRAMAT JATI,CAWANG,3175041007,3.17504100701E12,Sangat Tinggi,Cawang 12,RW 012,20 Jam s.d 30 Jam,± 200 M,2545,Luapan Sungai Ciliwung,012,5,2020,1577865600000,230 cm,230,0,5.685254276303004,-11.875175810992447,-16.054180492278476,2.4539872645620155,14.205153170846932,-3.9280203681510946,-10.247790531501531,3.1578097334267934,JAKARTA TIMUR,1,0.7911040900451706,0,0.4110888989503812,4534.172513765277,4276.664032222506,4013.6813201368936,250.4688889794761,80.07568896015714,-65.5759624807306,73.32810293797245,131.7907489579371,30,22.77866363883197,14,6.715288220552885,-0.9526211443837563,-10.02184031507172,3.587803987826113,3.4766280791578725,1.0,7.899999618530273,4.949506989252302,0.0,4.554715156555176,1.4875577907521285,-3.6392335891723633,2.7453969934881663,2.7355655924164313,141436.644407,141979.1300221955,8.51725959777832,2.8772601702393765,0.0,5.5577709674835205,-0.08344969332969973,-2.9679911136627197,1.6378999014080409,1.6390657742558667,26.542708236401694,14.200935133597755,11.083805469553548,13.024272486197988,0.6544336927406504,-2.4356580236892587,3.995811988637422,3.983422451052718,336.80120849609375,56.15165743540323,0.008498021401464939,325.7805862426758,44.95826047610618,-11.456815807148814,130.71008881001953,130.63410617382434,1,0.1966035593513192,0,0.4037952755903493,"{""type"":""MultiPoint"",""coordinates"":[]}"
000000000000000005e8,657,KRAMAT JATI,CAWANG,3175041007,3.17504100701E12,Sangat Tinggi,Cawang 08,RW 008,24 Jam s.d 48 Jam,± 1500 M,2733,Luapan Sungai Ciliwung,008,5,2020,1577865600000,490 cm,490,0,-1.5857424913867826,-13.144865038611266,-18.016060683168174,1.801238406327055,1.304013159316395,-4.374935617645133,-12.173264691333728,2.4187917219274273,JAKARTA TIMUR,1,0.7840779545084413,0,0.45875184373714667,4537.966801051652,4321.411577626683,4075.384783197904,177.02096580767557,53.51385046711781,-53.766654883285355,48.86274321299652,104.37227275467194,24,19.258075023071495,11,-1.149516648762738,-5.771392594647422,-14.510490511992117,2.512806027752662,2.400331147522898,1.0,6.69999885559082,1.5277396879200826,0.0,2.8255198001861572,-2.3916803312045367,-4.155953884124756,1.5801370617145674,1.554950312097166,128465.565706,129003.75451024827,9.504671096801758,3.2256579649826307,0.0,6.360450983047485,0.12311942757039929,-3.1646835803985596,2.0356595555404593,2.0394134900449243,23.75162406207997,14.811958904629805,10.834797101886753,10.253953984776233,1.3233157802292712,-2.6385992999503802,3.6079690062874663,3.6096549109387595,336.49530029296875,54.97155140242216,0.008497979491949081,325.60920333862305,44.04924982565031,-10.982599571347237,123.01263321489522,123.02048703735927,1,0.19502198577710225,0,0.4482158732221166,"{""type"":""MultiPoint"",""coordinates"":[]}"
0000000000000000045a,25 KK,PASAR REBO,GEDONG,3175051001,3.175051001E12,Sangat Tinggi,Gedong 01,,3 jam,800 m2,2050,Luapan Sungai Ciliwung Rt. 010/001 Kel. Gedong,001,5,2020,1577865600000,100 - 200,200,100,5.688535885038992,-11.935347771495158,-20.61642382967833,3.729227671372175,10.343574504462964,-5.225444183356111,-14.031249566183199,3.4834651910646985,JAKARTA TIMUR,1,0.8391717647058822,0,0.3905164832608977,3613.123075758068,3438.7553550775565,3111.4743579302713,713.2188823406455,583.7198273691005,295.3035715595729,97.05959929948666,116.16010361891794,45,38.773684705882346,24,6.309846043683095,0.5393394221710542,-15.239240959539082,4.195685548743698,4.042555799584354,1.0,15.299999237060547,8.94176077615177,0.0,9.816160678863525,3.598371205148135,-5.451915740966797,4.388372643210881,4.452006892012119,185225.178124,185950.93304571355,10.515218734741211,2.808370153242,0.0,7.2556374073028564,-0.3647823442223494,-3.1724939346313477,1.7814241764844272,1.7964665681408667,23.017510239563595,13.293754896805435,11.02044649326855,9.437199102539408,-0.28676912628808526,-2.551728045663454,2.3963999803182334,2.39606551801172,323.0182189941406,16.742315904365032,0.008497227914631367,310.02273750305176,4.5759347211805705,-12.954964648000896,74.72207431041703,74.93471694712416,1,0.13682823529411764,0,0.373285334373018,"{""type"":""MultiPoint"",""coordinates"":[]}"
0000000000000000045b,41 KK,PASAR REBO,GEDONG,3175051001,3.175051001E12,Sangat Tinggi,Gedong 03,,3 jam,1500 m2,2052,"Luapan Sungai Ciliwung Rt. 001/03, Rt. 012/03, Rt. 013/03 Kel. Gedong",003,5,2020,1577865600000,100 - 200,200,100,-3.1889432331960004,-13.090170639748871,-20.460365760713596,2.5307398654096267,5.846204113329804,-6.677019419882169,-15.464268859602859,2.8750034932240314,JAKARTA TIMUR,1,0.5910445465556691,0,0.49219508327491446,3756.7464877996586,3368.9392096740667,2987.3034691983003,710.9541711323031,399.91504046773207,93.52322357816638,152.31606263539433,211.76583879735279,44,34.078134312575706,19,7.655710705335991,-3.0035471646545675,-18.054206945934787,6.168791002114685,5.432488932340313,1.0,16.100000381469727,4.710814215230114,0.0,10.91759443283081,-0.48429247300378647,-5.83653450012207,4.637203295920412,4.5463803905498175,362983.671871,364425.86317289993,15.540666580200195,4.04961525402867,0.0,12.45546007156372,0.9765956692187456,-3.0521578788757324,2.569245903870496,2.578358973675585,26.50760780654192,13.720813388293294,10.441098165048516,12.960397701027276,0.16236339554028936,-3.0668690237419405,3.1097303060196757,3.1047561978711067,325.1679992675781,34.17459758784715,0.008497260510921478,312.69088649749756,22.10539304138538,-13.864449467509985,98.08770488121714,98.32305920029576,1,0.3784630765385577,0,0.48488761584515644,"{""type"":""MultiPoint"",""coordinates"":[]}"
0000000000000000045c,20 KK,PASAR REBO,GEDONG,3175051001,3.17505100101E12,Sangat Tinggi,Gedong 09,,3 jam,700 m2,2058,Luapan Kali Baru di Rt. 001/009,009,5,2020,1577865600000,100 - 200,200,100,-6.255842666446912,-12.998290764509566,-17.369878108277014,1.689991800714172,2.866415498503006,-4.771945776008009,-10.311090204836606,2.338539085981044,JAKARTA TIMUR,1,0.9668708093553665,0,0.23648262545110654,3151.3226391168187,2864.5147155592795,2623.82556060524,562.5067892826132,330.05100952014214,159.62550626282973,94.98444035903351,131.58322908839088,48,39.478828995301214,30,10.847905477982103,2.4160198799259676,-6.383029001073034,3.7737384897069575,4.022892853426922,1.0,11.100000381469727,3.5576286003246125,0.0,6.590054035186768,-1.139364554860525,-4.997221946716309,3.282870739277122,3.2613646845347946,132085.623756,132597.37555529948,7.479633808135986,3.1119870091339314,0.0,4.384637117385864,0.03602701729538889,-3.04545521736145,1.4365287974604932,1.4406322533452305,18.910734815424444,13.642781365489423,11.077837177929789,5.3371864770029624,0.05025688282963597,-2.5066308558750254,2.418590187401622,2.419641367551604,2.6424989700317383,0.5822199671155299,0.00849720649421215,-4.47383451461792,-8.008288524659283,-9.62757106591016,1.3340168500891378,1.0482393285682985,1,0.033129190644633336,0,0.23648262545110657,"{""type"":""MultiPoint"",""coordinates"":[]}"
0000000000000000028f,70,GAMBIR,KEBON KELAPA,3171011005,3.171011005E12,Sedang,Kebon Kelapa 03,Batu tulis raya,4 -5 jam,4 m,1323,Curah hujan tinggi,003,3,2020,1577865600000,"± 40 Cm
(Sedengkul Orang dewasa)",40,0,-1.774955893966896,-10.474092147978485,-17.3656911430418,2.8098852080820724,10.119149040155893,-2.384649313099237,-11.930138534822445,3.833522575010217,JAKARTA PUSAT,1,0.9899098545380044,0,0.1045352924222345,1328.210458360942,1080.4737881229428,840.0340520953622,132.6062672237863,-55.517703809189065,-231.43572340310357,85.83690567772011,106.8642354615432,53,6.638368162261833,-1,45.57622627998686,-0.6388074372708606,-8.38725384890681,7.346667969362835,7.3745296746039415,0.5852910635585579,5.300000190734863,1.6105306061216371,0.0,3.370526432991028,-0.26473852248373564,-1.9370713233947754,1.3423991053035431,1.3678590389853256,136325.504674,136806.49055752502,38.78722381591797,6.357122355047442,0.0,34.371681690216064,2.0828837509393163,-4.319481372833252,6.492781312127543,6.538732763773369,22.791161968735132,12.726205548240271,9.26633692942165,9.466600531890355,-0.6242943353482209,-4.036762261644647,2.7434998450486523,2.7483668045809493,363.1382141113281,10.154100688246112,0.00849937740713358,347.3870840072632,-5.355719301245512,-15.897845990024507,82.87642089187236,82.9408255097078,0,0.0,0,0.0,"{""type"":""MultiPoint"",""coordinates"":[]}"
0000000000000000029a,-,SAWAH BESAR,PASAR BARU,3171021001,3.17102100101E12,Sedang,Pasar Baru 07,Sudah dihubungi,5 Jam,200 m,1348,"1. Intensitas hujan tinggi;
2. Meluapnya air sungai ciiwung;
3. Kurangnya resapan air disekitar wilayah;
4. Sempitnya saluran air di sekitar wilayah",007,3,2020,1577865600000,50 cm (Jl. Lause dan jl krekot bunder 4) perbatasan kelurahan),50,0,2.9586749350648236,-8.803687459979624,-17.2069420799559,3.170743677095465,10.609217699795458,-2.7448330785386235,-11.728401750388233,3.5895946535466434,JAKARTA PUSAT,1,1.0,1,0.0,1577.0261195713756,1469.0104538969442,1302.0362575498923,564.8254687305753,444.78609120584434,263.68351056876736,67.32403077132892,69.59023333374901,24,9.942187752464047,4,16.933333333334502,2.9065931037239228,-3.131972789114471,3.5992357481330237,3.5853556843766,1.0,3.6000003814697266,2.744611556434848,1.0999999046325684,1.7889727354049683,0.9253063279489531,-0.7272325754165649,0.6818490005805216,0.684763286378633,107900.807588,108375.05123399913,15.068674087524414,4.505119709166134,0.0,11.060919284820557,0.5341546124663872,-4.0508527755737305,3.375595347298078,3.3903718335899327,16.648659309536438,12.164299179931904,10.359933051654611,3.3488467057429574,-1.1812669323545402,-2.951810559437982,1.0773547308002642,1.0816159156546095,0.05949627608060837,0.012572739952457395,0.008499441668391228,-13.44505426287651,-14.387399792963679,-15.380943905562162,0.4646044684999851,0.009986677574537584,0,0.0,0,0.0,"{""type"":""MultiPoint"",""coordinates"":[]}"
0000000000000000029c,37,SAWAH BESAR,PASAR BARU,3171021001,3.171021001E12,Sedang,Pasar Baru 01,Sudah dihubungi,dari malam hingga pagi,200,1350,"1. Intensitas hujan tinggi;
2. Meluapnya air sungai ciiwung;
3. Kurangnya resapan air disekitar wilayah;
4. Sempitnya saluran air di sekitar wilayah",001,3,2020,1577865600000,Sepaha orang dewasa,75,0,-0.4786524465706638,-9.720625408158881,-17.094303508323932,3.4763224006512305,17.500209281432248,-1.41078411374193,-10.088162774705223,4.0714541132802475,JAKARTA PUSAT,1,0.966871514149969,0,0.17622734816346616,1878.3732438998293,1609.4544431929617,1379.069335874412,473.23826759982694,301.9727545964244,73.58930443272766,109.2600726116239,129.31077916265122,16,8.379260483371207,2,8.82005012531446,1.0180703477654311,-5.398639455781109,2.8634805985381893,2.7662207912159467,1.0,3.40000057220459,2.0986806711451718,0.0,1.5637240409851074,0.2094060201932764,-1.9711493253707886,1.107267255103432,1.094485942818641,135129.838878,135642.22376780657,10.479788780212402,3.364571539805561,0.0,6.314463138580322,-0.916393811336802,-4.391393661499023,2.187812685189693,2.150627469567994,18.034947096168366,12.996814910350121,10.789455117164067,4.7967151086997575,-0.25287859041200433,-2.4909140604702635,1.360629807136643,1.3559856158421169,0.34847524762153625,0.03998698152932519,0.008499356918036938,-12.02049657702446,-13.654863325217018,-14.623317507095635,0.5823433782688585,0.05259651898556634,1,0.03312848585003098,0,0.1762273481634661,"{""type"":""MultiPoint"",""coordinates"":[]}"
0000000000000000029d,72,SAWAH BESAR,PASAR BARU,3171021001,3.171021001E12,Sedang,Pasar Baru 02,Sudah dihubungi,setengah pagi hingga sore,3 m2,1351,"1. Intensitas hujan tinggi;
2. Meluapnya air sungai ciiwung;
3. Kurangnya resapan air disekitar wilayah;
4. Sempitnya saluran air di sekitar wilayah",002,3,2020,1577865600000,30-40 Cm,40,30,-1.8253485014967765,-10.348796300883665,-18.195175491399386,3.103935195286784,5.891875295157638,-3.770378031988182,-14.673315512108374,3.335884997261439,JAKARTA PUSAT,1,0.9688093518444213,0,0.19542481274908904,1692.8250687230054,1519.7092070671063,1318.4560267800225,489.21734689681443,359.839300761605,137.8219980002873,82.54423227045032,92.17834189195978,18,9.415803975068885,5,10.998138202650612,2.239170187115776,-2.3716433941985695,2.966393997633644,2.903264540077156,1.0,3.6000003814697266,2.5925475422772175,1.0,1.7598356008529663,0.7434036055043107,-0.865578293800354,0.6756216034367791,0.6716659363702604,130512.74089,130965.52111923954,10.479788780212402,3.3571488408532404,0.9274099469184875,6.314463138580322,-0.7985786615939627,-3.341122806072235,2.1997904835608484,2.1935091707828422,15.368478687807032,12.435070196411091,10.763500558676649,2.078910627392217,-0.8594002381032914,-2.5422086958181005,0.8986182900620833,0.8969322086265172,0.09349377453327179,0.017647760136289287,0.008499406278133392,-12.72150132805109,-13.990872622769702,-14.751449288800359,0.43323718877219247,0.02123541461933824,1,0.017548083353395933,0,0.1661385399683346,"{""type"":""MultiPoint"",""coordinates"":[]}"
0000000000000000029f,243,SAWAH BESAR,PASAR BARU,3171021001,3.171021001E12,Sedang,Pasar Baru 04,-,6 Pagi hingga 3 Sore,-,1353,"1. Intensitas hujan tinggi;
2. Meluapnya air sungai ciiwung;
3. Kurangnya resapan air disekitar wilayah;
4. Sempitnya saluran air di sekitar wilayah",004,3,2020,1577865600000,"50 - 60 cm
bervariasi",60,50,1.2062649653558624,-7.73429708670424,-15.79402918986078,3.497615306008533,13.399857331883908,-3.1538066339294297,-10.233837771671993,3.184784645623799,JAKARTA PUSAT,1,0.9650597301543757,0,0.24505752379442983,1466.7630786537025,1187.496798665883,875.1549798115764,178.38975702221978,-103.76791240895031,-395.09750695145885,142.3015660634322,143.48748211482857,12,7.546125645310125,2,5.1523809523820665,0.6396326162915161,-5.126602219834141,2.130262401035035,2.122152609852853,1.0,3.0,1.8242163658142097,0.0,1.2090153694152832,0.06967182508099927,-1.8354028463363647,0.8734301669278424,0.8838645363685961,139858.573327,140450.59893415635,7.8801188468933105,2.7551518229813072,0.0,3.7155814170837402,-1.4147660070073091,-4.158590316772461,1.3729818601200858,1.3702824884683427,17.65805086866086,13.236712887255225,11.406532369312783,4.464685923798635,0.005178381640925846,-1.838698241886222,1.5357729831524565,1.533059640815508,1.096421480178833,0.10445398591784155,0.008499406278133392,-7.023998022079468,-11.025628942378429,-12.784138393588364,1.447512166280001,0.2953150176077445,1,0.011247724268648528,0,0.10286301637257403,"{""type"":""MultiPoint"",""coordinates"":[]}"
000000000000000002a1,80,SAWAH BESAR,PASAR BARU,3171021001,3.17102100101E12,Sedang,Pasar Baru 06,-,hingga saat ini RT 07 dicekungan,Sepanjang gang,1355,"1. Intensitas hujan tinggi;
2. Meluapnya air sungai ciiwung;
3. Kurangnya resapan air disekitar wilayah;
4. Sempitnya saluran air di sekitar wilayah",006,3,2020,1577865600000,"70 cm, 40 cm",70,40,2.7813334204968747,-8.724483684168092,-15.164045870525458,2.85773679889047,3.379059470428795,-3.376629933994562,-10.498823903974683,2.5199463627604706,JAKARTA PUSAT,1,1.0,1,0.0,1495.8107119745314,1330.8169373651322,1173.410462922962,429.21076798889294,296.2032418134923,103.64954715613385,81.0441376725674,81.22850344484173,18,7.976566698914328,2,10.998138202650612,1.0267699623295912,-4.813605442175767,2.893892117565592,2.9130744247558567,1.0,3.5,2.457067852979782,1.700000286102295,1.679269552230835,0.6333786350263777,-0.1124809980392456,0.3876484011825709,0.3964195628506613,64953.1369053,65188.147181214896,12.190571784973145,4.089987145147567,0.0,8.082373142242432,0.07363435163762397,-4.062243938446045,2.5784661572290855,2.583008508854737,15.955513115145958,12.788732450198548,10.763500558676649,2.6559236695900434,-0.519591468001917,-2.5422086958181005,1.0322811727247534,1.0314331810514057,0.12749247252941132,0.02978656446254081,0.008499459363520145,-12.299173787236214,-13.261526511690017,-14.011352192610502,0.39703884288006785,0.029949796971757706,0,0.0,0,0.0,"{""type"":""MultiPoint"",""coordinates"":[]}"
0000000000000000020a,229,SAWAH BESAR,GUNUNG SAHARI UTARA,3171021004,3.171021004E12,Sedang,Gunung Sahari Utara 03,biasanya tidak pernah banjir,cukup lama,Cukup luas,1122,"1. Curah hujan tinggi;
2. Dataran rendah",003,3,2020,1577865600000,40 Cm,40,0,5.492290551233959,-10.056695382724998,-17.424186224575323,4.13433914630906,9.096068179905348,-4.745470941177275,-12.232677411335395,3.6175017484572343,JAKARTA PUSAT,1,0.9052742907067642,0,0.27722670540030714,1057.6978978086688,870.9385244314893,524.765112121048,348.0041594857712,108.52180220279922,-310.82609714361297,143.06497616941354,117.07748440427919,23,5.927208350577093,-2,17.588900823488316,0.41582868328895356,-7.518438954528128,3.2973961520152275,3.287571750129828,1.0,3.1999998092651367,1.0565273243368567,0.0,1.4989901781082153,-0.6293153832397704,-1.7316648960113525,0.9878907347050166,0.9843441005805934,227522.144051,228472.59756722915,16.29625701904297,4.026855767111258,0.0,12.628257274627686,0.3530169517526782,-3.7782649993896484,2.851451089131969,2.834502813562441,20.17503793310794,13.073836229487593,10.277588682621488,6.998392604043717,-0.09668990199083681,-2.9093560130385914,1.8706400244851609,1.893782985205733,0.6544702649116516,0.12512998864928543,0.008499613963067532,-0.1596011370420456,-1.158768334903503,-4.4841183796525,1.2728541728307958,0.21780422516305403,1,0.049202188807651634,0,0.20425742004742553,"{""type"":""MultiPoint"",""coordinates"":[]}"
0000000000000000025e,40,SAWAH BESAR,MANGGA DUA SELATAN,3171021005,3.17102100501E12,Sedang,Mangga Dua Selatan 11,-,3 Jam,300,1259,curah hujan intensitas lebat dan ekstrim,011,3,2020,1577865600000,RT 02 (30 CM) dan titik terdalam 50 CM,50,30,2.7632951971315034,-10.788196770288128,-19.190371092052807,3.2205087707018483,12.089458538277846,-2.702119968695919,-14.190133834630931,3.987364701242615,JAKARTA PUSAT,1,0.9940237829047668,0,0.14400547006751196,473.0168798317619,306.09557568734357,92.76624232772798,-385.6828323908448,-549.2781865793523,-753.8787789567796,90.41591251470327,92.17429477293017,14,8.009940034556351,0,8.708986752596804,2.8752738233437785,-5.189330469028729,2.7197981633903554,2.7666960716921762,1.0,5.199999809265137,3.20624446333854,0.0,3.5146830081939697,1.5148138850742574,-1.6749159097671509,1.132234895431194,1.1276366988643935,171617.131953,172308.14539489042,10.49409008026123,3.5808504864008563,0.0,7.498907804489136,0.44854118950374944,-3.252037525177002,1.7628871993599662,1.7437424810177486,15.95555902573679,12.201634223526332,10.733950200469359,2.586318265119951,-1.2185110729149726,-2.737404614990785,0.8942476283860453,0.8830024395460905,0.9179623126983643,0.01397758651316917,0.008499781601130962,-4.693619012832642,-6.958847994657175,-8.401130962185562,0.6040173887262309,0.06051894033853156,1,0.005325744486228272,0,0.12908090009938827,"{""type"":""MultiPoint"",""coordinates"":[]}"
0000000000000000025f,Perkantoran dan ruko2,SAWAH BESAR,MANGGA DUA SELATAN,3171021005,3.17102100501E12,Sedang,Mangga Dua Selatan 12,-,jam 4 pagi sampai 3 Sore,400,1260,"curah hujan intensitas lebat dan ekstrim
2. Jalan raya akses ruko dibangun jembatan (dibawah bibir kali)",012,3,2020,1577865600000,"Mangga dua dalam sekitar 60 cm , mangga dua raya 40 cm",40,30,7.343347108554536,-10.29861422382477,-16.86241502168532,4.257804523171919,10.513721373238752,-2.6434411311897184,-9.95772453909062,4.050176922325722,JAKARTA PUSAT,1,0.938792896887729,0,0.27569005414087633,855.2624952764933,609.5531646346504,371.0649693109119,-45.60044825170189,-293.180930726433,-515.8835013230669,111.98454731920619,116.63406625184308,29,10.799233247251136,1,23.640100250627594,5.4723781503043885,-3.9595417114204574,5.0091030835900465,5.054261292951043,1.0,9.300000190734863,5.347570616674447,2.200000047683716,7.625766634941101,3.6571443977423472,0.5270462036132812,1.6270971149716837,1.6246037694910394,131048.39101,131563.4525074943,19.9021053314209,6.0640747981414105,0.0,16.91244101524353,3.0494024886138167,-3.067312002182007,4.140324608094271,4.122402343513536,15.95555902573679,11.960012731609867,10.063812765470697,2.5480483827112277,-1.516895997697542,-3.466651439848066,1.2462274941399478,1.2185562046562062,0.1104981079697609,0.01602028480535988,0.008499824441969395,-7.284394972026348,-9.161442017278908,-10.871006546542048,1.0277691194189413,0.016892729576551798,1,0.05441814648172305,0,0.26714292604942724,"{""type"":""MultiPoint"",""coordinates"":[]}"
000000000000000002a7,46,MENTENG,PEGANGSAAN,3171061002,3.171061002E12,Sedang,Pegangsaan 01,Belum kirim data,-,-,1374,"1. Curah hujan tinggi;
2. Hulu Kali Ciliwung meluap;
3. Rembesan dari mikrobiologi UI saluran airnya jebol (kerumah warga)",001,3,2020,1577865600000,20 - 60 cm,60,20,11.614392409507783,-9.608634548530565,-16.928421605106394,3.7757430856768996,13.84157293084132,-3.6226865770860806,-11.590953417663119,4.036609393161971,JAKARTA PUSAT,1,0.9292281879194632,0,0.27084393610189494,2163.661985914175,1805.6916436324807,1521.4794995326806,-139.01177271361348,-271.3834481293248,-380.0654816020781,47.77362665726784,155.4166386535339,30,12.512046979865763,3,18.734765485142397,1.1906828252327968,-8.02398854278453,3.500382767642641,3.5297424269348734,1.0,3.299999237060547,1.3451558256629326,0.0,1.1716067790985107,-0.7911201485591444,-2.1558611392974854,0.9545438530190276,0.9872852293039642,207817.484003,208695.91734979232,19.0362606048584,3.957498072067762,0.0,15.820010423660278,0.8331258837268659,-3.526803493499756,2.909635230119476,2.91768274685773,23.816822052939578,13.718928982529924,10.11179672125586,10.263970038003501,0.18157406019492237,-3.4259284599228454,3.4711087820877964,3.476833557680984,357.290771484375,40.37408503684321,0.0084988409653306,343.17949962615967,26.31537333905996,-14.217916757799685,115.81174324129229,115.85239112573923,1,0.053305369127516766,0,0.2194348395612568,"{""type"":""MultiPoint"",""coordinates"":[]}"
00000000000000000031,700-800,TANJUNG PRIOK,PAPANGGO,3172021003,3.17202100301E12,Sedang,Papanggo 06,,,,77,"saluran dangkal tidak berfungsi , waduk penuh lumpur sampah dan enceng gondok",006,3,2016,1451635200000,51 - 60 cm,60,50,-1.3558236523690814,-12.823458847322007,-16.254180863092294,2.5116198087551473,2.3685627726033305,-4.601314726066439,-9.41980429086,2.389432877138717,JAKARTA UTARA,1,0.9823104250888152,0,0.18467177069477,1416.0152335820305,1128.4039689862252,747.9053559872657,586.8229257700483,306.2645629235526,-62.6404190639463,169.0541035088169,170.94752806482083,8,1.97336763444812,-15,3.9835302542075715,-1.8354003399841772,-18.696025778732032,3.8169836160142157,3.8664444802802858,1.0,4.900000095367432,1.4545461572225693,0.0,2.7454349994659424,-0.7071656856308466,-2.1803653240203857,1.341873610598839,1.3399046519150757,142341.615727,142949.0513998608,16.816743850708008,3.637930765024049,0.0,13.68046236038208,0.593673314984546,-3.064542531967163,3.120512024946782,3.143580274012843,21.3074332964077,13.925993622519481,10.946678813487447,7.908075962117643,0.5368421441735275,-2.467441379314243,2.2645089020260984,2.2633387154975684,2.2694931030273438,0.46072478799922256,0.00849994271993637,0.5117512941360474,-1.118032049998672,-3.0883964421227574,0.7768297098076168,0.7934127381220438,1,0.01768957491118461,0,0.18467177069476992,"{""type"":""MultiPoint"",""coordinates"":[]}"
00000000000000000321,224,TAMAN SARI,MAPHAR,3173031003,3.173031003E12,Sedang,Maphar 01,Nihil,2 jam,5.345 m,1623,"Intensitas hujan yang tinggi, air tidak tertampung ke saluran dan adanya limpahan dari wilayah Kel. Kebon Pala Jak Pus dan masih adanya pendangkalan dan penyempitan Kali beton yang dikarenakan bangunan di bantaran Kali Beton yang memakan badan kali",001,3,2020,1577865600000,5 - 75 cm,75,5,-5.9908121983272,-10.260394758331609,-16.312174345488,2.5686464176541435,3.883950622712075,-2.782119045746808,-8.33650390726239,2.523865618646389,JAKARTA BARAT,1,1.0,1,0.0,1147.455046826599,917.9118593102709,706.486653451565,169.2249636340589,-37.975226447525515,-225.31423938373644,92.50376461169306,111.5055878938942,11,6.201769911504426,2,4.142713927677449,-0.7338560585212699,-4.987325456497261,2.0164369820894037,2.0065815203767845,1.0,4.600000381469727,1.6199313556879142,0.0,2.8817403316497803,-0.13331276757901578,-1.7692804336547852,1.0800190715660727,1.0738886847365694,61060.3017028,61396.84172190527,6.7241621017456055,2.7782993612580738,0.9274099469184875,2.9699299335479736,-0.8995311230276439,-2.9148187041282654,1.3847053468139146,1.3992023340467579,16.864828659808378,13.226770704796175,11.185673392734452,3.416297176977377,-0.2411708439545828,-2.254228980558983,1.5405332060403514,1.538553160263458,0.5949616432189941,0.0733850364735743,0.008499459363520145,-14.300459384918213,-15.027740041839339,-15.615688963793218,0.28946140071896204,0.19110051723302485,0,0.0,0,0.0,"{""type"":""MultiPoint"",""coordinates"":[]}"
00000000000000000322,127,TAMAN SARI,MAPHAR,3173031003,3.173031003E12,Sedang,Maphar 02,Nihil,2 jam,4.226 m,1624,"Intensitas hujan yang tinggi, air tidak tertampung ke saluran",002,3,2020,1577865600000,20 - 40 cm,40,20,0.39237166917442,-8.576959989432327,-15.299629220339117,2.899830200688388,10.788346733524715,-2.057724152038772,-8.917744539507233,3.0881141214650487,JAKARTA BARAT,1,1.0,1,0.0,955.0869205754603,726.816103017102,463.8312116386399,45.36275874973592,-172.3920850105591,-416.36555802231095,125.07188636980788,139.9947749041097,11,7.23539595666257,2,4.16963838166956,0.43036884867574704,-4.7564625850329225,2.072367055346174,2.1010032310140683,0.8388213751509289,4.800000190734863,2.887775176412684,0.0,3.073369264602661,1.1827451715279758,-1.7225421667099,1.7196073168523043,1.7188096599208418,62533.3509655,62738.416979437985,8.339978218078613,2.5214070477199915,0.0,4.9894280433654785,-0.935728315663021,-3.4283065795898438,1.423245548540927,1.4249734845742164,23.83500958840857,14.276975802725193,11.310936308408547,10.322048991417855,0.7592004142184131,-2.187454250821805,3.5729185090944595,3.5755982612339334,363.5801696777344,43.603883578662206,0.008499491959810257,349.0894136428833,28.88343494223407,-14.87127772346139,121.35871426461392,121.29920875392838,0,0.0,0,0.0,"{""type"":""MultiPoint"",""coordinates"":[]}"
00000000000000000323,366,TAMAN SARI,MAPHAR,3173031003,3.173031003E12,Sedang,Maphar 03,Nihil,2 jam,6.727 m,1625,Intensitas hujan yang tinggi air tidak tertampung ke saluran dan adanya limpahan dari wilayah Kelurahan Kebon Kelapa Jakarta Pusat dan masih adanya pendangkalan dan penyempitan Kali Beton yang dikarenakan bangunan di bantara Kali Beton yang memakan badan,003,3,2020,1577865600000,20 - 50 cm,50,20,-0.001012960331182795,-10.153353826552884,-15.51207224475596,2.832254438094596,9.161854441589831,-2.3575972489661776,-7.374514986297715,3.039262718576752,JAKARTA BARAT,1,1.0,1,0.0,1394.5824148206966,1204.01612444992,968.5080035813519,405.4524154461225,217.6461603229866,12.275297987719,96.12792437459886,108.03116830709017,11,7.198155902381254,3,4.056856426782379,0.22402360000694502,-3.951879699246989,1.8929679203548595,1.8928493028221982,1.0,2.6999998092651367,1.6482425585508256,0.0,0.9476903676986694,-0.11343108055752225,-1.7703330516815186,0.9793195031417369,0.9836077603753768,82495.3559843,82807.33860470194,7.034380912780762,2.223128744920881,0.0,3.245380163192749,-1.6120722333685986,-3.9740023612976074,1.2630668021691656,1.2557767022868302,19.998562520215145,13.850719558998538,11.140136792088427,6.554546139481193,0.40054878006580813,-2.3312999684702707,1.7322806285053796,1.735656929255783,0.5949616432189941,0.12037493176996997,0.008499441668391228,-14.322591304779053,-15.2285972049332,-15.565813704393804,0.3010075525951277,0.21235858990070855,0,0.0,0,0.0,"{""type"":""MultiPoint"",""coordinates"":[]}"
00000000000000000325,532,TAMAN SARI,MAPHAR,3173031003,3.173031003E12,Sedang,Maphar 05,Nihil,2 jam,8.709 m,1627,"intensitas hujan yang tinggi, air tidak tertampung di saluran",005,3,2020,1577865600000,15 - 50 cm,50,15,4.042319175177454,-9.581836991460465,-15.498466239334856,3.019026438263816,3.2470178390083886,-3.758184120911147,-10.912834284961196,2.4815026549626515,JAKARTA BARAT,1,1.0,1,0.0,1081.8309929570876,899.8849917276034,622.2948715860543,219.92892647180895,44.15912266671579,-224.96864366785735,101.05463283983444,104.09933880785036,13,8.276646086731487,4,6.360042964555351,1.591053903753796,-2.6610096670235768,1.9721015612574986,1.9620458863518906,0.8131666975997365,4.5,2.2549447496169424,0.0,2.903873920440674,0.6372452379749408,-1.6097029447555542,1.5492349501977631,1.5502873883223136,94362.8435387,94743.32598099815,7.436302185058594,3.0310815854907114,0.0,4.210567235946655,-0.21714250772531474,-3.296220064163208,1.504333613178256,1.4911808166599358,26.619522806713306,14.323318305057901,11.083986220407464,13.026661922840997,0.7613675773158922,-2.481927619624406,4.142468876354469,4.154447388513239,363.8521728515625,67.74048642911552,0.008499545976519585,349.16827297210693,52.811763209105465,-15.076876222155988,146.37872010239607,146.32443480182638,0,0.0,0,0.0,"{""type"":""MultiPoint"",""coordinates"":[]}"
00000000000000000329,44,TAMAN SARI,MAPHAR,3173031003,3.17303100301E12,Sedang,Maphar 09,Nihil,2 jam,8.543 m,1631,"intensitas hujan yang tinggi, air tidak tertampung di saluran",009,3,2020,1577865600000,10 - 40 cm,40,10,0.5895676178295647,-9.18012442640228,-15.974443065770668,3.086458239732622,9.366278787739596,-3.9139682283726147,-10.090997862604716,3.35779710880131,JAKARTA BARAT,1,0.9920305028596431,0,0.08032023946008404,1288.7498256496885,1091.3776844553713,798.0053903044136,442.2182650369559,232.58443116892474,-71.36785815251153,114.4962718932481,108.66843150016842,22,8.415632715567082,2,15.370068027211989,1.831766863303866,-4.545793054062637,3.386187298946241,3.3931973358312146,0.6903367417873729,4.40000057220459,2.4805388823410057,0.0,2.7918014526367188,0.8510542610986133,-1.6749588251113892,1.6285292747985731,1.6324656743900086,111615.45457,112071.13694623916,14.630192756652832,4.484839703469148,0.0,11.382059812545776,1.26350020574332,-3.2266721725463867,2.8985382183117028,2.89932652093329,23.830263809211093,14.169800928618423,10.390845071210187,10.264871769869849,0.6141916443341456,-3.160362463719606,4.111449164809219,4.116590642606454,364.013671875,65.5548600716647,0.008499596267938614,350.3670959472656,51.240113608104735,-14.775877484120429,140.31711534918128,140.3248209062457,1,0.007969497140356909,0,0.0803202394600843,"{""type"":""MultiPoint"",""coordinates"":[]}"
00000000000000000343,50,TAMAN SARI,MANGGA BESAR,3173031005,3.173031005E12,Sedang,Mangga Besar 01,,1-2 jam,700 m2,1657,Intensitas Hujan yang tinggiMeluapnya kali anak ciliwung,001,3,2020,1577865600000,60 cm,60,0,0.09205588985347618,-10.838927750270443,-15.433462353888386,3.3343270148153583,5.628060414080914,-2.6243176356146747,-7.910951809297334,2.8160128481004807,JAKARTA BARAT,1,1.0,1,0.0,1147.455046826599,944.4363906721011,764.9700312177328,256.95731419321396,50.51285534439916,-134.50752934924947,119.92340272646464,117.17975645752384,10,5.82260101010101,1,4.2389545291811634,0.06467721093064219,-4.7182241317568785,2.067738674578197,2.0719062795333962,1.0,2.8999998569488525,0.9407038927605055,0.0,1.298338532447815,-0.6807602003705923,-1.637321949005127,1.1453890650252754,1.1406248090566926,44284.6538219,44461.37672881121,7.605895042419434,2.350318020458963,0.0,4.67294979095459,-0.5957114464283517,-2.9509825706481934,1.4517924716040966,1.4486112326822942,23.83154239839048,16.761793056592207,11.536712759154948,10.215565142068774,3.16998759344037,-2.062714314897459,4.10225101816602,4.104108234040173,368.0934753417969,69.8852065478776,0.008499767631292343,355.3718557357788,57.30091967132796,-12.952067706733942,149.93577098153196,150.13612202676453,0,0.0,0,0.0,"{""type"":""MultiPoint"",""coordinates"":[]}"
00000000000000000344,312,TAMAN SARI,MANGGA BESAR,3173031005,3.173031005E12,Sedang,Mangga Besar 02,,1 jam,700 m2,1658,Meluapnya kali anak ciliwung,002,3,2020,1577865600000,40 cm,40,0,-0.31704752611878734,-10.573719409930334,-19.304314016815464,3.5303220011792913,9.023758112352308,-3.216605628072779,-11.964930674196577,3.4094853178392968,JAKARTA BARAT,1,0.9193001491930015,0,0.24726647766958781,1085.8010282911528,892.7932492442789,675.3484381614854,196.07176689628318,-0.804997435986985,-220.82329964898292,113.60392367967702,111.26409613025797,10,4.7860210678602115,1,4.1815252416766855,-1.1041409171584722,-4.98947368420942,2.1086936776219054,2.0962098068172645,1.0,2.8999998569488525,1.6082959735612872,0.0,1.298338532447815,0.0168522079941959,-1.6204153299331665,0.9871705262317816,0.9857123907892243,77150.1334106,77488.54802502363,12.72712230682373,2.8050357093565923,0.0,9.794620990753174,-0.14758347545794778,-2.9523677825927734,1.7468363454872293,1.7425656053564893,23.83154239839048,13.92689884826796,11.31098546968419,10.215565142068774,0.3324639314227742,-2.285115578378326,3.74377603423914,3.74550191552552,364.41314697265625,32.55966546101795,0.008499746210873127,351.3798065185547,19.824348527903055,-13.203024249523878,118.71057521539812,118.87927978797667,0,0.0,0,0.0,"{""type"":""MultiPoint"",""coordinates"":[]}"
00000000000000000345,153,TAMAN SARI,MANGGA BESAR,3173031005,3.173031005E12,Sedang,Mangga Besar 03,,1-2 jam,500 m2,1659,Meluapnya kali beton dan anak kali ciliwung,003,3,2020,1577865600000,50 cm,50,0,2.7805720852648026,-9.413342515939602,-15.05485875455321,2.835587697152959,9.023758112352308,-2.316391523483875,-8.485926510842972,3.4349538941608966,JAKARTA BARAT,1,0.9864238939466541,0,0.10368904363227674,1037.1581193100906,810.0160690753819,649.3636962940959,149.37654638034167,-80.2492053147705,-241.04380569637613,107.04225558847173,105.48485167694749,9,5.131288931480595,1,2.8736842105274016,-0.9334511963075267,-5.018331543142466,1.6485787855304421,1.6669816967548534,1.0,2.500000238418579,1.9399829835789681,0.0,0.9354172945022583,0.36634686473255845,-1.5622915029525757,0.8210341841912201,0.8234476186521155,65550.4590614,65812.51870274715,5.938421249389648,2.1499042989429196,0.0,2.9597182273864746,-0.8513805398841781,-2.9925851821899414,1.1972390810782492,1.1948743465005762,23.836994724942592,13.688365960804914,11.31098546968419,10.220888970113661,0.09683256222985408,-2.258729449388058,3.5624152669302847,3.57290349547351,364.3536376953125,30.54173120438308,0.008499713614583015,351.2270231246948,17.771846831728155,-13.19333815947175,122.52977230418006,122.68894393859901,1,0.013576106053346113,0,0.1036890436322767,"{""type"":""MultiPoint"",""coordinates"":[]}"
00000000000000000346,360,TAMAN SARI,MANGGA BESAR,3173031005,3.173031005E12,Sedang,Mangga Besar 04,,2 jam,800 m2,1660,Meluapnya kali beton dan anak kali ciliwung,004,3,2020,1577865600000,60 cm,60,0,5.451893382269193,-10.069181194725253,-16.282534820941812,3.7010387748950655,18.48851404566569,-1.6217107116859377,-10.165057635899894,4.959819545388259,JAKARTA BARAT,1,0.9521747316889475,0,0.2219221752030527,946.0337596635238,811.0297629663473,649.3636962940959,69.21254515575788,-72.26811173139423,-238.65456205465682,97.69927990995336,96.2945285080725,10,6.546789681792506,4,3.8580737558192,0.35518161229724576,-2.215180809164667,1.3216624197812563,1.315476079179282,1.0,2.799999952316284,1.2062386157545137,0.0,1.2306193113327026,-0.37329854453746525,-1.5799355506896973,1.1778800282556734,1.1791364145188328,55539.1451464,55760.01364033082,5.579408168792725,2.2064258891191066,0.0,2.5802526473999023,-0.8301774338649984,-3.05169677734375,1.4103913269082213,1.4019829515434115,23.836878110510735,15.006799013988056,11.486837333149227,10.228003262997683,1.41638799648016,-2.084937504621431,4.315758992167672,4.325568798063487,364.3026428222656,78.95028893071577,0.0084996921941638,351.21001625061035,65.97680251138328,-13.180405048653483,159.58532773472675,159.71380155336846,1,0.047825268311052535,0,0.22192217520305274,"{""type"":""MultiPoint"",""coordinates"":[]}"
00000000000000000347,178,TAMAN SARI,MANGGA BESAR,3173031005,3.173031005E12,Sedang,Mangga Besar 05,,2 jam,700 m2,1661,Meluapnya kali beton dan anak kali ciliwung,005,3,2020,1577865600000,60 cm,60,0,5.1345229454962436,-9.858962691665702,-14.006878653640012,2.8676547892607855,9.907601839438037,-3.0258014722347384,-8.695804049386691,2.800511709697057,JAKARTA BARAT,1,1.0,1,0.0,1081.8309929570876,873.2582090935681,675.3484381614854,216.63478334764193,-0.6179860129801068,-205.28883172694339,90.8519576244533,88.30401687066137,10,6.039370078740157,2,3.710347296814544,-0.32809495733306837,-4.277192982455054,1.5373036766340322,1.5534590810612998,1.0,4.0,1.4621723389988155,0.0,2.3765556812286377,-0.14497751266281786,-1.6405800580978394,1.1540262157567374,1.1500671448117457,64659.06705,64944.47282990077,6.204643249511719,2.3935310473984446,0.0,3.1173079013824463,-0.7149450598205646,-3.122140407562256,1.2387960005633023,1.2429375997231453,23.027377676514195,12.940026140825172,11.486837333149227,9.431683792305686,-0.6264461305648122,-2.084937504621431,1.988728219363341,1.988890117776868,364.2006530761719,6.008253109428407,0.008499649353325367,350.9653959274292,-7.291230853058022,-13.612598869018257,53.392753145159446,53.38455526630056,0,0.0,0,0.0,"{""type"":""MultiPoint"",""coordinates"":[]}"
00000000000000000134,-,TEBET,KEBON BARU,3174011004,3.174011004E12,Sedang,Kebon Baru 03,,"0,5- 1 Jam",± 5.000,634,"Gorong2 tersumbat kabel, daerah cekungan, dan limpahan dari Kali Ciliwung",003,3,2020,1577865600000,± 30-40 cm,40,30,-4.385434121305217,-10.398443968775224,-14.947114507830706,1.9926122438338394,5.021678018584554,-3.745787103760836,-9.655192323572336,2.4140807970069846,JAKARTA SELATAN,1,0.956594817236475,0,0.19786448397617676,4529.425184944165,4253.523032409173,3990.0269515220684,514.9622565280774,331.1504584517541,145.81492624203338,75.41690210668004,123.37207101732432,26,19.16069152767773,14,6.594486215540041,0.35181020783990136,-4.285427855351163,2.0429143372226664,2.213870928892633,1.0,5.200000762939453,2.952557546836452,0.0,2.542915105819702,0.3305910507410775,-2.6155459880828857,1.1323843420105155,1.1373495866237346,188877.993871,189599.5015220167,6.226744651794434,2.6056411031325557,0.0,3.4117343425750732,-0.21140058441880433,-2.8758673667907715,1.2912564683602432,1.2994468792420075,17.747149890121307,12.787881148346033,11.263058413616866,4.082766134514513,-0.8648794271786728,-2.4008110131652245,1.2520854105496757,1.251492962453992,1.1642662286758423,0.01896708319943289,0.00849838275462389,-11.128097891807556,-12.534762654442881,-12.809953141957521,0.21426812225344577,0.10485642578477301,1,0.043405182763524855,0,0.1978644839761767,"{""type"":""MultiPoint"",""coordinates"":[]}"
00000000000000000135,100,TEBET,KEBON BARU,3174011004,3.174011004E12,Sedang,Kebon Baru 04,Tertinggi tahun 2017,2 jam,± 9.000,635,Banjir Kiriman,004,3,2020,1577865600000,,75,0,-3.8221894221287274,-10.538464569598753,-18.298605264406326,2.2050892791863776,3.1853124737140526,-3.9519688520928673,-11.833600122535934,2.415809037415496,JAKARTA SELATAN,1,0.9886456725914919,0,0.14055181498333377,4941.054371809356,4660.3435910976195,4288.369772332095,738.4646988085715,511.42304161942155,239.47259463352202,124.48983087606136,158.6471587116726,26,20.4973995542093,14,6.594486215540041,0.7788883713853727,-5.828213390618206,2.9947599070281408,2.9682431861056564,1.0,6.600000381469727,3.047872988095916,0.0,3.8995134830474854,0.33302098265673674,-2.7473182678222656,1.7639103860513317,1.7557097921073972,183021.344122,183802.9336194379,7.605971813201904,2.685692226218382,0.0,4.783495903015137,-0.14449362938685378,-2.8478493690490723,1.4043177338331574,1.4030301408401507,26.550925748594167,13.502978473649778,11.310723956782688,12.870794370936553,-0.15785276365587989,-2.368974089342437,3.316755178687608,3.3166063835161492,339.5631408691406,29.002644481918765,0.008498329669237137,327.3510522842407,16.512426761726697,-12.614306258969009,105.73971008655536,105.74692797454053,0,0.0,0,0.0,"{""type"":""MultiPoint"",""coordinates"":[]}"
00000000000000000136,234,TEBET,KEBON BARU,3174011004,3.174011004E12,Sedang,Kebon Baru 05,,1-2 jam,± 23.000,636,"Saluran di bawah Stasiun Tebet kecil, terlalu jauh pembuangan sementara lebih dekat ke Kali Ciliwung",005,3,2020,1577865600000,,70,20,-5.70175702828014,-11.347089960746999,-14.947114507830706,1.7815561986415602,1.7113516909920639,-4.105652864055951,-9.451562559358095,2.2803818900592177,JAKARTA SELATAN,1,1.0,1,0.0,4599.185265779298,4275.606840419386,3936.8314497585184,409.38383562344734,258.749463330841,145.81492624203338,58.13359184054003,177.78803534787605,23,18.685889431263476,14,3.5529538131053187,-0.5565124477821967,-4.330039384173244,1.6679436615564776,1.7650996867670319,1.0,2.0,1.2302132679149718,0.0,-0.666602611541748,-1.4715099625804524,-2.6210169792175293,0.4759366527539055,0.4843557021065118,61359.0002408,61637.51264483963,7.446422100067139,3.006445182321804,0.0,4.578676700592041,0.15544476019820552,-2.8758673667907715,1.5721575455227172,1.569955599207211,17.054000590862113,13.01859804906708,11.082469382574434,3.4599153543809127,-0.5853137028402661,-2.516541817720908,1.3436333449739184,1.343476301865214,1.1642662286758423,0.0557012038001128,0.008498329669237137,-11.126976370811462,-12.01010362565824,-12.644593932665884,0.2947121042094809,0.1947756579251825,0,0.0,0,0.0,"{""type"":""MultiPoint"",""coordinates"":[]}"
00000000000000000137,1147,TEBET,KEBON BARU,3174011004,3.17401100401E12,Sedang,Kebon Baru 06,,1-2 jam,± 23.000,637,Saluran air RW lebih rendah daripada saluran air di got besar dan luapan dari saluran got sebelah timur (Jl. Raya Asem Baris),006,3,2020,1577865600000,,70,20,-3.5200126693225084,-10.517723490002938,-13.64119848830854,1.9686852162450388,-0.4499747328283654,-4.3168165375763845,-9.602668994342238,1.6839303456348234,JAKARTA SELATAN,1,1.0,1,0.0,4788.930912227905,4657.295772972797,4462.432319477128,495.48738432060145,400.31673278317413,262.4751121954605,55.09731664541552,88.91133406341224,21,18.632469715411812,16,0.9458646616552784,-1.7628951032212457,-3.977157178659791,1.0520158643078392,1.00081092052791,1.0,2.0,0.6691992637047468,0.0,-0.7798712253570557,-2.1609791517188586,-2.917672634124756,0.6904711240034949,0.6765771656770773,60075.1198508,60336.19471480901,4.160283088684082,1.6276557662932964,0.0,1.2762870788574219,-1.2554938378440732,-2.9581854343414307,0.9199555629273662,0.9147037279713289,20.18947576370822,14.8657152762907,11.722957432493722,6.629896485954461,1.2981628797628113,-1.822500644239808,2.420924969761684,2.4177379691990515,0.8073346614837646,0.2511860285031393,0.008498290553689003,-9.98447722196579,-11.187433767996849,-12.152459006756544,0.5916171863659857,0.28355598199944304,0,0.0,0,0.0,"{""type"":""MultiPoint"",""coordinates"":[]}"
0000000000000000013c,150,TEBET,KEBON BARU,3174011004,3.17401100401E12,Sedang,Kebon Baru 13,,1 jam,± 20.000,644,Got/saluran pembuangan air yang tidak layak/terlalu rendah dan gorong-gorong di sisi rel kereta api,013,3,2020,1577865600000,± 50 cm,50,0,0.9520328429425768,-11.182383293072315,-14.207640976532574,2.2173988676975256,4.916466952153435,-4.440025110987462,-7.760521181865741,1.9588105831336642,JAKARTA SELATAN,1,1.0,1,0.0,5123.183183588168,4989.863472369582,4792.523509066431,703.7547385327935,590.0440531140207,420.93204455960404,67.82468647601189,84.21058896750297,23,20.216195063214936,16,1.666881489439067,-1.3180474278485346,-5.872968134620908,1.8475489661658537,1.7907441006115326,1.0,2.8999996185302734,1.8146238003201982,0.0,-0.11688542366027832,-1.247090282919607,-3.0347654819488525,0.8696119266888199,0.8712795202918696,57866.9192146,58088.52656875958,5.400654315948486,2.504441902886523,0.0,2.4140098094940186,-0.489881983480132,-2.9706084728240967,1.2404830464119097,1.247081151019388,16.932310628323854,13.699019618667547,11.557861644118717,3.42630944133443,0.19587150960838676,-1.9155452985371948,1.5507210121656272,1.5490222490470178,0.36542320251464844,0.09526327397082225,0.008498218841850758,-10.020510613918304,-10.43224952505046,-11.0371931809932,0.2666531048007538,0.11163021599530902,0,0.0,0,0.0,"{""type"":""MultiPoint"",""coordinates"":[]}"
00000000000000000178,46 KK,TEBET,BUKIT DURI,3174011005,3.174011005E12,Sedang,Bukit Duri 03,berdasarkan informasi Pak RW bahwa Pemda dan Kem PUPR akan membangun Rumah Pompa dan tanggul di sekitar Sodetan Kalibata,1 - 2 Jam,700 m²,773,Meluapnya saluran/sodetan kalibata,003,3,2020,1577865600000,,70,0,-7.908984840957682,-12.955030441447379,-15.216039623038672,1.3809508658525556,7.355536235653513,-1.4786637468197417,-7.258643577884474,2.7241017388990802,JAKARTA SELATAN,1,0.9857769600905746,0,0.15245533898649627,3568.788598263841,3239.5924228178324,2946.697455974605,149.9698774856538,-23.378778832699027,-146.16062215911597,77.16223507258938,168.4680550292091,22,17.387489385791113,12,5.531328320803507,0.9334465920993789,-4.130110991763459,1.67723336232397,1.7077836348058437,1.0,5.09999942779541,2.743292257936285,0.0,2.7059786319732666,0.19997069144296178,-2.59964919090271,1.9823465879048063,1.9613133991553215,49325.9788704,49562.6845701967,4.745345592498779,2.4995436872659567,0.0,1.8925175666809082,-0.3842582510182718,-2.8122243881225586,1.085709655777016,1.1317473334300552,18.997452705962075,12.957960223085,11.536422336687892,5.29034615499806,-0.727280214777264,-2.141438163626203,1.9978320647642824,2.0034771751872262,4.08767557144165,0.4112969610293494,0.008498522453010082,-9.338842868804932,-13.498542704661316,-14.367768892087042,1.3642382747546398,1.3196977822705505,1,0.014223039909425417,0,0.1524553389864964,"{""type"":""MultiPoint"",""coordinates"":[]}"
00000000000000000179,165 KK,TEBET,BUKIT DURI,3174011005,3.174011005E12,Sedang,Bukit Duri 04,Telfn tidak Diangkat,,,774,Meluapnya saluran/sodetan kalibata,004,3,2020,1577865600000,,70,0,-9.625418031749883,-12.910512240156043,-15.563151148189666,1.2891731334804617,5.421411574849626,-1.0315756914269778,-7.855006943351837,2.7392009650720586,JAKARTA SELATAN,1,0.9799387741809418,0,0.15157763207911915,3568.788598263841,3309.4482770890468,3038.713994907392,135.67830777110748,-14.652091082682361,-140.63401601281294,68.45418363309393,143.193437930237,20,15.878069432684168,11,3.465520945221666,-0.8097589490175949,-5.460221983528715,1.9086697449325705,1.9724749528058294,1.0,5.000000953674316,0.5896242535914815,0.0,2.4943654537200928,-1.9504207616084361,-2.6132616996765137,1.1277752388201627,1.1251367493361624,53591.346961,53770.181609862026,4.745355129241943,2.163885969234539,0.0,1.8672223091125488,-0.7026240433542799,-2.987989664077759,1.0990886110094031,1.1178660501183297,19.334823757837267,14.33321293720405,11.53641812603958,5.645810461535229,0.6495762636484639,-2.136498262701595,2.666887510331642,2.6664760328414645,4.079177379608154,0.7850370922768334,0.008498522453010082,-9.038266658782959,-12.993790589681097,-14.347101834602654,1.5450409393828983,1.3437499229027232,1,0.020061225819058164,0,0.15157763207911912,"{""type"":""MultiPoint"",""coordinates"":[]}"
0000000000000000017a,± 1.000 KK,TEBET,BUKIT DURI,3174011005,3.17401100501E12,Sedang,Bukit Duri 06,,1 - 2 Jam,hampir seluruh wilayah RW 06,775,Meluapnya saluran/sodetan kalibata,006,3,2020,1577865600000,,60,40,-4.33154808005838,-11.769888859694515,-16.540697544803994,1.8481515080158735,4.352786246263727,-4.486472427961083,-9.23090893122508,2.439264137225786,JAKARTA SELATAN,1,0.9753901316057532,0,0.15872372965105136,3936.8314497585184,3707.1934233927286,3473.473355775263,206.60358087073155,95.52642190339171,-31.345039430921133,60.87399679408683,108.30111445329335,22,16.32954406551766,14,3.9733619763709562,-1.3080030563410494,-4.0025062656626815,1.450375494989104,1.451658611020122,1.0,1.3000011444091797,0.4641691513381707,0.0,-1.1839587688446045,-2.0063285912442734,-2.490583658218384,0.4022022190805912,0.41237097232067516,85769.6088279,86068.45884977418,6.670167922973633,2.0829008817065584,0.0,3.922548770904541,-0.6956858484546755,-2.821763515472412,1.266106284662424,1.2578535348910038,21.024282555979145,14.238671709139387,11.321374017726955,7.368444534263956,0.5840036919849225,-2.3240707114205232,2.493208013167753,2.4953885948776957,1.3767273426055908,0.37475770406929837,0.008498458191752434,-11.159268498420715,-12.310356200576187,-13.60166139062494,0.654911630416506,0.5817861190326755,1,0.020739110948131845,0,0.13016955922880602,"{""type"":""MultiPoint"",""coordinates"":[]}"
0000000000000000017b,± 600 KK,TEBET,BUKIT DURI,3174011005,3.17401100501E12,Sedang,Bukit Duri 07,Telfn tidak Diangkat,,,776,Meluapnya saluran/sodetan kalibata,007,3,2020,1577865600000,,60,40,-1.006550036739478,-11.523313251503913,-15.563151148189666,1.8966137351213048,2.8823408181649706,-4.441741941167617,-8.260015714854568,2.264679780647877,JAKARTA SELATAN,1,1.0,1,0.0,3786.408475349806,3570.1625842002068,3325.381902060976,201.74699197204927,83.90634854371957,-36.414035647673245,59.58438394385835,102.25601342320087,20,16.330674401740392,12,3.055567490155294,-0.7949413773004718,-5.036806301466431,1.8644235679414582,1.8357898521109117,1.0,1.5,0.38852025754095193,0.0,-0.9092159271240234,-2.060557892167336,-2.513956308364868,0.5648236228454259,0.5497669403893437,62414.5146645,62702.90770844588,4.986158847808838,2.5240563454820566,0.0,2.2548582553863525,-0.23965165491330742,-2.7869954109191895,1.0750471107910748,1.0684243969620322,21.164867219805338,14.496921242385083,11.555797508697573,7.465732981743356,0.7998271877074821,-2.1306169944183395,2.206918514163286,2.207847057852737,1.5636942386627197,0.4514990375145692,0.008498483337461948,-11.710204839706421,-13.538701237949768,-14.390447297133505,0.744709812914773,0.6558718955022934,0,0.0,0,0.0,"{""type"":""MultiPoint"",""coordinates"":[]}"
0000000000000000017c,146 KK,TEBET,BUKIT DURI,3174011005,3.17401100501E12,Sedang,Bukit Duri 08,,1 - 2 Jam,8 RT Terdampak,777,Meluapnya saluran/sodetan kalibata,008,3,2020,1577865600000,,40,20,-2.1593091169134677,-11.628803823016288,-14.442482825742381,1.7113685467966917,5.979888003167467,-3.7131268565999815,-7.5820928489379495,2.1335585821379044,JAKARTA SELATAN,1,0.9869512406732605,0,0.11702985796078294,3820.3476823018414,3561.514185039964,3155.4161536882916,257.2838454608682,155.91701530712098,-28.820264282190237,71.05884943186673,162.86390188514991,21,16.82974145410376,11,3.819190834229776,0.2293077479414178,-5.298675259576079,1.6397264444908977,1.8920393457331863,1.0,5.90000057220459,4.314079842144639,0.7000007629394531,3.5280420780181885,1.9316049317736066,-1.7050261497497559,1.4384395028032053,1.4330909955235214,100476.853581,100909.71451832967,7.034503936767578,1.8864574663096698,0.0,4.404828071594238,-0.7815008767834769,-2.68841290473938,1.2085747014391932,1.2093163577275727,17.901315828625354,13.154004819930522,11.555797508697573,4.184455113525258,-0.5658091596707574,-2.1306169944183395,1.1894165175919715,1.1907488811091458,0.05948982387781143,0.015409156211973295,0.008498497307300568,-13.088548354804516,-14.318158079921021,-14.779399487189949,0.2660329966165853,0.013236292091190663,1,0.007947249696338714,0,0.0830434773826486,"{""type"":""MultiPoint"",""coordinates"":[]}"
000000000000000001b2,± 174 KK,TEBET,BUKIT DURI,3174011005,3.174011005E12,Sedang,Bukit Duri 05,,1 - 2 Jam,"7 RT Terdampak
  (RT 001, 003, 004, 005, 008, 010, 011)",904,Meluapnya Sodetan Kalibata dan Pendangkalan saluran wilayah RW karena terhambat dengan saluran penghubung di Kelurahan Manggrai,005,3,2020,1577865600000,,70,50,-5.065081193265648,-12.672214237750621,-16.151314648293987,1.5496059687331776,6.867725879177847,-2.317897745657779,-7.639990205731946,2.5253717296745894,JAKARTA SELATAN,1,0.9961458642158315,0,0.11042310999998986,3580.8250189382416,3340.5077809232794,3087.875951668441,33.929043225328314,-53.912687685816394,-152.8141161897015,43.334628606603985,119.59433292844342,19,15.669997035280167,10,1.488721804512874,-1.442071688473738,-6.476405298960142,1.51138473122769,1.629208699846131,1.0,2.40000057220459,0.9529944970351172,0.0,-0.20531988143920898,-1.6395024417876631,-2.7195489406585693,0.7925454130310984,0.8013879110585805,117617.716504,118125.01003385137,5.580226898193359,2.2346233150476937,0.0,2.5124471187591553,-0.7232867031061362,-3.057243585586548,1.1777322995743802,1.1930858942601315,22.114470038197446,13.899496577602987,11.373471685294325,8.421057229002246,0.2288337462528143,-2.3169719327611933,2.420509301257334,2.426318835773646,4.062180042266846,0.45541478879965136,0.008498458191752434,-8.987668991088867,-12.755949369284462,-14.116235136985779,1.2607843431974908,1.141038467938419,1,0.003854135784168395,0,0.11042310999998961,"{""type"":""MultiPoint"",""coordinates"":[]}"
00000000000000000141,112,TEBET,MANGGARAI SELATAN,3174011006,3.17401100601E12,Sedang,Manggarai Selatan 09,,"0,5- 1 Jam",± 10.000,672,Pendangkalan saluran air RW 09 dan Kali Sodetan kalibata,009,3,2020,1577865600000,,60,0,-9.565422579818275,-12.368097485689479,-14.610525793107508,1.0528189521023466,2.654878795483386,-2.309834504871939,-6.425773228254632,2.076318955096656,JAKARTA SELATAN,1,1.0,1,0.0,2532.025653133678,2392.8954112657098,2212.8200519202283,-152.59695587909573,-204.68585538933482,-256.20367791918534,25.282687036516155,86.99625130083851,18,13.821203509205489,11,2.9408521303274497,-1.4095940014182093,-4.3253848907967765,1.9014373734765087,1.827457249841974,1.0,1.4000005722045898,0.4448044464759917,0.0,-1.6411094665527344,-2.4895015766870165,-2.924525737762451,0.3956225704756158,0.4373054549493513,28263.047864,28404.168623775247,5.93892765045166,2.756643105353059,0.9274099469184875,2.4234604835510254,-0.7711719573464721,-2.698158860206604,1.3893735253165052,1.37966049647271,19.40749044997247,14.554718718208576,11.36553554793659,5.81078300353866,0.975109865923447,-2.20678024962727,2.759536385943249,2.7774887701828623,4.3936238288879395,1.4247866295412486,0.00849859043955803,-8.539134979248047,-11.57783283134486,-14.00089891627431,1.8921245030755118,2.0842909797565694,0,0.0,0,0.0,"{""type"":""MultiPoint"",""coordinates"":[]}"
00000000000000000143,62,SETIA BUDI,MENTENG ATAS,3174021005,3.17402100501E12,Sedang,Menteng Atas 07,Mudah mudahan segera di TL,8 jam,± 20.000,677,"Pendangkalan Kali PHB Menteng Pulo, Saluran Got Rusak/Tidak berfungsi dan Pintu Air Jl. Minangkabau tidak berfungsi",007,3,2020,1577865600000,,60,0,-0.9567726532611438,-11.078337743339958,-14.23361949606487,2.4529221626621847,10.12545339728026,-4.115249665014962,-8.396279280736415,2.6075947762879914,JAKARTA SELATAN,1,1.0,1,0.0,2245.632955170002,1989.7559551338286,1801.1946160211965,-204.58259897373682,-272.52069856393337,-337.6893210055546,29.166490292266236,97.10184891147496,17,12.840434502256834,10,1.984246330112656,-2.2342371620575245,-4.821983530252572,1.4418391340014076,1.486446705914413,1.0,3.3999996185302734,0.8943106174161529,0.0,0.19643354415893555,-2.4345367900743775,-3.3563408851623535,0.8814592947807501,0.8914101095873231,70130.5799441,70450.96248940458,7.645186901092529,2.221318008398751,0.0,3.905085802078247,-1.5814397087746874,-3.8489534854888916,1.4183943113391986,1.4101233140685572,22.48769205829646,15.510343617253751,11.055845003664924,9.018935365794244,2.069001732418304,-2.4261796918437852,3.3338333377797973,3.3467035158452183,5.8807148933410645,2.624122809170582,0.008498565293848515,-3.0656967163085938,-7.555201434527362,-12.750125046819448,2.6858461739552895,2.8415208462734864,0,0.0,0,0.0,"{""type"":""MultiPoint"",""coordinates"":[]}"
00000000000000000145,501,SETIA BUDI,MENTENG ATAS,3174021005,3.17402100501E12,Sedang,Menteng Atas 09,,1 jam,± 40.000,679,"Hujan yang cukup lama, kapasitas saluran dan Luapan dari bangunan Kokas dan Apartemen",009,3,2020,1577865600000,± 60 cm,60,0,-5.5452413822553215,-11.304436923729364,-14.319790579440806,1.6008238233931564,4.05747109452742,-2.5358240161971177,-7.217435112604589,2.121375918433345,JAKARTA SELATAN,1,0.9917592479550724,0,0.14986672195868136,2492.6342825749775,2202.329175762442,1972.237364886451,-172.13990801720638,-245.961887076627,-310.7872627899749,30.36649345528308,120.60132143768188,18,13.49505554877304,9,2.0363050483367697,-2.478352101365565,-6.737128535623102,2.499609653442978,2.5483564812863384,1.0,3.299999237060547,1.163801596723856,0.0,-0.15113568305969238,-2.412934817029012,-3.7207233905792236,1.2280976000081132,1.1893613125023135,56942.0705692,57137.644203087184,6.226653099060059,2.8293537266335047,0.0,2.0812387466430664,-1.226547247221612,-3.8592190742492676,1.2279816850050775,1.2473667109841398,17.054015860008025,13.249343355995995,11.482406704405776,3.6068519490516913,-0.11935814522666682,-1.8807934354240263,1.5092556145312734,1.4965106998185884,0.6373876929283142,0.07370168592458146,0.008498511277139187,-4.795127034187317,-6.983211697992653,-8.67265668231994,0.8610363003055751,0.11222655154698524,1,0.00824075204492736,0,0.1498667219586816,"{""type"":""MultiPoint"",""coordinates"":[]}"
00000000000000000147,21,SETIA BUDI,MENTENG ATAS,3174021005,3.17402100501E12,Sedang,Menteng Atas 14,,2-3 jam,± 10.000,684,"Rumah rendah, curh hujan tinggi dengan durasi yang lama",014,3,2020,1577865600000,30-50 cm,50,30,-8.127752136617143,-12.61433206474466,-14.717446246581499,1.387966036490522,5.516859797248884,-2.6852341583873565,-7.049979272372461,2.4635648395212146,JAKARTA SELATAN,1,1.0,1,0.0,2034.5225285572158,1882.8809589034065,1781.981323992732,-228.14528533820726,-285.78919051468597,-341.4787565558936,27.947859785423788,55.24452364608811,17,13.668253779311991,11,2.0102398854295114,-1.4631169980301595,-4.1591120658773,1.5944031709438866,1.6457330179137044,1.0,2.6999998092651367,1.3215686819437305,0.0,-0.7684357166290283,-2.1879870839919837,-3.3062584400177,0.5293098239921742,0.5385593939849075,29348.1612142,29464.502412882535,5.415506839752197,2.357100267762756,0.9274099469184875,1.5709633827209473,-1.5792403243124702,-3.05773001909256,1.1944144101274898,1.170208224268257,19.710688101453066,13.782769017082323,11.406406594880007,6.240358565136518,0.4020256509017721,-1.970829629314828,2.031025040181579,2.0379146637693184,5.8807148933410645,0.3826835127653808,0.008498565293848515,-6.45016622543335,-8.1918908303294,-12.276292373426259,1.654045664987417,1.5449059750847003,0,0.0,0,0.0,"{""type"":""MultiPoint"",""coordinates"":[]}"
00000000000000000148,-,SETIA BUDI,MENTENG ATAS,3174021005,3.17402100502E12,Sedang,Menteng Atas 15,,2-3 jam,± 10.000,685,Saluran air kecil dan kiriman dari RW 09,015,3,2020,1577865600000,,50,30,-5.163148002347745,-11.337763969189423,-15.423416490902662,1.9304733078690215,0.2513061534326414,-3.4811588715423114,-7.768423724553637,1.9009767630057712,JAKARTA SELATAN,1,1.0,1,0.0,2245.632955170002,2079.53692383546,1903.4041547370969,-204.58259897373682,-261.77925715390984,-322.0011741182341,27.19616022087043,99.64875756569445,18,13.06860968885388,11,2.6653061224506427,-2.398708496891826,-4.615682062296928,1.31566008108316,1.299038105676658,1.0,3.3999996185302734,0.7186371974937551,0.0,0.1992332935333252,-2.7351007481830787,-3.6676979064941406,0.787717434783086,0.8179085607459246,44483.2801718,44624.000797053865,5.931299686431885,1.988116808851293,0.0,2.2052881717681885,-1.9222509960294376,-4.095209121704102,1.326049379687634,1.3247926057042718,19.688772213731962,14.904776541653336,11.312056420588515,6.239384080946495,1.5022273077967185,-2.1637640190091165,2.74328381210204,2.7639407022301454,5.753235816955566,1.4742328504776094,0.008498547598719597,-2.9897537231445312,-6.612677720838195,-10.163860890083015,2.036308535669895,2.4702245502139126,0,0.0,0,0.0,"{""type"":""MultiPoint"",""coordinates"":[]}"
000000000000000001a2,± 17 KK,PANCORAN,RAWA JATI,3174081003,3.174081003E12,Sedang,Rawa Jati 01,,± 1 x 12 Jam,1 RT terdampak,870,Meluapnya Kali Ciliwung,001,3,2020,1577865600000,,40,0,-5.910426917381184,-12.165939163600973,-18.1129886702212,1.8565393774033696,1.9761604867615103,-4.095919507843401,-11.212380856174459,2.307727837018711,JAKARTA SELATAN,1,0.9638963360142985,0,0.21012603181315218,4206.312360166264,3974.5268228863692,3744.1264456109648,7.28685691114606,-85.93606091582049,-169.14253128108885,34.68845427265817,108.00527344933123,34,27.43833780160857,14,7.232653061226884,0.599425389084569,-12.391836734691697,5.139180928791164,5.323486279952222,1.0,13.399999618530273,8.41446798212087,0.0,8.729215621948242,3.8607561714634278,-4.39037561416626,4.502271274455248,4.639792840471812,78077.419033,78381.73729214689,8.277466773986816,3.182146319856164,0.9274099469184875,5.172669172286987,0.120305234364253,-2.218321740627289,1.8156564531804877,1.7901531901382965,23.062373789508392,14.068954011309694,11.180396497233348,9.577063297909907,0.6110682825338081,-2.315405744177342,3.7436136680965904,3.7593176144832037,335.7984619140625,51.12524250304896,0.008497900329530239,325.20201301574707,40.38773277399425,-10.774766216985881,130.44571632105337,130.4156701412556,1,0.03610366398570151,0,0.21012603181315215,"{""type"":""MultiPoint"",""coordinates"":[]}"
000000000000000001a3,± 350 KK,PANCORAN,RAWA JATI,3174081003,3.174081003E12,Sedang,Rawa Jati 03,,± 1 x 12 Jam,"4 RT Terdampak 
  (001, 003, 004 dan 010)",872,Meluapnya Kali Ciliwung,003,3,2020,1577865600000,,50,0,0.02998842807153826,-12.103359845585414,-17.66273758342399,2.585794133823514,5.825330555841549,-4.841864330234218,-11.412027763842783,2.7091529945944828,JAKARTA SELATAN,1,0.7622520283262206,0,0.4384235813529999,4119.4896906263175,3831.8524832795556,3563.962647985464,-40.65367636036899,-123.6547128841672,-198.28195714970298,31.527950785459822,126.92725859597287,34,24.42475261454767,15,6.569137128537658,-3.0829232133919384,-12.929752953811231,5.062989380366685,4.981212391184966,1.0,11.69999885559082,4.951085136569935,0.0,6.9271955490112305,0.24742963778862495,-5.100229263305664,4.0838154209029724,4.117871903462253,148642.472286,149222.37017979316,9.597321510314941,3.828746893462604,0.0,6.590550899505615,0.8589586355066408,-3.0564498901367188,2.055532843820767,2.0493721242960836,26.539447959181874,14.424136325195535,10.82489956590984,13.033483261070621,0.946722202918421,-2.6251678485154972,3.9988467717467047,4.006160828310726,335.68798828125,48.72886071980971,0.00849785003811121,325.0576877593994,37.90413365077685,-10.981443707831204,129.30303366220465,129.24504153578522,1,0.21863715237067965,0,0.4117529545275057,"{""type"":""MultiPoint"",""coordinates"":[]}"
00000000000000000191,± 275 KK,PANCORAN,PENGADEGAN,3174081005,3.174081005E12,Sedang,Pengadegan 02,,± 1 x 24 Jam,"4 RT Terdampak banjir yaitu : RT 006, 007, 008, 009",827,meluapnya Air Sungai Ciliwung,002,3,2020,1577865600000,,60,0,-8.558041748823026,-12.955136892496135,-15.997993607313823,1.3217209076116878,6.113995626785304,-4.883098554035733,-10.745920375396448,2.4211760236323676,JAKARTA SELATAN,1,0.793454492443753,0,0.4037952755903493,4972.305202915262,4749.274881417805,4554.057254208852,501.40376973610455,329.74605169443424,170.56234151326498,72.55310458580936,93.3172068151185,33,22.53663929248262,14,9.248836376657469,-1.1730015583395863,-9.193984962404478,3.259253577189677,3.4728362639169075,1.0,8.700000762939453,5.647944356535639,0.0,5.333683252334595,2.2161083473594556,-3.933605432510376,2.2273590103412033,2.2177796390635893,143458.858017,144016.92853647892,10.408730506896973,3.055817465037157,0.0,7.261370658874512,-0.06468802609841741,-3.219895362854004,1.9420118177669297,1.930494874868593,22.66016797061065,12.60829370428406,10.742090277492538,9.149151727056658,-0.8577856078779356,-2.737587938010577,1.4882183346292184,1.4849202323179211,336.89471435546875,1.220813950054339,0.008498039096593857,325.7922763824463,-9.753891595648295,-11.167317477986217,33.925755211036034,33.94143038164486,1,0.1808153943340298,0,0.3837597319768145,"{""type"":""MultiPoint"",""coordinates"":[]}"
000000000000000001c2,13,JAGAKARSA,SRENGSENG SAWAH,3174091002,3.174091002E12,Sedang,Srengseng Sawah 01,,1 jm,6000 m,945,intensitas hujan yang sangat lebat dan terjadi merata selama satu hari,001,3,2020,1577865600000,60 cm,60,0,-3.751848179499917,-13.450838993920021,-22.476082069342365,1.9619464667729696,5.255200173890284,-5.026361332977172,-17.33948321661976,2.720241440899419,JAKARTA SELATAN,1,0.7819611802686293,0,0.44426370796468717,1128.550045815337,620.9004300659416,334.4734433447411,235.48247153719478,-234.5441794824704,-500.01393006700914,182.35228243945144,203.5604836828048,69,58.50897423974706,41,3.7671321160072466,-5.62003006936288,-23.015252416753327,6.148862948064037,6.3572663653600525,0.9237725919124522,20.700000762939453,11.188949370789336,0.0,13.411178588867188,3.65158295377061,-7.753791809082031,6.795441015366505,6.708086979157892,262141.962447,263189.55490162584,24.5480899810791,4.229916846002585,0.0,20.831796169281006,0.44402858288315894,-3.856564521789551,3.606016503624862,3.590435569708438,23.204066633280448,14.169335886134396,9.831040027535686,9.883359093402998,0.8234526111281932,-3.5691632980499524,3.5638672995429173,3.572897958482179,274.7852478027344,44.79376812574162,0.008496361784636974,265.41214656829834,35.7125617272712,-9.657681333832443,105.19016912895432,105.36918538270115,1,0.20565689309295734,0,0.4313012418781967,"{""type"":""MultiPoint"",""coordinates"":[]}"
00000000000000000110,12,JAGAKARSA,LENTENG AGUNG,3174091004,3.17409100401E12,Sedang,Lenteng Agung 08,setiap tahun kena banjir,1 hari,5000 m,542,"Got kecil dan gorong penuh kabel,dan luapan kali ciliwung",008,3,2020,1577865600000,40 cm,40,0,2.836199688786186,-13.25512841749388,-17.316508400809496,2.0524380240589015,11.592739996201889,-4.182331110027582,-11.114274492420602,2.9920359013042406,JAKARTA SELATAN,1,0.7403932452918417,0,0.45403846103567264,1403.8079779207503,1067.7669355067262,764.9700312177328,558.0205201044238,209.1746992207772,-172.13743771555744,149.7152748236207,148.18099522187615,64,57.00838681941936,34,8.326817042612198,0.4983108169183672,-22.83014679555513,5.946748445527533,5.94954655787175,1.0,24.0,14.626817116307494,0.0,16.33061933517456,7.045755035959638,-8.153891563415527,6.190893297585626,6.160466726132774,462127.530099,464170.52474136825,15.62314510345459,3.576197334441899,0.0,12.015490055084229,-0.05636433690256122,-3.6927921772003174,2.941745304276252,2.933561286383952,22.782045952490623,13.079181484662072,10.600753956646274,9.290517934742569,-0.4127230544625183,-2.894125366229895,2.263387906676099,2.2641925494786825,284.1820373535156,11.023544085265504,0.008496562950313091,273.24856185913086,0.39067228694029665,-11.367330718785524,63.52111948182014,63.58601453215593,1,0.2546365083076273,0,0.4483262433581153,"{""type"":""MultiPoint"",""coordinates"":[]}"
0000000000000000048a,323 KK,MATRAMAN,PAL MERIAM,3175011004,3.175011004E12,Sedang,Pal Meriam 01,Dibantu Bersama PPSU,jika hujan berhenti maka air akan surut,1 RW,2133,Hujan Besar ( 2 Kali Banjir ),001,3,2020,1577865600000,20-70,70,20,2.9830654776190846,-8.625467049215215,-17.10229596964892,3.7710151064910145,9.893993928891046,-3.0544035810620507,-11.587124692450882,4.339443541600315,JAKARTA TIMUR,1,0.9993179812244242,0,0.1235455616318547,3403.396085266404,3108.2888760918463,2857.742352646719,471.65022505727757,228.48529706868302,42.34282220924706,113.05189026144545,150.59944918454207,25,13.033178207494172,7,12.999069101325711,1.3513130495347103,-4.824346580736643,3.3545829309280872,3.403056629474753,1.0,2.8999996185302734,1.0998759452980817,0.0,1.0813028812408447,-0.6829443426123781,-1.7952381372451782,0.9443081568864578,0.9556060857554896,86977.4679907,87314.0562763016,13.936491966247559,3.7697529964167513,0.0,11.300766229629517,1.146611190314259,-2.630603790283203,3.2531079864797268,3.2584597330588343,17.90135133389271,12.956817610103666,10.441404572030228,4.183534577343327,-0.7632496247032001,-3.289296277359645,1.947443608249077,1.9469256487742284,0.5609215497970581,0.056216098783238945,0.0084988409653306,-11.637387692928314,-13.127658032766627,-14.564940757118165,0.7390990855418635,0.15143222333124118,1,6.820187755757037E-4,0,0.12354556163185447,"{""type"":""MultiPoint"",""coordinates"":[]}"
0000000000000000048b,350 KK,MATRAMAN,PAL MERIAM,3175011004,3.175011004E12,Sedang,Pal Meriam 02,KK AKTIF,jika hujan berhenti maka air akan surut,1 RW,2134,Curah Hujan Tinggi. Kali Baru tidak dapat menampung air di karenakan penghubung di Anderpas Pramuka agak agak Tersendak atau Kurang Lancar.,002,3,2020,1577865600000,20-60,60,20,-1.7301358125923314,-7.546399839308668,-15.004119780576179,3.123855141774064,8.53508296387298,-1.2332245650897895,-11.32122577925394,4.369221757454233,JAKARTA TIMUR,1,1.0,1,0.0,3311.118158822334,3127.577733741242,2929.12256289489,369.80312336602583,227.80866083070748,79.91452690277674,64.5123423347095,85.3121944580637,17,11.259379954201163,8,4.934908700323234,-0.7522024631765332,-4.224274973146075,1.5344412537815169,1.5508943992096949,1.0,2.8999996185302734,1.7070638341804572,0.19999980926513672,1.0807371139526367,-0.11784118355128974,-1.6163123846054077,0.7267252213275256,0.7357350803515436,39641.9542198,39797.93656440494,13.936491966247559,2.1925415683899288,0.0,11.300766229629517,-0.4475196197993826,-2.6542980670928955,2.7040100902599664,2.702566341951532,17.34173460668073,13.333337246810332,10.441404572030228,3.6167919341473276,-0.388485044250624,-3.289296277359645,1.5145364451341563,1.5123460635501293,0.05949193611741066,0.017011912156950294,0.008498823270201683,-12.907075207680464,-13.860740885976243,-14.560221976600587,0.4405514160126278,0.011128611644953186,0,0.0,0,0.0,"{""type"":""MultiPoint"",""coordinates"":[]}"
0000000000000000048c,20 KK,MATRAMAN,PAL MERIAM,3175011004,3.175011004E12,Sedang,Pal Meriam 03,Segera,jika hujan berhenti maka air akan surut,10 Rt di RW.04,2135,Tidak adanya pembuangan langsung ke kali,003,3,2020,1577865600000,30-46,46,30,-2.3871965063031335,-9.610574485059514,-16.124133019820697,2.7020463085385975,5.941320200064837,-3.9217164648445104,-10.532906671220427,3.217886943147873,JAKARTA TIMUR,1,0.9826095086718716,0,0.16507964236126804,3402.131587327433,3242.003779295226,3004.5380552876145,445.25038294748856,303.53359178923347,121.30161711167148,88.13084363491802,111.15384227209567,20,14.313870319293166,10,7.609308986753701,1.9949475222758408,-2.144504117435396,1.6575428920702897,1.681515938421649,1.0,4.300000190734863,1.9138282935307611,0.19999980926513672,2.441389322280884,0.029602548472092524,-1.7184176445007324,1.4046398488341847,1.4072526773099736,74624.04157,74937.80974205986,6.530695915222168,2.5284161007753756,0.0,3.8997318744659424,-0.11891386702710395,-2.6542980670928955,1.434078706837858,1.432076107769783,16.808760968325334,13.237238721236713,11.215052630021905,3.0899567866602418,-0.4873288029490639,-2.5205028512869703,1.6876945331797377,1.6861333375568277,0.39094364643096924,0.08014022759986286,0.008498815819621086,-12.839214205741882,-14.026499051895016,-14.512731881812215,0.366623969897877,0.14910921752883124,1,0.017390491328128657,0,0.16507964236126815,"{""type"":""MultiPoint"",""coordinates"":[]}"
0000000000000000048f,260 KK,MATRAMAN,PAL MERIAM,3175011004,3.17501100401E12,Sedang,Pal Meriam 10,-,jika hujan berhenti maka air akan surut,1 RW,2142,Hujan Besar 2 Kali Banjir,010,3,2020,1577865600000,20-50,50,20,0.2855326877726081,-7.190587818692197,-11.035223350566827,2.303422489358524,7.7492780843230085,-0.9747052056591254,-6.976228735775679,3.6447306234752803,JAKARTA TIMUR,1,1.0,1,0.0,3421.049981105973,3312.907268179689,3220.204766362868,467.749938051958,372.35988039562636,286.6421198713906,50.54404556886358,59.656333506439914,16,13.89889732206788,11,4.252130325815379,2.0748384227491106,-0.725384890797601,1.1547605981976388,1.1763446978129175,1.0,2.3000001907348633,0.5198051714033347,0.0,0.4774438142776489,-1.295922893073213,-1.8006874322891235,0.5733346891246843,0.581693595068259,24403.2670767,24470.998555858365,4.637139797210693,1.9689130865365,0.0,1.9937376976013184,-0.6800875844372285,-2.648759365081787,1.024963191200489,1.0216005590818258,17.06299747775601,13.468411226906387,11.74905954160215,3.35863207283667,-0.23904956375308925,-1.961135919605347,1.8083743460550736,1.8081765708854478,0.4419368505477905,0.10500014213356733,0.00849885493516922,-11.758507370948792,-12.831118840217824,-13.939441971480846,0.5588883302341976,0.1934070631864063,0,0.0,0,0.0,"{""type"":""MultiPoint"",""coordinates"":[]}"
000000000000000005d9,317,JATINEGARA,KAMPUNG MELAYU,3175031001,3.175031001E12,Sedang,Kampung Melayu 01,,< 24 JAM,1000,2710,"KEBOCORAN TANGGUL / PINTU AIR, DAYA HISAP POMPA PENYEDOT KURANG BESAR",001,3,2020,1577865600000,30 s.d. 75 cm,75,30,2.0253320513824344,-11.27128934731116,-18.75981992706923,3.862158878944605,4.97890801941335,-6.325348073914512,-13.736724558288751,3.715326683791039,JAKARTA TIMUR,1,0.9183504471679365,0,0.3194855331891567,4407.128814786838,4172.833235661586,4024.3873442763816,634.5395234162297,552.9825698675037,367.6821202277288,65.77837999132478,85.03994238845203,23,17.184564425306394,11,5.5537414965998195,-0.12815479525833512,-6.318868600070431,2.8123795523394115,2.824145388062123,1.0,6.59999942779541,2.878396702792005,0.0,4.220486402511597,0.4360076787496253,-2.515624761581421,1.9018151959893221,1.893493767920971,69775.4223253,105802.03652690123,7.062941551208496,3.233337200118359,0.0,4.448688507080078,0.6211896768426531,-2.6196582317352295,1.33585995542867,1.3393796766066126,26.553924535739934,14.9106577457962,11.135928301573486,12.839947793050788,1.2090270569921824,-2.565206534880822,4.218694614695434,4.215560826238307,340.58294677734375,74.98917767232798,0.008498458191752434,328.3282747268677,62.47346327921265,-13.696365954354405,140.61058179651585,140.55458185408258,1,0.008578999668764492,0,0.11249954342810413,"{""type"":""MultiPoint"",""coordinates"":[]}"
00000000000000000513,20,JATINEGARA,BIDARA CINA,3175031002,3.175031002E12,Sedang,Bidara Cina 04,,24,400,2373,Luapan Kali Ciliwung,004,3,2020,1577865600000,50,50,0,1.937805917929868,-9.90310388208773,-17.3176612905591,3.4777190334374675,14.684158756759482,-1.61183362043602,-10.23546876217836,4.923806049629058,JAKARTA TIMUR,1,0.9855748215066297,0,0.16007269816574257,4824.736501687555,4657.36893822902,4477.833339614565,678.4741237545941,520.8798408480716,386.7079108886692,66.343058846117,83.24453906790608,26,22.149060177764824,15,6.510920157537857,2.5931636297099208,-4.725671321158842,2.8340744257078225,2.8278149508271997,1.0,7.699999809265137,4.553868939156403,0.0,5.036390781402588,1.8678577882319831,-2.716970920562744,2.255018707376997,2.24605039000661,47802.3978867,47990.57576436558,8.71943473815918,2.7255985561585123,0.0,5.925070762634277,-0.057923330365091605,-2.7686655521392822,1.6449802190855,1.648982430439993,23.766469420855273,13.04726744200019,11.135891116396587,10.117485553512756,-0.6178809881147368,-2.5402208787837655,2.842851469959291,2.8376046496865026,339.5376281738281,14.557506217938394,0.008498343639075756,327.0183277130127,2.2033475523579225,-12.5303322263062,91.49110352701715,91.54696486761306,0,0.0,0,0.0,"{""type"":""MultiPoint"",""coordinates"":[]}"
00000000000000000517,70,JATINEGARA,BIDARA CINA,3175031002,3.17503100201E12,Sedang,Bidara Cina 08,,2,400,2377,Luapan Kali Baru,008,3,2020,1577865600000,50,50,0,0.18677720264787806,-10.951997266778214,-15.986430804445394,2.4072736365643856,6.490089134357465,-4.287102108164683,-9.627937815976637,2.5529967300838234,JAKARTA TIMUR,1,0.9571825418024467,0,0.19436903249445142,5048.734026429516,4767.551378103891,4460.503453028908,793.1696183613649,555.3247808626583,334.6383632381703,113.24132446043862,146.38384959258877,28,23.71758640953044,19,8.02033655567611,3.223351914622548,-1.4182599355519052,1.9147295613189357,1.7641165089612925,1.0,7.100000381469727,2.294622762252,0.2999992370605469,4.35775899887085,-0.6106319068187498,-2.7667317390441895,2.208208611051608,2.128865916129606,130496.850277,131068.6271260974,7.223128318786621,2.519043736945898,0.0,4.409135580062866,-0.30017338838260904,-2.851088762283325,1.4828445763253895,1.4852444147050528,18.951104838786183,12.93215083799446,11.113241737163989,5.332768355016121,-0.7050542943236706,-2.5337650991529426,1.550824592585956,1.546322498349428,0.22095462679862976,0.031060066973961988,0.008498204872012138,-10.291601449251175,-11.015381025731937,-11.582359038293362,0.231214932862914,0.060243469952739215,1,0.04281745819755331,0,0.19436903249445162,"{""type"":""MultiPoint"",""coordinates"":[]}"
00000000000000000518,101,JATINEGARA,BIDARA CINA,3175031002,3.17503100201E12,Sedang,Bidara Cina 09,,2,400,2378,Luapan Kali Ciliwung,009,3,2020,1577865600000,50,50,0,-5.138799220038278,-10.993682818721135,-15.341370664044515,1.9445929912024353,3.4971677026463293,-3.605200708337654,-8.593077762373108,2.1169406129213955,JAKARTA TIMUR,1,1.0,1,0.0,4661.445986162131,4420.567416044195,4145.519835203624,503.45072880538373,354.5122764524054,190.69937280655813,65.67298505461525,117.68656102426317,26,21.718291853665157,14,6.579090583603055,2.3263233797042613,-5.028929466521976,2.4901102380029307,2.687087794681549,1.0,7.699999809265137,3.235571643684602,0.0,5.036390781402588,0.5489450755742526,-2.7244324684143066,2.566931171654312,2.5584943661656183,128188.91798,128707.63016197894,4.719674587249756,2.3274470963154497,0.0,1.9731271266937256,-0.4244548556854267,-2.7686655521392822,1.073774850433842,1.074116458083418,19.133437237598933,12.805886808810618,11.555769212681515,5.47855022328976,-0.8510698581925348,-2.1028739276810935,1.2454803469350186,1.244976590684525,0.2039605677127838,0.017805064538655622,0.008498329669237137,-10.955930225551128,-11.737686219152533,-12.262073347344995,0.3249486102702726,0.03678598159417051,0,0.0,0,0.0,"{""type"":""MultiPoint"",""coordinates"":[]}"
00000000000000000519,67,JATINEGARA,BIDARA CINA,3175031002,3.17503100201E12,Sedang,Bidara Cina 10,,2,400,2379,Luapan Kali Ciliwung,010,3,2020,1577865600000,50,50,0,2.5227623845305205,-11.411805993278126,-15.583537599868798,2.3176107344778267,8.899385840286222,-3.3943337167133274,-8.206482893379583,2.596559086978492,JAKARTA TIMUR,1,1.0,1,0.0,4361.000152658897,4164.509153102445,3897.2863813230247,381.77266427594486,260.4213390771433,109.59426027659447,62.3376682782455,101.65873710530427,24,20.45383914060332,14,5.4667382742586135,1.7751463187598082,-4.9742212674528865,2.1554176715896083,2.103821487705095,1.0,6.199999809265137,2.7624052121219904,0.0,3.6666879653930664,0.17502743024890685,-2.679534673690796,2.048482492584344,2.019659290281109,88045.5874465,88391.24539881127,5.624477863311768,2.0755601995892077,0.0,2.9937431812286377,-0.5883828158156882,-2.6690726280212402,1.079672600077949,1.0817544723478523,16.648538770388793,13.054340443167183,11.365516515853495,2.955507767336325,-0.6285726723293218,-2.324925321932792,1.2997371320402087,1.2950166945308867,0.2974432408809662,0.02700975152082469,0.008498397655785084,-10.788894802331924,-11.771234699922685,-12.282047774642706,0.3541030816462202,0.05998463996765626,0,0.0,0,0.0,"{""type"":""MultiPoint"",""coordinates"":[]}"
00000000000000000520,52,JATINEGARA,BALI MESTER,3175031003,3.175031003E12,Sedang,Bali Mester 03,"RT 04,05,06,07,08",2 Jam,330 m2,2388,Saluran Primer lebih tinggi dari saluran sekunder,003,3,2020,1577865600000,50 cm,50,0,3.987729160163548,-10.553844529001147,-16.083174692991566,3.0043421717513525,7.881498239615709,-3.5754815841143763,-9.582865906932717,3.1814495063695882,JAKARTA TIMUR,1,0.9447985776852693,0,0.21059035204970727,4200.170260476811,3962.191956588772,3693.215064037931,551.8379817365444,375.50243736571457,232.5452872130436,81.01007674490624,113.24999845273574,26,20.94215341919257,16,8.511421410670714,3.718645202462658,-1.7875402792683488,1.9893305989871073,1.9407669947350372,1.0,6.199999809265137,4.419704068994735,0.7999992370605469,3.7527029514312744,1.9728009968389952,-1.6124963760375977,1.6669474340259371,1.6775816581188205,160978.644743,161543.77286277997,6.724222660064697,2.798052535273249,0.0,4.122832536697388,0.20189083602369395,-2.605516195297241,1.3820117824130231,1.3833348344108325,17.341696580894094,12.50739278483868,11.185547709788421,3.669329182081327,-1.1739383544660271,-2.5044976166642154,0.8582697456978029,0.8555460740708366,0.05948929861187935,0.012837692173718423,0.008498458191752434,-11.138402589596808,-11.746870951375175,-12.953729273751378,0.3245882931423626,0.008229412662319559,1,0.055201422314730485,0,0.21059035204970736,"{""type"":""MultiPoint"",""coordinates"":[]}"
0000000000000000044c,210,KRAMAT JATI,KAMPUNG TENGAH,3175041002,3.175041002E12,Sedang,Kampung Tengah 01,,2,300,2021,"Saluran terlalu kecil, sehingga air tidak lancar dan tidak bisa menampung apabila hujan, selain itu dipengaruhi juga oleh genangan di Perumahan Bulak Rantai dan Paspampres",001,3,2020,1577865600000,60,60,0,1.7744166084169841,-12.417259945897948,-15.708158877760138,2.1805691705614474,5.58127645122579,-5.373360456148719,-10.17595598247313,2.1491904741528103,JAKARTA TIMUR,1,0.9471517485835501,0,0.2392855715896167,2212.8200519202283,1882.7884408864527,1601.393631575576,-72.41065271802836,-219.8759229073809,-359.0068614621514,70.01388497533203,129.78862695105235,40,32.686580702782685,28,5.884998209810483,-0.8388336482759405,-5.987468671678812,2.2650938010391353,2.474377922531204,1.0,6.100000381469727,3.221809029549221,0.0,2.8271825313568115,-0.24186063438313754,-3.1964125633239746,1.4215058004361283,1.3915453264862947,249582.898024,250598.81134479254,7.3788604736328125,2.2665886415658423,0.0,4.5245020389556885,-0.5486578761578048,-2.923534870147705,1.24272472432022,1.2443120426251795,21.898073877074033,13.02273293033864,11.091572679264349,8.346731010494976,-0.5106234725637991,-2.4554141738493858,1.5230147375667746,1.5252339360843241,3.288506269454956,0.09666459314931307,0.008497367613017559,1.553023099899292,-2.807425175307143,-7.350448064506054,1.4587903362248589,0.5846918341433207,1,0.052848251416450394,0,0.23928557158961689,"{""type"":""MultiPoint"",""coordinates"":[]}"
0000000000000000044d,598,KRAMAT JATI,KAMPUNG TENGAH,3175041002,3.175041002E12,Sedang,Kampung Tengah 02,,2,400,2022,Curah hujan yang tinggi dan saluran air/got dibeberapa tempat tidak lancar,002,3,2020,1577865600000,60,60,0,1.7744166084169841,-12.444547008167334,-17.233723798965556,1.838349294967697,5.26478377911761,-4.449319338889773,-9.02609630023236,2.1406721692380657,JAKARTA TIMUR,1,0.959221387212024,0,0.19722323674765432,2532.025653133678,2112.4965747288397,1855.3248465545596,-137.62820067938856,-244.41237688641675,-325.19553753127343,37.38897807216898,163.37879999820456,38,31.559987269516633,26,6.140637307556027,-0.8368234123314192,-6.295166487646313,2.6228449248769796,2.5724940882229657,1.0,6.500001907348633,2.253526239628948,0.0,2.450556755065918,-1.5550999925257087,-4.340329170227051,1.515877620136774,1.533753554696443,339602.234396,341031.1945092481,7.95896053314209,2.709696934559101,0.0,5.012180805206299,-0.19431474764613066,-3.0171477794647217,1.481974708985781,1.5002406634114778,21.691843050787988,13.499112839141267,11.01499678788815,8.10738496182607,-0.0570827330524509,-2.596218565719367,2.487785991702529,2.4812080953040967,2.6681840419769287,0.46669449210563924,0.008497428148984909,-0.4594850540161133,-6.543960178859576,-11.966651668772101,3.201592265952281,0.9541968624608236,1,0.03554268818529011,0,0.18637982761781263,"{""type"":""MultiPoint"",""coordinates"":[]}"
0000000000000000044e,778,KRAMAT JATI,KAMPUNG TENGAH,3175041002,3.175041002E12,Sedang,Kampung Tengah 04,,3,1200,2023,Pendangkalan Kali Induk,004,3,2020,1577865600000,70,70,0,1.6661846093631487,-10.513823541806696,-16.30516880555087,2.5950989098516133,10.77536850045393,-4.017927821767586,-9.728479758024704,2.814821577948623,JAKARTA TIMUR,1,0.9548930856875293,0,0.2006275022909803,2821.3751145383426,2489.8328817751435,2157.6877582595803,108.87435530437142,-61.198907850013626,-209.604585278576,67.33994831133259,163.24121444380748,42,32.95639534883722,28,6.97264590046629,-1.5478565194892793,-6.857214464732486,2.9171948540030352,3.134107377168279,1.0,8.499998092651367,2.289346009720799,0.0,4.204444885253906,-1.8139331294041972,-4.621303558349609,2.138378799768441,2.2338630709306013,178579.558645,179301.8749882755,7.64622688293457,2.648517972654665,0.0,4.667449474334717,-0.32787611125848476,-3.0095250606536865,1.4430967069534728,1.4457991138040218,21.148226601055725,13.93295329098981,11.05556422453028,7.571879610789162,0.3590819629783814,-2.5187589674486723,2.5508582995453843,2.5508263591964533,2.1073498725891113,0.44544390690670954,0.00849734153598547,-5.332515716552734,-8.082196472878348,-10.11707959137857,1.2611367938255191,0.7647500093519844,1,0.04013188699859529,0,0.1907488985347255,"{""type"":""MultiPoint"",""coordinates"":[]}"
00000000000000000450,562,KRAMAT JATI,KAMPUNG TENGAH,3175041002,3.17504100201E12,Sedang,Kampung Tengah 06,,2,750,2025,Penyumbatan saluran air,006,3,2020,1577865600000,40,40,0,-4.711478806657216,-10.755958767941447,-14.47849682562989,2.120843840243282,5.264688200640668,-4.783940503009587,-9.184007555613851,2.1599753333646796,JAKARTA TIMUR,1,1.0,1,0.0,2291.157171937385,2104.361899570188,1912.425078044332,-67.74493105032798,-186.55175745994083,-281.23170850731753,42.70700978707452,81.50486182642688,36,31.038504589209765,28,1.8828499820985414,-2.853720908280373,-5.987468671678812,1.664318097490949,1.781751995223825,1.0,3.999998092651367,2.285038040499306,0.0,0.4216163158416748,-1.3932678617743286,-3.7903904914855957,1.2451503611379315,1.2137691737440839,93430.0649432,93870.73082229329,7.3788604736328125,2.1764660622502294,0.0,4.5245020389556885,-0.6890899484241714,-2.9120993614196777,1.2348153830289037,1.2335711215377188,21.51595010418805,13.692849052378307,11.091572679264349,7.9681288913978765,0.1418827997250726,-2.461535053681912,2.5351767149627364,2.542799376780337,2.2093188762664795,0.31059155924066134,0.008497381582856178,-3.4406900824978948,-5.866005387604099,-7.370190921239555,0.9886441292068299,0.8337535397076837,0,0.0,0,0.0,"{""type"":""MultiPoint"",""coordinates"":[]}"
00000000000000000451,200,KRAMAT JATI,KAMPUNG TENGAH,3175041002,3.17504100201E12,Sedang,Kampung Tengah 07,,2,700,2026,"Curah hujan tinggi, saluran/got kecil dan merupakan dataran rendah",007,3,2020,1577865600000,50,50,0,-2.564699565549096,-12.536519794203862,-18.256577827674697,2.3820871282497484,5.249359447119604,-4.786591479813151,-12.974234041152702,2.7418718655557903,JAKARTA TIMUR,1,0.9232131608497585,0,0.29610400790667285,2767.4830418432575,2401.584058108068,1912.425078044332,262.6661479955683,45.452987810753655,-155.6921939505853,95.67017144389672,195.91323468671615,43,33.41582296393,24,6.702112423917903,-2.0338566638979096,-10.941926244181026,3.351071385760523,3.6742131202664785,1.0,9.69999885559082,2.5419782223793725,0.0,5.308248043060303,-1.522059881350988,-4.460716247558594,2.437765905358236,2.5564398245697033,382283.488146,383751.0073505571,8.720192909240723,2.778983724188344,0.0,5.69124174118042,-0.1888553570506964,-3.04545521736145,1.5744321579982858,1.5824283655169444,21.79293433759354,13.535869627271497,10.922327728651771,8.312898899458984,-0.023644233665735172,-2.663807186025446,2.18577275749384,2.176748104530544,2.9144132137298584,0.3210378538183266,0.008497260510921478,1.5481250286102295,-6.445928183059887,-9.061410810798407,2.334159632427053,0.8900877656189152,1,0.07678683915024147,0,0.29610400790667274,"{""type"":""MultiPoint"",""coordinates"":[]}"
00000000000000000452,21,KRAMAT JATI,KAMPUNG TENGAH,3175041002,3.17504100201E12,Sedang,Kampung Tengah 08,,2,400,2027,Meluapnya kali induk,008,3,2020,1577865600000,40,40,0,0.7721257196422552,-12.104766650333858,-16.785678563638385,3.0961682939464534,8.62270050507101,-4.081107888395062,-8.45950935945549,3.1046452220339678,JAKARTA TIMUR,1,0.9656713542670006,0,0.18885257457751045,1822.5674819397511,1624.8545983489544,1484.2598772436477,-261.6269920212894,-332.88273232224105,-396.96141660580906,31.187905947521564,77.54925512029428,36,30.37091119244847,24,4.928464017187334,-1.011199333334742,-7.156247762261316,2.402571016739532,2.3710184299287373,1.0,5.30000114440918,2.219884711941458,0.0,2.1660518646240234,-0.9911148314162773,-3.3102757930755615,1.917443719730841,1.9358984047053251,90637.9155937,91042.54095671992,6.227239608764648,2.589652779090384,0.9274099469184875,3.4921934604644775,-0.15092179437428643,-1.8315592408180237,1.1003881051874276,1.097785325027196,19.087220275495998,14.42034534206205,11.40342072023005,5.526343784078708,0.8574822250527085,-2.1728923185063316,2.7429252955683228,2.7460925712051427,3.2375214099884033,1.139647939155911,0.008497503586113453,1.6011672019958496,-0.7547312636460168,-3.909135799854994,1.5402158051988928,1.498587047068511,1,0.034328645732999416,0,0.18885257457751053,"{""type"":""MultiPoint"",""coordinates"":[]}"
00000000000000000453,188,KRAMAT JATI,KAMPUNG TENGAH,3175041002,3.17504100201E12,Sedang,Kampung Tengah 09,,3,700,2028,"Saluran air kurang berfungsi, kecil dan dangkal, pendangkalan kali induk saluran di Jl. Al Bariyah lebih tinggi dibanding Jl. Pelita, Jl. Pendidikan dan Jl. Kober",009,3,2020,1577865600000,50,50,0,-1.993628421487855,-11.408311949823657,-16.177610039530563,2.5769856943169676,9.60219314000311,-3.8961743530477935,-9.245729555392513,2.6316607807638057,JAKARTA TIMUR,1,0.9283833000679025,0,0.25420840580171017,3071.1090804960018,2748.4489171995947,2377.7853656614247,219.62187013119956,-32.55723261285998,-196.6571715679047,84.90268314061908,162.7808623866638,41,33.59361303730528,26,6.2844969566783035,-0.5527007509446117,-7.354027926959368,2.843860272912926,3.1035753918053985,1.0,8.400001525878906,2.519985457806358,0.0,3.707455635070801,-1.9496011817432466,-4.611314296722412,2.0556627436573676,2.2037112627349362,338866.462865,340288.3809384364,6.568332195281982,2.181842222786181,0.0,3.464846134185791,-0.8778001632470203,-3.1130177974700928,1.3518026473921012,1.3568077884499747,21.073263451974945,13.967994026679849,11.209094616418321,7.496158600764639,0.39300512015128364,-2.370627265625439,2.1973787335281663,2.1981614969428227,1.4700486660003662,0.1809500694549149,0.008497360162436962,-7.397024393081665,-11.049968305675453,-12.66141774598509,1.2564996388352991,0.3429187798068621,1,0.06636967838844417,0,0.24619881111682093,"{""type"":""MultiPoint"",""coordinates"":[]}"
00000000000000000454,300,KRAMAT JATI,KAMPUNG TENGAH,3175041002,3.17504100201E12,Sedang,Kampung Tengah 10,,3,1000,2029,Jembatan terlalu rendah dan pendangkalan kali induk,010,3,2020,1577865600000,40,40,0,-1.080214009203352,-10.215399802203237,-15.271007120336307,2.3093434561669937,6.723098664780466,-3.8373096650515044,-8.137853814374855,2.4803520209305563,JAKARTA TIMUR,1,0.9875752186517894,0,0.10075324463788939,2587.496455406664,2325.4954167010073,2115.3957956173376,-93.87254591693181,-180.22763526313238,-264.18195610701287,35.1750872455698,103.0198760341573,35,31.203474066314225,27,1.8663802363060071,-2.1109291854618957,-5.924812030074101,1.9718435283118292,2.010321819971955,1.0,3.3999996185302734,1.8385286315145493,0.0,-0.6065819263458252,-2.127625192629247,-4.265993595123291,1.1626436087603897,1.1891773183793615,143298.640671,143871.38677538178,5.400792121887207,2.309262315496608,0.0,2.4796652793884277,-0.6679939841484707,-3.074326515197754,1.2994544659038405,1.3027625738523818,21.54998023188078,13.869118574352344,11.406233553272873,8.043240752663097,0.3176864995872452,-2.1328653561566817,2.7304299931569056,2.720299725483195,2.2857961654663086,0.4359261588971874,0.00849741417914629,-3.3765506744384766,-8.388925210148585,-12.149948843754828,2.338035811659316,0.9077822902604291,1,0.012424781348210588,0,0.10075324463788975,"{""type"":""MultiPoint"",""coordinates"":[]}"
0000000000000000045f,60 KK,PASAR REBO,GEDONG,3175051001,3.17505100101E12,Sedang,Gedong 12,,3 jam,200 m2,2061,Luapan waduk surilang di Rt. 009/012 Kel. Gedong,012,3,2020,1577865600000,50,50,0,-4.824740064774885,-11.936184923478741,-21.98261884692471,2.3023637308012113,6.855463892343517,-5.2920340400025365,-16.254380447846692,2.6350426417575386,JAKARTA TIMUR,1,0.8731298203222678,0,0.32260113544524655,3651.0322901167087,3237.3202609297405,2779.8933419494465,697.5114119011178,383.46696569807926,35.13578841769868,159.04452717051208,226.29975764085108,45,37.56027422277789,31,8.930755460079915,0.8689740591325127,-5.945076978158141,3.247439690600334,3.2169112013484136,1.0,16.999998092651367,3.461989240594246,0.0,11.793030738830566,-1.5145818465809362,-5.0468244552612305,3.1595918634497573,3.2271882649856245,248208.64324,249233.1768656919,8.777689933776855,3.3957036707024892,0.0,5.745844125747681,0.32069589857567254,-3.1203713417053223,1.663734122875359,1.6584589788936968,20.21793537753442,12.771377047395799,10.91565462511544,6.652483209871447,-0.8173041157458655,-2.65350166680547,1.6074310547889807,1.6096510208576877,0.628798246383667,0.054973978950238124,0.008497278206050396,-8.87804639339447,-11.220283893547952,-12.392182257026434,0.8674661422709463,0.15315352226471235,1,0.09462933565598527,0,0.2882414985322975,"{""type"":""MultiPoint"",""coordinates"":[]}"
000000000000000005b3,40,PASAR REBO,CIJANTUNG,3175051003,3.17505100301E12,Sedang,Cijantung 06,,3 Jam,50 M2,2652,Kiriman Hujan Dari Bogor sehingga saluran Kali Gongseng tidak lancar dan tidak dapat nempung depot air yang tinggi,006,3,2020,1577865600000,30 cm s.d 50 cm,50,30,-2.939160797314581,-14.310515229521194,-19.061565369248633,2.0016730011733106,5.049586056418454,-6.312170319945523,-12.182329982291947,2.6959839022007936,JAKARTA TIMUR,1,0.5239109875460047,0,0.49891014722053256,2758.138671748824,2438.656017843454,2092.901822648123,336.82945809059856,125.91505892781719,-69.56333019732529,105.33548211751894,177.53884163502903,54,40.31758258035846,28,8.989616899395351,-4.474483786051634,-17.336269244536105,6.040911980961099,5.883581583327842,0.9995499027917225,13.299999237060547,4.255097493702333,0.0,6.831428050994873,-2.461615068036153,-7.193755626678467,3.9708902115807594,3.9707461835351685,305963.934959,307241.16888944403,9.104012489318848,3.1249990538405306,0.0,5.923432111740112,-0.09413239328376836,-3.3103296756744385,1.569562437567009,1.5701864532872216,21.884775890594195,13.967357939032143,10.878504124366195,8.382700195426205,0.4756276695668513,-2.6390065561444356,2.6955115187121392,2.6998708051409857,3.5686190128326416,0.7184646618550222,0.00849690567702055,-4.238489389419556,-6.532713109539096,-9.037064529955387,1.17617328114977,1.2997636025756352,1,0.4119617606508437,0,0.4915805336484804,"{""type"":""MultiPoint"",""coordinates"":[]}"
000000000000000001ee,57,GAMBIR,GAMBIR,3171011001,3.171011001E12,Tidak Diketahui,Gambir 01,Sudah Telepon RW,-,-,1069,Debit air melebihi turap kali ciliwung,001,0,2020,1577865600000,-,0,0,14.206740465314331,-8.690925936748515,-17.08305393330648,5.604826457297421,28.596571381766594,-2.547823869709635,-12.445729949625218,5.8737660171241615,JAKARTA PUSAT,1,0.8842787935614939,0,0.33577878475307144,2857.742352646719,2444.3808194035782,1866.8846147581628,868.9187091340129,607.5929854010875,280.8863569912005,130.85672880031555,243.15832156734405,39,9.028702401416888,-5,30.605800214823972,0.718282466872577,-13.07769423558777,4.791524350892231,4.828128466579562,1.0,6.90000057220459,2.2387501371833944,0.0,4.776362895965576,0.10659314186362595,-2.2178876399993896,1.8547665411437313,1.8757986693068507,401724.063428,403398.5475030602,28.617029190063477,5.97117855650451,0.0,24.016271114349365,1.3204919205498318,-4.711179256439209,4.027598771261848,4.032112947684864,23.82542621516703,13.60680105106847,9.653588583514155,10.61711658877522,0.35824547103003485,-3.6394618013961306,4.229126482623661,4.229613919392902,360.146484375,58.983637477510555,0.008499130606651306,345.84804344177246,44.157521759299186,-15.60061346180737,144.00341474225047,143.88943795708536,1,0.06355159660363598,0,0.25594784049128877,"{""type"":""MultiPoint"",""coordinates"":[]}"
0000000000000000028d,50,GAMBIR,KEBON KELAPA,3171011005,3.171011005E12,Tidak Diketahui,Kebon Kelapa 01,Tidak diangkat,-,-,1321,Curah hujan tinggi,001,0,2020,1577865600000,-,0,0,16.99377906194043,-8.285891526068564,-16.119924770973032,4.2944939747295905,22.93179116166356,-2.2342050445675876,-9.368114392423685,3.979589620956872,JAKARTA PUSAT,1,0.9950429610046265,0,0.06441510347391806,1209.523820209072,696.0164122691824,382.4850156088664,181.95498758326698,-260.767121796982,-525.0915657276596,153.86213006641444,186.43232782239963,18,8.508009019867034,2,11.233440744720042,1.5908142628823239,-4.809881847474725,3.062328636587164,3.0299431604496396,0.7322116474508512,5.300000190734863,2.7578885136150815,0.0,3.5194272994995117,0.9806802105182465,-1.8141640424728394,1.564983793744022,1.5634255766851934,179458.670031,180173.15190861563,14.28170394897461,3.4093438773973057,0.0,10.822498321533203,-0.27944129687469593,-3.880920171737671,2.190453360026786,2.1422806875921356,23.834775798456235,12.864683233039784,10.962168002090033,10.370684492341352,-0.5794344143211613,-2.4661541753314964,2.880724974126352,2.8843434860723858,363.52069091796875,18.305018352717997,0.008499431423842907,349.12510776519775,3.2932834328383036,-15.640915556810796,100.59319798206425,100.45427596257888,0,0.0,0,0.0,"{""type"":""MultiPoint"",""coordinates"":[]}"
00000000000000000290,50,GAMBIR,KEBON KELAPA,3171011005,3.171011005E12,Tidak Diketahui,Kebon Kelapa 04,Tidak diangkat,-,-,1324,"1. Curah hujan tinggi;
2. Kiriman anak sungai ciliwung",004,0,2020,1577865600000,-,0,0,2.087496587345746,-11.45639034769149,-17.753116584486392,2.920048321705319,12.511366575553414,-1.8971373180647682,-9.80137661673735,3.8021886818488233,JAKARTA PUSAT,1,0.9116965130113793,0,0.29102793983826,1791.6137256454913,1430.0086477145496,1205.9611502604637,430.30716015009216,223.28762928812125,43.46362076475248,99.1418763307526,143.99695737486172,53,8.601208090545777,2,45.57622627998686,1.2058284644214199,-5.481274615108007,6.236747851749519,6.225410675437299,0.8999740031167505,5.300000190734863,1.5647045911902235,0.0,3.370526432991028,-0.33324747796157433,-1.9809309244155884,1.1674467255432583,1.1544108634363406,228577.194735,229593.2939285605,33.69878387451172,5.6405335411412585,0.0,29.313826084136963,1.3116466603265593,-4.501744747161865,5.247866433804201,5.255467585693311,23.83255202152646,12.814071627427412,9.452885462983993,10.590688939922265,-0.47060454326396334,-3.841377107967327,2.7967616203662695,2.789851366084636,363.0447082519531,14.947593198205213,0.008499356918036938,347.9327564239502,0.008175566886534088,-15.625280148349702,82.90121729228251,82.98813240278884,1,0.06760425882424724,0,0.2416701742592972,"{""type"":""MultiPoint"",""coordinates"":[]}"
0000000000000000029b,12,SAWAH BESAR,PASAR BARU,3171021001,3.17102100101E12,Tidak Diketahui,Pasar Baru 08,Tidak diangkat,-,-,1349,"1. Intensitas hujan tinggi;
2. Meluapnya air sungai ciiwung;
3. Kurangnya resapan air disekitar wilayah;
4. Sempitnya saluran air di sekitar wilayah",008,0,2020,1577865600000,-,0,0,20.391049012899202,-11.289220766261392,-19.882249974109463,4.51035723150253,17.055113449208513,-5.678580693667024,-14.398939630892048,4.193573745120963,JAKARTA PUSAT,1,0.7485916371014362,0,0.4296403214992015,2435.003422595757,1808.6746743818237,1037.1581193100906,544.0583906467355,187.74016571440765,-344.4524327222091,217.3827855917838,292.6252503215596,48,8.852188960550729,-3,40.496312209095365,1.2180405569031072,-10.95116362334286,5.7337502222416,5.779372841621994,1.0,8.800000190734863,2.2683243800836665,0.0,6.8205084800720215,0.3711842156232509,-2.1806087493896484,1.6588378876441339,1.667516796654721,923038.337782,926794.8951409508,36.77738571166992,5.662272857660724,0.0,32.7142972946167,1.3757581875266514,-4.55941915512085,4.808135127106932,4.782782886828989,23.482642361165567,12.874278463580158,9.40115302175617,10.275695288088436,-0.3740449620477421,-3.8907419163433357,2.598847480604923,2.589530739445028,362.58575439453125,12.37976344587329,0.008499238640069962,347.669602394104,-0.19184126823940292,-15.191730327904224,74.43976792724294,74.95379793892535,1,0.18758902629321916,0,0.38609231059437304,"{""type"":""MultiPoint"",""coordinates"":[]}"
0000000000000000029e,167,SAWAH BESAR,PASAR BARU,3171021001,3.171021001E12,Tidak Diketahui,Pasar Baru 03,Tidak diangkat,-,-,1352,"1. Intensitas hujan tinggi;
2. Meluapnya air sungai ciiwung;
3. Kurangnya resapan air disekitar wilayah;
4. Sempitnya saluran air di sekitar wilayah",003,0,2020,1577865600000,-,0,0,-0.37337645945895137,-9.236472413431219,-17.62215449080893,3.505361887751435,7.064201249295026,-4.133632341776149,-10.43941673086648,3.060476293039183,JAKARTA PUSAT,1,0.8991023717391877,0,0.28529933709058547,1391.4936349159198,1062.1999223122255,724.5275140752155,243.29667863912732,-101.6591566572113,-416.902796843774,177.001582291359,169.98798543541085,22,8.400879201874224,0,15.03086287146551,1.606874249511801,-6.884783387037907,3.7100486258321763,3.7649901179563177,1.0,3.5,2.055292436274434,0.0,1.705785870552063,0.3119431946401819,-1.682105302810669,0.8408167283464059,0.8800040587212694,132455.106927,133060.7699622268,14.382662773132324,4.0792369679180975,0.0,10.276771545410156,-0.04230664062990778,-4.100851058959961,2.7829544826015296,2.7778628802914764,17.97506570303043,13.40878222037763,10.557282452947,4.763427229354511,0.16840202316269487,-2.715458879291761,1.8933001274436652,1.8773566909714672,1.5298954248428345,0.22615817237325994,0.008499431423842907,-5.271236300468445,-10.816519156480611,-13.295294447802007,1.8771086836498474,0.45931406534041636,1,0.09552765274158308,0,0.27708596128798313,"{""type"":""MultiPoint"",""coordinates"":[]}"
0000000000000000024c,100,SAWAH BESAR,KARTINI,3171021003,3.171021003E12,Tidak Diketahui,Kartini 01,-,-,-,1241,Curah Hujan Tinggi,001,0,2020,1577865600000,-,0,0,3.4451520874439785,-9.162145352844673,-14.816613449661652,3.6304715041955453,9.678661021703178,-2.1722722621619193,-8.449151737213352,3.221761997208327,JAKARTA PUSAT,1,0.9995639534883721,0,0.16216216216216237,875.1549798115764,671.573528976824,463.8312116386399,67.90379797572552,-118.91139020780949,-333.1848497608758,94.43266780074664,96.5392685446625,13,7.883357558139535,2,6.998496240602607,1.8231173968986634,-4.234944504116365,2.1585055931418324,2.112434922126391,1.0,1.9000000953674316,0.9574636267714721,0.0,0.19256722927093506,-0.7630545964767769,-1.726480484008789,0.6819110466709105,0.6839227006231354,48023.0847525,48233.37475980434,7.467730522155762,3.0945654046050337,0.0,3.9760448932647705,-0.45400504041896306,-3.587919235229492,1.7422888203083693,1.7212508822203045,20.11440858032839,12.995661621677076,11.079732571106065,6.769882431138308,-0.3232917854641066,-2.262142638724944,1.935894452570202,1.943333832198431,0.5609714388847351,0.09547873924961477,0.008499649353325367,-6.9225029200315475,-7.98134834815966,-10.395617425441742,0.8059813370631429,0.20942253345012438,1,4.360465116279069E-4,0,0.16216216216216217,"{""type"":""MultiPoint"",""coordinates"":[]}"
0000000000000000024d,987,SAWAH BESAR,KARTINI,3171021003,3.171021003E12,Tidak Diketahui,Kartini 02,-,-,-,1242,Curah hujan yang tinggi dan Air Cliliwung meluap,002,0,2020,1577865600000,-,0,0,2.26113101163547,-10.621553895300007,-15.67507677267428,3.121626654102215,8.025956842422254,-3.766027412267837,-12.431050020475848,3.275568776954137,JAKARTA PUSAT,1,0.9842196763696341,0,0.16145661892879587,1037.1581193100906,864.7141718661122,655.95639015131,254.15643012986345,86.79150405796544,-120.26125929956595,92.98775215067197,92.95805097547898,11,7.014576739624661,1,5.0211958467608575,1.0744517201721018,-4.7720014321507405,1.9778505355887954,2.012080860143325,1.0,2.0,0.9527748408938457,0.0,0.2727174758911133,-0.7861306689115342,-1.7351808547973633,0.5942055349443394,0.5947018748561489,78341.5413547,78653.71621112207,7.605902194976807,2.544998428035409,0.0,4.05389142036438,-1.0560428943390863,-3.6366255283355713,1.54130287273342,1.530796232585826,16.524273521135466,12.93428249228258,11.668792644027354,3.194245886091334,-0.34618484681121137,-1.6310297559372504,1.0873813743795915,1.0827131717346232,0.5439721345901489,0.028422064471587828,0.008499624207615852,-2.928102046251297,-6.503413785072969,-9.762019632384181,1.3830597455368354,0.09735641618286295,1,0.015156243034814781,0,0.13243211584099399,"{""type"":""MultiPoint"",""coordinates"":[]}"
0000000000000000024e,40,SAWAH BESAR,KARTINI,3171021003,3.171021003E12,Tidak Diketahui,Kartini 03,-,-,-,1243,Saluran air tersumbat serta rendahnya jalan,003,0,2020,1577865600000,-,0,0,-2.756444131014892,-8.55551835857131,-15.365010495131997,2.5181967944934307,6.215218260166376,-3.080211761718308,-9.310003904948253,2.8839239168000814,JAKARTA PUSAT,1,0.9985332568076015,0,0.10975609756097544,1128.550045815337,1019.6136765340616,913.6415294927517,296.3657473819186,206.8148101824348,95.88240009328285,48.95451855043744,54.09496303613511,13,7.370320770359031,3,7.161403508772965,1.3912418724813134,-3.1511636233430194,2.098726260422469,2.022663089255187,1.0,2.0999999046325684,0.6414641444837094,0.0,0.42035794258117676,-1.065194193619443,-1.7311636209487915,0.7708286609281346,0.7645825832533067,54729.5311695,54948.11510880524,5.655066013336182,2.802394420826482,0.9274099469184875,2.042851686477661,-0.8039836227251449,-2.6822072863578796,1.1999727293664457,1.202678600195675,16.485454422576716,13.153608807551592,11.360196607640496,3.129762671236497,-0.14943375684178958,-1.9848055153098976,1.414167127039313,1.4034082917613788,0.467475563287735,0.08190995545913021,0.008499596267938614,-2.7495142221450806,-7.772611146173842,-10.945752646774054,2.2550016832984503,0.15463468015193296,0,0.0,0,0.0,"{""type"":""MultiPoint"",""coordinates"":[]}"
0000000000000000024f,20,SAWAH BESAR,KARTINI,3171021003,3.171021003E12,Tidak Diketahui,Kartini 04,-,-,-,1244,Curah Hujan yang tinggi,004,0,2020,1577865600000,-,0,0,2.1742391384578337,-8.392373430894352,-16.607323601514437,3.0603123689128657,6.215218260166376,-3.2590127941406104,-10.038586466628491,2.58213084238128,JAKARTA PUSAT,1,0.9937363759278167,0,0.16706255004308782,1128.550045815337,946.951501294421,742.1299386218238,295.567937113747,74.79852845456269,-200.64392413289204,131.56560050343487,114.9442046198975,13,7.40034767252559,1,6.6219835302552745,1.3040987861900442,-4.975366988899786,2.026979501747314,2.05056472602073,1.0,2.0,0.7944510710337759,0.0,0.3239814043045044,-0.8857267913839142,-1.6748085021972656,0.5395453741690044,0.5455779285694891,126400.938873,126941.71762513259,9.29229736328125,2.889192579073217,0.0,5.635443687438965,-0.8203080440096486,-3.734902858734131,1.7116424444154976,1.7233931347048468,18.899962411547513,12.987019825301266,11.08264843873465,5.730293369114591,-0.29562742556583615,-2.16394093804173,1.3517925714222343,1.3336385409949674,0.34848251938819885,0.04140911191620269,0.008499552495777607,-3.203397125005722,-8.295727851304719,-10.861919938586652,2.1259353145452673,0.0749577393132799,0,0.0,0,0.0,"{""type"":""MultiPoint"",""coordinates"":[]}"
00000000000000000250,375,SAWAH BESAR,KARTINI,3171021003,3.171021003E12,Tidak Diketahui,Kartini 05,-,-,-,1245,Saluran air tidak bisa menampung air hujan,005,0,2020,1577865600000,-,0,0,-3.9969648517544627,-9.295385738061162,-16.492707782808864,2.6068043543720147,3.2328767218411305,-3.9742051308883712,-11.592451883740084,2.519208227122216,JAKARTA PUSAT,1,1.0,1,0.0,1057.6978978086688,871.9039627397096,655.95639015131,102.8987580788596,-91.32728324531622,-335.9789740001261,116.46083353411493,108.49339222580271,12,7.036595417330625,3,5.411313999284991,0.6741863017511235,-3.1167203723584613,1.8409404807271432,1.884012680615058,1.0,2.8000001907348633,0.8853947188384036,0.40000009536743164,1.073583722114563,-0.7993646814270435,-1.2441890239715576,0.5202420309305685,0.5330212308394568,63509.0834375,63776.971691849496,11.119087219238281,2.8113729029024315,0.0,7.238636016845703,-1.083997944916557,-3.937802791595459,1.7611680439968231,1.7575112595106581,17.341819091077497,13.356490267978426,10.67466735882586,4.127161667272727,0.11069461035034871,-2.4862361438066714,1.2738299474674897,1.268498566136251,0.09349489957094193,0.033558213940742106,0.008499509654939175,-4.9160190327093005,-8.747908880933405,-10.943095796741545,1.476359648805328,0.025598001729666604,0,0.0,0,0.0,"{""type"":""MultiPoint"",""coordinates"":[]}"
00000000000000000251,849,SAWAH BESAR,KARTINI,3171021003,3.17102100301E12,Tidak Diketahui,Kartini 06,-,-,-,1246,hujan deras,006,0,2020,1577865600000,-,0,0,-4.954769900174631,-9.743461893693029,-13.722563727284122,2.129529542653206,3.2328767218411305,-3.444601856246012,-7.746724438863581,1.996196190599889,JAKARTA PUSAT,1,1.0,1,0.0,1205.9611502604637,1094.986858175318,1020.4286656050078,318.6824698844081,161.90931483412024,67.60817392806484,58.53209412549196,44.7411339147912,13,8.00141489804411,5,6.6219835302552745,1.482482581223769,-1.5424274973136276,1.6620951659694616,1.6371536607305786,1.0,2.6999998092651367,1.0934332374528302,0.40000009536743164,0.9422768354415894,-0.6551143283502686,-1.3682920932769775,0.5761247825069646,0.5748223888773296,41918.3932514,42049.77139534996,6.566720008850098,2.643922103086313,0.0,2.8127002716064453,-1.1758140899963392,-3.8564116954803467,1.6851124086726676,1.652606546212257,15.95552538739574,12.609019498067372,11.321621266022772,2.661023945094989,-0.6952169317412081,-1.9789898959643821,0.9365914733961868,0.9368255052391772,0.03399822488427162,0.01052061886942503,0.008499509654939175,-9.92857606895268,-10.888445403547419,-11.930304126814008,0.46411288017742053,0.004470509203968459,0,0.0,0,0.0,"{""type"":""MultiPoint"",""coordinates"":[]}"
00000000000000000252,448,SAWAH BESAR,KARTINI,3171021003,3.17102100301E12,Tidak Diketahui,Kartini 07,-,-,-,1247,Hujan deras,007,0,2020,1577865600000,-,0,0,-3.1119569492188073,-10.075040102632997,-13.722563727284122,2.3544727295363015,5.454583070775618,-3.741843127764162,-7.746724438863581,2.2010814592382704,JAKARTA PUSAT,1,1.0,1,0.0,1261.7573092267978,1188.3513961818044,1113.1949079327358,336.35703549910806,267.38672446321937,172.1259239956887,52.97895153148308,43.99880533528565,9,6.168494290251833,2,2.733333333334391,-0.41720643263823515,-4.813605442175767,1.7051722394399031,1.64946688273209,1.0,2.200000286102295,1.149534960859781,0.40000009536743164,0.44275712966918945,-0.6189808458583416,-1.3801860809326172,0.6911515017543951,0.6938292592858465,46135.245153,46350.785802695435,5.247210502624512,2.29860284923831,0.0,1.3103153705596924,-1.4915648358930016,-3.798767328262329,1.1498212647331478,1.1749498013789237,15.95552538739574,12.750993155721057,11.435492932267074,2.626656795152261,-0.5941600438237629,-1.8990884042763287,1.0815338037452342,1.0790393160081038,0.050997085869312286,0.014426015586138178,0.008499509654939175,-10.82482200767845,-11.842081572719403,-13.438781432807446,0.6902946228177672,0.011984721761541393,0,0.0,0,0.0,"{""type"":""MultiPoint"",""coordinates"":[]}"
00000000000000000253,40,SAWAH BESAR,KARTINI,3171021003,3.17102100301E12,Tidak Diketahui,Kartini 08,-,-,-,1248,Curah Hujan Tinggi,008,0,2020,1577865600000,-,0,0,-4.238369194081893,-10.128349694479828,-12.976700637764523,1.6855651480086444,3.4454817645121882,-4.0117093652088425,-7.820597858009599,2.0736050023820294,JAKARTA PUSAT,1,1.0,1,0.0,1162.3576847727466,1053.2445079944416,798.0053903044136,316.3483037208101,215.4147353347108,-6.214916167160482,86.32843602857172,105.29250282593692,10,6.435802848652527,2,3.70168277837558,0.1984081454360129,-4.233369137127472,1.9102273112636412,1.937896304104246,1.0,0.7999997138977051,0.3738907154300977,0.0,-0.9273114204406738,-1.3558502548944635,-1.7339993715286255,0.2817095668023918,0.28372493478568694,34094.3853105,34226.90056388808,4.145432949066162,2.1338895546606986,0.0,0.5303802490234375,-1.4928159985780252,-3.70597767829895,1.0898327712171636,1.0852076396107835,20.08265954976022,13.732202275855151,11.67224871092317,6.726869577419979,0.38497047973866355,-1.6841888881578697,2.1110597344104858,2.1138852052161874,0.5439721345901489,0.13075422670149006,0.008499563671648502,-9.510753512382507,-10.747563146753883,-11.422086760401726,0.40907429113306937,0.21234772498041105,0,0.0,0,0.0,"{""type"":""MultiPoint"",""coordinates"":[]}"
00000000000000000254,30,SAWAH BESAR,KARTINI,3171021003,3.17102100301E12,Tidak Diketahui,Kartini 09,-,-,-,1249,Curah Hujan Tinggi,009,0,2020,1577865600000,-,0,0,2.26113101163547,-9.498548571099025,-13.1968685007608,2.651220164052064,6.845273738869803,-5.1027798882207955,-8.36074056472177,2.32634040207885,JAKARTA PUSAT,1,1.0,1,0.0,1049.530224242096,961.2284076888818,855.2624952764933,254.15643012986345,163.24373169276768,53.68674887699456,58.00057235303042,54.747135550637914,10,6.974733517568102,3,4.0494808449706285,0.942446042353005,-3.096168993912295,1.9136342388038978,1.8616122045152164,1.0,2.0,0.631530393125321,0.0,0.27933406829833984,-1.097949501008858,-1.7343287467956543,0.7771275029282092,0.7741731257546695,26467.3591073,26589.224133450953,5.655063152313232,3.186551736536614,0.0,2.030221462249756,-0.42958665275310187,-3.6366255283355713,1.3224011736614325,1.3245353626541747,16.485454422576716,12.533872496794572,11.365659302909352,3.1263780398745826,-0.770259313146271,-1.9848055153098976,1.1724601850751115,1.165578131442016,0.467475563287735,0.0253735168930523,0.008499613963067532,-3.155695468187332,-7.957139665488869,-10.565400608815253,2.0072434020106416,0.09729997979586567,0,0.0,0,0.0,"{""type"":""MultiPoint"",""coordinates"":[]}"
00000000000000000208,113,SAWAH BESAR,GUNUNG SAHARI UTARA,3171021004,3.171021004E12,Tidak Diketahui,Gunung Sahari Utara 02,Tidak diangkat,-,-,1120,"1. Curah hujan tinggi;
2. Dataran rendah",002,0,2020,1577865600000,-,0,0,0.18439708608128727,-11.820530530998235,-19.139256167661742,2.958354498290492,15.884890409206122,-4.539153220082236,-13.880633441062752,4.046558296695028,JAKARTA PUSAT,1,0.9357471171679704,0,0.2599996661322643,1147.455046826599,1037.8723150721232,798.0053903044136,488.8284852426808,369.9212918018662,53.713752223058464,88.572557616704,83.73893406550374,15,4.541166034997179,-2,10.372359470104696,-0.3423457268849921,-6.888506981739151,2.5486520619239084,2.5371634933170917,1.0,4.400000095367432,1.6826384967492967,0.0,2.7143073081970215,0.004969182934225461,-1.667318344116211,0.8389702983711146,0.844898634218669,216293.837121,217172.48590712016,11.918478012084961,3.6477260805572125,0.0,8.129578590393066,-0.1598853157418515,-3.8097798824310303,2.105603235622299,2.107279961128888,17.654168899647196,12.989846631038105,10.710619992449343,4.352518786909613,-0.21610097953309995,-2.5544487425521236,1.52313085774019,1.538452938952761,0.7564793229103088,0.06719647300371889,0.00849967822432518,-0.008165091276168823,-0.7038163166525473,-1.7039384879171848,0.5026156909296475,0.17583609384900833,1,0.05160874123054592,0,0.23567668367574052,"{""type"":""MultiPoint"",""coordinates"":[]}"
0000000000000000020b,269,SAWAH BESAR,GUNUNG SAHARI UTARA,3171021004,3.171021004E12,Tidak Diketahui,Gunung Sahari Utara 04,Tidak diangkat,-,-,1123,"1. Curah hujan tinggi;
2. Dataran rendah",004,0,2020,1577865600000,-,0,0,-1.0255216532700113,-9.485764265049786,-17.393014208819675,3.2612543544213546,5.385751124460513,-4.372000572216045,-12.380219901229719,3.0078840137637384,JAKARTA PUSAT,1,0.9653630095045396,0,0.18146272071217381,880.0578471922215,591.8969259408107,293.3526157307405,46.89892990308226,-298.2140218298056,-676.2335106118801,146.09988644194317,121.98215418037249,14,6.470275019301935,1,8.041675617616448,0.7559715885203744,-4.815467239526363,2.330052047027618,2.40618794864717,1.0,1.8000001907348633,0.7502782773465028,0.0,0.2554817199707031,-0.8488354143289355,-1.664203405380249,0.6303299444752645,0.6199504626349452,131068.810605,131592.34959196192,9.29229736328125,2.7439205288150714,0.0,5.635443687438965,-1.0208818655098972,-3.8137683868408203,1.528953430060345,1.5256593459211303,18.899962411547513,12.967397836021128,11.312221506225,5.730293369114591,-0.169784603138235,-1.827148977130264,1.26680506097682,1.2704080675847895,1.750883936882019,0.038807797491275116,0.008499563671648502,0.3739902973175049,-1.744790559157661,-5.199983913451433,1.246694361646162,0.14624914527015398,0,0.0,0,0.0,"{""type"":""MultiPoint"",""coordinates"":[]}"
0000000000000000020c,214,SAWAH BESAR,GUNUNG SAHARI UTARA,3171021004,3.171021004E12,Tidak Diketahui,Gunung Sahari Utara 05,Tidak aktif,-,-,1124,"1. Curah hujan tinggi;
2. Dataran rendah",005,0,2020,1577865600000,-,0,0,5.6815518454740905,-10.125854475888215,-17.62215449080893,3.618587267418247,8.52934869242953,-4.797179580833791,-11.821435539459237,3.6190367854502252,JAKARTA PUSAT,1,0.9200756680066209,0,0.261891400439462,798.0053903044136,521.188146080243,278.29872698318394,-200.64392413289204,-521.0054219184817,-803.5881951989418,138.72744232470347,126.78258317989845,19,7.8111094391538956,0,12.730110991766137,1.732089709646685,-6.038238453275043,3.888985937969037,3.956941492357058,1.0,3.1999998092651367,1.0580903086105387,0.0,1.6179016828536987,-0.5309789204536483,-1.6492661237716675,1.0280649488584386,1.0321623886329108,162316.531025,162924.48729642792,12.801006317138672,4.203360897221522,0.0,8.780778884887695,0.24472392668469112,-3.9910688400268555,2.60666743062814,2.6121320567277206,18.422965296627915,13.806879446535648,10.529631586330208,5.281670569282047,0.6551649886103241,-2.631262304963929,2.3949931380078184,2.3943433854273457,1.750883936882019,0.5257078634765641,0.008499491959810257,0.3739902973175049,-3.357761314647085,-8.375263821333647,1.554875887103049,0.7147812193641014,1,0.04604570175627162,0,0.19982631347136331,"{""type"":""MultiPoint"",""coordinates"":[]}"
00000000000000000256,-,SAWAH BESAR,MANGGA DUA SELATAN,3171021005,3.171021005E12,Tidak Diketahui,Mangga Dua Selatan 02,Tidak aktif,-,-,1251,"curah hujan tinggi, saluran air tidak berfungsi",002,0,2020,1577865600000,-,0,0,-6.765844722705701,-11.673341637010857,-13.96727099696707,1.546137663336457,0.5279878881258198,-4.185703729589369,-7.822907820835108,1.8202646666546818,JAKARTA PUSAT,1,1.0,1,0.0,131.191278030262,68.55815633847885,0.0,-713.6779326596074,-799.307048546103,-874.1891197274659,46.810914180744945,48.12195437229576,7,5.388984353803022,2,1.2651629072692767,-0.420262234546222,-3.6958825635506276,1.3621515848195205,1.3819554831542165,1.0,2.000000238418579,0.4949082596625257,0.0,0.39041197299957275,-1.1270776783416274,-1.6479054689407349,0.641242392985739,0.6368859241802657,38597.2408924,38778.38143716153,4.636961460113525,1.7873254602572315,0.0,1.5320913791656494,-1.3501977233868607,-3.124743938446045,1.009524772234624,1.0125772765130505,21.84993288378409,15.024916370667283,11.559774321539711,8.393222161782123,1.5398103000108843,-1.9099990816571601,2.844956933962257,2.8402416260397616,3.127855062484741,1.0898933291348991,0.008499706164002419,-6.0845935344696045,-8.596581702989425,-10.04133073054254,1.5302473043793234,1.390715835978453,0,0.0,0,0.0,"{""type"":""MultiPoint"",""coordinates"":[]}"
00000000000000000257,62,SAWAH BESAR,MANGGA DUA SELATAN,3171021005,3.171021005E12,Tidak Diketahui,Mangga Dua Selatan 03,Tidak diangkat,-,-,1252,curah hujan tinggi,003,0,2020,1577865600000,-,0,0,-6.945403600420972,-10.89523352931227,-14.484596739000386,1.9256518597890582,2.0719489981560075,-2.70468725213631,-7.032899634255453,2.2122384541039093,JAKARTA PUSAT,1,1.0,1,0.0,293.3526157307405,134.7529996739931,0.0,-593.2409786469241,-739.1629174433137,-866.9451601625169,55.89302223303735,61.386248711747264,8,4.756932275023194,1,2.1423558897254527,-1.2077064412090202,-4.944432509844913,1.4487829766880014,1.4406400615636954,1.0,2.200000047683716,1.0573137049551613,0.0,0.5908915996551514,-0.5627174074287797,-1.6360114812850952,1.0081748689184309,1.001367447000273,33845.6409893,33967.23559663175,5.24714469909668,2.5867693343183182,0.9274099469184875,2.143623113632202,-0.5140111019913407,-2.2241801619529724,1.0924459463427776,1.10138017950717,18.844593028746498,13.206591975126349,11.435529539757743,5.347190310431225,-0.29311030590455117,-2.068538184034658,2.260030645749687,2.2588963474644563,2.5243723392486572,0.42037873351139105,0.008499706164002419,-7.502471685409546,-9.947742888466239,-10.855779245495796,1.0629384496533902,0.9768988118008526,0,0.0,0,0.0,"{""type"":""MultiPoint"",""coordinates"":[]}"
00000000000000000259,-,SAWAH BESAR,MANGGA DUA SELATAN,3171021005,3.171021005E12,Tidak Diketahui,Mangga Dua Selatan 05,sudah cukup baik,-,-,1254,curah hujan intensitas lebat dan ekstrim,005,0,2020,1577865600000,tidak ada genangan,0,0,-4.201049454294923,-11.560030121624544,-14.18870277949015,1.9948621783310785,0.13220036448633163,-3.967533237137737,-7.898804308839935,2.0470715826800334,JAKARTA PUSAT,1,1.0,1,0.0,262.382556060524,144.88795714596435,92.76624232772798,-622.8603600477752,-738.5195445605859,-791.7482712956405,47.81783796975192,49.37987988365038,8,6.062954602457988,2,2.263372717509169,0.3023031080884369,-3.6958825635506276,1.4340200714598115,1.4670868242881878,1.0,2.200000047683716,1.2332582364322726,0.0,0.5894665718078613,-0.37756758361703513,-1.6137844324111938,0.965619586861886,0.9656604805850623,13891.0648444,13947.356346511684,5.654966354370117,2.100794313304969,0.0,2.5634074211120605,-0.9854464678050343,-3.092405080795288,1.4023650343949816,1.402969073928421,19.07935725251942,14.851083483852618,11.559774321539711,5.621229249539166,1.3725144913037468,-1.9099990816571601,2.481526181343725,2.469437105688435,3.2468514442443848,0.9474025373149719,0.008499732241034508,-6.11935830116272,-8.844835791684282,-10.634310135617852,1.7445619172556701,1.454483128502669,0,0.0,0,0.0,"{""type"":""MultiPoint"",""coordinates"":[]}"
0000000000000000025b,70,SAWAH BESAR,MANGGA DUA SELATAN,3171021005,3.17102100501E12,Tidak Diketahui,Mangga Dua Selatan 08,Tidak diangkat,-,-,1256,curah hujan sangat tinggi,008,0,2020,1577865600000,-,0,0,4.874911432729144,-8.825014542030297,-14.758924484171445,3.4946983192882195,8.795608593956706,-2.8425280745824097,-8.900528638658217,3.5135607384642307,JAKARTA PUSAT,1,0.9983868927125507,0,0.10814004072483467,463.8312116386399,145.57774412532277,0.0,-314.04353634106286,-693.2870671137061,-874.1891197274659,137.58331233470906,114.96112840202947,11,5.342263410931174,1,5.415896885070888,-0.3087192524026231,-4.590905836017536,2.000892638258415,1.9930378453371944,1.0,1.8999998569488525,0.3611273302768285,0.0,0.2826063632965088,-1.2798537152031286,-1.6657357215881348,0.518308319011257,0.5192637488762962,110353.156345,110787.6298542598,7.4362993240356445,2.2974207778894886,0.0,4.1994476318359375,-0.9378107743684638,-3.3469650745391846,1.4877235635313746,1.49906447575448,21.84993288378409,14.663762362314417,11.08400808557436,8.393222161782123,1.2216350758552323,-2.326433097929625,2.546503148280388,2.565269910287697,3.127855062484741,0.6719488132153405,0.008499713614583015,-5.870520353317261,-7.884185144477503,-9.743057504296303,1.056843937104924,1.171010730508908,1,9.48886639676113E-5,0,0.07669515619417586,"{""type"":""MultiPoint"",""coordinates"":[]}"
0000000000000000025d,3,SAWAH BESAR,MANGGA DUA SELATAN,3171021005,3.17102100501E12,Tidak Diketahui,Mangga Dua Selatan 09,Tidak diangkat,-,-,1258,curah hujan intensitas lebat dan ekstrim,009,0,2020,1577865600000,-,0,0,-1.894866266930513,-9.991977868877582,-13.978457755892396,2.5952359027563876,5.661519588069293,-3.2632470561611835,-8.153030545772019,2.422423113166519,JAKARTA PUSAT,1,0.9732580961727184,0,0.3027019790651292,499.5615034733919,400.4500479457589,293.3526157307405,-269.3464070920055,-385.4641348091566,-518.02141456658,76.70157199216007,64.40743862875081,9,6.66658488714426,3,3.3674901539574122,1.042795944369226,-2.6750447547429195,1.5885893006608771,1.5978431943725224,1.0,1.5,0.4824092955537821,0.0,-0.17841029167175293,-1.1937287501457043,-1.673519492149353,0.43155576929447337,0.43518710387711534,28401.5572991,28544.470334115813,4.719645023345947,2.581454419199162,0.0,1.3831582069396973,-0.8185685706106443,-3.4470996856689453,1.1226033375857107,1.1090000358637142,15.955543028490945,12.96981830855487,11.559766777316788,2.5964120660544054,-0.406830063810194,-1.8122624338209459,0.9971833826516958,1.0019855626471594,0.11049593240022659,0.03000751370838291,0.008499706164002419,-6.5323809664696455,-7.269250146168629,-8.004829041659832,0.4147785891062716,0.037031802050346244,1,0.026741903827281654,0,0.3027019790651291,"{""type"":""MultiPoint"",""coordinates"":[]}"
000000000000000002b5,120,SAWAH BESAR,MANGGA DUA SELATAN,3171021005,3.17102100501E12,Tidak Diketahui,Mangga Dua Selatan 07,-,-,-,1424,-,007,0,2012,1325404800000,-,0,0,-1.9407809908754377,-11.424606385448044,-18.120439623270073,3.018006598938499,10.68524001552208,-1.266312788937399,-9.532222059068703,3.681172773281818,JAKARTA PUSAT,1,0.9540633543886113,0,0.2188895466135808,586.705231461481,284.28426367478045,92.76624232772798,-318.339361648205,-588.7705752898256,-786.5647408589707,98.648483217441,104.3439120214743,14,5.450056566418403,-1,8.64181883279732,-0.06209087277880376,-6.624704618688493,2.994654733379363,2.932868395817696,1.0,6.0,1.6106462841592724,0.0,4.301489591598511,-0.03363940957310255,-1.6647404432296753,1.2705893035240856,1.2827847059987016,147961.899949,148612.8577364378,6.756767272949219,3.0039308106496354,0.0,3.5900368690490723,-0.12871672768833126,-3.252037525177002,1.5010154159718285,1.5141372735256962,19.116695506811126,13.261079390974144,11.180829035395373,5.6605061307319,-0.1654272534646431,-2.2258633123050195,1.7666792075353868,1.7784837329620966,3.2468514442443848,0.18757908669159196,0.008499746210873127,-5.783940076828003,-8.372263645446067,-10.077839236706495,0.9937149903277998,0.8185670375524992,1,0.032549259922692565,0,0.18801744524696512,"{""type"":""MultiPoint"",""coordinates"":[]}"
00000000000000000292,750,KEMAYORAN,KEMAYORAN,3171031001,3.17103100101E12,Tidak Diketahui,Kemayoran 07,-,-,-,1338,Terendam bankir dan saluran kurang lancar,007,0,2020,1577865600000,-,0,0,-3.287228551465791,-10.558912498257342,-14.793598926544824,2.191269490486172,1.7819638578508492,-5.722132712678174,-9.996035393684725,1.736373915652379,JAKARTA PUSAT,1,0.9923537803138373,0,0.14430489325798446,1244.5897431721087,1054.8644467474155,798.0053903044136,-437.63083261724296,-532.7448125627614,-666.4008702643519,53.35606854694284,116.78952040448029,11,6.984422253922973,4,4.909344790548839,0.6789793476977888,-2.5034013605431475,1.2460335332115486,1.2274217107962508,1.0,3.9000000953674316,2.867138443346882,0.3000001907348633,2.2293877601623535,1.182712325546439,-1.3817042112350464,1.115954143590922,1.1219571717935903,61123.3915948,61370.22382850704,5.247225761413574,1.9782583303492354,0.0,1.3997230529785156,-1.8226609024613802,-3.846003770828247,1.2040711143637806,1.19523062690847,17.054122518352518,13.111603982302166,11.435484090970238,3.854569637284577,-0.11186972913014603,-1.7787619662547858,1.058950274376689,1.0521008431388554,0.05099664628505707,0.015395971109370542,0.008499406278133392,-1.3968725092709064,-2.456622660718274,-5.331116892397404,1.1420901245900097,0.00978579234602898,1,0.007646219686162628,0,0.14430489325798443,"{""type"":""MultiPoint"",""coordinates"":[]}"
00000000000000000293,450,KEMAYORAN,KEMAYORAN,3171031001,3.171031001E12,Tidak Diketahui,Kemayoran 01,-,-,-,1339,"Lokasi rendah dan cekung, luapan anak kali ciliwung",001,0,2020,1577865600000,-,0,0,-2.981403125583622,-9.61046749065134,-14.492304091673681,2.423570119766341,3.705589358679733,-4.470135945143685,-8.847690669399654,2.306877734263116,JAKARTA PUSAT,1,0.9995980101502437,0,0.09534224628819535,1487.155996831178,1148.5179520737784,840.0340520953622,-241.12090180802738,-414.76418791627196,-574.4802962059545,82.00138136885785,185.03520339760968,14,8.199738706597662,3,7.267740780523838,1.4242692808107789,-3.9800214822760065,2.405260795805199,2.3693182317051984,1.0,4.400000095367432,2.177136908559415,0.5,2.766795516014099,0.5257126094647901,-1.2147297859191895,1.1957696357956265,1.1784488809567915,69440.5759472,69725.24067197843,6.757055282592773,2.5962347068455247,0.0,2.734673023223877,-1.3806860352855173,-4.06028938293457,1.42775361584876,1.42678198295167,17.054113752342314,12.476528711464026,11.180740211853628,3.761864046282522,-0.7674068418550245,-2.055248920546209,0.9725628560122449,0.9732138048428637,0.042496804147958755,0.009782356601750367,0.008499367162585258,-6.721816435456276,-7.621724118624794,-9.029301952570677,0.46979788145839124,0.0069165782227759345,1,4.019898497562937E-4,0,0.09534224628819508,"{""type"":""MultiPoint"",""coordinates"":[]}"
00000000000000000294,350,KEMAYORAN,KEMAYORAN,3171031001,3.171031001E12,Tidak Diketahui,Kemayoran 02,-,-,-,1341,"Lokasi rendah dan cekung, Hujan deras",002,0,2020,1577865600000,-,0,0,-0.751873764398936,-10.465531885660292,-14.939898775441725,2.02258446426199,1.611027502369068,-4.520640185816172,-9.827997957126485,2.280847243937128,JAKARTA PUSAT,1,0.9885506465517241,0,0.09128386967395155,1495.8107119745314,1135.4819934014824,834.8961809495518,-262.5516882197521,-451.69029692454615,-611.567132939468,95.43177278243272,203.1422023140006,12,7.128367456896553,3,5.507268170427132,0.3718839638104519,-3.9800214822760065,1.7803128555642973,1.7417068722653253,1.0,4.400000095367432,2.594665954788697,0.0,2.766795516014099,0.9422510370087605,-1.7045185565948486,1.5866871303106007,1.5681483544250365,77717.3488107,78028.85615259984,6.54877233505249,2.586556952377118,0.0,2.558328151702881,-1.3400885237263107,-3.9968671798706055,1.4094760235679713,1.4074387940310686,17.564939434548627,12.870968177140686,11.26328214025846,4.268669077581338,-0.37773497581430276,-1.9325056974714467,1.1269749896621626,1.1325257102313468,0.220982626080513,0.019522421897891457,0.008499367162585258,-6.057764381170273,-7.16449615068042,-8.729364272207022,0.5555178016754717,0.03790759274336256,1,0.011449353448275862,0,0.0912838696739514,"{""type"":""MultiPoint"",""coordinates"":[]}"
00000000000000000295,500,KEMAYORAN,KEMAYORAN,3171031001,3.171031001E12,Tidak Diketahui,Kemayoran 03,-,-,-,1342,"Lokasi rendah dan cekung, Hujan deras",003,0,2020,1577865600000,-,0,0,-0.751873764398936,-9.944526821632651,-13.291748557737545,1.8832372543736373,4.178976352342714,-4.03787196775842,-7.302360003080506,1.9254319809822824,JAKARTA PUSAT,1,0.9877167630057804,0,0.09758549581819431,1529.9400624354655,1340.1188001458597,1117.0534807085016,-278.70603677849635,-387.89336216308715,-511.4388540541577,58.838610830909374,115.63777472198375,9,6.486030828516374,3,2.1259577515227592,-0.43135270394428543,-3.9593984962395057,1.3550797171979203,1.3570983664905667,1.0,4.0,0.5879769139896234,0.0,2.347977042198181,-1.0813194992742095,-1.7045185565948486,0.47060841454702174,0.4641592432106484,72401.4609272,72714.35228122093,5.624460697174072,2.0717812805707503,0.0,1.9329533576965332,-1.7080210895810508,-3.755903959274292,1.1586091070299933,1.1582304752423072,19.762163300860692,13.972004984259085,11.365629497881345,6.459743501832369,0.6787063733960687,-1.954539582673526,1.7188137624433841,1.7237682323356498,0.3909703195095062,0.08792539397214207,0.008499367162585258,-6.118169451132417,-6.928092508315758,-8.114557191729546,0.4225264183247345,0.12066765767557625,1,0.012283236994219647,0,0.09758549581819442,"{""type"":""MultiPoint"",""coordinates"":[]}"
00000000000000000296,200,KEMAYORAN,KEMAYORAN,3171031001,3.171031001E12,Tidak Diketahui,Kemayoran 04,-,-,-,1343,"Lokasi rendah dan cekung, Hujan deras",004,0,2020,1577865600000,-,0,0,-1.0418411631484215,-9.283372973946035,-13.722348683086448,2.1865941074852815,3.302715379243395,-4.332023601555248,-9.965276347680138,2.252850344219168,JAKARTA PUSAT,1,1.0,1,0.0,1147.455046826599,986.4579231272479,764.9700312177328,-457.10041756154146,-549.5475015246799,-681.1982551025816,50.578668119009414,104.4122269356142,11,6.55081195845527,3,4.6658789831732665,0.004789264557596209,-3.4591478696731244,1.793939547694337,1.7666551932670636,1.0,4.300000190734863,3.093751136835385,0.8000001907348633,2.6506481170654297,1.4413148596384318,-0.8619405031204224,1.226990854986656,1.2235475420536244,60782.747703,61062.93583753359,6.54877233505249,2.6126098712401644,0.0,2.558328151702881,-1.2838558072531339,-3.8977792263031006,1.3247139303118949,1.341065006682994,17.0541197424576,12.976161865481723,11.486800724127074,3.8205888673579302,-0.2545361742028736,-1.7633776348478705,1.160942856477732,1.1548129590433254,0.15298984944820404,0.027948565023157686,0.008499406278133392,-4.633838668465614,-6.17383529149226,-7.014106966555119,0.43335186554227034,0.04281648837756411,0,0.0,0,0.0,"{""type"":""MultiPoint"",""coordinates"":[]}"
00000000000000000297,234,KEMAYORAN,KEMAYORAN,3171031001,3.171031001E12,Tidak Diketahui,Kemayoran 05,-,-,-,1344,"Curah hujan, saluran kurang lancar",005,0,2020,1577865600000,-,0,0,-3.7362384120755694,-10.18643887668282,-13.66102789073157,1.9851910284752665,-0.36789135835232656,-5.549609222789223,-9.53904142787853,1.859459011167725,JAKARTA PUSAT,1,1.0,1,0.0,1120.898770843552,949.0033800152894,764.9700312177328,-492.3039924811203,-582.3939987578847,-681.1982551025816,45.227517800088584,88.65173806708299,12,8.246008279124778,4,5.748800572861778,1.9099748140696378,-2.173863229501279,1.6162691011307142,1.6232207717395404,1.0,4.300000190734863,3.645449811944324,1.0999999046325684,2.6506481170654297,1.9845588898813846,-0.5624276399612427,0.8976411073408281,0.8966740703797391,53081.1832962,53311.50647654142,6.22611665725708,2.3690907133221666,0.0,2.3065264225006104,-1.5013972795959751,-3.846003770828247,1.2643178754514512,1.288971956411821,15.955509827910623,12.582246204457176,11.541981227575075,2.731452615206347,-0.6509806101878056,-1.6968672243541896,0.8325650735745287,0.8273172168168597,0.15298984944820404,0.01276786455043638,0.008499420247972012,-1.9705063253641129,-4.69148619432029,-6.002049160189927,1.0433879122308574,0.020114432282650054,0,0.0,0,0.0,"{""type"":""MultiPoint"",""coordinates"":[]}"
00000000000000000298,520,KEMAYORAN,KEMAYORAN,3171031001,3.17103100101E12,Tidak Diketahui,Kemayoran 08,-,-,-,1346,Terendam bankir dan saluran kurang lancar,008,0,2020,1577865600000,-,0,0,-1.109719579755601,-10.313074977055397,-15.21609852761523,1.9564074050546167,6.577316496735257,-4.694224761318649,-10.896879451609017,2.5492132750766165,JAKARTA PUSAT,1,1.0,1,0.0,1187.987549328488,1041.6805340911656,855.2624952764933,-384.058563483494,-504.61448396534746,-626.8506233175755,55.72396259458175,91.10955867330892,11,6.003571235322766,2,4.960186179736083,-0.05618923746065502,-3.903831006085645,1.873031910439147,1.920173422434084,1.0,3.5999999046325684,2.721725101872418,1.9000000953674316,1.9020549058914185,1.0137544527345905,0.18363046646118164,0.5381967206461639,0.5338773143855791,64524.9913798,64778.795013101146,7.4777069091796875,2.594445905568802,0.0,3.658482313156128,-1.1803978229973924,-3.7992684841156006,1.3141277034141234,1.3266989143224122,17.341807366691512,13.044564385600536,11.078358272578635,4.0705037665117665,-0.21010910920825535,-2.1477112790981963,1.138021185644381,1.1457531452585197,0.09349386394023895,0.024365127239432547,0.008499431423842907,-1.3968725092709064,-1.6492703139437668,-1.9436136921867728,0.15090503987912432,0.022453906752533854,0,0.0,0,0.0,"{""type"":""MultiPoint"",""coordinates"":[]}"
00000000000000000299,296,KEMAYORAN,KEMAYORAN,3171031001,3.17103100101E12,Tidak Diketahui,Kemayoran 09,-,-,-,1347,"Curah hujan yang tinggi, saluran kurang lancar",009,0,2020,1577865600000,-,0,0,-0.2157332801422856,-10.917250532169684,-14.757836470775331,2.199437487300026,3.429082434705028,-4.598992139520062,-8.840811583121265,2.155505556513229,JAKARTA PUSAT,1,1.0,1,0.0,1585.1902437742829,1410.9101011404537,1261.7573092267978,-295.3393846243098,-384.76181184820865,-468.4683287433297,46.10880593953888,93.07288462098187,13,7.314980882864094,3,6.338990332976369,0.4100407132843731,-4.114572144646226,2.338651604352198,2.266150037525947,1.0,1.9000000953674316,0.8817658067702586,0.0,0.24746155738830566,-0.7796806595082659,-1.6787540912628174,0.47221890623824486,0.46749644598286777,50171.4584062,50334.9529217441,6.684700965881348,3.146614648419865,0.0,3.008958339691162,-0.5027121782882951,-3.748462438583374,1.565795091016264,1.570422798909865,19.784142205885544,12.599391018211588,11.266752195759345,6.466142253073201,-0.7246211448801334,-2.04023647230734,1.7059612064952194,1.7033705347858221,0.39946967363357544,0.047992289024296746,0.008499367162585258,-5.029131887480617,-6.152376292243036,-6.796534793451428,0.3692662196892904,0.12307709187768705,0,0.0,0,0.0,"{""type"":""MultiPoint"",""coordinates"":[]}"
00000000000000000291,720,KEMAYORAN,KEBON KOSONG,3171031002,3.171031002E12,Tidak Diketahui,Kebon Kosong 01,-,-,-,1325,Curah yang tinggi,001,0,2020,1577865600000,-,0,0,-3.90331431347301,-10.43374936618279,-13.502224469330887,1.8335427406647782,-0.8251373242783648,-5.417597651959983,-7.982842676206865,1.6791324689065645,JAKARTA PUSAT,1,0.9674512688488416,0,0.1766846959694085,1596.0107806088272,1430.1694663554679,1261.7573092267978,-263.7592288760684,-354.98016279617065,-443.921809963472,37.24698239238063,82.62351287369934,9,5.76783744023538,3,2.721947726460054,-0.6602256508175186,-3.552810597922311,1.4172746434465577,1.377781927048529,1.0,1.5999999046325684,0.5135897058211252,0.0,-0.07149314880371094,-1.1445888780241018,-1.6475905179977417,0.5289808907594218,0.5403802911044405,38001.2369804,38109.75479405527,5.006972312927246,1.9487135949304495,0.0,1.5011320114135742,-1.6149279273150374,-3.585641860961914,1.1361365776644405,1.120280224516362,18.52045568740474,14.288966013987647,11.482595399414514,5.2048176039096745,0.9563499504454684,-1.860763917350221,2.249914223566406,2.2539318320551334,1.946332335472107,0.42963613776201337,0.008499392308294773,0.6891108751296997,-1.0147843036367157,-1.98402117844671,0.8221802176839353,0.7521324393539474,0,0.0,0,0.0,"{""type"":""MultiPoint"",""coordinates"":[]}"
000000000000000002b6,665,KEMAYORAN,KEBON KOSONG,3171031002,3.17103100201E12,Tidak Diketahui,Kebon Kosong 06,"1. Air kali item masuk;
2. Pompa Kapasitas rendah",-,-,1425,"1. Sheet pile turap berongga, saluran rusak parah;
2. wilayah lebih rendah dari saluran utama;
3. Saluran rusak parah, saluran utama penuh",006,0,2020,1577865600000,-,0,0,7.0022374119103254,-11.136721754532013,-17.830718040509012,3.5202573005645377,13.327654757180854,-4.4583064936404755,-13.262763767838395,3.730717133883762,JAKARTA PUSAT,1,0.9192016604121682,0,0.27352183275488523,1620.0927730411177,1318.2926564311158,968.5080035813519,126.49450624175415,-153.42031253543718,-418.36060794270384,134.10239040416417,164.0828063385775,19,4.1573617895553365,-4,13.822198353026323,-1.174760440377572,-9.424418188327031,3.449535445152064,3.4210239587277176,1.0,4.599999904632568,1.1812786224885627,0.0,2.899312376976013,-0.519787427074427,-1.7247333526611328,1.066354111260639,1.067125878889039,166358.421122,167168.07927301055,17.7784423828125,4.031989614879412,0.0,14.237691879272461,0.5307194004443915,-3.501129150390625,2.945572590439111,2.9642609320553306,22.741064530261717,13.192565544735285,10.305211743816912,9.27044799834511,-0.22861388299422372,-3.0815479641212455,2.54650496083788,2.5590657790908016,7.8702287673950195,0.9582678785069598,0.008499491959810257,4.975622892379761,-1.7336941415106977,-2.9575045872479677,2.6168857837298343,2.675286638500285,1,0.07048365793832158,0,0.24358857617547097,"{""type"":""MultiPoint"",""coordinates"":[]}"
00000000000000000239,700,KEMAYORAN,HARAPAN MULIA,3171031003,3.17103100301E12,Tidak Diketahui,Harapan Mulia 07,-,-,-,1208,"1. Saluran kecil;
2. Kurang dalam; dan
3. Banyak lumpur mengendap",007,0,2020,1577865600000,-,0,0,-10.830919367530168,-13.550613978050375,-16.431947220992523,1.0676590355305953,1.7638129296498866,-2.8362283501413,-6.725839321111494,1.972175869884176,JAKARTA PUSAT,1,1.0,1,0.0,2506.4058475021416,2331.1924246164413,2189.361932982521,345.0976617543379,230.8920506363117,136.9107665662891,53.433322918218565,72.28096261548387,9,5.99934719761261,3,2.5316147511647484,-0.4602203006873205,-3.35825277479303,1.3922636845213818,1.3960176462355243,1.0,2.1999998092651367,1.6420593718411618,1.200000286102295,0.574020504951477,0.039362392885342774,-0.38978850841522217,0.25497237583732524,0.24663195024225373,37484.3972885,37594.52941142127,4.64456033706665,2.3975225688805724,0.0,1.919018030166626,-0.3971664844514896,-2.8885860443115234,1.2278910862467916,1.228902885411667,18.89993417586519,13.847657986534227,11.558080080589091,5.274120209804368,0.2532424818102121,-2.0781962816012687,1.515773720152789,1.5229141416150007,0.2974761724472046,0.06300580163273423,0.008499338291585445,-1.8073185831308365,-2.1877531055825687,-2.6222050255164504,0.21428363547798718,0.07763941992648968,0,0.0,0,0.0,"{""type"":""MultiPoint"",""coordinates"":[]}"
0000000000000000023a,250,KEMAYORAN,HARAPAN MULIA,3171031003,3.17103100301E12,Tidak Diketahui,Harapan Mulia 08,-,-,-,1209,Kebanjiran,008,0,2020,1577865600000,-,0,0,-2.041538785878371,-11.71866193247311,-15.559651695843089,2.387154375518641,5.626568227250081,-3.882674166400531,-7.411238295617981,2.101782076113547,JAKARTA PUSAT,1,1.0,1,0.0,2623.82556060524,2415.147388084951,2165.6497327605125,331.6791299696938,189.27568710145317,9.82164711773612,76.05942230499953,103.08689324821019,11,6.864376341987114,3,4.338202649481982,0.14500378829846586,-3.8492660221971926,1.4802927125089758,1.4881381491261128,1.0,3.500000476837158,2.450283246372631,1.3000001907348633,2.110104203224182,0.9706668980578159,-0.22314345836639404,0.49117027217832115,0.4562949246807302,89395.8080636,89708.70185707884,6.50221586227417,2.3942899969832716,0.0,3.709414005279541,-0.3333872941865276,-2.854811191558838,1.282893351045414,1.2960393847534406,18.845866549611102,13.701671312852968,11.312182252190219,5.251496190215597,0.09698098257604869,-2.2615009769079446,1.6663800715773036,1.6638299459550214,0.15298746526241302,0.05038829049029703,0.008499305695295334,-1.2384894136339426,-1.6943330493769628,-2.1385226706042886,0.180575034794128,0.04847960681092309,0,0.0,0,0.0,"{""type"":""MultiPoint"",""coordinates"":[]}"
0000000000000000023b,149,KEMAYORAN,HARAPAN MULIA,3171031003,3.17103100301E12,Tidak Diketahui,Harapan Mulia 09,,-,-,1210,"1. Drainase kurang lancar;
2. Ada penyumbatan di daerah kelurahan cempaka baru yang menyebabkan dampak di wilayah RW 09",009,0,2020,1577865600000,-,0,0,-2.5900539982311006,-12.223357384543183,-15.101626691276971,2.0414797863766903,1.8703679293936215,-3.694607065704096,-7.171884121828017,1.8493857724593032,JAKARTA PUSAT,1,1.0,1,0.0,2365.0843991588094,2141.8998928147134,1972.237364886451,249.69504791452937,80.93969167060754,-52.18689647948804,74.02121760995718,98.7999346662033,10,7.3606620035928625,3,3.681417830291098,0.9324889451020673,-3.5604726100955455,1.639671530869309,1.6680250874335467,1.0,2.6999998092651367,2.0885640598786006,1.0,1.1229785680770874,0.47815373976998005,-0.6346580982208252,0.3888590582257206,0.3749279675419671,91394.9558609,91774.2729431239,6.226160526275635,2.2131961878343978,0.0,3.3438618183135986,-0.7017734219656759,-2.9368338584899902,1.3971206773888316,1.401683723279732,15.95550226722834,12.989275989361495,11.373678702567965,2.4445331166267703,-0.547044298720388,-2.183694478147526,1.0921250216726537,1.0891506871421603,0.15298746526241302,0.02302649560129684,0.008499338291585445,-1.6082040816545486,-2.0449085369029736,-2.522139333188534,0.25723725445026174,0.039331903703664454,0,0.0,0,0.0,"{""type"":""MultiPoint"",""coordinates"":[]}"
00000000000000000245,1058,KEMAYORAN,SERDANG,3171031004,3.171031004E12,Tidak Diketahui,Serdang 01,-,-,-,1221,"1. Curah hujan sangat tinggi;
2. Kali hitam tidak mampu menampung debit air; dan
3. berkurangnya tanah resapan",001,0,2020,1577865600000,-,0,0,0.07806947090141844,-11.357090301097053,-15.741304485337356,2.2385155921270847,0.4494024295253344,-4.8054957505957505,-10.291160277114072,1.8863578351588712,JAKARTA PUSAT,1,1.0,1,0.0,2092.901822648123,1928.9267216665091,1672.3672167237055,593.550312417495,402.96715152078605,223.55900095777906,84.09605416850304,91.36924755954244,11,5.349657415301065,2,5.449624060151352,-0.0567615649804391,-3.4912996777648777,1.4279695753877366,1.4559219198970221,1.0,4.900000095367432,2.972167070421376,0.0,3.115696430206299,1.1949072716147362,-1.843114972114563,1.540653433135094,1.5498172685992453,110460.91677,110913.49217934825,6.724159240722656,2.229089806201517,0.0,3.3134238719940186,-1.1942605767623147,-3.465026378631592,1.202325260264619,1.1959306303055859,22.18885613785648,13.864503756634646,11.406544238178222,8.77064832173737,0.42559718337058755,-2.051635788054181,2.3462697688070726,2.3410633727442454,99.41658020019531,3.0581654142362535,0.008499491959810257,96.05026006698608,-0.19115180791252223,-3.3667069459334016,17.5498719771341,17.57414621072417,0,0.0,0,0.0,"{""type"":""MultiPoint"",""coordinates"":[]}"
00000000000000000246,1256,KEMAYORAN,SERDANG,3171031004,3.171031004E12,Tidak Diketahui,Serdang 02,-,-,-,1222,"1. Selokan / got;
2. Kali sentiong tidak dapat menampung air",002,0,2020,1577865600000,-,0,0,-5.0848292460135465,-11.859452986249666,-14.978682732777497,1.9483890849767993,3.259430164103813,-4.918255195325081,-9.591274859746456,2.1519604853158985,JAKARTA PUSAT,1,1.0,1,0.0,1937.0160071627038,1722.6881527601706,1498.6845104201757,368.0452040545008,137.78223608819226,-112.59364132860196,102.60044890157735,99.96421619358401,10,5.502826589434409,1,4.542642320086905,0.05320278054669717,-4.332330827066719,1.8437386682316648,1.881398347021926,1.0,2.3000001907348633,1.2250162075660684,0.0,0.5785034894943237,-0.4915250131482287,-1.7388185262680054,0.609757453903192,0.6162663887225855,125339.098957,125787.72223122984,8.735748291015625,2.793355386374824,0.0,5.334172010421753,-0.6061156751826752,-3.407041311264038,1.4763003644534685,1.486952428586187,19.65800827556572,13.609745848124824,11.26329307481124,6.213445352649648,0.14942578116594915,-2.1964516322933036,2.1475105173184885,2.144681624255255,7.912726402282715,0.7601124716900028,0.008499459363520145,4.931487083435059,-2.206941419069432,-3.2182725239545107,2.6213869173152755,2.6087394100746737,0,0.0,0,0.0,"{""type"":""MultiPoint"",""coordinates"":[]}"
00000000000000000247,1446,KEMAYORAN,SERDANG,3171031004,3.171031004E12,Tidak Diketahui,Serdang 03,-,-,-,1223,Saluran air (got) tertutup / sempit,003,0,2020,1577865600000,-,0,0,-5.658602844557047,-12.020638545249385,-15.478970831330045,1.6314662347205233,4.348272224254311,-4.163450885014753,-8.115598853219796,2.1156163438525337,JAKARTA PUSAT,1,1.0,1,0.0,2230.251726514454,2005.4940007737919,1705.4866143934057,523.2170672766997,289.43962006076805,14.652653133150352,108.3706867581486,116.2542584960697,9,6.382479338842975,4,3.103114930183647,0.6127679916771034,-1.7722162549220188,1.0965287172368705,1.1192539690197165,1.0,5.0,1.949319485249508,0.40000009536743164,3.2409523725509644,0.1973352661963965,-1.3715287446975708,1.2541924437455205,1.2585321539781817,116118.92681,116550.77249681421,4.145447731018066,1.4649586556962697,0.0,0.9193086624145508,-1.825236577256831,-3.3755764961242676,0.85758741176341,0.8507046248415346,18.034954656825793,13.25464285809398,11.672228696628803,4.552291168115678,-0.2320181057952339,-1.8339859177111144,1.1235426832561035,1.1222105788397918,0.0849946066737175,0.013792516487649875,0.008499441668391228,-2.6860041096806526,-3.0310906905440467,-3.279297851026058,0.1319872512979954,0.015543884715181332,0,0.0,0,0.0,"{""type"":""MultiPoint"",""coordinates"":[]}"
00000000000000000248,1757,KEMAYORAN,SERDANG,3171031004,3.171031004E12,Tidak Diketahui,Serdang 04,"Mengapa pompa air kali sunter/ serdang tidak berfungsi (mati) dan baru dihidupkan pada pukul± 18.00 WIB, sehingga air tidak kunjung surut",-,-,1224,Pompa air dipintu air kali sunter / Serdang tidak berfungsi dengan baik (petugasnya tidak cekatan dalam berkoordinasi dengan pihak terkait,004,0,2020,1577865600000,-,0,0,-1.2965734100691426,-11.49228078423502,-18.997905911563734,2.3125195178086195,1.5745870021952915,-4.742769584737495,-13.455374561653372,2.2460917702074825,JAKARTA PUSAT,1,1.0,1,0.0,2533.7244293416434,2316.7002486418105,2084.662019700414,657.7168050098455,526.4447576117716,290.7328710898753,82.82379149051562,101.30170414108403,10,4.707883002040662,2,4.143071965629378,-1.233729462596824,-4.003580379519163,1.2531777743411574,1.2370773186284902,1.0,1.4000000953674316,0.28417362999946705,0.0,-0.37585389614105225,-1.4724293884751571,-1.7708055973052979,0.358282311960574,0.37011104125186756,138385.072279,138993.36435678418,4.744836807250977,1.6386087732265444,0.0,1.5274922847747803,-1.501324445220212,-3.210848808288574,0.9794285114790271,0.9824873741208762,20.966138505134627,14.462230353725177,11.536639851346873,7.37738487799397,0.9049783077887659,-1.9763544660764243,1.9849798087272394,2.0012930978013443,1.2749062776565552,0.2185587230553848,0.008499420247972012,-2.1664539575576782,-3.0722596291036637,-3.605423121713102,0.3753284657134307,0.41304312365361934,0,0.0,0,0.0,"{""type"":""MultiPoint"",""coordinates"":[]}"
00000000000000000249,850,KEMAYORAN,SERDANG,3171031004,3.171031004E12,Tidak Diketahui,Serdang 05,Banjir besar,-,-,1225,-,005,0,2020,1577865600000,-,0,0,-2.50118563745159,-11.52557341196491,-15.047244429421664,1.8521692420290632,7.99387576706473,-4.598164983165834,-8.842785369889974,2.3849601055040233,JAKARTA PUSAT,1,0.9856765713643768,0,0.109977090492306,2296.7842549240313,2036.3536736710532,1772.2965711743798,609.6984353536086,417.76250551765577,202.29384047916892,101.42807676303744,143.78094811486565,10,4.420266247261697,0,4.208879341211191,-1.2650097504981845,-5.599212316504582,1.690774098481257,1.7181394972309507,1.0,4.400000095367432,1.7893950473269213,0.0,2.6053634881973267,-0.032622828760171904,-1.8750805854797363,1.766200627523547,1.7770410563549668,186294.791843,187083.55991008616,5.938532829284668,2.1421704938117574,0.0,2.7289607524871826,-1.078296412216838,-3.2563283443450928,1.1422155227164295,1.1350063216324942,25.319587942351436,14.664725773610442,11.310936631902111,11.808783253652233,1.139316305694851,-2.208122960800347,3.4072108127819205,3.4086054030867827,99.18708801269531,15.348412396569167,0.00849947426468134,95.59014225006104,11.754685207976163,-3.744768353179097,36.042405767082116,36.09118705651265,1,0.014323428635623206,0,0.10997709049230595,"{""type"":""MultiPoint"",""coordinates"":[]}"
0000000000000000024a,2000,KEMAYORAN,SERDANG,3171031004,3.17103100401E12,Tidak Diketahui,Serdang 06,-,-,-,1226,"1. Curah hujan tinggi, saluran air tidak berfungsi dengan baik
2. Stasiun pompa air tidak bekerja dengan maksimal",006,0,2020,1577865600000,-,0,0,-5.722512940847149,-11.788710011046506,-16.150897819566598,1.6936179060329555,1.3114649629511967,-5.253925041144538,-9.990783363171637,1.9131790726463558,JAKARTA PUSAT,1,1.0,1,0.0,2205.0284078255804,2073.6562294372056,1878.3732438998293,614.3777858857588,523.1991903218213,343.8094283780631,58.720133741342394,74.92292346528204,9,5.138324275077755,1,3.31500179019075,-0.38400149068589656,-4.451987110632784,1.6304172625159934,1.6862181536168832,1.0,4.900000095367432,3.250350364337395,0.0,3.1172789335250854,1.4258559792330372,-1.8665592670440674,1.624060210076925,1.6082469202181449,111046.38202,111517.41093455319,6.226082801818848,2.208074514829398,0.0,2.864824056625366,-1.1391123729228358,-3.4148974418640137,1.0372649776025593,1.0279709416680471,22.538157673941267,14.494233348721922,11.55974038491282,9.109022803386683,1.0351985269755766,-1.9017492500059845,3.5629996256263774,3.558987794362366,99.41658020019531,15.845646305532977,0.008499491959810257,96.02872443199158,12.429790282922754,-3.5759759712964296,38.59958257505262,38.64874272603028,0,0.0,0,0.0,"{""type"":""MultiPoint"",""coordinates"":[]}"
0000000000000000024b,444,KEMAYORAN,SERDANG,3171031004,3.17103100401E12,Tidak Diketahui,Serdang 07,-,-,-,1227,"1. Curah hujan sangat tinggi secara berkala;
2. Kondisi rumah lebih rendah daripada jalan",007,0,2020,1577865600000,-,0,0,-8.64319246381027,-13.50045996448198,-16.244521034486755,1.4415686369425875,-1.6499100239966185,-6.998243041471431,-10.401425545963784,1.8045163385133,JAKARTA PUSAT,1,0.9974483596597814,0,0.1428261375083549,2042.9645670126718,1984.114719562867,1855.3248465545596,658.6310230114918,562.68059138265,428.94744520120594,53.68617296392551,55.86950180360598,7,2.9823815309842043,0,1.7823129251709666,-2.2763017507307284,-5.1731471535974105,1.686316074183065,1.6873713942763824,1.0,3.8000001907348633,1.6701579194746796,0.0,2.017680048942566,-0.16270969273253172,-1.865134358406067,1.612630787782306,1.6101875336352638,28707.2365165,28832.711916902917,5.415041923522949,2.4302714269476993,0.0,1.9473888874053955,-1.0058864479511067,-3.475877285003662,1.3032653115857575,1.3136921524997538,22.53832866900401,17.351473588135505,11.536664633699676,9.131783846167636,3.9437552203335984,-1.863219792526447,4.129874713981706,4.1301177745614535,99.55257415771484,47.33711095748136,0.008499563671648502,96.18846106529236,43.94741822719769,-3.4579177796840668,49.523060553231254,49.53381346607156,1,0.002551640340218712,0,0.1428261375083551,"{""type"":""MultiPoint"",""coordinates"":[]}"
0000000000000000026c,500,KEMAYORAN,GUNUNG SAHARI SELATAN,3171031005,3.171031005E12,Tidak Diketahui,Gunung Sahari Selatan 01,-,-,-,1282,Meluapnya kali ciliwung,001,0,2020,1577865600000,-,0,0,12.370066093474389,-9.524429118129213,-17.62215449080893,4.059906398470374,23.639632275738045,-3.7605772155172827,-10.886063215379512,4.681077267288783,JAKARTA PUSAT,1,0.9612853271389856,0,0.2043556149658968,1037.1581193100906,783.85171756344,499.5615034733919,-293.95334023793566,-494.81722054325206,-723.690678066647,97.06194128308621,130.41361905118268,14,7.83183568677792,1,7.484496956678462,1.342738736525926,-5.475617615466197,2.735323607587697,2.733756989964824,1.0,3.9000000953674316,1.6552804536238628,0.0,2.263301134109497,0.02216472050927803,-1.6900752782821655,0.9435151661666006,0.936847057221012,171092.396086,171897.2146690305,12.801006317138672,3.3325251394972635,0.0,8.780778884887695,-0.7451979140514708,-4.093790054321289,2.005545732213537,2.004391077282486,18.025267677009747,12.945955528419002,10.529631586330208,4.845123509829396,-0.23256898157704914,-2.631262304963929,1.7984025583760195,1.8009580394439526,1.5298954248428345,0.17993514653773718,0.008499431423842907,-4.509501151740551,-6.752206722440584,-8.515352591872215,0.7700328881854452,0.4598979041071179,1,0.020783666483281373,0,0.13100436681222707,"{""type"":""MultiPoint"",""coordinates"":[]}"
0000000000000000026d,405,KEMAYORAN,GUNUNG SAHARI SELATAN,3171031005,3.171031005E12,Tidak Diketahui,Gunung Sahari Selatan 02,-,-,-,1283,Saluran air tidak lancar,002,0,2020,1577865600000,-,0,0,-1.8908524861373837,-10.641739852997363,-16.498401107890317,2.676948013802776,8.3128690271947,-4.830529803088817,-11.721171563288632,3.2935211950442453,JAKARTA PUSAT,1,0.9994110087813236,0,0.10205641805086993,668.9468866894822,471.62583487511296,278.29872698318394,-526.0416087155568,-729.1816138908042,-906.1795387520051,88.38315313219658,86.7709371353621,11,6.1226708074534155,1,4.917722878626133,-0.05123758130041774,-5.074257071248551,2.124015254868352,2.1025245345257093,1.0,3.1999998092651367,0.6684299701795661,0.0,1.6153452396392822,-0.9253932174305559,-1.608120322227478,0.7031406927516143,0.7066474202975425,65138.0840171,65428.74614074402,9.949081420898438,2.932580145817545,0.0,5.984697341918945,-1.1256282754221678,-4.086959362030029,1.818834214226197,1.8055675336268333,16.64866413080014,13.432817205978665,11.185677842820445,3.5023441321907214,0.2894636696056903,-1.9724860745086836,1.1997232513684264,1.1971000246073746,0.18698875606060028,0.05243094478768546,0.008499491959810257,-2.0574265271425247,-4.066743268125396,-6.210836540907621,1.007709061580734,0.05509486775268146,1,5.889912186763761E-4,0,0.10205641805087008,"{""type"":""MultiPoint"",""coordinates"":[]}"
0000000000000000026e,250,KEMAYORAN,GUNUNG SAHARI SELATAN,3171031005,3.171031005E12,Tidak Diketahui,Gunung Sahari Selatan 03,-,-,-,1284,Banjir karena hujan,003,0,2020,1577865600000,-,0,0,-0.5647507282236457,-9.304683045104762,-16.206689320734377,3.206807160922604,6.5123812044607625,-4.339404581143632,-10.146614913090374,3.001902907299495,JAKARTA PUSAT,1,0.9588753897430384,0,0.17399263633843817,524.765112121048,393.56238486378953,262.382556060524,-753.6127479723831,-846.2624582529934,-935.4639710566296,43.34389835626382,71.15571944673496,19,7.049564562950222,1,13.050841389188234,1.1558796117894428,-4.841317579662472,2.586916072994131,2.6244832494014676,1.0,4.700000286102295,2.0435597541806207,0.0,3.056856632232666,0.40417849745190065,-1.6403509378433228,1.6603548816233586,1.6654003710545333,64946.3144123,65159.72282271573,19.806137084960938,3.6921790046578336,0.0,15.873892784118652,-0.22216121993222773,-3.8664658069610596,2.7678925853090757,2.7686215825538913,15.955519032142334,12.524398751193694,10.86868212189328,2.7552051721446382,-0.6360473628332814,-2.3177593663694633,1.0700685294486532,1.066972130397905,0.23798587918281555,0.037727772350643424,0.008499491959810257,-1.0042553842067719,-1.7816911659982193,-3.634121548384428,0.5752905978952182,0.07357192352447404,1,0.04112461025696162,0,0.17399263633843817,"{""type"":""MultiPoint"",""coordinates"":[]}"
0000000000000000026f,280,KEMAYORAN,GUNUNG SAHARI SELATAN,3171031005,3.171031005E12,Tidak Diketahui,Gunung Sahari Selatan 05,-,-,-,1286,Tingginya curah hujan,005,0,2020,1577865600000,-,0,0,-0.9663640494473863,-9.440663749507504,-13.009888609541958,2.1781669883502746,0.5981383836644649,-4.582692025589414,-8.54916614485683,1.7407089396312574,JAKARTA PUSAT,1,1.0,1,0.0,855.2624952764933,591.6621748507895,414.86324772403617,-590.364822670848,-750.2734747326372,-864.7253987249833,55.389048856840944,97.09195367819451,11,7.018251414623319,4,5.2484067311144775,0.9389987228149113,-2.1281059792327985,1.4060659001299813,1.3595524330013136,1.0,4.599999904632568,3.2038001508383687,0.8999996185302734,2.9429858922958374,1.5523613146403434,-0.7593774795532227,0.7481379805989474,0.746636260917468,62913.4651989,63144.74819752684,5.006920337677002,1.957411392420467,0.0,1.1341397762298584,-2.004403125376094,-3.943467855453491,1.1341245768459727,1.138497496942202,16.055832296935733,13.134053125055338,11.482617557557802,2.868502429102941,-0.031910184680739584,-1.7310440808309657,1.2169754086206537,1.2187233167655083,0.1614893227815628,0.026057584752271545,0.00849947426468134,-1.3863404020667076,-2.724741179988938,-5.518371477723122,1.223987321970467,0.04742436509049306,0,0.0,0,0.0,"{""type"":""MultiPoint"",""coordinates"":[]}"
00000000000000000270,158,KEMAYORAN,GUNUNG SAHARI SELATAN,3171031005,3.17103100501E12,Tidak Diketahui,Gunung Sahari Selatan 07,-,-,-,1288,Curah hujan yang tinggi,007,0,2020,1577865600000,-,0,0,7.278488403409714,-9.585204007763203,-18.6401066041471,3.8364581967212197,14.09470744299755,-3.39042120246913,-13.220187864593246,3.703637137432072,JAKARTA PUSAT,1,0.9588357668451669,0,0.255077649667683,1601.393631575576,1273.1205990732578,946.0337596635238,-90.76662183344979,-300.7147847613848,-501.70515223489315,87.46955786593061,184.80130453734074,15,6.71531764071349,-1,7.809738632296173,-0.19173389447397868,-7.764124597206205,2.65762960656975,2.710431901246931,1.0,2.8000001907348633,1.6247506428422553,0.0,1.158453345298767,-0.0624874105722432,-1.69013249874115,0.5475845154069698,0.5440288680753583,181066.959235,181802.42446133564,10.096575736999512,3.512547051983051,0.0,6.11928391456604,-0.5026900681262346,-4.052252292633057,1.932624949990576,1.9333232118795673,17.152856444786593,12.795999157944648,10.77334757943893,3.9530014610807633,-0.4473601974246742,-2.502192214499402,1.5056008613881666,1.4971307565033278,1.0199264287948608,0.05174950823361771,0.008499338291585445,-7.31822891253978,-8.530115717500376,-10.104875333607197,0.6313188568540584,0.15422703935853693,1,0.03625226335863159,0,0.24800854606287018,"{""type"":""MultiPoint"",""coordinates"":[]}"
00000000000000000271,350,KEMAYORAN,GUNUNG SAHARI SELATAN,3171031005,3.17103100501E12,Tidak Diketahui,Gunung Sahari Selatan 08,Sekarang kami memohon perbaikan saluran Got air kotor / Normalisasi saluran,-,-,1289,Hujan deras dan kiriman dari Bogor,008,0,2020,1577865600000,-,0,0,-3.7392256040577756,-10.15145679176775,-15.205620021068775,2.175979026296014,6.509718776688711,-3.804760125076178,-9.470483934064237,2.76539565957371,JAKARTA PUSAT,1,0.8886393910561368,0,0.32273860680187716,1864.5783944648524,1713.977695973859,1487.155996831178,13.712321105462024,-110.42615288398265,-253.18581134631404,61.693400141497136,103.46102004790643,13,5.98241674595623,2,5.865019692088495,-1.412788428866304,-5.524024346579571,2.441136173056561,2.435401376028133,1.0,2.8000001907348633,1.1911475011533377,0.0,1.0063660144805908,-0.5899839193587301,-1.8041318655014038,0.7666150145012878,0.7737501678014392,91692.2879444,92050.09208565776,10.096575736999512,3.366271166481594,0.0,6.11928391456604,-0.533043046045258,-3.914219856262207,1.9523053571159397,1.9645854978133281,17.747257499527322,12.697189447567421,10.77334757943893,4.424370134445963,-0.6133104137633597,-2.502192214499402,1.4340350943043443,1.4348992177586815,0.13598905503749847,0.027316540751418365,0.008499305695295334,-9.325538442470133,-10.073072702573215,-10.798726875334978,0.3317922970118582,0.03860961901937544,1,0.11136060894386299,0,0.3227386068018771,"{""type"":""MultiPoint"",""coordinates"":[]}"
00000000000000000272,160,KEMAYORAN,GUNUNG SAHARI SELATAN,3171031005,3.17103100501E12,Tidak Diketahui,Gunung Sahari Selatan 09,-,-,-,1290,Curah hujan yang tinggi,009,0,2020,1577865600000,-,0,0,-4.250266360175633,-11.69876349891103,-16.598189497018165,2.278650578780208,0.3007862231249181,-6.1863301382399625,-11.601453206266852,2.4588505522318256,JAKARTA PUSAT,1,0.8690082138040948,0,0.3726779962499649,747.9053559872657,565.4903850116505,334.4734433447411,-583.9073683302886,-722.4093335169063,-882.8470808120503,59.650309990376954,88.40572026647672,11,5.7360549221527535,-1,5.2484067311144775,0.1786935025272902,-6.544504117435504,2.296397877206636,2.32148962068688,1.0,4.599999904632568,3.450839926072074,1.8000001907348633,2.958102226257324,1.794716761131796,0.1296457052230835,0.8825385697935674,0.8772856353827658,56899.5521161,57141.33287348284,8.73574447631836,3.51054617858655,0.0,4.963893413543701,-0.28842922182546105,-3.8480513095855713,2.0118649532274593,1.998730216894888,15.955519032142334,12.668500125943554,11.215136836239077,2.706956707442547,-0.5983220006042899,-2.093842537536643,1.0135344672073843,1.0156938173787444,0.07649581879377365,0.02118941724036184,0.008499491959810257,-1.5559072606265545,-1.8450739035134307,-2.0645011449232697,0.12834243859471842,0.02071376736441883,1,0.022373421601078834,0,0.27638539919628335,"{""type"":""MultiPoint"",""coordinates"":[]}"
0000000000000000023c,84,KEMAYORAN,CEMPAKA BARU,3171031006,3.171031006E12,Tidak Diketahui,Cempaka Baru 01,-,-,-,1211,Curah hujan tinggi selama 4 Jam dan saluran air tidak dapat menampung air hujan,001,0,2020,1577865600000,-,0,0,0.11187341394204739,-10.77453667207317,-15.076433269495533,2.602437583167319,1.8342057733557948,-4.428566219262561,-9.41254975713905,2.4097204099669645,JAKARTA PUSAT,1,1.0,1,0.0,2767.4830418432575,2622.180160795315,2435.003422595757,370.649003449907,261.880037902515,118.48723262839167,58.05765401691052,80.10605312595682,12,9.190073688773298,7,5.003365556750196,2.1895640033072605,0.08263515932803944,1.1698919340315883,1.2293584233020691,1.0,4.700000286102295,3.973204956632046,2.5,3.3795849084854126,2.6222468696479724,1.157672643661499,0.5587872491519025,0.543016242361984,48278.7077607,48480.90469917718,3.353797435760498,1.8123746480431586,0.0,0.8328578472137451,-0.7984735059429844,-2.7028839588165283,0.7313779441184161,0.7318989554102475,15.955495035217883,13.195614000494158,11.88696844276232,2.3701133536510834,-0.40041811223831136,-1.7691046733998679,0.7815767105476503,0.7852223864292888,0.05099572241306305,0.01810012349650035,0.008499263785779476,-0.33882001135498285,-1.0436356813072798,-1.6509407348930836,0.38436199430133283,0.011936104476021602,0,0.0,0,0.0,"{""type"":""MultiPoint"",""coordinates"":[]}"
00000000000000000240,910,KEMAYORAN,CEMPAKA BARU,3171031006,3.17103100601E12,Tidak Diketahui,Cempaka Baru 06,-,-,-,1216,"1. Curah hujan tinggi;
2. Luapan kali utan kayu",006,0,2020,1577865600000,-,0,0,-7.194057732450657,-13.791206532983916,-15.846603195529468,1.4328810536564112,4.108411276372799,-1.845929284739682,-7.049204115179922,2.109441018767189,JAKARTA PUSAT,1,0.9749223160751017,0,0.16216216216216217,2827.4688043900096,2640.110648677863,2435.003422595757,600.3163356668488,404.89253704932855,244.0635750401825,77.04505806142626,85.51827758043257,11,6.390651669657315,2,4.30032223415796,-0.285375380517013,-4.807089151448887,2.0907214462379624,2.092690212453404,0.9678366211145694,3.3000006675720215,1.9888618886953395,1.1000003814697266,1.9444330930709839,0.5657315056268388,-0.3749871253967285,0.585688972436321,0.5514190944262648,79665.5191169,80046.0295505246,6.66995096206665,3.0239275420456573,0.0,4.001166105270386,0.38182727165402475,-2.7088634967803955,1.325788638239951,1.3185984465777956,18.152721122271043,13.000706072737593,11.43545623297356,4.472461853618427,-0.7146730998594908,-2.3102646522347055,1.0822939881484042,1.086178958898463,0.18698440492153168,0.03362559088529403,0.008499305695295334,-1.6509407348930836,-2.080168040513758,-2.4484000662341714,0.18210673564180221,0.04238858621495729,1,0.013917458094446148,0,0.13301642396606667,"{""type"":""MultiPoint"",""coordinates"":[]}"
00000000000000000241,520,KEMAYORAN,CEMPAKA BARU,3171031006,3.17103100601E12,Tidak Diketahui,Cempaka Baru 07,-,-,-,1217,Curah hujan lebih tinggi,007,0,2020,1577865600000,-,0,0,2.8387947411141123,-11.759615299825361,-15.136079519063525,2.336909959187568,5.016455763100704,-3.108065093625558,-8.99474902931004,2.281465145788544,JAKARTA PUSAT,1,1.0,1,0.0,2753.454594768097,2514.830815910188,2341.3141034131877,661.1324684915389,423.2177441762509,282.67877845419844,95.10455577374474,107.3384047135281,10,4.717519169771811,1,3.5615467239538487,-1.7283406284395595,-5.518796992480075,1.8887397085025264,1.907716432160669,0.9198301236807072,1.9000000953674316,0.8725773618214892,0.0,0.4250340461730957,-0.7161780654625995,-1.662355899810791,0.6691093086936805,0.6494659398907658,113315.528894,113747.39272710212,7.222747802734375,2.5712610997719167,0.0,4.467036962509155,-0.20184270867288767,-2.889904737472534,1.3970965538880293,1.38412676651838,19.90674242881349,13.84883084808584,11.185659789658873,6.248788708892684,0.1826476598497851,-2.464248995012314,1.7638730328192365,1.7645973490509173,0.7734391689300537,0.1149692437609082,0.008499338291585445,-1.9250024557113647,-2.439007538134579,-2.917170754633844,0.23600971514553726,0.18186933014540574,0,0.0,0,0.0,"{""type"":""MultiPoint"",""coordinates"":[]}"
00000000000000000243,431,KEMAYORAN,CEMPAKA BARU,3171031006,3.17103100601E12,Tidak Diketahui,Cempaka Baru 09,-,-,-,1219,Curah hujan,009,0,2020,1577865600000,-,0,0,2.8387947411141123,-10.997583984595488,-14.679098570940955,2.6311314270896813,1.8061846865308029,-4.420748313382771,-7.5819758042473255,1.6689274610665419,JAKARTA PUSAT,1,1.0,1,0.0,2533.7244293416434,2328.5974261210526,2119.459960354695,636.8188402276053,392.9183146792037,200.73047961709358,96.71046655265522,99.90769026281306,9,5.707569267835631,1,2.8880057286083005,-0.4279820197940016,-5.155316863586462,1.593404434623173,1.596125582036197,1.0,1.6000003814697266,0.6873077755232216,0.0,-0.05760800838470459,-1.0202385336060933,-1.7133333683013916,0.47366921744840773,0.4587912792921874,104212.84704,104663.47263393349,5.00696325302124,2.0065836142905664,0.0,2.07087779045105,-0.9817655955196588,-3.1508569717407227,1.217775788229135,1.1834498686704338,17.79621575710461,13.709727705748836,11.754301126976697,4.167379010378804,0.12686147527007588,-1.842384579595178,1.6849840151948576,1.6831277228237547,0.8669326305389404,0.08401854243035996,0.00849937740713358,-2.1265074014663696,-2.8283857832702157,-3.160290432162583,0.2387828797515334,0.23563689160399184,0,0.0,0,0.0,"{""type"":""MultiPoint"",""coordinates"":[]}"
00000000000000000244,135,KEMAYORAN,CEMPAKA BARU,3171031006,3.17103100601E12,Tidak Diketahui,Cempaka Baru 10,-,-,-,1220,Hujan lebat Tahunan,010,0,2020,1577865600000,-,0,0,-4.583405687841061,-11.84341005256161,-15.673180200720765,2.1131084449760027,2.2097724482822394,-3.7527531431513146,-6.753602617488712,2.1570281745133952,JAKARTA PUSAT,1,0.979788372369516,0,0.12170236132510295,2291.157171937385,2121.749782665577,1912.425078044332,380.10898635991407,215.49388988484077,55.68134675018996,71.3928443503617,78.87220158747446,9,5.90345975508263,3,2.909488005729659,-0.18426210574481636,-3.1601145721435904,1.4892312421959462,1.5170465607217911,1.0,2.1999998092651367,1.0490391123938758,0.40000009536743164,0.5587896108627319,-0.6523311998502765,-1.3428499698638916,0.48200514457127003,0.45309471857792455,88038.0018245,88388.8332328792,4.637037754058838,1.9552843883247983,0.0,1.7355329990386963,-1.1332277729159486,-3.1870059967041016,1.013940517636852,1.0026916960809895,17.05412069210673,13.084940684523449,11.886982061009268,3.5360541219723665,-0.44377395529467367,-1.667109381527366,1.1353644546371207,1.1317241222313439,0.042497195303440094,0.014921895322997676,0.00849937740713358,-2.406954763457179,-2.720035164553406,-2.9533848389983177,0.14938225843770683,0.009057016384910814,1,0.020211627630483887,0,0.12170236132510259,"{""type"":""MultiPoint"",""coordinates"":[]}"
00000000000000000260,-,KEMAYORAN,SUMUR BATU,3171031007,3.171031007E12,Tidak Diketahui,Sumur Batu 01,-,-,-,1261,Kali serdang tinggi hingga keluar dari got beton,001,0,2020,1577865600000,-,0,0,-1.2609502718967853,-10.816026358748342,-15.449481789320952,2.4000339579656806,9.76086563761076,-4.0222389980527264,-8.794396926888922,2.6373595203672284,JAKARTA PUSAT,1,1.0,1,0.0,2599.1107973211338,2182.1379376860164,1710.5249905529865,679.3655872714737,439.8863621570881,154.61978944818406,141.8103218985092,250.47322475621618,11,5.307820299500833,0,5.190261367706009,-0.5636475289423862,-5.711063372716493,1.6770485279679326,1.6927357814478865,1.0,4.0,0.7851627589133899,0.0,2.217780113220215,-0.9620449984912871,-1.8675475120544434,1.1301657015396556,1.1436157095236077,121678.226576,122164.27374654138,5.938530921936035,2.361316288862918,0.0,2.797476291656494,-0.7194900485199686,-3.134165048599243,1.2959899668547896,1.3176084628594564,22.51425196125563,14.33586011729757,11.310936955395778,8.985075682937188,0.7384575005147526,-2.2494128891205616,2.8563040994725797,2.840433645388939,97.61470031738281,6.497226384144158,0.008499406278133392,93.86259436607361,2.898741626490233,-3.7748419158160686,25.004447526692342,25.05403010290501,0,0.0,0,0.0,"{""type"":""MultiPoint"",""coordinates"":[]}"
00000000000000000267,-,SENEN,SENEN,3171041001,3.171041001E12,Tidak Diketahui,Senen 02,-,-,-,1270,Pintu air Latuharhari jebol RW 02 ikut terdampak banjir,002,0,2013,1357027200000,-,0,0,2.715718584597019,-10.8414122252566,-16.888297505234213,3.6532193546812572,8.428670944979467,-4.655488164706361,-13.051454776343338,4.140351390305138,JAKARTA PUSAT,1,0.810642601524817,0,0.42469124587279605,2274.192385239133,2088.068368251148,1956.9060257061412,313.56371540030204,138.30103057957672,11.433396312330387,77.58201048852948,92.49325117127155,48,21.288548311809542,4,40.036448263517144,13.349051767654128,-3.851772287861306,11.803727877788667,11.822952867459671,1.0,8.80000114440918,2.2261790021389176,0.10000038146972656,6.918232321739197,0.33709761443322855,-1.8401787281036377,2.6313740728900443,2.6295066107949934,44858.9793679,45024.663258105335,32.17049026489258,17.339671510494153,0.932817816734314,28.282283782958984,13.389130251931048,-3.059317708015442,9.003282901725848,8.987448818605186,16.256465341511593,11.493464298282769,9.51133571213067,2.935306233773323,-1.8166928683651553,-3.8112291444118647,1.7325848140603899,1.7311825717479665,0.28897562623023987,0.05315589862993738,0.00849925260990858,-10.780612111091614,-11.369583553273905,-12.059760566800833,0.32863675092545425,0.07950768586954557,1,0.16951921580830864,0,0.41573970964154905,"{""type"":""MultiPoint"",""coordinates"":[]}"
00000000000000000268,-,SENEN,SENEN,3171041001,3.171041001E12,Tidak Diketahui,Senen 04,-,-,-,1272,"Jalan lebih tinggi dari pemukiman, sehingga terjadi genangan",004,0,2020,1577865600000,-,0,0,5.567460432710732,-10.87304916570048,-17.137616561750985,3.3944873415974617,7.609749550812648,-5.5433962912972445,-12.793382722519011,3.0647904137385438,JAKARTA PUSAT,1,0.9354759820830978,0,0.24583065414294653,2599.1107973211338,2120.175176478839,1484.2598772436477,382.4720721176827,46.6673506071087,-302.46944918182453,142.17508540852037,250.2766160714087,32,7.591335015188182,-1,24.149445041175568,-0.2600177112918174,-9.3595417114201,3.6494723103270195,3.6835772450893893,1.0,3.200000286102295,1.1418024232911317,0.0,1.3455712795257568,-0.6399949920236994,-1.8081203699111938,0.7029787137146133,0.7212168604026937,271001.127554,272108.01677437796,29.33263397216797,4.309643862732087,0.0,25.447443962097168,0.6288430799675891,-3.8326516151428223,3.3004619567381663,3.299439086434926,19.17436379458051,12.487756765336364,9.62412691015029,5.766240413194518,-0.8789605861307308,-3.701649464418786,1.2906835537797854,1.2866166855594978,0.21248114109039307,0.027976953565712552,0.008499198593199253,-8.574477072805166,-10.50800028704912,-11.322174962610006,0.5587340811295841,0.041806130666511454,1,0.048113061833908274,0,0.2191011235955056,"{""type"":""MultiPoint"",""coordinates"":[]}"
00000000000000000269,-,SENEN,SENEN,3171041001,3.171041001E12,Tidak Diketahui,Senen 05,Banjir surut seiring surutnya kali ciliwung,-,-,1273,Luapan air kali Ciliwung,005,0,2020,1577865600000,-,0,0,13.97704115783051,-11.015016367717616,-17.019199418134463,3.3575570281792597,22.451102837490865,-5.453631693508067,-11.951302855070304,3.7568082580963518,JAKARTA PUSAT,1,0.7918317152103557,0,0.4077820768771259,2904.042734068253,2585.116512270355,2157.6877582595803,868.9187091340129,625.7533377029267,360.4509934543321,121.46848087628229,210.35353725239318,29,8.471533980582526,0,20.884138918726592,0.10556012036689233,-8.264232008591677,4.644413661083756,4.590900371628884,1.0,4.899999618530273,0.851847380215296,0.0,2.8619258403778076,-1.1610463638321098,-2.1720874309539795,0.857604554040155,0.8512892630135764,269517.555922,270580.7232157991,20.302040100097656,5.340360053463659,0.0,15.954504489898682,0.9142501870220145,-4.476070880889893,3.4724778887195242,3.4848539499495743,26.606064699202822,14.904807908774306,10.0421146580459,13.290883704476617,1.6215936731642528,-3.246641087120974,4.74529416560888,4.74534193491116,360.10400390625,97.1238255860591,0.008499141782522202,346.014536857605,83.4131152221093,-15.016893279738724,161.56476773106814,161.83542592410035,1,0.16847896440129448,0,0.3666060555964672,"{""type"":""MultiPoint"",""coordinates"":[]}"
000000000000000002af,35,SENEN,KENARI,3171041002,3.171041002E12,Tidak Diketahui,Kenari 02,-,-,-,1407,Saluran air tidak lancar,002,0,2020,1577865600000,-,0,0,6.623618548164885,-8.718583707121615,-15.911472665673163,3.336370319264906,10.646283875185366,-3.549466465743129,-10.64795025685285,3.3210295987601395,JAKARTA PUSAT,1,0.9801826598273489,0,0.183779759494891,2696.6111102062355,2373.183494339396,1930.3404582761361,189.69450464862257,-13.611391349281812,-249.895459406054,99.50478507177482,182.5717310014093,17,11.02231952958839,6,6.737200143216569,0.4891134612114225,-4.380236305047029,2.2408857382830885,2.1587033144922905,1.0,4.599999904632568,0.8677340267328869,0.0,2.841095447540283,-0.9589054069694428,-1.984368085861206,0.8357319993490799,0.8125452051097234,139391.55437,140007.62221169838,7.3788604736328125,3.230594790908013,0.0,4.215526103973389,0.14688031409748137,-3.0369343757629395,1.608254896220677,1.6329082870751428,23.81770241899767,13.201782734724802,11.136039094006819,10.284660001002344,-0.3029560711857722,-2.356397599738049,2.7452627889812886,2.7564273037914018,357.6732482910156,20.878642305048867,0.008498926647007465,343.37999629974365,6.73598129022805,-14.39770145714283,91.13143381951403,91.17272967719367,1,0.017340172651069685,0,0.13999999999999999,"{""type"":""MultiPoint"",""coordinates"":[]}"
000000000000000002b0,78,SENEN,KENARI,3171041002,3.171041002E12,Tidak Diketahui,Kenari 03,-,-,-,1408,Naiknya permukaan air Kali Ciliwung ditambah curah hujan tinggi,003,0,2020,1577865600000,-,0,0,1.0991553893367296,-8.876697302755199,-14.932241117794259,3.4343179350561615,3.8445190954796247,-3.5934121898376983,-10.053380868100952,3.224726623604119,JAKARTA PUSAT,1,0.7153552444411171,0,0.4096611065529924,2709.346062320677,2501.026751829682,2304.2656566744567,147.96010714238355,17.43575781318348,-97.79038957564262,55.24989625905322,99.22621263908938,16,12.137306281350602,8,5.173361976370559,1.4517044062053732,-2.6102398854267044,1.7623473072924347,1.8093092604637842,1.0,2.299999237060547,1.2271691435351022,0.09999942779541016,0.4793761968612671,-0.5655054609299135,-1.7272329330444336,0.5338368908808684,0.5487861233805436,46612.7844161,46797.14692358622,6.548962593078613,2.2211845238122914,0.0,3.593473434448242,-0.7591157162127902,-3.0369343757629395,1.5005039829285656,1.4938357229643096,17.564897619624894,12.86310160252587,11.486742561694228,4.0407689289208,-0.6627744096349244,-2.0324522627713826,1.184208958610125,1.1841185692637914,0.07649079710245132,0.01273224285523509,0.008498962968587875,-13.818447723984718,-14.10954692424866,-14.317464221268892,0.12062894557397252,0.013878755972259646,1,0.021262259489406306,0,0.16110727964792765,"{""type"":""MultiPoint"",""coordinates"":[]}"
000000000000000001e6,36,SENEN,PASEBAN,3171041003,3.171041003E12,Tidak Diketahui,Paseban 01,-,-,-,1053,Saluran air mampet (gorong-gorong),001,0,2020,1577865600000,-,0,0,4.02781780396173,-8.400419490271732,-18.218089442675364,3.5550143299728494,14.058349684706364,-2.9073943096399812,-13.922616246483063,4.3278217158789865,JAKARTA PUSAT,1,0.9906843196682085,0,0.16058749209247875,3100.391600158396,2829.8588038605735,2599.1107973211338,409.75517585169473,205.47558997426475,23.350484929488175,93.48880414385569,136.02000555067175,21,9.39977667889616,6,10.18481919083526,-1.0464113545936147,-4.6332259219466145,2.221515804566102,2.271281820629774,1.0,4.599999904632568,1.0263775304927267,0.0,2.8554599285125732,-0.6981470674661416,-1.7443037033081055,0.9697112607841314,0.9727825171242799,109267.122907,109792.48980410604,10.408181190490723,2.5987862334237715,0.0,7.538493394851685,-0.3285575994693751,-3.031991720199585,2.0750856727781835,2.0679500486209847,21.03684997393869,13.708998882285305,10.742251079406957,7.512606280430065,0.19744085218116575,-2.795507883464227,2.0426839084016004,2.051749281311854,1.4193147420883179,0.19405254114741297,0.008498980663716793,-11.206321358680725,-13.28721936035065,-14.004979277029634,0.7502604708205552,0.48234255999090253,1,0.0011804115488913702,0,0.13954508281924158,"{""type"":""MultiPoint"",""coordinates"":[]}"
000000000000000001e7,60,SENEN,PASEBAN,3171041003,3.171041003E12,Tidak Diketahui,Paseban 02,-,-,-,1054,Saluran air / got mampet,002,0,2020,1577865600000,-,0,0,-4.433535271293172,-9.545649803526079,-13.982858666643976,2.0551765420853925,4.606341636425077,-3.548744274188241,-7.94324101543999,2.477011338338316,JAKARTA PUSAT,1,0.9067713444553483,0,0.25613577714208524,3192.0215612176544,3007.0474058402715,2804.549198011076,443.4137563086242,291.80499782722734,137.33948040008227,74.12235125162249,97.07747476226919,13,8.840836604514227,5,2.62585034013723,-1.5088172818828924,-5.161045470818651,1.8003585684622334,1.9084224177491413,1.0,2.1999998092651367,0.9541155332671996,0.0,0.5170352458953857,-0.7202111375796898,-1.7248479127883911,0.8975269699064033,0.8982535637498454,56860.2438794,57017.751075822314,6.757325172424316,1.8493665110308883,0.0,3.868328809738159,-0.9667734161743177,-2.8432793617248535,1.137205395943807,1.1394244075546778,21.102941144387078,14.918980805345335,11.723084371507152,7.551673910455827,1.3754374723208271,-1.8477805892468275,2.521960715362644,2.5165779758962668,1.4618098735809326,0.523661594428908,0.00849900208413601,-10.575736284255981,-12.087365830753551,-13.18947283923626,0.5935997935856866,0.6516749133458071,1,0.0932286555446516,0,0.2561357771420852,"{""type"":""MultiPoint"",""coordinates"":[]}"
000000000000000001e8,100,SENEN,PASEBAN,3171041003,3.171041003E12,Tidak Diketahui,Paseban 03,-,-,-,1055,Karena trotoar di Jalan salemba raya,003,0,2020,1577865600000,-,0,0,5.066315430253965,-8.873854916330027,-14.576063686074521,3.0170399441355937,11.998227933158452,-3.3029921415487005,-8.219345683527845,2.967515109297662,JAKARTA PUSAT,1,0.9997691064419303,0,0.07392101124765756,3166.3063194646634,2892.2331019198764,2577.499651299377,375.9536368598897,182.3947522854945,-20.36539911234013,93.19421065317094,156.4771876845346,25,11.445958079991795,5,14.143143573219758,0.7477706187649642,-5.667096312208129,3.4222101820732376,3.5024100247060863,1.0,2.5,1.0159187870323638,0.0,0.7572716474533081,-0.6977403814990383,-1.7392123937606812,0.881168861964089,0.8795403917390306,135922.107514,136483.62955289788,12.481634140014648,3.1751151411281175,0.0,9.609632730484009,0.4208392260785914,-2.812525510787964,2.540069385966724,2.5729978084393124,18.17513479367252,13.38336428062917,10.650469084505623,4.629445430634229,-0.2039763111210683,-2.8967098220799627,1.9776302306480917,1.976586370806898,1.2663326263427734,0.18595741269843616,0.00849895179271698,-11.857686186209321,-12.876357791990142,-13.947216227650642,0.5843679013377759,0.39963591683594174,1,2.308935580697299E-4,0,0.07392101124765775,"{""type"":""MultiPoint"",""coordinates"":[]}"
000000000000000001e9,20,SENEN,PASEBAN,3171041003,3.171041003E12,Tidak Diketahui,Paseban 05,-,-,-,1057,Pendangkalan,005,0,2020,1577865600000,-,0,0,5.690159943446288,-8.17730059400101,-16.17565582340184,3.4673315331155177,9.794253271848032,-3.0251582823610117,-11.40789757156344,3.3038117177642774,JAKARTA PUSAT,1,0.9821694578612377,0,0.1786858200459983,3083.6927807006746,2783.0554134048607,2572.4866812680666,244.05871400332853,62.152728457719924,-79.41057808039477,69.11695241136653,126.95053402088402,21,13.851690515957195,7,9.433870390262165,2.624391915295967,-4.126888650196193,2.747781020047909,2.752789937243711,1.0,3.6999998092651367,1.772410211178678,0.0,1.9080771207809448,0.004924513777292584,-1.742098093032837,1.0290620613503991,1.0573131518420626,154539.692066,155193.65243369644,8.535260200500488,2.7607197279946885,0.0,5.872494220733643,0.07127233133656985,-2.717805862426758,1.5561795631986592,1.565204542498553,17.85667481014686,12.909616756876646,11.209436927980402,4.143569574832133,-0.7366450667445809,-2.469198849604327,1.5848876161334358,1.6102380192390264,0.9603697657585144,0.09386699273068237,0.008498894982039928,-12.320620894432068,-13.540445508487965,-13.981107008643448,0.4014376505168657,0.27474481967853287,1,0.017830542138762243,0,0.17868582004599823,"{""type"":""MultiPoint"",""coordinates"":[]}"
000000000000000001ea,121,SENEN,PASEBAN,3171041003,3.17104100301E12,Tidak Diketahui,Paseban 06,-,-,-,1058,Curah hujan tinggi dan gorong-gorong mampet,006,0,2020,1577865600000,-,0,0,-1.2606620294914492,-10.546695913808437,-17.10229596964892,2.8190443845454474,6.015196296948966,-4.856368342674602,-11.587124692450882,3.133817698905198,JAKARTA PUSAT,1,0.800117254772636,0,0.3682348242808504,3315.014357258475,3013.6375842937437,2728.337038197414,401.75822704006487,175.5075866772651,-16.574676901721887,105.76817494497352,150.9150944770593,18,11.044630097834451,7,6.715145005371303,-0.36743936139630334,-4.824346580736643,1.7610005273330736,1.741250371046989,1.0,2.5,0.6668611659418688,0.0,0.723336935043335,-1.072160816940442,-1.7537486553192139,0.6312123720959683,0.6432235197739888,95207.9216657,95596.12849968464,8.776223182678223,2.2208093925423276,0.0,6.1823999881744385,-0.39252148468109765,-2.647940158843994,1.6448640811674105,1.6464530653529192,18.951175675080556,13.967182432619119,11.020811757988831,5.223795977810845,0.23603641478282905,-2.695356889819898,1.6550451269003819,1.65831975231694,0.8668817281723022,0.09973903390830467,0.008498866111040115,-11.815890431404114,-13.166004469813915,-13.95715220272541,0.5314214358859174,0.1965213201730368,1,0.10644534828331684,0,0.2836367870880281,"{""type"":""MultiPoint"",""coordinates"":[]}"
000000000000000001eb,121,SENEN,PASEBAN,3171041003,3.17104100301E12,Tidak Diketahui,Paseban 07,-,-,-,1059,Luapan Kali Sentiong,007,0,2020,1577865600000,-,0,0,-2.6619654846486505,-10.392929163466745,-14.688012651074608,1.9920316886775788,3.3411025566983543,-3.8216027831345407,-9.124053651173117,2.401713297940295,JAKARTA PUSAT,1,0.9295672564485186,0,0.26646935501059643,3325.381902060976,3187.5577688550256,3010.2609901026703,504.60202144376717,397.25370215473805,258.73793192093717,58.612990581647644,65.5295063147141,14,9.451929226177793,5,3.6485499462954234,-0.8217777717724188,-5.049910490510719,1.9245004895574698,2.0233693851195476,1.0,3.40000057220459,1.6121255822182727,0.0,1.7699682712554932,-0.016507723788365358,-1.6379520893096924,0.942164372553042,0.9488892329887254,81905.2199953,82290.15416332138,6.684918403625488,2.3430235798667414,0.0,3.950438976287842,-0.3792123745891033,-2.8402810096740723,1.3638240239133366,1.352464085554036,21.102941144387078,13.849885932364444,11.310837979000274,7.551673910455827,0.22027207468305685,-2.393691241339745,1.9993691136884781,1.974061020127425,1.5383012294769287,0.2151823434263605,0.008498980663716793,-9.175790071487427,-11.67408287272527,-12.668912098743021,0.7213817288919365,0.4828404710398532,1,0.07043274355148157,0,0.2664693550105965,"{""type"":""MultiPoint"",""coordinates"":[]}"
000000000000000001ec,25,SENEN,PASEBAN,3171041003,3.17104100301E12,Tidak Diketahui,Paseban 08,-,-,-,1060,"Saluran air terlalu kecil GG VI & GG VII rt 005, debit air kali sentiong terlalu tinggi, sehingga saluran air dari warga tertahan",008,0,2020,1577865600000,-,0,0,6.0913877638479645,-10.279047965235499,-17.244868113487456,3.2016199051197014,8.424129750330302,-3.486081917770606,-11.519148620457791,3.0596675527139814,JAKARTA PUSAT,1,0.9522768904457369,0,0.23246226230439074,3463.5491259047867,3250.2850477599377,2997.3690208403514,537.4854348551089,368.33100199273747,166.15429854722197,77.97747462193193,100.366248796756,16,11.385159237715717,7,4.7643394199792795,0.5281368825457639,-4.081990691012477,1.876770436763294,1.900566928919974,1.0,4.199999809265137,1.369643881452969,0.0,2.5016324520111084,-0.3303931784031418,-1.7484711408615112,1.3742926205957489,1.3576325008864962,108592.478694,108983.72206395562,7.943168640136719,2.337653455068959,0.0,5.351247310638428,-0.25517024567544266,-2.599707841873169,1.2475298495728273,1.248780149395219,17.85667481014686,13.480445645733322,11.310837979000274,4.143569574832133,-0.2513508830747573,-2.393691241339745,1.6297289304298077,1.6313904403980373,0.926374077796936,0.12573203505289074,0.008498908951878548,-11.73889935016632,-12.515312378572567,-13.33710177987814,0.38451134387771096,0.2534956743737439,1,0.023138477359642633,0,0.1917186871756995,"{""type"":""MultiPoint"",""coordinates"":[]}"
0000000000000000026a,720,SENEN,KRAMAT,3171041004,3.171041004E12,Tidak Diketahui,Kramat 05,-,-,-,1278,"Dataran rendah, masuknya air dari pintu pertamina",005,0,2020,1577865600000,-,0,0,11.985689775342575,-7.138321206824966,-14.045276627077055,4.552481676608842,14.285120998377785,-2.686969139314662,-8.059243149326427,3.790233085758156,JAKARTA PUSAT,1,1.0,1,0.0,3083.6927807006746,2883.587026462974,2690.2210275041116,529.5669662924392,350.293923485402,189.30597717093997,80.06778295834374,104.01440732410761,17,9.349623115577893,4,7.145721446474679,-0.5613432840282738,-5.971142141065606,2.549026687357607,2.529452487260707,1.0,4.0,2.9241624484709168,1.799999713897705,2.266688108444214,1.2016931818408185,0.0884779691696167,0.609862247115909,0.6193404198114552,83357.6391172,83634.99587448446,7.6447672843933105,3.1298151851798615,0.9274099469184875,4.38640570640564,-0.09375603898885461,-2.464715898036957,1.5601901507634213,1.558602680635146,15.594295026120315,12.992644910168629,11.136049783399125,2.1595082687047427,-0.4266065675516271,-2.2750550121141053,0.9850988632966454,0.9888051657922653,0.13598473370075226,0.02746281797082711,0.008499037474393845,-11.571565471589565,-12.122539559306011,-12.728532860055566,0.2744501715586887,0.02153151876630309,0,0.0,0,0.0,"{""type"":""MultiPoint"",""coordinates"":[]}"
0000000000000000026b,88,SENEN,KRAMAT,3171041004,3.17104100401E12,Tidak Diketahui,Kramat 06,-,-,-,1279,-,006,0,2020,1577865600000,-,0,0,-4.756585769683321,-10.586230167903054,-14.519549641580138,2.0443519444910683,4.130526946808187,-3.4639885280622797,-7.112993974874355,2.0670492604513067,JAKARTA PUSAT,1,1.0,1,0.0,3346.0206224714725,3150.307216745523,2952.532506156306,670.803181187604,514.1440443958329,337.3739151842519,68.66266867754692,87.75438021105226,11,8.026492572618032,3,1.2773361976383057,-1.813622099121421,-6.86344432509714,1.7325312677114237,1.7320508075688772,1.0,3.0999999046325684,1.3822735859436615,0.10000038146972656,1.385005235671997,-0.2932715799107165,-1.541675329208374,0.5681640654472541,0.5915984449651047,73749.2630589,74095.95956554155,7.421597957611084,2.672059711150994,0.0,4.3817832469940186,-0.42089929165277545,-3.2442739009857178,1.5242068064931367,1.5149399194165896,17.34176178272584,13.19087006391241,11.180662384163524,3.910000551320314,-0.26948530760518485,-2.291419964377953,1.4771945011366736,1.474640971128067,0.14448383450508118,0.04005949417645003,0.008499052375555038,-10.906041214242578,-11.410259421291462,-11.981725037097931,0.2514950650360531,0.048402652018311704,0,0.0,0,0.0,"{""type"":""MultiPoint"",""coordinates"":[]}"
000000000000000001e2,67,SENEN,KWITANG,3171041005,3.171041005E12,Tidak Diketahui,Kwitang 01,-,-,-,1044,-,001,0,2020,1577865600000,-,0,0,-3.1296647951333476,-10.93491375034464,-17.514442264617387,3.336708627204427,6.12192837043518,-4.054071490218998,-11.022331864880517,3.382138536343588,JAKARTA PUSAT,1,0.9412148922273025,0,0.23974163519328018,2821.3751145383426,2688.2523505921286,2572.4866812680666,701.1535016208145,594.5437475278338,498.8472597717232,67.74334079172357,68.91773006399195,12,8.298171129980405,3,3.2153956319383266,-0.5505280494620092,-5.858216970997587,2.272835487656655,2.280423906755559,1.0,1.8000006675720215,0.6850423426143282,0.0,-0.09599649906158447,-1.2547535272223895,-1.9815683364868164,0.5593320555540336,0.5433251771704699,32089.2749486,32206.42193289839,6.567040920257568,3.2671839544943353,0.0,2.174807071685791,-1.135151922294005,-4.4059529304504395,1.6637390098840659,1.6828822504504954,22.77887931859816,13.908145602800873,11.20949033009262,9.473270980270282,0.6259038444823324,-2.075544375268123,4.045235192661475,4.051081527236823,358.7101135253906,55.72956085610863,0.008499115705490112,345.77254486083984,42.801834403166744,-13.242671996355057,144.4154834693602,144.55878491898682,1,0.05878510777269758,0,0.2397416351932802,"{""type"":""MultiPoint"",""coordinates"":[]}"
000000000000000001e3,526,SENEN,KWITANG,3171041005,3.171041005E12,Tidak Diketahui,Kwitang 02,-,-,-,1045,-,002,0,2020,1577865600000,-,0,0,-7.304492499841357,-11.918941364310113,-15.815530659142158,2.23185424787916,10.761003183656051,-2.1244883377494292,-8.854420792504442,3.447545884326435,JAKARTA PUSAT,1,1.0,1,0.0,2656.420916721884,2560.5381203144125,2449.0990739000135,533.3520532199459,458.1755027249386,345.5091315238906,48.979598155565306,53.432339829673765,11,8.030514270682628,4,1.914357321877434,-1.0412831839077827,-4.988113139991517,1.644016795629327,1.6519348924485169,1.0,1.8000006675720215,0.797659262095598,0.0,-0.09692025184631348,-1.17109562805667,-2.067934274673462,0.5279005865441989,0.4946331035051184,26509.3110479,26623.637462826453,10.260502815246582,2.8609470204273437,0.9328364133834839,5.73986291885376,-1.5242193531209232,-3.5415889024734497,1.8204473675753337,1.8426389312836235,23.81507191962775,13.773741392316039,11.486757962346239,10.573656060307268,0.5097970930513533,-1.758719634114863,3.5380370964003536,3.5288288694337147,358.4891357421875,48.99895275180053,0.008499091491103172,345.2731885910034,35.88612184354561,-13.281217618845403,121.78537171355562,121.85835560623379,0,0.0,0,0.0,"{""type"":""MultiPoint"",""coordinates"":[]}"
000000000000000001e4,186,SENEN,KWITANG,3171041005,3.171041005E12,Tidak Diketahui,Kwitang 03,-,-,-,1047,-,003,0,2020,1577865600000,-,0,0,7.058123823070678,-10.880740001936275,-15.815530659142158,3.5057383047771875,12.884727326058503,-2.5020178600685643,-9.927136839979717,4.250985825038179,JAKARTA PUSAT,1,1.0,1,0.0,2572.4866812680666,2452.1744295430663,2365.0843991588094,453.2415675434736,355.9435046506878,269.74695951665717,53.640897795128396,52.535267803011834,30,9.872183866279066,5,20.837665592554103,0.6113503039693333,-4.029860365197388,3.922051092555377,3.8972698805761263,1.0,1.1000003814697266,0.4060685729911161,0.0,-0.8746005296707153,-1.6012983084439711,-2.0934693813323975,0.43978988623078213,0.42866572405158854,38406.318638,38566.68273455572,22.11515235900879,3.8221614945160094,0.9274099469184875,17.575576782226562,-0.5576049498780516,-3.5446383357048035,4.030821796225496,4.086670680428409,23.82090812124936,17.516145725782096,10.96815099001549,10.58393228311,4.270049696882848,-2.2627250102803416,5.13664083002614,5.135630783892284,358.4891357421875,176.5721802808898,0.008499091491103172,345.7658472061157,163.59154136153492,-13.34876549616456,177.41198252473828,177.38049666144775,0,0.0,0,0.0,"{""type"":""MultiPoint"",""coordinates"":[]}"
000000000000000001e5,144,SENEN,KWITANG,3171041005,3.17104100501E12,Tidak Diketahui,Kwitang 06,-,-,-,1049,-,006,0,2020,1577865600000,-,0,0,-4.352182104213828,-9.96512419094355,-15.496223632814763,2.350057801420824,0.0955466458779539,-4.062315010042633,-9.417829825744777,1.901911241274602,JAKARTA PUSAT,1,1.0,1,0.0,2675.787546757929,2568.414165470202,2394.016170913241,400.2207801679624,328.63772432490936,167.61142039260722,58.74695916589673,65.3391280983282,11,8.157630863358259,5,1.6585750089523543,-1.2653433622889336,-4.616899391334023,1.6463059803481053,1.5339299776947408,1.0,1.0,0.5712529745821558,0.0,-0.7609453201293945,-1.2519188325251955,-1.918882966041565,0.3624324171857396,0.3446076736076955,41046.5549838,41201.30567860955,4.159983158111572,1.7551011082106585,0.0,0.19707441329956055,-2.185024063940521,-3.9564361572265625,1.0603131033314084,1.0413030163163206,26.604713676351313,15.836471103928716,11.749108098685666,13.283294172942826,2.514724191494142,-1.5694457607291703,4.74453239131752,4.741175010116143,358.3956604003906,81.15370104161998,0.008499076589941978,345.7658472061157,68.55565226606247,-12.765024337917566,160.70996630201037,160.75449263160218,0,0.0,0,0.0,"{""type"":""MultiPoint"",""coordinates"":[]}"
00000000000000000235,35,SENEN,BUNGUR,3171041006,3.171041006E12,Tidak Diketahui,Bungur 01,-,-,-,1192,Curah Hujan tinggi,001,0,2020,1577865600000,-,0,0,-0.751873764398936,-10.351832519013284,-15.258485258239947,2.5219954370261912,14.883764635834929,-3.6073258908786907,-8.306150246287697,2.9365027741951653,JAKARTA PUSAT,1,0.9988423413645902,0,0.08574694002066809,1772.2965711743798,1630.5363148416648,1487.155996831178,-144.84465415831983,-272.3296040281742,-350.2513594233585,46.173866387758906,71.59738239265687,10,6.855654438897332,3,2.7127103472979446,-0.351658542615766,-4.114572144646226,1.516828413147485,1.5632964362523996,1.0,1.5999999046325684,0.6786592542137567,0.0,-0.0976872444152832,-0.9983101749711699,-1.731937050819397,0.5665177751347339,0.5735294721730317,96399.2689397,96850.77482401468,4.637045383453369,2.1705744716811655,0.0,1.1536369323730469,-1.4574480456391123,-3.8326516151428223,1.0184234577741527,1.0190906411634826,21.197235002582577,14.2216387526054,11.723140468362384,7.838210760872075,0.8758107239638232,-1.641545927796935,2.2252400691746934,2.224099933147053,1.6913508176803589,0.31395907733568795,0.00849931687116623,-3.2518430948257446,-7.31165443085361,-9.463609341531992,1.7120912839652,0.5945273257170816,1,0.0011576586354098838,0,0.08574694002066834,"{""type"":""MultiPoint"",""coordinates"":[]}"
00000000000000000236,320,SENEN,BUNGUR,3171041006,3.171041006E12,Tidak Diketahui,Bungur 02,-,-,-,1193,Tidak berfungsi saluran air dengan baik,002,0,2020,1577865600000,-,0,0,-1.8924275700027713,-11.022228809015084,-17.24989163497906,2.55937593772218,6.901776579330021,-2.7744619822448215,-10.577525149328801,2.723020497347633,JAKARTA PUSAT,1,0.9696734059097981,0,0.22003937400865128,2006.8406600684468,1801.7067139707074,1620.0927730411177,-114.77278732083073,-234.68434951223415,-336.40429522808586,46.079183295688324,91.13085680551602,12,7.583562627108506,3,4.832867883996836,0.44087031706153296,-4.135266738273136,2.04048788817664,2.021567385440701,1.0,2.3000006675720215,1.173441850735477,0.0,0.732274055480957,-0.42942400136366465,-1.6467097997665405,0.7681364358101281,0.754837317863622,58268.0513846,58559.54366852523,5.6244611740112305,2.6098285155485152,0.9274099469184875,2.283980369567871,-0.7405490382520018,-2.548665702342987,1.1318927348612575,1.1329668865391835,19.473499222634864,13.593059078763865,11.365626015708182,6.075418761977614,0.20465625782762495,-2.034628187929439,2.36609958901055,2.36272401926055,4.665979862213135,0.38087345171504333,0.00849932711571455,3.4076229333877563,-3.5336671321492847,-6.2937352657318115,1.9184926594067864,1.0546941246770691,1,0.025062806555808115,0,0.19786448397617667,"{""type"":""MultiPoint"",""coordinates"":[]}"
00000000000000000238,25,SENEN,BUNGUR,3171041006,3.17104100601E12,Tidak Diketahui,Bungur 08,-,-,-,1199,Saluran kurang lancar,008,0,2020,1577865600000,-,0,0,1.58683062439182,-10.69919049688229,-16.87619119447365,2.9986495496232957,6.9166645031193985,-2.457837684324961,-10.577525149328801,3.0704659152929934,JAKARTA PUSAT,1,0.9916565738124076,0,0.16507964236126804,2163.661985914175,1991.353689797814,1827.2830589855034,-56.5592036914104,-162.03194849883363,-254.08337030471375,40.655819116261135,83.44012667628608,13,9.044722558650697,5,5.810526315790608,1.749944171102975,-2.418617973504028,1.8625855145050156,1.8174146183075492,1.0,2.3000006675720215,1.2632935906046896,0.0,0.7365705966949463,-0.29460391466012165,-1.5437308549880981,0.6190876994177825,0.6360965932416168,77836.1098249,78112.62602607966,5.5796637535095215,2.5263131342366067,0.9274099469184875,2.200263500213623,-0.7202984284906504,-2.4161378741264343,1.1717736322017251,1.159934348994919,19.466183669372743,13.064057416979162,11.373672530058524,6.0805262065977175,-0.3339297189147691,-2.034628187929439,2.13130564169846,2.1319053373478516,4.640481948852539,0.5235906343297851,0.008499305695295334,3.339063048362732,-3.0585370574292563,-7.378113586455584,2.5752815248413206,1.5555998647225808,1,0.00318485623289822,0,0.09622084243913084,"{""type"":""MultiPoint"",""coordinates"":[]}"
00000000000000000231,38,CEMPAKA PUTIH,CEMPAKA PUTIH BARAT,3171051002,3.171051002E12,Tidak Diketahui,Cempaka Putih Barat 01,-,-,-,1187,Saluran air tidak jalan,001,0,2019,1546329600000,-,0,0,-3.8296462576217407,-11.633040200359734,-15.41347096629407,2.319772012785906,2.599384105575038,-4.321539542186419,-10.027425577935968,2.285686751528422,JAKARTA PUSAT,1,0.9640083573146214,0,0.1930216991936238,3173.093693426007,2931.758949567985,2696.6111102062355,621.5258601820165,445.37472223350926,254.61857464595914,82.43039649709195,125.54958939072493,14,9.845665628572558,6,6.639026136771717,2.4582785912978222,-1.1418546365902849,1.6608650677038865,1.619468717062896,0.5740191253457665,4.700000286102295,3.4218712242136395,1.8000001907348633,3.42559278011322,2.138055980146793,0.4949733018875122,1.131198834612632,1.1308576752100783,88477.7595077,88867.04714464197,5.931114673614502,2.5554667039010965,0.0,3.4345076084136963,0.049524171626736536,-2.5215516090393066,1.346279383577409,1.3444738484656549,17.05409461295299,12.954043661542485,11.312165750076856,3.4521047143162544,-0.643618074898812,-2.291614656077977,1.177261517186587,1.1825848727338826,0.11898878961801529,0.022394107177115777,0.00849922001361847,-0.21231912821531296,-0.42723146625930486,-1.3600737228989601,0.24346086806191466,0.02711417274680693,1,0.03599164268537864,0,0.19302169919362375,"{""type"":""MultiPoint"",""coordinates"":[]}"
00000000000000000201,217,CEMPAKA PUTIH,RAWASARI,3171051003,3.171051003E12,Tidak Diketahui,Rawasari 04,-,-,-,1106,Antrian air menuju kali sentiong,004,0,2020,1577865600000,-,0,0,12.738755653005558,-10.31793081916966,-15.772889091762151,3.6209731851186984,9.157771553533252,-4.895618543091623,-10.073386745643582,2.50160084077967,JAKARTA PUSAT,1,0.8818386210342242,0,0.31325600594324693,3693.215064037931,3387.47923717976,3118.3810797648875,765.7152566974751,505.77372961330826,286.2681503986896,113.1128839137369,134.73805464760872,17,9.727504371721206,6,6.535409953456117,-0.46912030680295713,-4.499462943070894,2.1416779075602337,2.2156523834819097,1.0,3.90000057220459,1.1768106755194625,0.0,2.1853424310684204,-0.46249080133116477,-1.570168375968933,0.9105105622966685,0.9267226357790654,209441.198344,210284.86819020877,13.598706245422363,2.6540415188575106,0.0,11.050573348999023,0.11289840051798065,-2.5451860427856445,1.6186155692971924,1.6183132394491304,18.788667255083098,13.532249165120549,11.136030796303329,5.109690012540442,-0.10562528122615113,-2.5340563683026254,1.5884828131348634,1.5737154899030603,0.41644978523254395,0.06875402939042344,0.00849895179271698,-3.038395404815674,-5.619601143412733,-9.174289125949144,1.6416229592612195,0.09449444922987524,1,0.10117411941044216,0,0.2940257209284148,"{""type"":""MultiPoint"",""coordinates"":[]}"
000000000000000002b9,97,CEMPAKA PUTIH,RAWASARI,3171051003,3.171051003E12,Tidak Diketahui,Rawasari 03,-,-,-,1432,Antrian air menuju kali sentiong,003,0,2020,1577865600000,-,0,0,-0.4081275670501056,-9.83975965146109,-15.178377508921766,2.7940977263078444,9.817224215040422,-3.6117215038314217,-10.543691212458448,2.9058376275944804,JAKARTA PUSAT,1,0.9183289817232375,0,0.2874797872880344,3694.3799324043957,3638.113252135268,3485.83891056898,804.0169958570209,723.1969912680665,567.42896723785,47.62913500599616,47.954260696993614,19,11.309869451697129,7,8.371070533477504,0.9485179914860877,-3.197135696382608,2.6022286189301123,2.705832887529812,1.0,3.90000057220459,2.7090725722947884,1.6999998092651367,2.1853424310684204,1.0313178916263825,-0.005327820777893066,0.5288597350917755,0.555062485488737,100196.399538,100605.39920250735,8.276663780212402,3.1144104959800822,0.0,5.722678184509277,0.5698377143849075,-2.5451860427856445,1.5278108011119513,1.5280429431956641,19.213551551797714,13.336525218908292,10.975496614245113,5.511618407209914,-0.3597114893630914,-2.7184318969724224,1.5920689379447248,1.59393164630477,0.22097310423851013,0.058360405964104134,0.00849895179271698,-7.338830581866205,-9.064060432510605,-11.137613013386726,0.8644092347846946,0.06437187178145716,1,0.08167101827676239,0,0.28747978728803447,"{""type"":""MultiPoint"",""coordinates"":[]}"
000000000000000002ac,700,MENTENG,MENTENG,3171061001,3.171061001E12,Tidak Diketahui,Menteng 02,-,-,-,1380,"1. Curah hujan tinggi;
2. Saluran tidak normal;
3. Sumbatan sampah;
4. Pintu Alhuda jebol",002,0,2020,1577865600000,-,0,0,-3.2261068381898026,-10.107534367250274,-15.061312241992477,2.1671101225146665,1.6186898575257112,-4.461935878940442,-8.853177816360503,2.3710174639172457,JAKARTA PUSAT,1,0.9102986385595081,0,0.2959780897768947,1784.3942991319204,1577.7867694803024,1419.0506394952858,-270.0585144424358,-343.47889999862775,-414.0471128750544,32.24261934216737,87.39883671077902,17,10.7364953886693,5,4.836663086288295,-1.5773599200742012,-7.392051557463894,2.9192131518661433,2.875643409170807,1.0,2.6999998092651367,1.0483271684745732,0.0,0.2812528610229492,-1.3837619513652806,-2.4824132919311523,0.8322963369159747,0.8376050028417753,95233.9516234,95715.99203877321,9.067163467407227,3.410429723055815,0.0,5.821994066238403,0.009032429887581413,-3.518219470977783,1.7924384002966138,1.7441661706621479,16.902976230463953,13.288260223981755,10.882852594621907,3.3998658984826413,-0.2170077856411554,-2.644339091333922,1.4316757832583409,1.4319660291754424,0.356950044631958,0.07640535373127823,0.008498772978782654,-13.376023653894663,-13.771350421558436,-14.419764848425984,0.20875071551028548,0.10902111515095331,1,0.08966476357780706,0,0.28553920104043273,"{""type"":""MultiPoint"",""coordinates"":[]}"
000000000000000002a8,2,MENTENG,PEGANGSAAN,3171061002,3.171061002E12,Tidak Diketahui,Pegangsaan 02,-,-,-,1375,Akibat tinggi permukaan kali ciliwung sejajar dengan air pembuangan dari saluran air (got) serta curah hujan tinggi,002,0,2020,1577865600000,-,0,0,0.49625931559641734,-11.37071784406035,-19.450913344330445,2.683779427888025,9.528177033541349,-5.551832806559957,-13.471880800295711,2.932691965242867,JAKARTA PUSAT,1,0.7376179090359712,0,0.4321847677433666,2408.35172520937,2006.3712179263675,1643.822002134209,-107.06783560265603,-242.70533992101238,-352.64340090876635,52.89112846121962,189.44022420685582,21,13.435836464436806,6,8.435302542070747,1.2721024088461264,-6.223773720013176,2.9623862350483803,3.0446058020367643,1.0,5.199999809265137,2.27758720842675,0.0,2.9551591873168945,0.05828564050159453,-2.4201862812042236,1.1361459141692964,1.1327886433404812,265422.558626,266591.5394939568,13.33207893371582,3.8935845336359316,0.0,10.119489192962646,0.9069621056821793,-2.937558889389038,2.1843804755042115,2.2144923725384347,23.81622678581705,12.997002086784386,10.487454809983728,10.269870147376013,-0.5707380730629306,-3.046539658877105,3.1570457204658084,3.158298005127136,356.9508361816406,21.783214890186855,0.00849878415465355,342.8958511352539,7.466189902158896,-14.735868783667684,104.32430029009447,104.27549471957592,1,0.17039333666149936,0,0.3666060555964672,"{""type"":""MultiPoint"",""coordinates"":[]}"
000000000000000002a9,46,MENTENG,PEGANGSAAN,3171061002,3.171061002E12,Tidak Diketahui,Pegangsaan 03,-,-,-,1376,"1. Ketinggian air kali ciliwung mengalami peningkatan;
2. Drainase kurang baik;
3. Permukaan badan jalan lebih tinggi dari rumah",003,0,2020,1577865600000,-,0,0,-2.813784755539567,-9.381995265979796,-15.55479217088794,3.0194083180093494,7.108512803028221,-2.49974983898525,-10.661109731248391,3.4769203334643044,JAKARTA PUSAT,1,1.0,1,0.0,2497.8075173669595,2331.9670602552983,2074.316238620181,-73.97516460591942,-159.2717056382562,-257.7324302430234,39.39611934362327,97.43688533830009,15,10.807984256395844,5,2.654923021841501,-1.4780136573801492,-7.198209810238726,2.149842381175446,2.1992067982793904,1.0,3.8000001907348633,1.5401291110189173,0.0,1.6471178531646729,-0.5314900227869233,-2.037114143371582,1.2259288635723697,1.2796494733818222,62050.2446186,62266.73265543677,6.53069543838501,2.264285424045878,0.0,3.82116436958313,-0.5023496067922776,-2.7690012454986572,1.1760429368510552,1.168838610925518,23.815917041799054,14.948579663230833,11.536493156506276,10.209350588792818,1.327844211647999,-2.0687509066706475,3.7711389560750392,3.7733854653808603,356.704345703125,60.1779423058483,0.008498815819621086,342.41632080078125,45.57379848262627,-14.782526690512896,137.00227350567263,136.93848563518677,0,0.0,0,0.0,"{""type"":""MultiPoint"",""coordinates"":[]}"
000000000000000002aa,52,MENTENG,PEGANGSAAN,3171061002,3.17106100201E12,Tidak Diketahui,Pegangsaan 06,-,-,-,1377,"1. Banyak rumah / bangunan berdiri di atas saluran air;
2. Saluran air merembes ke rumah warga",006,0,2020,1577865600000,-,0,0,-4.92970821237253,-11.218119294455942,-15.966217105860107,2.1036530110195426,5.350494044702374,-2.102966202984413,-8.094161198452312,2.6312564577591586,JAKARTA PUSAT,1,0.987785016286645,0,0.09534224628819535,2234.1069614170033,2081.2202541288693,1857.6425549492312,-179.48124700198196,-238.72800611683547,-309.3422026435694,32.33728926538766,92.52964718535836,17,13.315146579804559,9,4.292445399213721,0.18449259697178444,-4.177658431792196,1.6431651196291794,1.557310737328377,1.0,4.199999809265137,2.8652996950209833,0.0,1.9081058502197266,0.5186010975676902,-2.3863658905029297,1.442308206256709,1.4348963372690975,72867.7153008,73127.67272174696,6.549026012420654,2.0076135722932786,0.0,3.541712760925293,-1.0880775540484662,-3.2284305095672607,1.2008868975813893,1.1728334298679808,23.463556346320722,13.83808799960307,11.212220705868445,9.85559674974968,0.23984541279734822,-2.3919917398242188,3.0199400761774764,3.023184946515705,355.6929931640625,12.828917689980843,0.008498740382492542,340.98388385772705,-1.8370705455256815,-14.843342199921608,80.14633295996377,80.16605506695461,1,0.012214983713355046,0,0.09534224628819508,"{""type"":""MultiPoint"",""coordinates"":[]}"
000000000000000002ab,3,MENTENG,PEGANGSAAN,3171061002,3.17106100201E12,Tidak Diketahui,Pegangsaan 07,-,-,-,1378,Curah hujan tinggi dan sungai meluap,007,0,2019,1546329600000,-,0,0,-2.7118332262604468,-12.211061884300989,-15.896375222688324,2.2439600383943823,13.975651999215206,-1.959974367480625,-10.209962632832724,3.364924659469737,JAKARTA PUSAT,1,0.9850445017265695,0,0.14139190265868368,2974.311993662356,2630.854451246122,2411.9223005209274,107.68860791374527,-78.57618217029327,-193.25332051125315,75.6646246302011,172.06147658882972,14,11.087544380137157,6,1.3910490512007048,-1.8680991388808639,-7.24854994629283,2.0797117232992353,1.9832899919082243,1.0,3.09999942779541,1.631571720873392,0.0,1.0944640636444092,-0.38529541128532074,-2.150984525680542,1.214508420982806,1.2245955345689619,143385.789461,143951.51430403246,6.204781532287598,1.8753582253761558,0.0,3.592815399169922,-0.7978891547995608,-2.7842915058135986,1.1115501727028276,1.0918726703739259,26.598671020712406,16.122371267170703,11.406433846643852,12.940393756748637,2.410545039407739,-2.3046577412146743,4.811746166810391,4.819000357392435,356.1689453125,108.01719520001718,0.008498772978782654,341.3895654678345,93.11073444564647,-15.06430801562965,163.2549405284275,163.26133581091727,1,0.005252662808229174,0,0.10049854899791943,"{""type"":""MultiPoint"",""coordinates"":[]}"
000000000000000002b7,12,MENTENG,PEGANGSAAN,3171061002,3.17106100201E12,Tidak Diketahui,Pegangsaan 08,-,-,-,1429,Akibat tinggi permukaan kali ciliwung sejajar dengan air pembuangan dari saluran air (got) serta curah hujan tinggi,008,0,2020,1577865600000,-,0,0,-5.8000898318572895,-12.115142532422613,-16.585661043093808,1.9568743497411134,8.078336179877187,-1.8465018982535863,-9.707187528390175,3.721382732483148,JAKARTA PUSAT,1,1.0,1,0.0,2991.621423949063,2722.3767098613084,2440.2988331759434,129.80641295257374,-28.760858029592193,-170.14073402684107,76.56096153514504,155.88657183691603,14,10.186627153176511,5,1.502040816327714,-2.3930073324489065,-7.444611528820882,1.8543461363387153,1.8907504850644004,1.0,3.09999942779541,1.2006703997656336,0.0,1.0944640636444092,-0.7245937473841523,-2.018059492111206,0.8866317866473682,0.9039349317228523,94215.5890832,94587.03572851738,6.22649621963501,2.4531127709573144,0.0,3.5783817768096924,-0.21051024640129767,-2.664458990097046,1.2230603243723368,1.217512390166,23.815130488851864,14.708169872756333,11.723048914697667,10.096723455029538,0.9913584590437564,-2.0029372371403475,4.229416860368742,4.2353222853228045,356.42388916015625,71.57808767690612,0.00849878415465355,341.6395483016968,56.773972723857824,-15.001198158599436,149.10497679177564,149.06102586457703,0,0.0,0,0.0,"{""type"":""MultiPoint"",""coordinates"":[]}"
000000000000000002ba,10,MENTENG,PEGANGSAAN,3171061002,3.171061002E12,Tidak Diketahui,Pegangsaan 05,-,-,-,1434,"1. Curah hujan tinggi;
2. Saluan air (got) lingkungan kurang memadai",005,0,2020,1577865600000,-,0,0,1.5618007135416747,-11.139552104510612,-15.8663308013992,2.8270327489869116,3.903977850090225,-3.0525969661278567,-8.43239680434726,2.862967204347231,JAKARTA PUSAT,1,0.957046503372382,0,0.24816680858541135,2348.6536640603117,2130.502292474393,1857.6425549492312,-136.5484102288301,-223.07492676137474,-310.4950052865231,36.646631592916464,113.33024534156877,20,14.037628682996095,10,7.389187253850233,1.311284791929473,-2.7882563551722175,2.0627022491975135,2.021380704892527,1.0,5.199999809265137,3.746390761658788,1.5,2.9551591873168945,1.4926477408440157,-0.8247122764587402,0.8065961766552188,0.7965160935801089,57354.0614578,57584.33673494739,6.724203109741211,2.955946327532385,0.0,3.756596803665161,0.014707011684780655,-2.858736515045166,1.5412406094820814,1.5386429935902173,15.955435752675792,12.53866684058421,11.185588122132156,2.3509463091953116,-1.062086743688601,-2.411978394575364,0.9299493652713411,0.9308642617145605,0.04249391704797745,0.01428985414678746,0.008498772978782654,-14.418454706668854,-14.682485262501155,-14.865548495203257,0.1068712670417498,0.010580257599738761,1,0.04295349662761804,0,0.24816680858541132,"{""type"":""MultiPoint"",""coordinates"":[]}"
000000000000000002ad,60,MENTENG,CIKINI,3171061003,3.171061003E12,Tidak Diketahui,Cikini 01,-,-,-,1401,Luapan kali ciliwung,001,0,2010,1262332800000,-,0,0,6.190476966045189,-9.98631423815595,-15.913746687340774,3.2371373106635337,6.075599369986356,-3.468463458325529,-10.240373558917135,2.955056584472734,JAKARTA PUSAT,1,0.9954410866193542,0,0.13185543739602976,2449.0990739000135,2173.6736259836757,1956.9060257061412,236.89478909323725,99.88325654505401,-47.12560042389896,60.442114066204105,105.76797383466152,20,10.398270432861773,6,10.621124239170738,0.7149856391912736,-3.4552094522005277,2.3281605998394213,2.3070713293874685,1.0,3.5,1.5838232323231087,0.0,1.3984031677246094,-0.3948933761774352,-1.8843610286712646,0.6722471193071178,0.6929231691002454,74243.0299265,74537.13462181747,18.64970588684082,2.9282770876026794,0.0,14.153981685638428,-1.2897957862305918,-4.253523826599121,2.5267915979135265,2.578505951239118,23.813998706492807,13.233206062616818,10.133891297607601,10.502411428657075,-0.04921458358512899,-3.100090879676241,2.8215372022240266,2.8310366543331735,358.106689453125,11.617554412337379,0.00849903468042612,345.5207643508911,-1.4284283873979315,-13.239876855164766,91.95092315101711,91.8420623275574,1,0.002208958029797433,0,0.0936549136660032,"{""type"":""MultiPoint"",""coordinates"":[]}"
000000000000000002ae,103,MENTENG,CIKINI,3171061003,3.171061003E12,Tidak Diketahui,Cikini 03,-,-,-,1403,Adanya luapan sungai Ciliwung yang masuk melalui saluran penghubung,003,0,2020,1577865600000,-,0,0,-5.701752030951403,-9.887669286447261,-15.602480393603397,2.2780255649499646,7.336303017144171,-3.849754782825567,-10.076162290776061,2.6950971547004987,JAKARTA PUSAT,1,0.9626171814968496,0,0.17205233083335322,2365.0843991588094,2150.7055994669813,1912.425078044332,33.576037261068905,-97.80597096837496,-237.32691061151468,61.26169252371473,118.2478610615776,13,9.114530505609347,6,2.465878983173475,-1.3651518530445854,-4.560687432866661,1.5753334661771936,1.5850681373183053,1.0,1.5999994277954102,0.3584139162042787,0.0,-0.3712143898010254,-1.5354040348898055,-1.951578974723816,0.3732348995523907,0.3917450618511894,90800.2146285,91183.05701760817,6.670033931732178,2.5019256923240665,0.0,3.4896247386932373,-0.6368110216197943,-3.35664701461792,1.5559245421697019,1.5377361577995152,26.602980737054487,16.623294676269634,11.21506552653779,13.111150065828168,3.1218597898584846,-2.3211744580855207,4.506145392459485,4.509217052510117,357.80072021484375,119.03209268577285,0.008498926647007465,344.25104427337646,104.79086402021913,-14.472067044116557,162.21448714618356,162.25480930699828,1,0.00979714153988013,0,0.0870362919923006,"{""type"":""MultiPoint"",""coordinates"":[]}"
000000000000000002b4,81,MENTENG,KEBON SIRIH,3171061005,3.17106100501E12,Tidak Diketahui,Kebon Sirih 09,Cepat surut,-,-,1419,Kondisi wilayah seperti mangkok/piring cekungan,009,0,2020,1577865600000,-,0,0,9.194667119765926,-7.813980688916697,-17.32063140434625,5.106252356741279,14.43759992087018,-2.363978432839,-10.965032143900903,4.864290073863046,JAKARTA PUSAT,1,0.9547246083880748,0,0.24128076806256418,2464.860331787253,2233.0735426661086,1965.6814330677876,529.2469646955719,309.95826854958847,136.06878717128234,84.67645251735858,102.28758942007396,30,10.456594239514908,4,20.83716433942125,1.2850335564856477,-5.037307554599595,3.753471489156721,3.7770191897277856,1.0,5.400000095367432,3.2023042489608096,1.0,3.160966634750366,0.9547792704153164,-1.2221124172210693,1.4363086466232031,1.4816587958362757,103659.044332,103981.43365567575,17.965681076049805,4.48270401311519,0.0,13.450251579284668,-0.1939758005358263,-4.701173305511475,3.2486005591771394,3.2167336342897372,17.341759043238635,12.59180225171547,10.325368925100141,4.13552002533614,-0.6247560835670013,-2.905973000201712,1.2876340639535522,1.2803651400957459,0.09348959475755692,0.026502709252847974,0.008499052375555038,-12.964107267558575,-13.62438628461293,-14.266116172075272,0.3266627470570259,0.025162893416639857,1,0.03547246083880748,0,0.21434855541958692,"{""type"":""MultiPoint"",""coordinates"":[]}"
000000000000000002b8,273,MENTENG,KEBON SIRIH,3171061005,3.17106100501E12,Tidak Diketahui,Kebon Sirih 08,1 Hari surut,-,-,1431,Air kiriman dan hujan deras,008,0,2020,1577865600000,-,0,0,-7.528404332720198,-10.6345738609977,-14.52170959142152,1.786509651675907,1.8305578354954992,-3.7412903475185417,-8.640409219000556,2.285086602892424,JAKARTA PUSAT,1,1.0,1,0.0,2547.273854450575,2434.548679342386,2264.7125924720826,320.4108173295185,231.10872361947807,82.84003357480788,63.72911089465381,80.27247205309,13,7.949710777948294,5,3.200859291086374,-1.634999103741327,-4.616899391334023,1.9028313891537234,1.9294951572348302,1.0,1.6000003814697266,0.34889658118572103,0.0,-0.29255247116088867,-1.5187757805547444,-1.899190902709961,0.4360402168420823,0.44879020917691226,29558.3599022,29664.815121126343,4.719659328460693,2.5333571571440276,0.0,0.7710301876068115,-1.467848067264773,-3.9202635288238525,1.1598548682350103,1.1520083435864796,26.604713676351313,18.35407262869658,11.672172442234569,13.283294172942826,5.038974492520495,-1.6481116271644805,5.217180562935411,5.220487839412744,358.38714599609375,190.72833058189417,0.008499037474393845,345.7212429046631,177.8973182962561,-13.093227587640285,178.82205752475744,178.76966431621997,0,0.0,0,0.0,"{""type"":""MultiPoint"",""coordinates"":[]}"
000000000000000001fa,77,JOHAR BARU,JOHAR BARU,3171081001,3.171081001E12,Tidak Diketahui,Johar Baru 01,-,-,-,1092,Tidak efektifnya saluran Gendong pada pembangunan Sheedfile,001,0,2020,1577865600000,-,0,0,-3.367869216640525,-12.251415698237935,-14.937964290908216,1.7839188771325991,3.5524559812194294,-4.123800282830403,-7.814243316360033,2.2777710849402717,JAKARTA PUSAT,1,1.0,1,0.0,3482.1338548783433,3330.1445888482476,3139.010065987322,759.6782687131108,632.4325319858073,473.8408902985816,78.7390120087109,97.0093957233287,11,7.19214274774085,3,1.3861081274628866,-2.1410505071494943,-6.3558897243093,1.7389853242184945,1.700509727503296,1.0,1.299999713897705,0.29959406800137894,0.0,-0.09412860870361328,-1.1758048129330045,-1.5940279960632324,0.5437368600910113,0.5105186365046971,45560.9926821,45769.77528383506,5.4005045890808105,2.61502092007675,0.0,2.5226452350616455,-0.2943488350869833,-2.9092519283294678,1.1559303951802489,1.1504939420093379,21.278459756711673,16.24305621199195,11.406481537645332,7.714395504634723,2.673270293090756,-2.1704631565542236,2.8072217761708793,2.796048692154802,3.2806107997894287,1.5819082003010347,0.008499076589941978,-5.570027589797974,-8.414003960118112,-10.707534858956933,1.247928260747545,1.1554737945499003,0,0.0,0,0.0,"{""type"":""MultiPoint"",""coordinates"":[]}"
000000000000000001fb,207,JOHAR BARU,JOHAR BARU,3171081001,3.171081001E12,Tidak Diketahui,Johar Baru 02,-,-,-,1093,Intensitas hujan cukup tinggi,002,0,2020,1577865600000,-,0,0,-5.930425284036023,-11.318695348235071,-13.728807181599162,1.6103277273194778,1.359750945801074,-4.985304910461344,-8.091120798297775,1.7467357042485332,JAKARTA PUSAT,1,1.0,1,0.0,3240.1855460822353,3168.0249156283294,3033.0447474416887,559.2864153245705,500.0255645803623,387.28052062625875,40.11512156824929,52.97446869984959,11,7.44409090909091,5,2.3498746867183637,-1.3010437050402193,-3.858360186178105,1.2464825785193099,1.1867602959317443,1.0,1.9000000953674316,1.2254319612546398,0.0,0.5518869161605835,-0.13850790185007178,-1.3954529762268066,0.4501911757409898,0.44197740747359904,30738.1227537,30838.6731394546,4.145479202270508,1.8445756752043965,0.0,1.4039950370788574,-0.9366456917537883,-2.7540059089660645,1.1080969089074961,1.105351649577352,19.21357414202485,14.807352649048596,11.672184041591757,5.613545185526393,1.2138862375771073,-1.9276873284564395,2.3961784887678705,2.395253228835597,3.2806107997894287,0.3358665299623021,0.008499141782522202,-5.0258877240121365,-6.779525101435033,-8.232832912355661,0.888820879268508,0.8664333832474955,0,0.0,0,0.0,"{""type"":""MultiPoint"",""coordinates"":[]}"
000000000000000001fc,150,JOHAR BARU,JOHAR BARU,3171081001,3.171081001E12,Tidak Diketahui,Johar Baru 03,-,-,-,1094,-,003,0,2020,1577865600000,-,0,0,9.082077681170048,-9.505307827290896,-13.870299097369129,3.170363076250631,7.886060453618775,-4.100310690984455,-7.390727095273844,2.4109104934157117,JAKARTA PUSAT,1,0.9914466843323385,0,0.08362212737350672,3693.215064037931,3483.3682701784646,3318.9059817922894,901.5697725256059,737.7572516330557,591.6528977364451,62.79401651021143,80.73843121003533,13,9.143494448730417,6,4.023988542786995,0.3566195582506882,-3.0943071965614575,1.3421021216570994,1.3261892852206585,0.7231272893378219,2.700000286102295,1.3090935709235512,0.0,1.3323239088058472,-0.08975710136057989,-1.4376370906829834,0.5858208905235001,0.5736096421084856,104116.141509,104546.66955167182,7.034433364868164,2.139241197488446,0.0,4.430896043777466,-0.42801048404931397,-2.610642194747925,1.220480378882716,1.2282026361390994,17.58388122012736,13.44936981143498,11.191547801573337,3.967174852336827,-0.11068818772351571,-2.402505359685252,1.384456246460263,1.3865711382041053,0.9943874478340149,0.05733763119339845,0.008499091491103172,-0.18054814636707306,-3.045543920489161,-8.097392136231065,2.0580288909122357,0.16608456262690308,0,0.0,0,0.0,"{""type"":""MultiPoint"",""coordinates"":[]}"
000000000000000001fd,174,JOHAR BARU,JOHAR BARU,3171081001,3.171081001E12,Tidak Diketahui,Johar Baru 04,-,-,-,1095,-,004,0,2020,1577865600000,-,0,0,-4.293554353012953,-10.17172013378713,-12.745538651366253,1.850910267355533,0.03377178136873226,-4.224495085741004,-6.6389784064716295,1.5872126224598402,JAKARTA PUSAT,1,1.0,1,0.0,3693.215064037931,3563.5318746569424,3463.5491259047867,901.5697725256059,782.6488267277829,690.808413041223,65.57351972427904,70.27333883508041,14,10.571050308914385,6,4.986036519872471,1.5862694689075658,-3.0943071965614575,1.988109453953224,1.9626706612591616,0.7270005645495057,2.0,1.4458253515366422,0.0,0.5721875429153442,0.017450985315092225,-1.4384820461273193,0.5396172342389852,0.5376242291090038,19835.2673886,19877.08339173817,4.159976482391357,2.4852876319889465,0.9274099469184875,1.5730726718902588,-0.09185000521254984,-1.6624605059623718,0.9051672079594052,0.9049726531029106,17.225813186799453,13.514286751298561,11.672176208866864,3.5921230254127074,-0.05075317443048111,-1.8815610161166134,1.6559112690560363,1.6704415306055767,0.9858883619308472,0.08385546831389445,0.008499101735651493,-0.953479677438736,-3.7977233308976537,-7.139455407857895,1.867955357560922,0.22788110664136657,0,0.0,0,0.0,"{""type"":""MultiPoint"",""coordinates"":[]}"
000000000000000001fe,600,JOHAR BARU,JOHAR BARU,3171081001,3.17108100101E12,Tidak Diketahui,Johar Baru 06,-,-,-,1097,-,006,0,2020,1577865600000,-,0,0,-3.45398835747621,-11.246436102493359,-15.869142076556528,1.9364839544752648,0.819632335472319,-4.766879973690476,-9.587923915074633,1.8967110720210165,JAKARTA PUSAT,1,0.9908505977913664,0,0.11951030798891775,3777.3065187347443,3650.7557892047903,3442.3651404797974,970.0948452627167,836.9319089523833,602.040441582195,67.42378665738458,71.68596090350763,15,7.533015423929911,3,5.554027926961584,-1.8104589234843735,-6.5664876476893355,2.3471076566679154,2.317662744342527,1.0,1.8000001907348633,0.6271699861180255,0.0,0.357114315032959,-0.8371794705268216,-1.5041460990905762,0.49835447661207066,0.501767585503989,152875.750726,153489.829609005,9.067116737365723,2.7367465777073283,0.0,6.434315919876099,0.1331856503594452,-2.6783292293548584,1.5760628334861984,1.585719440771119,18.89990335561562,14.026807153215708,10.882888518128887,5.205242275310551,0.385558593621727,-2.739545279240362,2.1468423523366327,2.1528967605178377,1.1303731203079224,0.26248420896262775,0.008499037474393845,-5.1182900704443455,-7.8443777138277095,-9.068226967006922,0.834494737759181,0.391398555290013,1,0.007506616774664602,0,0.09781863155225404,"{""type"":""MultiPoint"",""coordinates"":[]}"
000000000000000001ff,515,JOHAR BARU,JOHAR BARU,3171081001,3.17108100101E12,Tidak Diketahui,Johar Baru 08,-,-,-,1099,Bankir / air tidak lancar,008,0,2020,1577865600000,-,0,0,4.097908931640655,-9.437907000092935,-14.172123617685543,2.9256902768714945,11.03897331664056,-3.1231079485578235,-8.772120578297162,3.190614227591305,JAKARTA PUSAT,1,0.9851732184527016,0,0.12125430454680514,3583.2274512909826,3405.807775127133,3192.0215612176544,825.210238631762,643.6113131785246,416.37683319588496,111.2920228771812,109.35914433216776,11,6.773541554478549,0,1.4052989616912939,-2.96295134327725,-9.806373075544684,2.208366652291423,2.188998190133789,1.0,1.6000003814697266,0.5633172204006169,0.0,0.10608696937561035,-0.972078966692135,-1.6234228610992432,0.428759926735353,0.41775856723139065,97198.3944709,97612.02505941881,8.776071548461914,2.957834241217331,0.0,6.068328619003296,0.1515449032559256,-2.8920836448669434,1.8033197970936032,1.7872379217257246,21.19189009828642,13.462686407170816,10.916045662416064,7.669611567337974,-0.11930094835843019,-2.6799262045125154,2.297397668944037,2.2883484000845065,1.682785153388977,0.20347317423747704,0.00849906262010336,-7.788208842277527,-10.023672603964545,-11.553345073014498,0.8387252602825377,0.5408738539082215,1,0.014826781547298511,0,0.12125430454680537,"{""type"":""MultiPoint"",""coordinates"":[]}"
00000000000000000273,257,JOHAR BARU,KAMPUNG RAWA,3171081002,3.171081002E12,Tidak Diketahui,Kampung Rawa 01,-,-,-,1292,Tingginya curah hujan dan antrian air yang menuju Kali Sentiong,001,0,2020,1577865600000,-,0,0,-4.471315212133238,-11.32558367937828,-14.779436955207476,2.4031830454066574,2.671988821602037,-2.8289146725383345,-6.832841208278346,2.0000987065310394,JAKARTA PUSAT,1,1.0,1,0.0,2987.3034691983003,2882.747941782566,2779.8933419494465,381.3952342467319,298.8182962101156,217.4020065220302,40.82103180227951,55.24603462834512,12,9.800793301013663,5,3.722377372002912,1.5473686630071533,-3.4355889724295494,1.88265130606125,1.8585159758939547,1.0,2.9000000953674316,2.3329367936051537,1.0999999046325684,1.553963541984558,0.978500674102596,-0.27234530448913574,0.6911277166304318,0.6836484402156884,23782.8452172,23896.07347348588,3.9402973651885986,2.3511549090435455,0.0,1.1988465785980225,-0.4084056468722368,-2.7414932250976562,0.9761844575670136,1.009615357123882,15.955480790195834,12.40878615567286,11.723119693085877,2.400096407212077,-1.149024281436908,-1.8278097596977432,0.8893652917143907,0.8871045339269289,0.016998406499624252,0.008782628308382393,0.008499184623360634,-3.4002584256231785,-5.352744375649154,-7.286966284736991,1.125552561034514,0.002494888626711502,0,0.0,0,0.0,"{""type"":""MultiPoint"",""coordinates"":[]}"
00000000000000000274,857,JOHAR BARU,KAMPUNG RAWA,3171081002,3.171081002E12,Tidak Diketahui,Kampung Rawa 02,-,-,-,1293,Tingginya curah hujan dan antrian air yang menuju Kali Sentiong,002,0,2020,1577865600000,-,0,0,-5.299584775871014,-12.148977879213646,-14.428758898157731,1.5603447357584697,0.8499554390199209,-4.357626580264545,-6.283308607590086,1.528502045617837,JAKARTA PUSAT,1,1.0,1,0.0,3071.1090804960018,2969.0054975321127,2911.441581050983,438.1101111693788,357.5496549137593,304.91727352799626,34.81921248506072,47.18779308435758,12,8.601766304347828,5,3.6794844253505943,0.16329914460216713,-3.4791979949859293,1.873816334698208,1.8091767757001593,1.0,2.799999713897705,1.8344837637051294,0.9000000953674316,1.4576151371002197,0.4796897407945085,-0.4697744846343994,0.7472049217608997,0.7403608327426916,25626.1084498,25731.797718810252,4.159943103790283,1.9974231770181141,0.0,1.396662950515747,-0.7866408002441345,-2.820913553237915,1.0853689019902462,1.0909539800073382,16.648626874976447,12.866513211769275,11.668691766868033,3.073389619928138,-0.7038134253891297,-1.896896774887125,1.2220814616719577,1.223269303758797,0.016998350620269775,0.011227925010683504,0.008499184623360634,-4.144707163795829,-6.2720357850009245,-7.597789704799652,0.9730423247976829,0.004155458894022399,0,0.0,0,0.0,"{""type"":""MultiPoint"",""coordinates"":[]}"
00000000000000000275,452,JOHAR BARU,KAMPUNG RAWA,3171081002,3.171081002E12,Tidak Diketahui,Kampung Rawa 03,-,-,-,1294,Tingginya curah hujan dan antrian air yang menuju Kali Sentiong,003,0,2020,1577865600000,-,0,0,-5.299584775871014,-10.557073719108823,-14.973897523787208,1.9746197214422319,0.5420841352274832,-4.508899265297894,-7.573123325259786,1.790573317591402,JAKARTA PUSAT,1,1.0,1,0.0,3155.4161536882916,3072.4927262270926,2997.3690208403514,497.44280474038715,429.0625792020842,365.5586168168079,37.510555382535046,49.81821004910874,10,7.6529022777369615,6,1.5853204439686124,-0.9212766670518047,-2.735911206586289,1.1699609936775373,1.1267131182879113,1.0,1.9000000953674316,1.4090375615777906,0.8000001907348633,0.556505560874939,0.056423553572604965,-0.568814754486084,0.4196619285663068,0.4137580122364418,23737.1302692,23851.86790424161,3.8394336700439453,1.7305621637832058,0.0,1.0520610809326172,-1.0337941667772579,-2.820913553237915,0.9583091111395335,0.9291992580414556,17.901390407015622,14.16755900144284,11.749126259445974,4.33041725648304,0.5882777133074172,-1.8459319198076667,1.622136416011698,1.622104689449893,0.2549747824668884,0.07427057560292415,0.00849915947765112,-4.386554181575775,-6.23498610207369,-7.684535086154938,0.9254684716863839,0.0922215696302617,0,0.0,0,0.0,"{""type"":""MultiPoint"",""coordinates"":[]}"
00000000000000000276,198,JOHAR BARU,KAMPUNG RAWA,3171081002,3.171081002E12,Tidak Diketahui,Kampung Rawa 04,-,-,-,1295,Tingginya curah hujan dan antrian air yang menuju Kali Sentiong,004,0,2020,1577865600000,-,0,0,-0.5441656086126693,-9.735808594653202,-13.3623658826622,2.6318886170443854,3.819153841824771,-3.903232106679801,-8.070223987461898,2.3953723663524715,JAKARTA PUSAT,1,1.0,1,0.0,3198.7543709788697,3065.5714110990625,2821.3751145383426,541.7240420802309,428.75124411526025,247.83178457127997,65.16516512011346,88.90367043731665,13,8.973579335793355,6,4.54249910490673,0.6415121673466215,-2.516720372357879,1.2435194572302295,1.1987238111884653,1.0,3.500000476837158,2.8235942795531757,1.9000000953674316,2.152753710746765,1.4779538812056676,0.5499677658081055,0.40221825632032865,0.40097078553066856,47367.0908424,47517.74913707047,3.940305709838867,1.5611589678099227,0.0,1.3014767169952393,-1.0777002816534562,-2.6924710273742676,0.8855716332699671,0.874488355073567,17.054094174642074,13.531220945932432,11.886947402687543,3.5119430300226906,-0.0110672028893737,-1.6605747728389737,1.237896337421187,1.2378750271971755,0.03399674966931343,0.017007783019152286,0.008499166928231716,-1.1343348687514663,-3.001627222755819,-4.7145251631736755,0.7502521770534443,0.009195683479980827,0,0.0,0,0.0,"{""type"":""MultiPoint"",""coordinates"":[]}"
00000000000000000278,271,JOHAR BARU,KAMPUNG RAWA,3171081002,3.17108100201E12,Tidak Diketahui,Kampung Rawa 06,-,-,-,1297,Tingginya curah hujan dan antrian air yang menuju Kali Sentiong,006,0,2020,1577865600000,-,0,0,-4.471315212133238,-11.043620108780194,-14.820927182574763,2.3844204427776,-0.577989567171272,-4.1677449013959915,-7.334214386069915,1.849321828629289,JAKARTA PUSAT,1,1.0,1,0.0,2865.260761726381,2778.907429870785,2704.577482392719,299.69066962814304,230.45137999259742,170.95542600835506,34.89454301435005,46.955227449085875,10,7.664911992103964,4,1.9795918367359846,-0.477174217708688,-4.348012889364815,1.664620486606952,1.5954700534193738,1.0,3.000000476837158,1.5826947239987024,0.0,1.649975299835205,0.21904393669256425,-1.39747953414917,0.8820975731375544,0.8704335206669742,21049.5345287,21154.340493953543,3.353815793991089,1.8650292326674922,0.0,0.6225671768188477,-0.9429279262346154,-2.8797547817230225,0.8817824497167601,0.8887559328872994,19.287873504953755,13.985981574844216,11.88695227089668,5.730394337755074,0.4332534895510981,-1.677116403749622,2.039862528546672,2.0394669156902627,3.875549077987671,0.38714792184485114,0.008499198593199253,-2.4875380359590054,-5.302236043922094,-6.9832605784758925,1.4006421360004684,1.3313269160403223,0,0.0,0,0.0,"{""type"":""MultiPoint"",""coordinates"":[]}"
00000000000000000279,456,JOHAR BARU,KAMPUNG RAWA,3171081002,3.17108100201E12,Tidak Diketahui,Kampung Rawa 08,-,-,-,1299,Tingginya curah hujan dan antrian air yang menuju Kali Sentiong,008,0,2020,1577865600000,-,0,0,-5.930425284036023,-12.800175187520784,-14.973897523787208,1.6502692243837862,0.30681154160790347,-4.691690960627204,-7.334214386069915,1.7094428110743782,JAKARTA PUSAT,1,1.0,1,0.0,3170.3804875485657,2937.9852763954004,2790.7070829135955,519.1634745027523,341.75898574133447,227.4071419835368,80.01634896478647,110.69498149805818,8,5.572750362844703,2,-0.5617615467224084,-3.0014083648874585,-6.451557465089795,1.2580098214227613,1.316461297742917,1.0,1.200000286102295,0.2879535864676377,0.0,-0.1716073751449585,-1.0914198814395202,-1.397128701210022,0.4942649806894398,0.48759772401082924,19318.1365721,19354.13087371994,3.839418649673462,1.863447620653708,0.0,0.9659860134124756,-1.0469482712912626,-2.921546220779419,0.9751611926004395,0.9680659352973687,22.053534079976146,17.27036250087051,11.749134785595139,8.485690070887628,3.703022044923447,-1.819863770726938,2.775201051509637,2.772127960583599,3.858550548553467,2.667459914154111,0.008499141782522202,-3.2567248344421387,-4.972123438274624,-8.13299847021699,1.6625052693270623,1.7042195022030537,0,0.0,0,0.0,"{""type"":""MultiPoint"",""coordinates"":[]}"
00000000000000000287,686,JOHAR BARU,GALUR,3171081003,3.171081003E12,Tidak Diketahui,Galur 01,-,-,-,1314,Hujan lebat dan lama,001,0,2020,1577865600000,-,0,0,-6.891716910494289,-12.43196451503372,-14.460916609940988,1.4590180458398874,-0.8695710729419825,-5.0421325710161495,-7.0401847005614915,1.6456126478950026,JAKARTA PUSAT,1,1.0,1,0.0,2779.8933419494465,2667.4096848403847,2533.7244293416434,247.2119309041259,163.65944349739885,66.57625191671013,43.9232572621623,60.255181157918635,9,6.29574656623837,5,0.9440744718953358,-1.7202521145562655,-3.0891514500523876,1.0095323963919285,1.047565601757847,1.0,2.000000476837158,0.830926018158419,0.0,0.6386040449142456,-0.5446625921279392,-1.3928894996643066,0.5186824223763749,0.5104128924892187,15850.1276125,15906.828352311244,4.145472526550293,1.8770626909869088,0.0,1.3330814838409424,-0.9897525979451076,-2.857732057571411,0.8988629805976992,0.8894393746300933,19.29006514346065,14.35089896948089,12.01469297631678,5.730394337755074,0.7859057695975279,-1.5542640135874013,2.391846042003526,2.389070410084133,3.9010467529296875,0.7997001247974853,0.00849922001361847,-2.7612857818603516,-5.659654434501308,-6.859335824847221,1.4175575909317175,1.6017410273845831,0,0.0,0,0.0,"{""type"":""MultiPoint"",""coordinates"":[]}"
00000000000000000288,85,JOHAR BARU,GALUR,3171081003,3.171081003E12,Tidak Diketahui,Galur 02,-,-,-,1315,air kali sentiong meluap saluran air macet/mampet,002,0,2020,1577865600000,-,0,0,-7.488605555820229,-11.702704492014576,-15.233373006501791,1.80187895537235,0.6180753293461209,-3.9896159063499796,-9.428152835792877,2.248799007943284,JAKARTA PUSAT,1,1.0,1,0.0,2821.3751145383426,2573.0302113914163,2365.0843991588094,276.15528833935014,110.13576911797685,-26.275100690605086,68.17953564907967,108.05180589176409,12,5.903160453808751,2,4.445470819908116,-1.8741765098076706,-5.768707482991962,2.454900465428836,2.4536935923007905,1.0,2.4000000953674316,0.9873501478563058,0.0,1.0439598560333252,-0.3991288282979442,-1.4243968725204468,0.6579304502126697,0.6473116781227969,43062.5182267,43252.614996332886,5.938636779785156,2.842509647658037,0.0,3.0975091457366943,0.0038805109465334863,-2.867274522781372,1.45166001314153,1.4482046088636125,19.29443420145698,13.876043400469886,11.435447154223441,5.746182899257686,0.3540673662681949,-2.0634513554133935,1.8974919944675759,1.9070301994757333,4.1050286293029785,0.30974066429016756,0.00849925260990858,-1.0298075675964355,-3.964513606069054,-6.299640975892544,1.3805497519652936,1.1840381957598254,0,0.0,0,0.0,"{""type"":""MultiPoint"",""coordinates"":[]}"
00000000000000000289,145,JOHAR BARU,GALUR,3171081003,3.171081003E12,Tidak Diketahui,Galur 04,-,-,-,1317,"curah hujan tinggi, kondisi rumah lebih rendah dari jalan",004,0,2020,1577865600000,-,0,0,-5.213067965591302,-10.629148394807721,-14.406115726100968,2.0562711109937837,16.230862813863087,-2.8675761822829204,-9.579872938654706,3.260829502851587,JAKARTA PUSAT,1,1.0,1,0.0,3038.713994907392,2786.3913724196736,2497.8075173669595,438.7079928216858,255.14802488244572,65.50319199464184,90.12971000328129,141.99738624426095,15,10.307579298831385,7,7.381811672038467,2.460873232450394,-1.1331185105607204,1.7154671751246673,1.6516926007475494,1.0,3.200000286102295,2.69256762394722,1.5999999046325684,1.8633300065994263,1.3298308810168797,0.22606492042541504,0.4183904214098984,0.41109440658451885,52233.1567906,52475.61300343124,7.2227864265441895,2.227790387739522,0.0,4.480189323425293,-0.4663424456139437,-2.745753526687622,1.4811875985153347,1.5032291880493387,16.648631477241572,12.758081155475145,11.113402775956793,3.1602863188119485,-0.7279478447835718,-2.3564605362118556,1.2206709102056663,1.227381902748336,0.03399695083498955,0.00915419214630565,0.008499198593199253,-0.3031879076734185,-1.0624889918373204,-3.1014527743682265,0.6799184628777005,0.0051953822063910355,0,0.0,0,0.0,"{""type"":""MultiPoint"",""coordinates"":[]}"
0000000000000000028a,145,JOHAR BARU,GALUR,3171081003,3.171081003E12,Tidak Diketahui,Galur 05,-,-,-,1318,ukuran saluran kecil,005,0,2020,1577865600000,-,0,0,-5.821436459253,-10.779098954219986,-14.7710288842367,2.049184899864616,0.8092185903776238,-4.415228980882255,-8.271905033575571,1.8878911564829373,JAKARTA PUSAT,1,1.0,1,0.0,2959.810142304346,2744.2694120449864,2547.273854450575,391.173410293693,245.42324610443828,105.58762735580285,70.55623259968412,114.1398949198593,14,10.270467547839813,7,6.434729681347439,2.6236668383763773,-0.6680988184735206,1.4598086740398983,1.4500553696718657,1.0,2.700000286102295,1.9583745638654881,1.5,1.360909104347229,0.5940313617090521,0.11046183109283447,0.43385797830489686,0.4306516492086064,35364.8125107,35509.2453980666,4.654246807098389,2.2021149852603217,0.0,2.024722099304199,-0.46187900227539924,-2.6147677898406982,1.0841263565325825,1.084761666980855,16.57242638217732,13.283104541214982,11.561793175637433,3.098089724252283,-0.19837969583841328,-1.9171643644926828,1.457025683826339,1.4604314849968398,0.25497663021087646,0.06498407714640655,0.008499208837747574,-0.05936267971992493,-0.3365110830222157,-0.8063838928937912,0.20226658652755272,0.09907063397221993,0,0.0,0,0.0,"{""type"":""MultiPoint"",""coordinates"":[]}"
0000000000000000028b,145,JOHAR BARU,GALUR,3171081003,3.17108100301E12,Tidak Diketahui,Galur 06,-,-,-,1319,Lantai bangunan lebih rendah dari saluran air / sebagiab ada luapan dari luar,006,0,2020,1577865600000,-,0,0,-2.484274855870457,-11.011164097323219,-14.247011705023557,2.172547955869092,4.180940714902469,-4.673309527831049,-8.876451826046342,1.8125728031782353,JAKARTA PUSAT,1,1.0,1,0.0,3087.875951668441,2856.59851346818,2653.179401278082,485.4131785961963,324.65080256534986,200.1268297016254,79.62438320530434,130.70683576199147,13,9.489388717576636,6,5.152452559972632,1.7525094836557167,-1.701253132830833,1.780009675354042,1.8556304620864161,1.0,3.200000286102295,2.133185263707593,1.5,1.867189645767212,0.7866083046885295,0.1359541416168213,0.5650486102313578,0.5564360538863006,38519.475758,38643.72456963498,4.744986534118652,2.1270275235705856,0.0,2.157041311264038,-0.4731515565596192,-2.6530511379241943,1.094613439720121,1.0923370027280237,19.133537834822892,13.690381070218569,11.536575716888883,5.6291086346454335,0.18720727665155143,-1.9822315782813558,1.653517474970169,1.6519590730646199,0.24647735059261322,0.07102310324029287,0.008499198593199253,-0.07287286221981049,-0.281135597984387,-0.8551326459273696,0.16323198131249952,0.09058542300482111,0,0.0,0,0.0,"{""type"":""MultiPoint"",""coordinates"":[]}"
0000000000000000028c,80,JOHAR BARU,GALUR,3171081003,3.17108100301E12,Tidak Diketahui,Galur 07,-,-,-,1320,Intesitas hujan yang cukup tinggi serta lama kondisi eksisting rumah warga lebih rendah dari jalan,007,0,2020,1577865600000,-,0,0,0.011088975641471772,-9.681670507252013,-13.951739543192865,2.811715077753025,4.180940714902469,-3.926422414662143,-7.834356138166452,2.3492052776170116,JAKARTA PUSAT,1,1.0,1,0.0,3192.0215612176544,2919.8789157128676,2709.346062320677,593.5076765830536,388.0012871410492,237.90166857010445,85.6889719131949,131.5026384489644,13,9.512009077728047,6,5.152452559972632,1.8562225440957512,-1.5439312567119847,1.5513714431644685,1.5447183167828469,0.8968984662629996,4.700000286102295,2.0955746817587304,1.5,3.3767348527908325,0.7721212731253595,0.1480271816253662,0.4632703505766885,0.46208895158829244,55305.4478464,55536.71629211632,5.400482654571533,2.216160273590267,0.0,2.883568048477173,-0.3266796651324204,-2.583634376525879,1.1163716307494014,1.1051433808457158,19.133537834822892,13.402145581848773,11.48677099249275,5.6291086346454335,-0.13330276319902554,-2.0857526663731214,1.4634548443510065,1.4630023101040677,0.24647735059261322,0.046890036281991315,0.008499198593199253,-0.07613234221935272,-0.2786864281965422,-0.33882001135498285,0.0696999053786976,0.06854255639243106,0,0.0,0,0.0,"{""type"":""MultiPoint"",""coordinates"":[]}"
0000000000000000027a,864,JOHAR BARU,TANAH TINGGI,3171081004,3.171081004E12,Tidak Diketahui,Tanah Tinggi 01,-,-,-,1300,Curah hujan cukup tinggi yang mengakibatkan air hujan meluap dari kali sentiong ke jalan dan pemukiman,001,0,2020,1577865600000,-,0,0,-5.8235626969163325,-10.88225509953019,-16.601342852686464,2.1949209431456405,5.924322452358066,-4.9869699663264395,-10.304223715989973,2.67143670197252,JAKARTA PUSAT,1,1.0,1,0.0,2587.496455406664,2366.323442386743,2243.7160679617973,208.62569766084107,60.86390412211815,-20.663198708805794,52.028589012791294,78.16524050671403,10,5.660219729915313,3,1.971356963839419,-2.4144568865829656,-5.015252416754919,1.5076660068977008,1.5412951492949285,1.0,1.0999999046325684,0.36807054623664703,0.0,-0.4574007987976074,-1.268398566837031,-1.7000573873519897,0.3204317030274086,0.2962270389264961,60895.7435917,61213.35773991074,5.938642501831055,2.4425870099297424,0.0,2.718358039855957,-0.8626084160507337,-3.3648619651794434,1.341447898768459,1.3418158568168446,20.71765515768561,14.20466851117611,11.310888226640527,7.277561590191079,0.7571861202288285,-2.166241126735656,1.864407263489057,1.8570969608025514,0.9944050312042236,0.20136773584205472,0.008499208837747574,-8.848902259021997,-9.485523108781129,-10.377770349383354,0.42636721218239954,0.31020295813537546,0,0.0,0,0.0,"{""type"":""MultiPoint"",""coordinates"":[]}"
0000000000000000027b,300,JOHAR BARU,TANAH TINGGI,3171081004,3.171081004E12,Tidak Diketahui,Tanah Tinggi 02,-,-,-,1301,Curah hujan cukup tinggi yang mengakibatkan air hujan meluap dari kali sentiong ke jalan dan pemukiman,002,0,2020,1577865600000,-,0,0,-6.501007355703999,-11.126441652861288,-13.802937160611854,1.572914601861036,0.3503475534224679,-3.9633981571592956,-8.471654768762189,1.9001571519836404,JAKARTA PUSAT,1,1.0,1,0.0,2767.4830418432575,2567.348727713463,2440.2988331759434,303.00564648550016,183.13319121081233,88.69964308518774,53.592657637687324,81.3046692659667,8,6.2189790750366525,4,-0.27576083064671764,-2.18125479728008,-4.393626924452613,0.9482438799765035,0.9373557137351983,1.0,0.9000000953674316,0.3023923982004793,0.0,-0.7008950710296631,-1.368594193901838,-1.688929557800293,0.291648402558133,0.2984116733803511,52375.2688864,52583.42740242352,4.6273674964904785,1.715253103550761,0.0,1.337843418121338,-1.5711520102784176,-3.360389232635498,1.0229050565077005,1.0184000109633269,20.312186543080873,14.933499582397992,11.561788463807734,6.874964618308574,1.498646501889025,-1.8602447945512814,2.2437638744961275,2.247806484088246,0.6629343628883362,0.2524422066103491,0.008499198593199253,-8.915330827236176,-9.633901556818117,-10.352289974689484,0.41561543180440624,0.2773686722927078,0,0.0,0,0.0,"{""type"":""MultiPoint"",""coordinates"":[]}"
0000000000000000027c,677,JOHAR BARU,TANAH TINGGI,3171081004,3.171081004E12,Tidak Diketahui,Tanah Tinggi 03,-,-,-,1302,Curah hujan cukup tinggi yang mengakibatkan air hujan meluap dari kali sentiong ke jalan dan pemukiman,003,0,2020,1577865600000,-,0,0,-4.539573456001889,-11.523107711816632,-15.463387945964847,2.111759549745076,1.5230614897078723,-3.0822471752855285,-10.327030053237737,2.7481969194041262,JAKARTA PUSAT,1,0.976993865030675,0,0.12498425196844122,2612.321102482647,2424.4619607318573,2319.1560581931994,181.50119528650885,50.2286568204892,-21.67910270367929,56.55587673804392,85.009004719724,9,6.197221219776256,3,1.0421052631591463,-1.8887369994804506,-5.127676333690051,1.5555507085769757,1.583328360576191,1.0,1.0999999046325684,0.7946500200865628,0.5,-0.44440412521362305,-0.7397449366541295,-1.0347298383712769,0.17318878039725308,0.17814587119925485,38738.4133908,38849.72492446938,4.9860992431640625,2.6396312268846773,0.9274099469184875,1.8177096843719482,-0.5262124488249189,-2.281334936618805,1.138568052397758,1.1346822345747747,14.774849579066547,12.547656196280993,11.486773897247836,1.2894650362303839,-0.9606598718132249,-2.023299902352779,0.7559548264059331,0.7540235654630879,0.04249617084860802,0.014668156204742482,0.008499208837747574,-7.5493081929162145,-8.812533940833807,-9.494440969079733,0.42376426675131,0.01206054311531135,1,0.02300613496932515,0,0.12498425196844144,"{""type"":""MultiPoint"",""coordinates"":[]}"
0000000000000000027d,600,JOHAR BARU,TANAH TINGGI,3171081004,3.171081004E12,Tidak Diketahui,Tanah Tinggi 04,-,-,-,1303,Curah hujan cukup tinggi yang mengakibatkan air hujan meluap dari kali sentiong ke jalan dan pemukiman,004,0,2020,1577865600000,-,0,0,-6.8342046951195385,-11.641704570779162,-15.68428843234667,1.7675753074319023,1.2637589014933095,-3.891571369937364,-9.070286367998046,2.363406786950217,JAKARTA PUSAT,1,1.0,1,0.0,2670.959054017488,2481.286863986005,2365.0843991588094,195.5363139256283,65.0490500967374,-26.275100690605086,53.91438574774842,80.49823862720949,9,7.100697906281155,3,1.1873254564996234,-0.8917135025272938,-5.28349445041035,1.51228450432373,1.4853555102181901,1.0,1.200000286102295,0.8288933578540655,0.0,-0.2694520950317383,-0.6238555468566873,-1.4300180673599243,0.3980755200802183,0.41345153718805594,34941.9044711,35126.95947467127,7.644643783569336,2.2519279006946595,0.0,4.62246298789978,-0.7883629497003222,-3.0700676441192627,1.40678244625619,1.3922103327540074,19.001731546928497,13.710588649050626,11.05599130282831,5.489943959885355,0.18161543748128356,-2.472674588064274,2.4697023910248417,2.4679907794179914,4.1050286293029785,0.7104394305677543,0.008499208837747574,-1.0298075675964355,-6.643831027558598,-8.582239087671041,2.390844818522222,1.6136315416304112,0,0.0,0,0.0,"{""type"":""MultiPoint"",""coordinates"":[]}"
0000000000000000027e,600,JOHAR BARU,TANAH TINGGI,3171081004,3.171081004E12,Tidak Diketahui,Tanah Tinggi 05,,-,-,1304,Curah hujan cukup tinggi yang mengakibatkan air hujan meluap dari kali sentiong ke jalan dan pemukiman,005,0,2020,1577865600000,-,0,0,-4.155287870929598,-11.658519501204388,-14.698729434167923,1.7103783210521204,3.6230423519684614,-3.639790947171644,-8.021891203001116,2.008549045593906,JAKARTA PUSAT,1,0.9891507828454731,0,0.09448728361893272,2877.2493528392174,2706.564043754277,2587.496455406664,316.2600474128726,213.8757587625974,144.00335761148517,47.05235843055815,76.49244881954736,11,6.392443839346494,2,2.7773720014335037,-2.0604273557066777,-6.517293233081173,1.8903209453899945,1.8923208436924148,1.0,1.0999999046325684,0.5522166066546272,0.0,-0.4620124101638794,-0.9540321299003615,-1.408721923828125,0.3033818398774689,0.33277285058453393,81984.6745804,82312.81482208199,7.644643783569336,3.0052843134447045,0.0,4.642641067504883,-0.06256056226500854,-3.182507038116455,1.4786495825435872,1.4571784524497113,19.287873504953755,13.159000446315659,11.05599130282831,5.730394337755074,-0.3509256352454372,-2.4786144354358353,2.296737514931503,2.3090620555958794,3.875549077987671,0.5186672682969874,0.008499184623360634,-3.1146881580352783,-7.988863005596735,-9.802500631660223,2.0208730501753225,1.4161853282321417,0,0.0,0,0.0,"{""type"":""MultiPoint"",""coordinates"":[]}"
0000000000000000027f,752,JOHAR BARU,TANAH TINGGI,3171081004,3.17108100401E12,Tidak Diketahui,Tanah Tinggi 06,-,-,-,1305,Curah hujan cukup tinggi yang mengakibatkan air hujan meluap dari kali sentiong ke jalan dan pemukiman,006,0,2020,1577865600000,-,0,0,-2.8518789446104016,-11.516480264311223,-14.52782552380894,1.9920497385772225,4.909598947899223,-2.9914060680126755,-7.286239504200253,2.933960341823829,JAKARTA PUSAT,1,1.0,1,0.0,3038.713994907392,2855.874390408203,2623.82556060524,517.2034273067284,379.2695420922706,218.89149828085965,81.05468202648467,119.26492174846085,10,6.076813655761021,3,0.9178660938074952,-2.812713384575734,-5.830075187968374,1.5051040572354075,1.6315362159934712,1.0,1.6000003814697266,0.6729536415703402,0.0,-0.0515214204788208,-1.0287681595175073,-1.740615963935852,0.6027006287856903,0.5910885803940106,53925.6047438,54170.554441017965,4.6273674964904785,2.0673939349363675,0.0,1.337843418121338,-1.2005553929305977,-3.3421545028686523,1.0066915115867834,0.9993422765968237,17.282093406736575,14.450082580905413,11.561788463807734,3.8550881274129125,1.0214749835104613,-1.8602447945512814,1.6465118344443395,1.6371466139077335,0.5354459881782532,0.15413406198502513,0.008499141782522202,-9.428124725818634,-10.329356051574617,-11.370339427143335,0.5251999910625684,0.1638566563345374,0,0.0,0,0.0,"{""type"":""MultiPoint"",""coordinates"":[]}"
00000000000000000280,1700,JOHAR BARU,TANAH TINGGI,3171081004,3.17108100401E12,Tidak Diketahui,Tanah Tinggi 07,-,-,-,1306,Curah hujan cukup tinggi yang mengakibatkan air hujan meluap dari kali sentiong ke jalan dan pemukiman,007,0,2020,1577865600000,-,0,0,-4.676521402858847,-11.419547924041877,-14.910813829514177,1.7418294509823016,5.258508301111383,-2.814847020765042,-6.206223991533605,2.2045817780231176,JAKARTA PUSAT,1,1.0,1,0.0,2994.4966013776398,2885.8392559113713,2767.4830418432575,436.36052670784784,357.39512661730754,267.7731603764696,54.06756789985696,76.55775216810048,11,6.459627749576989,3,2.3399212316521076,-2.415156033664901,-5.833798782669403,1.9445044736823074,1.9605775002291221,1.0,1.6000003814697266,0.6718443676582245,0.0,-0.03657686710357666,-0.9317193142976451,-1.5713285207748413,0.579972870730892,0.5943673628548277,51567.0201424,51754.2638889562,5.655346870422363,2.463015679445767,0.0,2.5587387084960938,-0.6704905035168993,-3.1965138912200928,1.449870479847747,1.4637184860037644,17.341775808782746,13.015816925696475,11.36009610603994,3.856538082775705,-0.45528933564765145,-2.1301846454933084,1.3131464494154743,1.315764640292617,0.05099499598145485,0.020031588558996383,0.00849915947765112,-8.491003833711147,-9.603893518890244,-10.688876138068736,0.49280305870193125,0.014367274276417694,0,0.0,0,0.0,"{""type"":""MultiPoint"",""coordinates"":[]}"
00000000000000000281,1400,JOHAR BARU,TANAH TINGGI,3171081004,3.17108100401E12,Tidak Diketahui,Tanah Tinggi 08,-,-,-,1307,Curah hujan cukup tinggi yang mengakibatkan air hujan meluap dari kali sentiong ke jalan dan pemukiman,008,0,2020,1577865600000,-,0,0,-3.5576707790619944,-11.09065469538094,-14.652531459845285,2.142227132073316,4.5998606629288705,-3.149909091049222,-7.288554874542596,2.2187411743049945,JAKARTA PUSAT,1,1.0,1,0.0,3139.010065987322,2957.0694542053006,2790.7070829135955,506.0379090689162,371.86029075106217,267.7731603764696,70.47056666802354,100.81337934576045,8,5.937792767472362,4,-0.5881847475817068,-2.8460058307105367,-4.910848549944699,0.9887598677229456,0.9383529431353976,1.0,1.0999999046325684,0.1543188705918463,0.0,-0.4620124101638794,-1.3012068211775454,-1.5165915489196777,0.24154064617524804,0.2600036551114019,55874.8624871,56115.5049794194,5.655346870422363,1.5870303935899215,0.0,2.5587387084960938,-1.4235567085286247,-3.061995506286621,1.0810781510604832,1.080051382687119,19.887295632664316,15.321548657038777,11.36009610603994,6.381427458346538,1.7950636929092076,-2.1301846454933084,2.7496669999527246,2.7644309401136513,3.7990562915802,0.9573199515593978,0.008499141782522202,-3.7931463718414307,-7.519474011379903,-9.337417563423514,1.7805395171873604,1.5159946386980871,0,0.0,0,0.0,"{""type"":""MultiPoint"",""coordinates"":[]}"
00000000000000000282,1215,JOHAR BARU,TANAH TINGGI,3171081004,3.17108100401E12,Tidak Diketahui,Tanah Tinggi 09,-,-,-,1308,Curah hujan cukup tinggi yang mengakibatkan air hujan meluap dari kali sentiong ke jalan dan pemukiman,009,0,2020,1577865600000,-,0,0,-2.8518789446104016,-10.35267508751409,-14.320398546474713,2.3678831320002356,2.6489655422020117,-4.242774000010757,-7.667196518082107,2.26812755972361,JAKARTA PUSAT,1,1.0,1,0.0,3287.644004268418,3151.8889907977873,3038.713994907392,645.5963695872292,536.9753290929104,464.3677578471238,53.22145323672977,65.86150505057113,9,5.909024745269284,2,-0.4711779448607327,-3.359677157285382,-7.348084496955176,1.4378108134364942,1.401777825066836,1.0,1.5999999046325684,0.6138115474056816,0.0,-0.061826229095458984,-0.9445245250277015,-1.4627355337142944,0.3475460803599043,0.40908591621860874,62154.429089,62455.18454592335,5.400496959686279,2.1411765036184107,0.0,2.2399027347564697,-0.9727967927869948,-3.2030107975006104,1.0512918763412098,1.0643934403435553,21.81908736027788,14.590914264694435,11.482540557447182,8.244872677839506,1.0860512593680762,-2.0323300754503677,2.2951010874776143,2.3052968183660796,3.2806107997894287,0.3670500043065085,0.008499115705490112,-5.876428842544556,-10.13448009832729,-11.366633418947458,1.346269589767425,0.9685974535943636,0,0.0,0,0.0,"{""type"":""MultiPoint"",""coordinates"":[]}"
00000000000000000283,510,JOHAR BARU,TANAH TINGGI,3171081004,3.17108100401E12,Tidak Diketahui,Tanah Tinggi 10,-,-,-,1309,Curah hujan cukup tinggi yang mengakibatkan air hujan meluap dari kali sentiong ke jalan dan pemukiman,010,0,2020,1577865600000,-,0,0,-4.756585769683321,-10.777798945891428,-13.755923554274855,1.843998201731256,1.4825854631003077,-4.648607727838982,-7.814243316360033,1.9858836440730656,JAKARTA PUSAT,1,1.0,1,0.0,3413.495205640626,3321.904865447869,3220.204766362868,714.2878521327375,620.0205418461339,497.58786524251445,62.89482252671891,55.38688771918854,8,5.910162829870859,4,-1.8637307554587537,-3.8041008010507533,-5.76355173648272,1.1973267317405276,1.2906452953964294,1.0,0.8000001907348633,0.18850369261999195,0.0,-0.8148584365844727,-1.3963091746767473,-1.628728985786438,0.2558080616075785,0.2522585389041652,24778.3631754,24928.82668659701,3.8394603729248047,1.9660325066836473,0.0,0.872227668762207,-0.9885224023857923,-2.9847307205200195,1.11216169868026,1.1198959593022166,21.19189009828642,15.066395457238384,11.75425995779305,7.677997076255224,1.5454973127331648,-1.7582013230508728,2.676301600613691,2.6810089386333638,1.742278814315796,0.620259791677598,0.00849906262010336,-8.647355318069458,-10.226176261887082,-11.163454124704003,0.8732626261098791,0.8075023452986227,0,0.0,0,0.0,"{""type"":""MultiPoint"",""coordinates"":[]}"
00000000000000000284,750,JOHAR BARU,TANAH TINGGI,3171081004,3.17108100401E12,Tidak Diketahui,Tanah Tinggi 11,-,-,-,1310,Curah hujan cukup tinggi yang mengakibatkan air hujan meluap dari kali sentiong ke jalan dan pemukiman,011,0,2020,1577865600000,-,0,0,-4.52202062181888,-10.494428873374444,-14.460916609940988,2.1859535203749068,3.678517169416229,-2.932876757807661,-6.7428439201135575,2.137996230931858,JAKARTA PUSAT,1,1.0,1,0.0,2704.577482392719,2569.034498928932,2411.9223005209274,203.5514259747065,107.84694657806337,-0.915677402487745,50.645220161063904,76.34290896173624,12,7.697374759152217,5,3.85098460436941,-0.35122903942909967,-3.0891514500523876,1.4894235741883397,1.5269568501507236,1.0,1.0999999046325684,0.4793713792785285,0.0,-0.31937718391418457,-0.9376278534703864,-1.4210814237594604,0.47289671752000173,0.48798052354303084,29002.1817661,29090.031858434282,7.644643783569336,2.8607590616768603,0.0,4.642641067504883,-0.11817661143825003,-3.047950506210327,1.8020673473491158,1.8025901487859382,22.08451075225676,15.385098869473357,11.05599130282831,8.54160701483424,1.8453292367714973,-2.4786144354358353,3.1976385590489014,3.2042118089801406,4.02853536605835,1.9569539599530428,0.008499208837747574,-1.9968314170837402,-5.087256794712064,-7.584028657525778,2.1869212978515113,1.949740599751288,0,0.0,0,0.0,"{""type"":""MultiPoint"",""coordinates"":[]}"
00000000000000000285,808,JOHAR BARU,TANAH TINGGI,3171081004,3.17108100401E12,Tidak Diketahui,Tanah Tinggi 12,-,-,-,1311,Curah hujan cukup tinggi yang mengakibatkan air hujan meluap dari kali sentiong ke jalan dan pemukiman,012,0,2020,1577865600000,-,0,0,-5.992945687821246,-11.83518141992723,-14.295719109388601,1.9236797502120646,2.3407970959535973,-3.69401364863477,-7.216444489695329,2.047853346740409,JAKARTA PUSAT,1,1.0,1,0.0,3110.091172995092,3058.281840121953,2948.157301224414,504.56077797446187,480.31406728756633,401.8823726362607,34.3111493335328,49.80204452931625,10,6.614766449020592,3,0.9178660938074952,-2.504006638296603,-6.105692803435581,1.4488359321049367,1.452938384401688,1.0,1.6000003814697266,0.858781260939553,0.09999990463256836,-0.03657686710357666,-0.7199133842330313,-1.467225432395935,0.44652299667373574,0.48746153016352295,20860.5477479,20963.939931444504,5.00709867477417,1.9950289399145276,0.0,1.9353947639465332,-1.1344045653687278,-3.1965138912200928,1.0394538178436892,1.0251596497108515,16.26225495953264,13.608274246167975,11.482540557447182,2.7708962145698894,0.1212824225455379,-2.0280172895726434,1.5722071020416453,1.5717505588532363,0.3739595413208008,0.10490314708079318,0.008499141782522202,-9.006880763918161,-10.037113079813675,-11.092328075319529,0.6491346970285143,0.15010222167136975,0,0.0,0,0.0,"{""type"":""MultiPoint"",""coordinates"":[]}"
00000000000000000286,825,JOHAR BARU,TANAH TINGGI,3171081004,3.17108100401E12,Tidak Diketahui,Tanah Tinggi 13,-,-,-,1312,Curah hujan cukup tinggi yang mengakibatkan air hujan meluap dari kali sentiong ke jalan dan pemukiman,013,0,2020,1577865600000,-,0,0,-5.233838903503065,-11.588162013695769,-14.195214863403738,1.6506894747600187,1.32990836416071,-3.8178322377184144,-7.679663895846806,2.096748820667437,JAKARTA PUSAT,1,0.9592170871474286,0,0.19851201022177326,3403.396085266404,3316.0664808401407,3198.7543709788697,718.1461456251773,658.2749939661796,536.0341636648391,42.00255629254899,49.722073326149584,9,6.656694202574978,3,-0.4451127819534406,-2.8198930490502363,-6.3558897243093,1.4308503301188338,1.4908238751137306,1.0,1.299999713897705,0.6744288607545752,0.0,-0.33030474185943604,-0.8947345021758093,-1.5104118585586548,0.3364406164637223,0.37439645941014615,46985.5970986,47149.07793208656,4.637092113494873,2.0840818852002108,0.0,1.524428129196167,-0.9605728409036046,-3.1414785385131836,1.007983312792644,1.0123819219657704,19.034831289764128,13.692708140882633,11.559670196389758,5.459423117105629,0.17818104776469854,-1.9343276247438048,1.9776354744423637,1.9869611511729153,2.9916393756866455,0.22305323263964205,0.008499101735651493,-6.859703779220581,-10.558646686516255,-11.273605390451849,1.1574154170720685,0.8812160198069213,1,0.04078291285257125,0,0.19851201022177314,"{""type"":""MultiPoint"",""coordinates"":[]}"
000000000000000000de,350,TANJUNG PRIOK,TANJUNG PRIOK,3172021001,3.17202100101E12,Tidak Diketahui,Tanjung Priok 14,RT 1 s.d 6,,,421,Saluran air dangkal dan air laut pasang,014,0,2020,1577865600000,,0,0,-0.502769278449354,-9.589483676076506,-18.251738663661285,2.688425695962044,11.80276613336665,-3.2656273068278394,-11.726187159046962,3.5165859231529417,JAKARTA UTARA,1,0.9641769472977855,0,0.2249805771974613,649.3636962940959,450.7996374465881,185.53248465545596,-25.747602546318603,-203.2248005138985,-442.70610791920876,88.54920861352645,101.00493243594259,9,1.9612347080989005,-8,7.567060508413918,0.4936414932517046,-9.602577873254539,3.0302486243421605,3.0385438957274733,0.9999380676948115,7.200000286102295,1.8007794601592493,0.0,5.644508957862854,0.12272892640456991,-1.8336843252182007,1.7568822965985698,1.7241330862904196,135096.246225,135710.99328496732,12.316861152648926,3.7352838584137826,0.0,9.447437047958374,0.8862636742474701,-2.9147422313690186,2.104471794830368,2.0894717291462,17.461794065900666,12.694088761935209,11.02539720273006,3.929649526564395,-0.8055245975898074,-2.4804547258909118,1.3491743133946654,1.351176941273557,0.6205086708068848,0.04183658764647662,0.008500121533870697,-2.941226601600647,-3.87885472235611,-4.653071844018996,0.30211229054365835,0.1145018940145379,1,0.01925360037165127,0,0.14468181025100196,"{""type"":""MultiPoint"",""coordinates"":[]}"
000000000000000000e0,350,TANJUNG PRIOK,TANJUNG PRIOK,3172021001,3.172021001E12,Tidak Diketahui,Tanjung Priok 02,RT 5 dan 6,,,423,"Sungai Tirem meluap, dangkal dan air laut pasang",002,0,2015,1420099200000,,0,0,2.4130149609673524,-8.989644009990949,-13.054705498110852,2.340186554495007,12.497131538647716,-2.1166591454163135,-6.937750816066884,2.98772660033484,JAKARTA UTARA,1,1.0,1,0.0,747.9053559872657,627.7868668270742,499.5615034733919,60.62586392858543,-43.95397535635451,-151.40432653421897,51.562818992089255,60.68716646447871,5,1.906046599377417,-2,3.192194772645924,0.0392843253308511,-4.016684568564235,1.776092449946952,1.7935654946370954,0.5944589104230571,1.8999998569488525,1.0240260317532275,0.5,0.10943937301635742,-0.7090267571916266,-1.2356226444244385,0.45079758707193857,0.48157672241546323,36997.3337312,37157.839864908725,7.034297466278076,2.7327102941169503,0.0,4.063513278961182,-0.29613286594143123,-3.046372890472412,1.6606736077029665,1.6586804155951351,17.34188417535618,13.107552144418618,11.312311082914617,3.8752571739691337,-0.36071797200410277,-2.1371589855265256,1.2050039521550373,1.2074080200395632,0.06800098717212677,0.021635569728163818,0.008500111289322376,-3.1762106055393815,-3.37555935430568,-3.5571174267679453,0.1050148827506103,0.015591834140703963,0,0.0,0,0.0,"{""type"":""MultiPoint"",""coordinates"":[]}"
000000000000000000e1,400,TANJUNG PRIOK,TANJUNG PRIOK,3172021001,3.172021001E12,Tidak Diketahui,Tanjung Priok 03,RT 7 dan 8,,,424,"Sungai Tirem meluap, dangkal dan air laut pasang",003,0,2015,1420099200000,,0,0,-4.2325249977032025,-9.480009827752005,-13.723166065595137,1.8261876805837018,2.6651235874548598,-3.214708173871717,-7.6352043558672715,2.368342120650671,JAKARTA UTARA,1,0.965483291828343,0,0.24816680858541135,742.1299386218238,618.860585863861,463.8312116386399,54.72712005309893,-74.20428820555239,-240.92432670193494,94.7432864533948,92.7908711136045,6,1.7114148375513984,-3,3.9687074829932407,-0.20864633765034465,-4.8141783029000775,1.982967361603614,2.029310641213227,1.0,2.8000001907348633,1.3849597431474647,0.10000002384185791,0.953086256980896,-0.4417914774357537,-1.765982985496521,0.6766481733625328,0.6831365741490568,60352.9440866,60523.69671059513,7.942784786224365,2.9469224311277187,0.0,4.867280960083008,-0.029214154039832383,-3.056626081466675,1.411510305259825,1.4130584870425769,18.353486212574914,12.807852282025994,11.215207264528125,4.8531870035844324,-0.680348817435149,-2.296639611046956,1.2978339095059541,1.2968026239421506,0.09350132942199707,0.02791643854581877,0.00850010011345148,-3.4254138339310884,-3.9427429276077377,-4.530884264968336,0.32295852943199094,0.031175593592834863,1,0.019516997741356342,0,0.14661169301237728,"{""type"":""MultiPoint"",""coordinates"":[]}"
000000000000000000e3,200,TANJUNG PRIOK,TANJUNG PRIOK,3172021001,3.172021001E12,Tidak Diketahui,Tanjung Priok 05,RT 5 dan 6,,,426,"Sungai Tirem meluap, dangkal dan air laut pasang",005,0,2015,1420099200000,,0,0,2.4130149609673524,-9.204071693950441,-12.661818956114804,2.530328124620091,12.497131538647716,-2.543736986675931,-7.785560389729104,3.7560212807305793,JAKARTA UTARA,1,1.0,1,0.0,649.3636962940959,544.6485914522304,382.4850156088664,-25.058413280750983,-115.88591850945875,-257.9616031284999,52.21599281986762,61.44853413495989,7,1.699557304476143,-3,5.441389187253874,0.011406909516102922,-4.663515932688841,2.2414072475340174,2.2320892057044275,0.8479088261675125,2.0999999046325684,1.177658591015961,0.0,0.4892871379852295,-0.5201579894036771,-1.5835942029953003,0.5943808265777643,0.5926845340800051,35448.9763766,35627.44287469769,7.942769527435303,3.7978615485501863,0.0,5.016738653182983,0.8347677868396493,-3.0156264305114746,2.1446359143464946,2.133387019259811,15.955591019460764,12.657106825290311,11.030141443661039,2.4938823132273953,-0.8300478952990343,-2.4716836920323964,1.065796807219082,1.0603106108867535,0.5865079164505005,0.025871656634246995,0.008500121533870697,-2.8521398305892944,-3.4987883656725933,-3.6651301942765713,0.13286313806842745,0.07517303901755812,0,0.0,0,0.0,"{""type"":""MultiPoint"",""coordinates"":[]}"
000000000000000000e4,350,TANJUNG PRIOK,TANJUNG PRIOK,3172021001,3.17202100101E12,Tidak Diketahui,Tanjung Priok 06,RT 10 dan 11,,,427,Sungai Tirem meluap dan air laut pasang,006,0,2020,1577865600000,,0,0,-8.23743089917423,-12.80341225785831,-18.92678056300562,2.043103475417364,0.46562770900530326,-6.494601329945973,-10.816162608505323,2.170871303912989,JAKARTA UTARA,1,1.0,1,0.0,473.0168798317619,272.0228956536216,92.76624232772798,-231.4475162599777,-425.03846184433445,-602.9227599759708,101.84652382342605,106.82311124603665,6,0.3372641509433961,-6,4.0588614393126,-1.6582427471981478,-8.044754744002821,2.744541182785148,2.7402958152928836,1.0,3.9000000953674316,1.02674680514226,0.0,2.0422613620758057,-0.8355548499187208,-1.8663650751113892,1.1699423853851687,1.1640254184998975,47324.8426845,47534.35102579683,9.937920570373535,4.050811419140478,0.9274099469184875,7.036759614944458,1.1254926515954,-2.0272151827812195,1.809946533701606,1.8064746337562672,21.620560323089634,12.174419319430488,10.789601070735563,8.04561240946339,-1.376475408578984,-2.764756450825196,1.3495900915903278,1.34969000969698,126.2158203125,0.09056095912613807,0.008500072173774242,121.06138467788696,-4.774417280306122,-5.15548708755523,13.903329984802692,13.935274713046715,0,0.0,0,0.0,"{""type"":""MultiPoint"",""coordinates"":[]}"
000000000000000000e8,300,TANJUNG PRIOK,TANJUNG PRIOK,3172021001,3.17202100102E12,Tidak Diketahui,Tanjung Priok 15,RT 1 s.d 6,,,431,Saluran air dangkal dan air laut pasang,015,0,2020,1577865600000,,0,0,3.6931513386812966,-11.707672601480498,-19.055262928612958,3.4852589833968812,11.631846122658153,-5.52844471948342,-13.380281124850487,3.924773910306607,JAKARTA UTARA,1,0.7765429400930292,0,0.4143312979119649,556.5974539663679,276.279834883891,0.0,-129.50429848771898,-408.9649835508227,-683.2268099730476,135.98219535450258,135.25156452795773,6,-0.4684856242000438,-8,4.155102040816361,-2.213028908638974,-9.602577873254539,2.416423092221725,2.4460153677249035,1.0,3.9000000953674316,0.8087097719696423,0.0,2.0467841625213623,-1.032838269013602,-1.8694956302642822,1.0214604884886547,1.0238735065819282,111754.782131,112233.69278248453,12.316861152648926,3.421402459508104,0.0,9.447437047958374,0.5580740098341737,-2.846083402633667,2.0101014779317805,2.0176730256971327,25.561259138249824,13.629069855599496,10.756024637007354,11.985535428416574,0.08558043811111538,-2.801574948905932,2.7500599747525425,2.7546221052042257,126.22431945800781,8.107689267847393,0.008500072173774242,121.06138467788696,3.2599089462716844,-5.205944554880261,33.21815431618306,33.325138956433385,1,0.00811662972559548,0,0.11144682482181982,"{""type"":""MultiPoint"",""coordinates"":[]}"
00000000000000000000,20,TANJUNG PRIOK,SUNTER JAYA,3172021002,3.172021002E12,Tidak Diketahui,Sunter Jaya 03,,,,1,jalan rendah,003,0,2015,1420099200000,,0,0,-1.4862496548376924,-11.601356808132625,-15.924860785142968,1.9472899944000595,5.176988595967285,-5.123614147071423,-8.842313080086319,1.988008951288552,JAKARTA UTARA,1,0.97739913034685,0,0.14480810666223776,1781.981323992732,1416.5832154193015,918.3389462118339,292.8254534540581,8.949840474323226,-318.10719188111716,134.48761077693126,217.0585786264321,12,5.857602723564904,0,6.474973147154545,0.3366427990397109,-5.458789831721257,1.9181868810018516,1.9077948323782041,1.0,5.099999904632568,1.96344265798131,0.0,3.2180521488189697,0.06518810483182749,-1.9670534133911133,1.9824736339155338,1.966540939921028,207129.517871,207807.95934589606,7.421144008636475,2.600676661778633,0.0,4.189554929733276,-0.5774224256265312,-3.252601146697998,1.5293857041963141,1.5324791754228553,22.51425196125563,13.201532974523865,11.086053586740643,8.985075682937188,-0.3266948287663058,-2.422809395518117,1.732914452765392,1.734724753145531,97.61470031738281,1.0507085779823389,0.008499524556100368,93.85378503799438,-2.7842835783961575,-3.9165632920339704,14.138714502257548,14.129906755770257,1,0.022600869653149964,0,0.1448081066622378,"{""type"":""MultiPoint"",""coordinates"":[]}"
00000000000000000061,634,TANJUNG PRIOK,SUNTER JAYA,3172021002,3.172021002E12,Tidak Diketahui,Sunter Jaya 01,,,,152,"saluran kurang besar, kali meluap, rumah padat",001,0,2020,1577865600000,,0,0,-3.448831975823147,-14.070268116227364,-21.803356118426947,3.7955813039695787,4.04777203303815,-9.031872359693537,-19.106052218301194,4.5215350816945215,JAKARTA UTARA,1,0.673730522021678,0,0.4601791694266271,1903.4041547370969,1600.8580302499659,1237.6560416278837,655.339126744467,354.744017796078,26.343644487481924,163.85682040755606,152.64237483689524,13,4.203211346441195,-23,7.9856784819198845,-1.0548185350149868,-28.417543859648255,4.130698962722741,4.1555312380263825,1.0,5.0,1.6041019937191,0.0,3.1014320850372314,-0.4831892691422404,-2.2687647342681885,1.657200534056742,1.5968775441600824,294087.076678,295363.7042780693,27.965572357177734,5.236124542477326,0.0,24.64016628265381,1.832257360077174,-3.627195119857788,4.268537941725154,4.2979137032763735,22.621731874893513,14.036801332493836,10.214387587122602,9.28228904274704,0.6670614586428364,-3.1513536565269806,2.8040669133101,2.794338878675885,108.82524108886719,12.575974017112886,0.008499596267938614,105.32941102981567,8.990851962491682,-3.773831631988287,33.99391517801524,33.966462452523714,1,0.028366102981286907,0,0.1881360728341987,"{""type"":""MultiPoint"",""coordinates"":[]}"
00000000000000000062,730,TANJUNG PRIOK,SUNTER JAYA,3172021002,3.172021002E12,Tidak Diketahui,Sunter Jaya 02,,,,153,curah hujan tinggi dan air laut pasang,002,0,2020,1577865600000,,0,0,-0.19550887568755265,-11.057435146207842,-17.022945354664238,2.5772595785620926,4.04777203303815,-5.491665401594855,-9.990783363171637,2.3023221478719536,JAKARTA UTARA,1,0.9980998627678664,0,0.06622597523512248,2042.9645670126718,1862.1649300890776,1672.3672167237055,686.8084151839571,464.6073820290537,200.37511391698172,124.23260340680388,97.00521868843947,11,5.298258207537212,-1,5.749803079127242,-0.026344117293446347,-6.117722878624318,2.406102368900294,2.3991304291279594,1.0,4.800000190734863,3.461146436703569,0.0,2.9254924058914185,1.5673867505341432,-1.9549946784973145,1.4870794463882289,1.4963197158637678,165202.538604,165887.62965583891,7.034368515014648,2.882905679044561,0.0,3.5875728130340576,-0.4830761637064012,-3.4202256202697754,1.473976369274649,1.4838515985407206,25.320616451863152,13.894531353765206,11.263310257356965,11.874442437285522,0.4658649857857851,-2.1918117683728298,3.2730492263900555,3.2770078254418484,107.60978698730469,12.113071072975501,0.008499552495777607,104.13711857795715,8.553046463374029,-3.8052993519231677,36.81122940317216,36.8042933580604,1,0.0019001372321334321,0,0.06622597523512294,"{""type"":""MultiPoint"",""coordinates"":[]}"
00000000000000000063,900,TANJUNG PRIOK,SUNTER JAYA,3172021002,3.172021002E12,Tidak Diketahui,Sunter Jaya 05,,,,154,curah hujan tinggi dan air laut pasang,005,0,2020,1577865600000,,0,0,-1.4862496548376924,-13.65318653547685,-22.56945456727707,4.16089484885921,1.8714263844096426,-9.00432610144922,-19.494281186233202,4.674537793021002,JAKARTA UTARA,1,0.6689523401367831,0,0.46671133946970295,1543.9379758342204,1193.550338777123,932.2891972324262,171.9627130907511,-46.22289692847621,-218.49176007266215,101.66555925635531,143.72363035407298,19,6.158336458277533,-3,13.525456498389701,0.6769900437761939,-8.480844969565892,3.2582627147171785,3.2505305650037597,1.0,2.6000003814697266,1.2295728115687978,0.0,0.5653064250946045,-0.9087130019278239,-2.2774293422698975,0.9385609322204111,0.8749197554850017,195339.403339,196166.55827089984,14.6301908493042,3.935735205045073,0.0,11.454813480377197,0.6949046643816431,-3.2655062675476074,2.9260112821372677,2.9175729270340396,19.98089187037465,13.169187370559014,10.514828395754808,6.588215297736687,-0.2587132314990006,-2.8829862919152998,1.3858074752943246,1.3730790144113763,0.7309717535972595,0.09729133657245978,0.008499596267938614,-2.8157463669776917,-3.6182262720685516,-3.913822908885777,0.23689704581906237,0.16418457073834963,1,0.0449634827949501,0,0.23232332509210996,"{""type"":""MultiPoint"",""coordinates"":[]}"
00000000000000000064,60,TANJUNG PRIOK,SUNTER JAYA,3172021002,3.17202100201E12,Tidak Diketahui,Sunter Jaya 06,,,,155,jalan rendah,006,0,2020,1577865600000,,0,0,3.058703505652537,-13.433600224333468,-22.004125566093343,3.799008331681979,6.344499556527356,-7.7457199906553305,-18.676749753487385,4.220371412661483,JAKARTA UTARA,1,0.7003800521353568,0,0.45977907990132244,1187.987549328488,782.139956046175,278.29872698318394,-102.9395585208481,-370.7892972023685,-746.9577104160039,153.72327011072156,216.22313842124032,22,6.4923015080273805,-2,16.465377730040267,0.9528529463116545,-7.525241675616734,3.0164286126867146,3.0104827343832383,0.9864795092898748,2.6000003814697266,0.5945319918083886,0.0,0.5653064250946045,-1.6047219710306242,-2.316161870956421,0.6636734429348694,0.6138329634700584,286350.37245,287489.1373152291,22.71297264099121,3.7340093279961173,0.0,19.5717134475708,0.5680377487825887,-3.2048420906066895,3.206310372936333,3.197183660873543,17.747292782371733,12.832724508394879,10.416034740993757,4.239040036500368,-0.6342349879900068,-2.99294193945099,1.245884143106876,1.2464959687101098,0.34848731756210327,0.04316156124447687,0.008499602787196636,-3.1991175767034292,-3.6666836767207203,-3.9090442741289735,0.1789477888257099,0.07962656434142615,1,0.08252734670012421,0,0.30744179514128517,"{""type"":""MultiPoint"",""coordinates"":[]}"
00000000000000000065,67,TANJUNG PRIOK,SUNTER JAYA,3172021002,3.17202100201E12,Tidak Diketahui,Sunter Jaya 07,cepat surut,,,156,curah hujan tinggi,007,0,2020,1577865600000,,0,0,-2.7930850894229877,-11.842959192819777,-15.883771997370498,1.9467108752940254,7.632145967998164,-5.589484323640997,-10.579832142143085,2.5064659979481636,JAKARTA UTARA,1,0.9617077636243233,0,0.1891897494423712,1781.981323992732,1339.8226244448283,787.1476681815718,230.6658507780205,-43.840446142760406,-403.4874787025499,177.03338594104153,290.03054949158974,10,5.070332281562856,2,4.5541711421419455,-0.42543325402457877,-3.6295739348361105,1.6631690081755355,1.6586759056575358,0.7369359684990479,5.0,1.2229111250428284,0.0,3.2072609663009644,-0.6516786210909664,-2.0464589595794678,1.9141315976559556,1.8762807909923978,179071.86252,179875.10343862235,9.214042663574219,2.4299854246652717,0.0,6.1138083934783936,-0.6593921363044926,-3.157926559448242,1.5451920644809376,1.5412818163343307,25.296777495075613,15.182938987431784,10.866595446866432,11.73801267530791,1.636595802022883,-2.6756220362116654,3.1844009661739365,3.188485688810729,97.59770202636719,11.084089535635586,0.008499491959810257,93.81228113174438,7.342127814356796,-3.806969474069774,30.48231163102132,30.477701618502905,1,0.03829223637567684,0,0.18918974944237132,"{""type"":""MultiPoint"",""coordinates"":[]}"
00000000000000000066,600,TANJUNG PRIOK,SUNTER JAYA,3172021002,3.17202100201E12,Tidak Diketahui,Sunter Jaya 08,,,,157,curah hujan tinggi dan air rob,008,0,2020,1577865600000,,0,0,9.577297326142993,-9.000159082778508,-15.883771997370498,3.2517615790831655,9.029042897005503,-3.0930783299064033,-9.91994238853745,2.836215063783045,JAKARTA UTARA,1,0.9318527875841689,0,0.26915113390917245,1672.3672167237055,1156.219752875321,586.705231461481,166.30906676896575,-133.20029682143905,-509.88511311579134,166.12749652406916,270.6437723318657,12,6.379952854129771,1,6.663014679556885,0.9614131449167981,-4.467525957750602,2.1782250465618564,2.15299878668171,0.5075443598955435,6.099999904632568,2.933745464136456,0.0,4.154543399810791,1.0189268721834581,-2.031399965286255,2.0346171961032167,1.9905164019341348,309183.676622,310513.5730619908,9.214042663574219,2.76576145226232,0.0,6.1138083934783936,-0.3340308296484281,-3.1061975955963135,1.5101334177765195,1.5118878092490697,25.296777495075613,12.911790369440382,10.866595446866432,11.734228982907638,-0.6093683512781787,-2.6756220362116654,1.5190754613870776,1.5232549813830296,96.88373565673828,0.12272385591331292,0.008499509654939175,93.1137056350708,-3.497984881969516,-3.794712858274579,4.788529488704202,4.795412912353933,1,0.06527108875379253,0,0.2652652496563298,"{""type"":""MultiPoint"",""coordinates"":[]}"
0000000000000000002e,40,TANJUNG PRIOK,PAPANGGO,3172021003,3.172021003E12,Tidak Diketahui,Papanggo 04,,,,72,jalan rendah,004,0,2020,1577865600000,,0,0,1.1994636881006517,-11.982217287772608,-19.03889529157587,2.7168497546407884,15.61946290693698,-3.244894049897806,-10.89404757587572,3.5081369950636803,JAKARTA UTARA,1,0.8985794088269022,0,0.3134989291230495,1391.4936349159198,1118.8012226334838,655.95639015131,543.1064701878572,248.341456047211,-237.9612565715713,162.91338130038704,152.52201561816233,15,5.1989629191175535,-1,10.554958825636202,0.4808313863512416,-5.435517364839956,2.8959886810373483,2.896174256071553,0.8783258658016949,7.700000286102295,2.775102142946655,0.0,5.484311103820801,0.5982546330835288,-2.2744648456573486,2.01731103723081,2.0252761330639655,565764.014853,567968.2989857247,21.65027618408203,3.1275492399593214,0.0,18.577860832214355,0.10866614041446568,-3.1264307498931885,2.0410365601969715,2.043980008666916,21.283435556211376,12.982555138313941,9.971771240132997,7.976869648636908,-0.3691074949597651,-3.4336959479502642,1.7118307909350319,1.704988348922144,1.750969648361206,0.10019391127571299,0.008499839343130589,1.5543802082538605,-0.6791890184988999,-3.015805035829544,0.8793807284772165,0.28069541463968645,1,0.08349672598128072,0,0.28945981111118124,"{""type"":""MultiPoint"",""coordinates"":[]}"
00000000000000000032,100,TANJUNG PRIOK,PAPANGGO,3172021003,3.17202100301E12,Tidak Diketahui,Papanggo 07,,,,78,luapan danau cincin,007,0,2020,1577865600000,,0,0,-3.417283183548277,-13.625662854483037,-22.33258477103798,3.7331399712825437,1.8433718340967413,-6.6565730104997725,-17.12593175844528,3.5583016037996247,JAKARTA UTARA,1,0.763157894736842,0,0.4330127018922193,840.0340520953622,679.8728019361585,473.0168798317619,63.173126166225416,-78.80290123376288,-275.69737315237205,81.43363289009952,85.74568125723849,9,3.2253384912959375,-3,6.240529896169269,0.4779526622291288,-5.993770139634487,3.2882066793916587,3.306055050963308,1.0,6.900000095367432,3.0738165565400135,0.0,4.929463863372803,1.0867602413520785,-2.050830602645874,2.2673883901088234,2.2797025891450606,68567.0914947,68822.02188512703,11.737350463867188,3.484236372508671,0.0,8.591015815734863,0.34471772163181036,-3.1592633724212646,2.513406717915274,2.5153643718830145,18.15280634453148,12.800550871809126,11.32631205950404,4.670054917057918,-0.6594577842419341,-2.116103933243142,1.7111339917216135,1.7179597347938034,0.1360013782978058,0.01786800506040734,0.008500018157064915,-2.7882231092080474,-3.5167403736805083,-4.040707170963287,0.3347517863266139,0.02392130704228482,1,0.0940140486613051,0,0.2712931993250107,"{""type"":""MultiPoint"",""coordinates"":[]}"
00000000000000000033,2112,TANJUNG PRIOK,PAPANGGO,3172021003,3.17202100301E12,Tidak Diketahui,Papanggo 08,,,,79,pompa penghisap air danau tidak berfungsi,008,0,2015,1420099200000,,0,0,0.9541364296773782,-17.54682026755361,-24.170631445890024,4.27821555984112,7.597549970888158,-11.800760176016334,-22.175715581893904,5.8920879792200225,JAKARTA UTARA,1,0.5297427044053731,0,0.4991964942582288,880.0578471922215,305.07637769352016,0.0,80.98073710684059,-407.114283110651,-719.7714223719581,170.94055330393795,198.1692588623133,13,-0.7879242197083268,-14,11.093805943430034,-3.2479335289768474,-15.591765127103441,3.436970897043943,3.319306373436304,1.0,6.900000095367432,0.8087365577033813,0.0,4.784694194793701,-1.1333076456591324,-2.1297178268432617,1.4391699941386675,1.4193050196255326,921295.940523,925038.4572499888,24.121734619140625,2.762735953449945,0.0,21.329010725021362,-0.25302545710660856,-3.1876091957092285,3.2237088622462,3.181073848140223,25.561259138249824,15.429755365114941,9.851287814662125,11.985535428416574,1.8940982037642622,-3.7374406906762747,3.5875089669971607,3.587807832793664,126.56432342529297,9.173698539859169,0.008499981835484505,121.23142957687378,4.584060512298778,-5.392642973922193,32.51378463283409,32.70336450774674,1,0.050482334590280634,0,0.24720918707511463,"{""type"":""MultiPoint"",""coordinates"":[]}"
00000000000000000034,10,TANJUNG PRIOK,PAPANGGO,3172021003,3.17202100301E12,Tidak Diketahui,Papanggo 09,,,,80,"hujan lokal, luapan saluran  saluran PHB",009,0,2020,1577865600000,,0,0,10.550527135852548,-10.030387043237221,-16.93238645235476,3.6602098828069565,2.5078173032851736,-5.1086303420825026,-10.728574334186828,2.6290520710994594,JAKARTA UTARA,1,0.7453307931545438,0,0.45364749739447463,986.1186824432255,719.6480085223626,414.86324772403617,158.01999046973754,-83.66067472727458,-355.10275040166465,124.26516455370957,139.79981817273801,11,3.6440981551137384,-9,7.046974579305972,0.04686088959043765,-12.676405298961182,3.040637068200319,3.1093759994964105,1.0,6.900000095367432,2.8105922135385435,0.0,4.779269218444824,0.6695247672539113,-2.172001361846924,2.1576264813146095,2.161351511013865,214303.263879,215115.63793712485,16.816743850708008,3.1262962674115506,0.0,13.68046236038208,-0.059568287081508235,-3.2700796127319336,2.631419189512474,2.620025637880093,21.542822340872853,13.523070907356033,10.568895541092855,8.10887792007088,0.07987765776861742,-2.8871413038880114,2.1658638717885212,2.1683624644662007,2.2694931030273438,0.16704331530390332,0.008499931544065475,-0.7567390203475952,-3.4074718394393275,-4.136266153305769,0.6402595534838691,0.46314921768056666,1,0.2297559148714442,0,0.44320590021979234,"{""type"":""MultiPoint"",""coordinates"":[]}"
00000000000000000035,,TANJUNG PRIOK,PAPANGGO,3172021003,3.17202100301E12,Tidak Diketahui,Papanggo 13,,,,84,"saluran / drainase tersumbat, luapan air dari waduk cincin",013,0,2020,1577865600000,,0,0,10.719039731087278,-11.429316726428025,-17.197738965889847,3.5250697545138077,9.494452621615178,-2.188654931211169,-11.222593995276512,4.367402693182694,JAKARTA UTARA,1,0.861690838344535,0,0.380820167533181,946.0337596635238,630.7665351988429,262.382556060524,176.65057114427373,-96.52663547324572,-442.57839011010304,156.44345305661892,169.73765842972432,16,7.479958296874127,-5,12.472037235947457,4.3292401822478235,-7.976297887575781,3.4715500798439747,3.537456713516082,1.0,10.899999618530273,7.082041490915342,0.0,8.91192078590393,5.074717928632059,-1.9879639148712158,2.5232984909891845,2.528238204868695,187348.724789,188138.81601895439,13.862760543823242,3.931246402160974,0.0,10.59607720375061,0.622525229079943,-3.3606131076812744,2.517036618195287,2.547317897134138,16.570133390565744,12.331969831325209,10.624637516773767,3.048145955219262,-1.166035700575991,-2.852906468088298,0.9998169289852591,1.0030339917793343,0.5694948434829712,0.020538769205882528,0.008499899879097939,-3.809097647666931,-4.2701300759020135,-4.530877219513059,0.11258849886400896,0.06393356115352593,1,0.12931692513916554,0,0.37386628625753354,"{""type"":""MultiPoint"",""coordinates"":[]}"
00000000000000000025,685,TANJUNG PRIOK,SUNTER AGUNG,3172021006,3.17202100601E12,Tidak Diketahui,Sunter Agung 12,,,,52,"Curah hujan yang besar dan tidak henti, air tergenang di wilayah Rw 012",012,0,2020,1577865600000,,0,0,-2.858663685106589,-9.886611062686669,-15.51268143651165,2.572397693047363,4.987071233469575,-4.146551453036106,-10.380126110382575,2.519137452665794,JAKARTA UTARA,1,0.9050646353377606,0,0.3142696805273545,1577.0261195713756,1248.4596127341808,946.0337596635238,692.7527164847002,281.465575382303,-95.76999513986948,191.47050813255788,152.46439858788804,14,7.195534285754739,2,8.785821697100712,2.3191191358961345,-3.1385606874320704,1.9318036713661593,2.0217861033301823,1.0,2.200000286102295,1.0067623501981715,0.0,-0.051522016525268555,-1.2686542445085083,-2.3284926414489746,0.6622819573044231,0.7072991672864483,246389.995238,247358.83418097327,7.467686653137207,2.6649903256891765,0.0,4.232436656951904,-0.584042851544146,-3.328428268432617,1.4276338186052706,1.4182640425521502,19.510895979967987,13.432321266521807,11.079746620934232,6.03028609184158,-0.05082357213886579,-2.3380275438037508,1.7256783200490358,1.7291383651536443,0.8159816861152649,0.07965301510491925,0.008499732241034508,-3.179520416073501,-3.5078727847640954,-4.414156245999038,0.22703163279578478,0.14269627938869456,1,0.09493536466223965,0,0.31426968052735443,"{""type"":""MultiPoint"",""coordinates"":[]}"
00000000000000000026,634,TANJUNG PRIOK,SUNTER AGUNG,3172021006,3.172021006E12,Tidak Diketahui,Sunter Agung 01,,,,53,Curah hujan tinggi,001,0,2020,1577865600000,,0,0,-6.17200231430573,-13.295087587227341,-21.37668332000487,2.559941324720961,4.63668248477341,-7.328057445629713,-17.175473497653925,2.9896373319433964,JAKARTA UTARA,1,0.9275336269135138,0,0.28618176042508364,382.4850156088664,167.95694161014274,0.0,-321.17288753457245,-554.3784937818745,-780.0519412790787,109.41196625528042,98.54715712974225,12,1.9917767592342954,-9,9.366917293233296,-0.6167610478131393,-11.288363766559147,2.9498769589132445,3.0116440692751194,1.0,2.9000000953674316,1.1643899312219268,0.0,1.054889440536499,-0.6784519558210933,-1.8569440841674805,0.9577352924713306,0.960085367238959,232899.813028,233821.82632578549,13.765764236450195,3.9084897576478754,0.0,10.959908246994019,0.9020244266587518,-3.292268753051758,2.4649518034715165,2.392859045181432,20.36229352706928,14.265974517791825,10.454358198852724,6.989307584687708,0.8529501133919319,-2.981117381258647,2.973551081034497,2.9614609222371016,9.230639457702637,2.482659356344466,0.008499917574226856,5.3576507568359375,-1.463002358560971,-4.610234833322465,3.874639706099456,3.8798841268781623,1,0.0063658967676223,0,0.11469767022723502,"{""type"":""MultiPoint"",""coordinates"":[]}"
00000000000000000027,,TANJUNG PRIOK,SUNTER AGUNG,3172021006,3.17202100601E12,Tidak Diketahui,Sunter Agung 11,,,,54,Saluran air tersendat,011,0,2020,1577865600000,,0,0,3.5761505334567576,-9.413256814770236,-15.159366289589354,2.8575418138195974,4.851799188500696,-3.775210993989341,-10.380126110382575,2.437951479119677,JAKARTA UTARA,1,0.9430648883212633,0,0.27760124678326636,1659.4529908961447,1508.596278761244,1302.0362575498923,724.4880874523046,546.8745107944173,238.6716748821275,110.11677421853646,87.85657723727982,11,6.157279073480113,0,6.5857500895101015,1.4694762484619555,-4.763336913712123,2.0682297773413705,2.116786893710723,1.0,2.8000001907348633,1.3209744307852391,0.0,0.5438809394836426,-0.8843447327753975,-2.3284926414489746,0.8991693856545098,0.9134028514893794,240325.302906,241327.39573419624,6.669831275939941,2.6578185289962812,0.0,3.1947104930877686,-0.8164351584490831,-3.5354416370391846,1.3617255513339437,1.3695822487263478,20.560724495851062,13.183142340100966,11.312255381301306,7.054599258075825,-0.2509093536135026,-2.1302611340923168,1.6203633863886264,1.6362486464939336,0.9859781861305237,0.0871042278026025,0.008499713614583015,-3.2897282242774963,-3.784415496070263,-4.494242477230728,0.3043445288687637,0.23208034686655032,1,0.056935111678736806,0,0.27760124678326653,"{""type"":""MultiPoint"",""coordinates"":[]}"
00000000000000000028,500,TANJUNG PRIOK,SUNTER AGUNG,3172021006,3.17202100602E12,Tidak Diketahui,Sunter Agung 15,,,,57,curah hujan ektrim,015,0,2019,1546329600000,,0,0,0.9732641173045583,-10.714392654223637,-16.15450827246508,2.8219098278688852,10.480543845008508,-4.633679324379489,-9.978925935346737,2.639962407306224,JAKARTA UTARA,1,0.839068159367797,0,0.3753663652655036,1350.6968763229709,1262.8999541780945,1120.898770843552,481.34205112178347,383.8042401111361,223.0982493162968,58.09222138571322,58.796117043309216,14,6.351525628361322,3,9.549445041175044,1.7642050663457918,-1.7215180809158603,1.8255825448000853,1.8190502976299534,1.0,6.199999809265137,3.240308343114635,0.0,4.053590774536133,1.061230591925082,-2.2512423992156982,2.7088555659480895,2.6937462228990925,127144.715618,127661.79916714678,11.940643310546875,2.435274445325964,0.0,8.842901706695557,-0.6940185722401551,-3.180612325668335,1.7293966776782106,1.7311046401824672,18.440463922414445,13.147895207296179,11.219653529259526,5.003593579843606,-0.3224247225931633,-2.218898592255309,1.3599712526451928,1.3529063373240595,0.14449721574783325,0.029900841760788378,0.00849984958767891,-2.191388137638569,-3.190122308983392,-4.020266026258469,0.4634807421766945,0.043372485571187315,1,0.15393480408297663,0,0.36994527180683284,"{""type"":""MultiPoint"",""coordinates"":[]}"
00000000000000000029,1363,TANJUNG PRIOK,SUNTER AGUNG,3172021006,3.172021006E12,Tidak Diketahui,Sunter Agung 02,,,,62,Surah hujan tinggi dan lancarnya saluran draenase,002,0,2020,1577865600000,,0,0,2.113076842593499,-9.74651937035275,-16.297564950473884,2.8458743306016685,7.388971223459922,-4.415951431766638,-10.557985895414486,3.124021409194134,JAKARTA UTARA,1,0.9954091532964173,0,0.14069079067862744,649.3636962940959,379.296041826663,185.53248465545596,-61.48494932221365,-342.9217722014413,-536.7429692760605,128.87876352006205,127.33867230665165,9,3.986274788205783,-2,5.667883995703976,0.8442753181545055,-5.396133190117703,2.101324357296315,2.1003301152925404,1.0,3.6000003814697266,2.6690993588975784,0.0,1.7380800247192383,0.7902884706392882,-1.9248923063278198,0.615633591575702,0.6079376331080901,147455.378756,148014.23990940722,7.942859649658203,2.7224775953287526,0.0,4.453622341156006,-0.7698796848162677,-3.5988495349884033,1.573874070734598,1.5935448669623817,17.495311353813165,12.696261580904606,11.311012862414097,4.134473294691309,-0.7080684398861209,-2.1115362017921804,1.085308439333172,1.0861907992205666,1.4364498853683472,0.024873283359841528,0.00849988218396902,-2.3022090196609497,-3.789478442429476,-4.124747457914054,0.236208337889742,0.1740215929420607,1,6.389322731790427E-4,0,0.12215542042876591,"{""type"":""MultiPoint"",""coordinates"":[]}"
0000000000000000002a,2,TANJUNG PRIOK,SUNTER AGUNG,3172021006,3.17202100601E12,Tidak Diketahui,Sunter Agung 06,,,,64,Kali meluap,006,0,2020,1577865600000,,0,0,3.2542500754865578,-12.320511866903262,-22.1753080042603,3.25243659984844,11.584031393992351,-6.288476028558463,-18.578469994356595,3.686502438994155,JAKARTA UTARA,1,0.7843137254901963,0,0.42102677413232503,1147.455046826599,521.4137785976039,0.0,402.10312131402077,-166.31284281901213,-693.505052812898,281.8933116103947,305.63745552526143,15,2.0820328131252515,-20,11.450554958826089,-0.6640275902696814,-21.956963838166818,4.509520042860776,4.7860398750898865,1.0,8.899999618530273,2.490344802864125,0.0,6.86909294128418,0.5450397593598688,-1.9879639148712158,2.063219933718111,2.1105944503882075,523089.978055,525223.9944914368,21.38434410095215,4.268106509728227,0.0,18.62552785873413,1.0894560909285549,-3.5559072494506836,3.0820671248956226,3.0121651933528493,25.433954691063594,13.497568718819238,10.274319725018378,11.929676290302083,-0.02630905871786296,-3.2980958605269883,3.067076721755131,3.0728923428237147,121.43032836914062,12.124015222636974,0.008499892428517342,116.44072389602661,7.587716989631083,-5.141634047031403,37.1966538470395,37.23727508937507,1,0.10700280112044822,0,0.31736909190383955,"{""type"":""MultiPoint"",""coordinates"":[]}"
0000000000000000002b,420,TANJUNG PRIOK,SUNTER AGUNG,3172021006,3.17202100601E12,Tidak Diketahui,Sunter Agung 07,,,,67,Luapan air kali dan got,007,0,2020,1577865600000,,0,0,3.4229544296652152,-10.743140170967445,-17.684758319346365,3.1428878145297063,6.360494642217985,-5.428183054528034,-11.832004731635745,3.064426879336967,JAKARTA UTARA,1,0.9595652574375978,0,0.2443220355606363,1147.455046826599,836.3392170535716,564.2750229076685,405.9665695677454,117.68063645821209,-130.82984081906466,141.6033898096894,151.87716135285876,9,4.1477848392742,-4,5.494163981382448,0.935327148865904,-7.016684568563967,1.954183566554658,2.0271261861928784,1.0,5.599999904632568,2.834630556868721,0.0,3.558342695236206,0.8134975312917885,-2.083606719970703,1.572735599958047,1.5898845568069238,227133.182469,228090.85863820798,8.508800506591797,2.359138387561865,0.0,5.201543569564819,-1.1909274827518623,-3.70167875289917,1.5223249252253213,1.491998598717601,22.649010061629838,13.725146959453415,11.225403747878156,9.213017703326686,0.2695434698292327,-2.2530812257590167,2.803385916243211,2.8059639024859186,111.1286849975586,8.212093862600659,0.00849988218396902,106.93045949935913,3.921649448373506,-4.3906075386330485,33.44440334318574,33.40706320271202,1,0.002640385619109023,0,0.08164781919863383,"{""type"":""MultiPoint"",""coordinates"":[]}"
0000000000000000002c,183,TANJUNG PRIOK,SUNTER AGUNG,3172021006,3.17202100601E12,Tidak Diketahui,Sunter Agung 09,,,,69,"Curah hujan tinggi, dan kondisi rumah rendah",009,0,2020,1577865600000,,0,0,0.6642006857821485,-9.202943046908095,-14.704306806688088,2.8677491782037334,3.694119072730893,-4.061638013136679,-8.592246697617329,2.2750126179578065,JAKARTA UTARA,1,0.9925759668508287,0,0.11702985796078294,1328.210458360942,1137.2517834999178,1024.6366367176336,466.059553028712,336.66730581898696,199.75606392540556,53.75309038641627,62.21061327413126,11,6.097064917127074,2,7.188900823487773,2.3050757418412715,-2.0137486573571524,1.8796697511097833,1.8929184958943077,1.0,5.799999713897705,1.638739678378922,0.0,3.6961758136749268,-0.4731293973672454,-2.127375602722168,1.990252872441762,1.9801672942883222,101020.036587,101422.13025182235,6.756728172302246,2.6705010846339534,0.0,3.0785181522369385,-1.0145745464122096,-3.704258918762207,1.2157914695849885,1.210389248172039,17.95042198820956,13.320653795211141,11.180841231340642,4.435602592305575,-0.14772192495135197,-2.280655627520476,1.6665821166383221,1.6821941961719287,1.062476396560669,0.17422125266169616,0.008499824441969395,-3.3475091457366943,-4.20042029746891,-4.503419182263315,0.33344917446395617,0.3678319276341533,1,1.0359116022099449E-4,0,0.0830434773826486,"{""type"":""MultiPoint"",""coordinates"":[]}"
0000000000000000001b,300,PADEMANGAN,PADEMANGAN TIMUR,3172051001,3.17205100101E12,Tidak Diketahui,Pademangan Timur 10,,,,40,Hujan deras,010,0,2020,1577865600000,,0,0,10.087894139306156,-13.587513249905633,-22.31397793605753,4.314647178639349,19.489140427253837,-8.179787149205128,-19.922426806200278,4.663890284512459,JAKARTA UTARA,1,0.5219913049392932,0,0.49861706118366345,2034.5225285572158,706.4657474945016,0.0,688.1360128424506,-183.41724649726578,-751.5558442559071,344.6514892466661,478.73330059992765,33,2.6859674530387387,-16,28.505692803437938,-1.6027079903241737,-20.716720372358676,4.6497351662034125,4.554713629655969,1.0,4.900000095367432,1.8831533433456054,0.0,3.1256858110427856,0.09071951441878924,-2.051471471786499,1.375358400229715,1.3676964417171722,2461221.43985,2471181.566679145,35.97293472290039,5.56126661373453,0.0,32.300386905670166,1.850657868996288,-3.8973677158355713,3.7749822229281316,3.773174805344493,22.617205392611375,12.94557740265175,9.368235373590519,9.230006945103208,-0.3987812717122219,-4.018680920343224,2.4630827931348986,2.456833555314956,108.6552505493164,1.6886878629711037,0.008499596267938614,105.17422604560852,-1.3464441239949745,-3.7546516247093678,12.533851635325535,12.56565845735097,1,0.2303255829771798,0,0.4184691351733942,"{""type"":""MultiPoint"",""coordinates"":[]}"
0000000000000000001c,11,PADEMANGAN,PADEMANGAN TIMUR,3172051001,3.172051001E12,Tidak Diketahui,Pademangan Timur 01,Gudang RT 13 RW 01,,,41,Curah hujan tinggi,001,0,2013,1357027200000,,0,0,3.0932108908247136,-10.194095396499504,-16.234435691245018,3.365408707754944,5.568695930295181,-4.092782083124818,-9.354530952929984,2.334584582283788,JAKARTA UTARA,1,1.0,1,0.0,764.9700312177328,532.4106341959261,293.3526157307405,88.04993971238923,-184.77324533191225,-423.20566018389053,109.08665208055807,93.59602617249203,7,2.9322885801453014,-1,3.852273540995758,-0.4122550447641736,-4.750017901896997,1.5692287380245913,1.5445973700823443,1.0,4.100000381469727,2.1014091179642524,0.0,2.287346839904785,0.2891731305483553,-1.8121265172958374,0.939514786706135,0.9372103662036725,158954.521796,159613.45690782188,4.744575500488281,2.0407848231503767,0.0,1.8277575969696045,-1.1631504724461688,-3.417793035507202,1.0914310354006609,1.0637672132960578,19.095529506688813,13.41895773840463,11.558192885058164,5.753835135893741,0.07537381464043466,-1.7731484558797295,1.3832225282952781,1.384395724887274,6.357701301574707,0.049982385985920086,0.00849984958767891,3.353808641433716,-2.63503004588,-3.0076048746705055,0.47766740814546693,0.4344070603844116,0,0.0,0,0.0,"{""type"":""MultiPoint"",""coordinates"":[]}"
0000000000000000001d,180,PADEMANGAN,PADEMANGAN TIMUR,3172051001,3.172051001E12,Tidak Diketahui,Pademangan Timur 02,Kantor Sekretariat RW 02 dan Swadaya Masyarakat serta gedung SKKT,,,42,Intensitas / Curah Hujan Tinggi,002,0,2020,1577865600000,,0,0,4.186104813847959,-8.804398579781182,-18.58067589743215,4.0130041356785915,9.915778055465163,-3.550927818394492,-13.263649049493036,3.3070537015480896,JAKARTA UTARA,1,1.0,1,0.0,622.2948715860543,410.44463935365735,262.382556060524,-39.40652722428308,-269.806498548427,-424.233444626466,101.05510751731526,93.26892903790005,6,2.605569166005315,-1,2.6463301109922437,-0.9694470442887326,-4.750017901896997,1.4462451960233822,1.4246374404509707,1.0,3.0,1.945705809671684,0.0,1.2599925994873047,0.1807571787266688,-1.7989791631698608,1.1572691845055987,1.151538456109201,101087.419406,101517.31754809261,5.414906978607178,2.1292224024472572,0.0,1.8355765342712402,-1.3908455288108688,-3.598600387573242,1.10280636426965,1.1144612701202048,19.716761923977092,14.849519845195594,11.556118791312404,6.3921374312068036,1.5212522915854774,-1.7600783899606949,2.847158844898119,2.8452986322955036,6.3322014808654785,1.486207201228146,0.008499839343130589,3.3768351078033447,-1.2923756815189238,-2.907854041084647,2.5160148847977686,2.6058825131863035,0,0.0,0,0.0,"{""type"":""MultiPoint"",""coordinates"":[]}"
0000000000000000001e,Semua KK,PADEMANGAN,PADEMANGAN TIMUR,3172051001,3.172051001E12,Tidak Diketahui,Pademangan Timur 04,Posko dan Dapur Umum disediakan oleh RW 14,,,44,Intensitas / Curah Hujan Tinggi,004,0,2020,1577865600000,,0,0,-4.014228922931869,-9.627207472073762,-18.170716416746494,2.569441545979262,2.9921360650437343,-4.13198347721331,-13.534716598041957,2.457056963860145,JAKARTA UTARA,1,0.9961769009298155,0,0.13360853142453716,1057.6978978086688,749.7725489271851,499.5615034733919,391.5182590079377,74.81492131211792,-188.17333939142156,146.50327374843258,145.2370780652893,6,2.24515032803134,-2,1.7240959541718883,-2.005913637162433,-6.419906910131652,1.7260623498590761,1.719984624186512,1.0,3.5,1.5160900249619391,0.0,1.790519118309021,-0.14980239080337338,-1.7071894407272339,1.1626767068287316,1.1748567433790997,73958.4056645,74237.24151690346,8.696743965148926,2.866150285985879,0.0,4.892784833908081,-0.9156480243968195,-3.818774461746216,1.7920705736766014,1.791847155378135,19.65437670888454,14.4743475457033,11.556097364058237,6.358681473761612,1.164260441612567,-1.7451300868216588,2.4482292735457287,2.441579387314432,5.626713275909424,0.9845997323019855,0.008499746210873127,3.304558515548706,-1.333017715993528,-2.6849057860672474,2.1322981076930376,2.0955656298904457,1,0.0038230990701845474,0,0.133608531424537,"{""type"":""MultiPoint"",""coordinates"":[]}"
0000000000000000001f,200,PADEMANGAN,PADEMANGAN TIMUR,3172051001,3.17205100101E12,Tidak Diketahui,Pademangan Timur 06,Posko dan Dapur Umum,,,46,Intensitas / Curah Hujan Tinggi,006,0,2020,1577865600000,,0,0,1.484135464157379,-8.286903078547727,-13.444829274608203,3.562915947036113,3.1269718589380426,-3.9884808750397798,-8.675754199436337,2.143137830707882,JAKARTA UTARA,1,0.9964711920954705,0,0.154257446837482,1081.8309929570876,967.4009944314739,829.7264954480723,440.65565370217564,322.74238627281346,174.48768797533353,66.63100073155285,63.80197377841953,5,2.5279738226613633,-1,0.5240243465815713,-1.9474155637109494,-5.317221625491545,1.2761057180845286,1.3274209584573444,1.0,2.8000001907348633,0.3877582427520096,0.0,1.1438239812850952,-1.2656980084543832,-1.667318344116211,0.6089569643313221,0.6057772590914492,54384.1398325,54611.26458374573,4.719644069671631,1.70549652082125,0.0,0.9423196315765381,-2.085195142448323,-3.802690029144287,0.8619048846739336,0.8610831111688344,20.27303882365907,14.369496137464681,11.784998099608606,6.977776059266128,1.0716089737703152,-1.5194166101381565,2.139085873549978,2.132056603469037,0.7564793229103088,0.21964999436402385,0.008499746210873127,-0.9472184777259827,-1.6565652055305895,-2.127730779349804,0.37976159268134213,0.2887456159184449,1,6.416014371872194E-5,0,0.10975609756097561,"{""type"":""MultiPoint"",""coordinates"":[]}"
00000000000000000020,9,PADEMANGAN,PADEMANGAN TIMUR,3172051001,3.17205100101E12,Tidak Diketahui,Pademangan Timur 07,sudah ada peninggian jalan gang,,,47,Got Macet/Pasang Surut,007,0,2020,1577865600000,,0,0,10.148437739289442,-8.523887195571714,-13.246412624861179,3.2616701231996057,4.57478740947226,-3.4281481427582055,-7.36992122136223,2.054714611200165,JAKARTA UTARA,1,1.0,1,0.0,946.0337596635238,773.4383201222911,540.9154964785438,315.9257465875546,130.17735548357268,-122.07228652275512,116.02794793715738,106.58045368867515,7,4.315559552871643,1,2.9511636233447582,0.21166362796802685,-3.375366988900062,1.682574820089956,1.6376257758774382,1.0,3.700000286102295,2.2411410008882258,0.20000004768371582,2.0018813610076904,0.5348342213366618,-1.4843608140945435,1.2834572378014968,1.2999821807671348,54324.1468624,54541.15389073032,3.9401485919952393,2.341444079828924,0.0,0.3625001907348633,-1.3158034541322625,-3.5330114364624023,0.9424836437670072,0.9440931339341952,18.15278258042568,12.75366612116765,11.723231203449165,4.8182018651975085,-0.5849838765551406,-1.6237160217951363,1.0622987262718493,1.0583340770056926,0.08499808609485626,0.01725246843592444,0.0084998132660985,-1.5726792067289352,-2.271751977268047,-2.571224246174097,0.21822241471436318,0.019463797747895143,0,0.0,0,0.0,"{""type"":""MultiPoint"",""coordinates"":[]}"
00000000000000000021,499,PADEMANGAN,PADEMANGAN TIMUR,3172051001,3.17205100101E12,Tidak Diketahui,Pademangan Timur 08,,,,48,"Jalan Rendah, Saluran Mampet dan Tersumbat",008,0,2020,1577865600000,,0,0,10.148437739289442,-9.018708514497407,-15.513497756030915,3.619574049360537,4.57478740947226,-3.7599575326124604,-7.964954236715131,2.2252776431593193,JAKARTA UTARA,1,0.8901913125294025,0,0.31325600594324693,913.6415294927517,807.9845560942287,586.705231461481,284.8492591089238,163.49997117767998,-79.78259750876214,80.266871816722,70.16855396004092,6,2.7858710992629754,0,1.287862513427287,-1.4519459084766468,-4.467382742569931,1.2430250607428648,1.1799351559803357,1.0,3.700000286102295,1.6030657709308491,0.0,1.9910614490509033,-0.11311459723583725,-1.6612746715545654,1.2050890811443309,1.2414010557558204,89035.9605498,89370.01999710522,3.940147638320923,1.5481044702747129,0.0,0.3211171627044678,-2.0992674631713153,-3.64067006111145,0.7429619907012257,0.7519027836322784,18.15278258042568,13.910702193045783,11.887049255762376,4.819650224222245,0.5998036193870055,-1.4602587764521147,1.4044764776105483,1.3921769797192505,0.43348968029022217,0.055200481323743805,0.008499781601130962,-0.027934998273849487,-1.790596777822414,-2.416051398962736,0.5273546063655109,0.11006323661667865,1,0.10102712874392347,0,0.30388203411429154,"{""type"":""MultiPoint"",""coordinates"":[]}"
00000000000000000022,12,PADEMANGAN,PADEMANGAN TIMUR,3172051001,3.17205100101E12,Tidak Diketahui,Pademangan Timur 09,,,,49,Curah hujan tinggi dan air kiriman / genangan,009,0,2020,1577865600000,,0,0,0.8731609564958619,-9.554888567555821,-14.04788646499117,2.7220754355676315,-1.496289027238633,-4.484329982692216,-8.15927693394963,1.5365987287365825,JAKARTA UTARA,1,1.0,1,0.0,1037.1581193100906,940.9669844057047,829.7264954480723,402.7864142012561,310.3618570892673,199.85616625654836,46.52058522646631,47.130842805812094,5,2.94087923193532,1,0.3880415324032631,-1.6030254598928162,-3.3968492660214347,0.7531200088495927,0.7775532106048417,1.0,2.8000001907348633,0.40393293454065954,0.0,1.1382099390029907,-1.2593304371620961,-1.6666666269302368,0.40942200332625456,0.40831740032369385,41407.5950682,41595.29807738121,2.945629835128784,1.302600927398685,0.0,-0.8375861644744873,-2.4901797272088007,-3.802690029144287,0.7079747270952683,0.7104069234616865,17.747313162578,14.276750803097508,12.019422156529034,4.440808475102072,0.9952071091643959,-1.2400868348605165,1.7697380951460933,1.7648624560265347,0.6034845113754272,0.11071776188326457,0.008499760180711746,-0.42713719606399536,-1.4827894762344118,-2.025020156055689,0.3897143215642704,0.19855121963995254,0,0.0,0,0.0,"{""type"":""MultiPoint"",""coordinates"":[]}"
00000000000000000023,200,PADEMANGAN,PADEMANGAN TIMUR,3172051001,3.17205100101E12,Tidak Diketahui,Pademangan Timur 12,,,,50,Meluap air laut/kali,012,0,2020,1577865600000,,0,0,-7.459289114802461,-12.10471986773983,-17.998865697505025,2.0102759547773807,-3.9929427971022005,-7.271100631640866,-11.802228340639056,1.8220995691196193,JAKARTA UTARA,1,0.9985599907839411,0,0.14821242649744862,334.4734433447411,191.2649741154757,92.76624232772798,-402.2717726598381,-539.0409622155222,-629.2200916682627,49.360445150363454,55.9314845961841,7,2.227924658717816,-4,4.320802005012758,-0.6404732073418702,-7.0304332259215885,2.6041659500938423,2.6071289909704585,1.0,3.4000000953674316,1.807989166667471,0.0,1.560251235961914,-0.03576552087855113,-1.853078842163086,0.9796271758933283,0.9827627100725793,60519.9405093,60842.56597801046,7.643996715545654,3.716341093116472,0.0,4.729696035385132,0.6838050080117499,-3.00185489654541,1.9677923063772098,1.9622622695542344,19.79401023123002,12.896482217913965,11.180864494634752,6.440832875645972,-0.4678767460975428,-2.1851391700862184,2.3506328084094106,2.348690755881269,8.440141677856445,0.7311699210808977,0.00849994271993637,4.847813844680786,-2.712135224616957,-3.625407845713198,2.607319878472157,2.6148056512399886,1,0.0011520073728471863,0,0.10540260134434673,"{""type"":""MultiPoint"",""coordinates"":[]}"
00000000000000000024,300,PADEMANGAN,PADEMANGAN TIMUR,3172051001,3.17205100101E12,Tidak Diketahui,Pademangan Timur 10,,,,51,Hujan deras,010,0,2020,1577865600000,,0,0,-3.8715119411985786,-12.53610835114906,-20.92917053671117,3.0922665713384188,4.563782970807721,-6.863672761578611,-17.172975541568054,3.041518822011991,JAKARTA UTARA,1,0.9765931569405881,0,0.1514039013764985,463.8312116386399,260.03719003284596,0.0,-271.72154693196643,-494.30014096204025,-784.8839263487979,124.43621675788306,114.28405920459045,10,3.8093489684925563,-3,7.339563193698765,1.010145058817324,-5.724310776942102,2.506628534299039,2.5988873452779258,1.0,4.100000381469727,1.540877098758359,0.0,2.2985947132110596,-0.26196355740041466,-1.8396952152252197,1.3839588292804772,1.3864676228492632,152061.555904,152639.55297268883,9.502952575683594,3.371361396935448,0.0,6.8182737827301025,0.4353338214847591,-2.9539122581481934,1.9572414089340704,1.8795589001468673,19.962906594326736,13.859571066469467,11.061225716877667,6.566803939728212,0.48551834522848103,-2.31630355035756,2.5482556143549258,2.5433381316516144,8.440141677856445,0.9050898082562856,0.008499899879097939,4.82532000541687,-2.3565526560216212,-3.649861691519618,2.158253784809808,2.1134157997172336,0,0.0,0,0.0,"{""type"":""MultiPoint"",""coordinates"":[]}"
0000000000000000000d,100,PADEMANGAN,PADEMANGAN BARAT,3172051002,3.172051002E12,Tidak Diketahui,Pademangan Barat 05,,,,24,curah hujan tinggi,005,0,2020,1577865600000,,0,0,-4.739600976553879,-11.717554572549876,-15.461721811748108,2.1123648534459507,2.7989540305261844,-4.156253926833715,-8.101328606116525,2.0472815500596067,JAKARTA UTARA,1,0.997061430104016,0,0.0957785225258207,855.2624952764933,740.4204309419473,556.5974539663679,200.89447101681503,73.05823761810638,-125.69273152973665,91.40412607248324,83.24178423154041,7,4.61294836512897,1,2.966917293233739,0.4135328425887509,-3.080916577156496,1.5047500129692115,1.4971394764005725,1.0,4.200000286102295,2.5804048918805873,0.5999999046325684,2.4087356328964233,0.8133521607754094,-1.131312370300293,1.2095469360252011,1.2288486256025308,74802.076267,75123.86955041206,5.006729602813721,1.7264383396382164,0.0,1.5398883819580078,-1.7969006526530784,-3.6080586910247803,1.0190070101978135,1.0157155948156655,17.05416992652613,13.057146697087976,11.482700114039492,3.7606537065334997,-0.250435604257223,-1.836988342694454,1.009844600094098,1.0089368735946147,0.03399938717484474,0.011655324940527168,0.008499824441969395,-0.4193467414006591,-1.4833518253679998,-2.1150159761309624,0.4239431400285899,0.00634859345013658,1,0.002938569895983954,0,0.09577852252582038,"{""type"":""MultiPoint"",""coordinates"":[]}"
0000000000000000000e,515,PADEMANGAN,PADEMANGAN BARAT,3172051002,3.172051002E12,Tidak Diketahui,Pademangan Barat 01,,,,25,hujan ekstrem dan saluran dangkal,001,0,2020,1577865600000,,0,0,2.2662221405055476,-10.32045097946109,-18.130789433320352,3.4436093900189513,7.102876503356121,-4.312426955440741,-12.374797980375646,3.5097384134356044,JAKARTA UTARA,1,0.9359609745971617,0,0.2358861394460247,747.9053559872657,431.3678854896844,92.76624232772798,75.74212980725997,-274.47808398450996,-690.35358322868,194.51315303403337,163.83658498199048,9,5.359895171125352,1,4.121589688507895,0.43952207772435165,-3.996562835659641,1.7252682388670109,1.7324179124368853,1.0,2.3000001907348633,0.9763824056430225,0.0,0.670798659324646,-0.6947336835307399,-1.716935157775879,0.9255316448617861,0.9118843646697762,134473.738909,134998.10086543675,7.06204080581665,2.340429515584547,0.0,3.5468664169311523,-1.162646325764688,-3.6629202365875244,1.387344619475575,1.3686259232693914,19.693223447291253,13.386721188796145,11.136204963343205,6.457579898675261,0.09334092903397814,-2.1499239484026855,1.9063970004294775,1.9124643196741185,1.096458077430725,0.1361628682618305,0.008499746210873127,0.03664964437484741,-2.721640151143141,-4.842898562550545,1.371482154164231,0.36329424158912793,1,0.045693972339707845,0,0.20288131466788395,"{""type"":""MultiPoint"",""coordinates"":[]}"
0000000000000000000f,50,PADEMANGAN,PADEMANGAN BARAT,3172051002,3.17205100201E12,Tidak Diketahui,Pademangan Barat 13,,,,26,saluran air belum maksimal,013,0,2020,1577865600000,,0,0,6.9749815024483635,-12.08123457681125,-20.12876093126703,3.4935109973155813,6.401991532140801,-6.620485228141644,-16.154886872083964,3.4544742641325223,JAKARTA UTARA,1,0.8568578384958744,0,0.3465950944363784,792.5951218871414,518.5794651120378,185.53248465545596,-110.29422996257449,-353.2892401091239,-660.1681671806767,130.60507020595574,158.74770883189618,11,4.9017651832814835,-2,6.691729323309021,0.8437674614941801,-5.786394557822503,2.4156580430852514,2.4463019074570314,1.0,3.5999999046325684,1.5577370248756122,0.0,1.7813912630081177,-0.2511593745329796,-1.8376845121383667,0.8296678968475508,0.8285984545553097,206340.038387,207186.0811727192,9.425020217895508,3.289695707555312,0.0,6.3575897216796875,0.4544272914450242,-2.8183753490448,1.65517595296736,1.6888159405913388,19.073932851854643,12.951657804991164,11.015467504787154,5.523035473481466,-0.530599351949221,-2.5013761687804035,1.8635619678506916,1.881510701586759,3.6294312477111816,0.2507915379844284,0.00849988218396902,-0.42348141223192215,-3.534013493078805,-5.8374788369983435,1.4875874880433475,0.8594275272922891,1,0.07329568510753416,0,0.24502163140751587,"{""type"":""MultiPoint"",""coordinates"":[]}"
00000000000000000010,1,PADEMANGAN,PADEMANGAN BARAT,3172051002,3.172051002E12,Tidak Diketahui,Pademangan Barat 02,,,,27,Rembes,002,0,2020,1577865600000,,0,0,-6.6582678012529986,-11.622497755146409,-15.513497756030915,1.398822554676568,2.677797171693271,-4.832347943298002,-8.262812045912728,1.9139890643663615,JAKARTA UTARA,1,0.9503540191586839,0,0.32852548467788656,829.7264954480723,688.569382610576,540.9154964785438,197.47278121103068,46.04723259590876,-118.469388452658,86.18885119545985,79.09552421403657,6,2.8812161599333597,-1,1.2474042248487063,-1.7558551283895423,-5.689867525956899,1.6223360075375934,1.6569737868106165,1.0,1.6999998092651367,0.4338691666939515,0.0,0.04015016555786133,-1.2421156102843407,-1.707712173461914,0.4744633707153604,0.4679654585384068,41867.2253639,42055.10377383055,6.464860916137695,1.9449995443851733,0.0,2.871544361114502,-1.7440185392761862,-3.7551863193511963,1.2519827264577543,1.234406940367034,19.693223447291253,14.025544729688772,11.558169147486714,6.469010534126847,0.7839566435532557,-1.688642471817488,1.990536074137369,1.9901409806025159,0.3824911117553711,0.10529352302202599,0.008499781601130962,0.039634495973587036,-0.4277808787196453,-1.2777852937579155,0.37233921993964786,0.14370634011403327,1,0.04773011245314451,0,0.3099914104555367,"{""type"":""MultiPoint"",""coordinates"":[]}"
00000000000000000011,100,PADEMANGAN,PADEMANGAN BARAT,3172051002,3.172051002E12,Tidak Diketahui,Pademangan Barat 03,"RT.001, 002, 007, 008, 012, 011",,,28,Jalan rendang dan saluran tidak lancar,003,0,2020,1577865600000,,0,0,-4.93530866735615,-11.422048621596488,-15.230994859622289,1.9881109802947179,4.12108426280761,-5.314981625510971,-8.868679507823652,2.1244983080461473,JAKARTA UTARA,1,0.8861319880572429,0,0.33071891388307384,622.2948715860543,384.9794871801054,131.191278030262,-31.876145807998682,-308.5175664353627,-611.1032779786395,144.05491500758376,119.34584707647964,6,2.382425615154947,-1,1.2474042248487063,-2.340023773601201,-5.70977443608937,1.6904758180693982,1.737486963043338,1.0,1.9000000953674316,0.40162149524266516,0.0,0.20546376705169678,-1.3084294531380467,-1.7460013628005981,0.528251060457967,0.5273991903230136,67806.882456,68065.77097052812,6.464860916137695,2.0064975167080505,0.0,2.871544361114502,-1.474724928532891,-3.5845000743865967,1.2489555535531898,1.2727654495438778,19.13360934986097,13.385044260445992,11.75435326724996,5.874807191649628,0.10612316081775167,-1.5738663151293313,1.4935920507674512,1.4874341994026126,0.2974933981895447,0.046895551454215624,0.008499795570969582,-0.026683956384658813,-1.324527209871933,-4.227835453115404,1.3070225187106743,0.08623083823571398,1,0.08761453721816122,0,0.3075420306099899,"{""type"":""MultiPoint"",""coordinates"":[]}"
00000000000000000012,200,PADEMANGAN,PADEMANGAN BARAT,3172051002,3.172051002E12,Tidak Diketahui,Pademangan Barat 04,,,,29,Hujan deras dan luapan kali yang tidak menampung air hujan,004,0,2020,1577865600000,,0,0,-3.1638695417323257,-10.583125367055318,-14.61251002761915,2.6023343283536198,1.3396795682698652,-4.592368170951035,-7.925541197518612,1.8861974644351285,JAKARTA UTARA,1,0.9746947300771207,0,0.2799416848895061,855.2624952764933,655.8622755064953,473.0168798317619,218.43967716968348,4.251910227652533,-204.40989526933538,110.30397602082532,98.63781625604587,5,2.311294987146529,-1,0.5644110275696876,-2.1655851723038344,-5.618403150733158,1.487832775320636,1.4402380755575497,1.0,1.5999999046325684,0.4166532476411072,0.0,-0.14864695072174072,-1.2991014267473564,-1.7377806901931763,0.43236425077434404,0.4433752193293182,43431.6683262,43610.54150975852,4.986049175262451,1.9437051045212754,0.0,1.468440055847168,-1.6728907283251873,-3.6409695148468018,0.9090714415661618,0.8912386196906735,17.05416992652613,13.736651623659645,12.014827314668528,3.7669843170345185,0.4599721984709384,-1.2852227170484678,1.3679018128899223,1.3624933740766116,0.20399567484855652,0.05084869090619118,0.008499795570969582,-0.12764319777488708,-0.7997120092124652,-1.6008892422541976,0.4502963334556193,0.06017398920499173,1,0.025305269922879167,0,0.27994168488950605,"{""type"":""MultiPoint"",""coordinates"":[]}"
00000000000000000013,210,PADEMANGAN,PADEMANGAN BARAT,3172051002,3.17205100201E12,Tidak Diketahui,Pademangan Barat 06,,,,30,curah hujan tinggi,006,0,2020,1577865600000,,0,0,2.2814586427803376,-10.596784188162836,-14.846665090543492,3.0022354177484143,6.719892207018617,-3.477196273166135,-8.22674514033918,2.6101748553613326,JAKARTA UTARA,1,1.0,1,0.0,564.2750229076685,379.5386289559892,185.53248465545596,-100.2701057211209,-330.1837968519894,-556.2979773840211,130.34787303018652,107.44103645531212,8,3.646550502904094,-1,3.606659505908394,-0.8923063989271284,-5.589616899390525,1.8661092915978346,1.8174857462631786,1.0,2.0999999046325684,0.7576143515989859,0.0,0.32597529888153076,-0.9934592504629014,-1.759735107421875,0.7814051369113659,0.7910796146517564,49265.0618085,49478.731863559246,5.4003729820251465,2.32305915837569,0.0,2.072821617126465,-1.0918138854386097,-3.4408679008483887,1.2897648215321644,1.306367875124224,18.66360925605748,13.393260679186971,11.558179524232072,5.346442942982032,0.12951657922829504,-1.7010545173322598,1.6056407563165616,1.6222718786484793,0.12749774754047394,0.03862257932049843,0.008499824441969395,-0.30911361053586006,-0.8343639762856158,-3.3403631895780563,0.8186623771869026,0.044868731052361555,0,0.0,0,0.0,"{""type"":""MultiPoint"",""coordinates"":[]}"
00000000000000000014,1019,PADEMANGAN,PADEMANGAN BARAT,3172051002,3.17205100201E12,Tidak Diketahui,Pademangan Barat 07,,,,31,"curah hujan tinggi, penyumbatan saluran air dan jalan lingkungan yang rendah",007,0,2020,1577865600000,,0,0,-0.08251001313757564,-11.442368699210938,-15.494330537566373,2.4782112863476105,2.0727555793047987,-4.877244302620583,-8.741725166295701,2.4313257983865397,JAKARTA UTARA,1,0.9528154779093272,0,0.20608041101101565,655.95639015131,475.3485705333535,262.382556060524,-118.80832738147478,-292.5092568289016,-521.430465754667,98.95724058992712,93.22498815071397,16,6.417210511117529,2,11.884568564268509,2.23097268355565,-2.0425349086996487,2.40429101063621,2.4035981258557526,1.0,2.499999761581421,1.7720416348413546,1.6000001430511475,0.7376993894577026,-0.037515501613875804,-0.24175655841827393,0.26076569140689493,0.26425988940139705,60260.4298245,60547.88667820634,11.984338760375977,3.15062014596021,0.0,8.882968664169312,-0.02701736271742838,-3.2784645557403564,2.4274051766741978,2.384780820183651,18.035005607591753,13.16390146809338,10.751593711371637,4.705499663703053,-0.13967750384140007,-2.5637663980490846,1.289697472075724,1.2939953916279894,0.07649902254343033,0.028524578632283953,0.008499868214130402,-0.3145546354353428,-0.6648510560363211,-3.1562943384051323,0.7877178782857669,0.024114672049527018,1,0.04718452209067283,0,0.20608041101101565,"{""type"":""MultiPoint"",""coordinates"":[]}"
00000000000000000015,847,PADEMANGAN,PADEMANGAN BARAT,3172051002,3.17205100201E12,Tidak Diketahui,Pademangan Barat 08,,,,32,hujan deras,008,0,2020,1577865600000,,0,0,2.2814586427803376,-11.873324257658677,-15.494330537566373,2.792765248292411,3.7947319646002384,-3.1768217968418324,-8.22674514033918,2.5790511034676036,JAKARTA UTARA,1,0.9868926708756519,0,0.10975609756097544,655.95639015131,427.67476883975496,207.43162386201809,-35.203318855459884,-297.98368578268,-556.2979773840211,140.0784158274379,114.39238063440153,10,6.121465824869617,3,5.563193698532816,1.7656773988624124,-1.5219477264582144,1.3913918711250235,1.4011659120699935,1.0,4.400000095367432,1.8762900195801095,0.0,2.6064387559890747,0.10058113585747504,-1.76371431350708,0.8598293022246973,0.8667369124164283,50997.4643295,51155.25389860465,5.4003729820251465,1.921207009735685,0.0,2.0972135066986084,-1.4219710653401851,-3.3998947143554688,1.1704126422888634,1.1653514961778377,17.341855468671223,13.179299659162,11.558179524232072,4.061225646970213,-0.09970388594481419,-1.7010545173322598,1.2952192133313725,1.29766603281946,0.12749774754047394,0.021931513027980062,0.008499839343130589,-0.3145546354353428,-0.8254641843070678,-3.1562943384051323,0.7462498664096491,0.03601590317039494,1,0.013107329124348067,0,0.10975609756097561,"{""type"":""MultiPoint"",""coordinates"":[]}"
00000000000000000016,43,PADEMANGAN,PADEMANGAN BARAT,3172051002,3.17205100201E12,Tidak Diketahui,Pademangan Barat 09,,,,33,ketinggin rumah lebih rendah dari ketinggian jalan,009,0,2020,1577865600000,,0,0,3.2889158740313498,-10.504387571438606,-17.688687812911013,3.2842748318031356,16.875267940530804,-3.734678138913867,-11.552438943247203,4.272513202814047,JAKARTA UTARA,1,0.9616714213794261,0,0.20184751022351363,334.4734433447411,148.18869382026833,0.0,-454.3092422305634,-636.2437234010845,-817.783736447231,80.69179963023515,75.94024072219729,10,4.090552106058063,0,5.563193698532816,-0.5637967500431954,-4.885714285713366,1.8535579250873593,1.7685048134476096,1.0,2.499999761581421,0.9803791940122228,0.0,0.7563250064849854,-0.7554551657583715,-1.7550325393676758,0.8227091686662964,0.8329054814476999,103909.513852,104362.8680794887,6.566473484039307,2.3984285360935806,0.0,3.537583589553833,-0.8381693044311352,-3.3908421993255615,1.327407291645152,1.2958303668681799,18.66360925605748,13.876578847325392,11.263375807032489,5.346442942982032,0.49475832979144846,-2.155216321942092,1.968498805921845,1.9737939983171342,1.5979499816894531,0.2095646361144765,0.0084998132660985,-2.569810315966606,-4.194352135070562,-5.4972696006298065,0.6395865586899347,0.4934175550997679,1,0.020573921798959557,0,0.14430489325798443,"{""type"":""MultiPoint"",""coordinates"":[]}"
00000000000000000017,580,PADEMANGAN,PADEMANGAN BARAT,3172051002,3.17205100201E12,Tidak Diketahui,Pademangan Barat 10,,,,34,curah hujan tinggi dan air laut sedang pasang,010,0,2020,1577865600000,,0,0,-6.02884666041037,-12.444654112087143,-15.461721811748108,1.6921818694151,9.467140230985487,-4.099445620953946,-8.191916752122282,2.569420059029171,JAKARTA UTARA,1,0.9766751301803159,0,0.15676267316115666,875.1549798115764,781.1966348417178,649.3636962940959,182.9072283747114,77.55062743946714,-73.76812389283532,68.21842453717872,67.50324993376174,8,3.4568575977966187,1,4.385105621196412,-0.3671767655874192,-3.0084496956670925,1.884535140188679,1.8504957280842929,1.0,4.200000286102295,3.3271637511714065,1.6000001430511475,2.4008368253707886,1.495181357347037,-0.2702747583389282,0.6210455212193469,0.6254326565855867,81027.9738534,81332.46429373049,5.9309306144714355,2.3019327036653263,0.0,2.7162394523620605,-1.024016592934245,-3.379154920578003,1.2238190381064638,1.2001413156908765,18.788776159594576,13.23733687787756,11.312274802941495,5.452687781537451,-0.08945476922665292,-2.0273119250144873,1.4178111941552387,1.4169457035065587,0.14449799060821533,0.03248332923768544,0.008499868214130402,-1.4652672931551933,-2.021572534439392,-2.4500211887061596,0.23288154951181506,0.035933957158256626,1,0.001377114085295004,0,0.0912838696739514,"{""type"":""MultiPoint"",""coordinates"":[]}"
00000000000000000018,738,PADEMANGAN,PADEMANGAN BARAT,3172051002,3.17205100201E12,Tidak Diketahui,Pademangan Barat 12,,,,36,curah hujan tinggi dan got tersumbat,012,0,2020,1577865600000,,0,0,-4.756252988479832,-12.534636674821085,-20.849998836135725,2.4754399807445684,3.364121331363819,-7.238280310027506,-17.23420949023449,2.5335702640815327,JAKARTA UTARA,1,0.9585698727900457,0,0.2712931993250107,1057.6978978086688,773.2805027902638,463.8312116386399,176.73765419089364,-74.84652932844715,-365.6409648843249,118.9803222169456,138.8515688652675,13,4.345297402507122,-2,8.917794486216229,0.6357207355748272,-5.5561761546718476,2.17401824319027,2.2067566698664356,1.0,2.499999761581421,1.279655739096358,0.0,0.676480770111084,-0.5773121428577522,-1.8856534957885742,0.6587095803510078,0.6514597016355579,150510.53088,151137.36313006206,10.31457233428955,2.6955391356273632,0.0,7.239331960678101,-0.17361616243215516,-2.8451578617095947,1.5663352012768623,1.5934096721060031,19.356766487723796,12.90269709278381,10.751593711371637,5.9202214972773906,-0.4654380214837592,-2.5637663980490846,1.400932556310411,1.4187827699777542,0.4079975187778473,0.03833803612881532,0.008499899879097939,0.07152605056762695,-0.4752312962927051,-2.019224366173148,0.3368204056115416,0.08862343484604847,1,0.004703756053479156,0,0.12155245781143217,"{""type"":""MultiPoint"",""coordinates"":[]}"
00000000000000000019,,PADEMANGAN,PADEMANGAN BARAT,3172051002,3.17205100201E12,Tidak Diketahui,Pademangan Barat 14,,,,37,,014,0,2020,1577865600000,,0,0,-2.297568250595827,-10.206361004629725,-15.568600446725663,2.548300099302351,1.0062701406801728,-4.642669048559265,-9.598172219013723,1.9730167397666323,JAKARTA UTARA,1,0.8416100365917409,0,0.35750459958803815,1081.8309929570876,799.9335446705569,593.993774664244,405.07942941620286,144.35209431411488,-58.041459778253966,103.42621500574705,108.37481576871802,8,4.685025899348952,2,2.9316863587549804,-0.21629829320292204,-3.1484425349077414,1.2158302426283332,1.2343150156404088,1.0,2.8999998569488525,1.636002451670021,0.0,1.2264444828033447,-0.017632681024010544,-1.6621625423431396,0.8109628341185912,0.8140053708989724,73424.4860256,73735.9743647231,4.644423484802246,1.743170452393807,0.0,0.9308321475982666,-1.9747114096458083,-3.7516775131225586,1.0967795958783044,1.113103652351832,19.693223447291253,13.621336520108537,11.559769485156377,6.457579898675261,0.4109876959474301,-1.6368735576488405,1.4540484375808225,1.4571005496145444,0.3824911117553711,0.04304542605156747,0.008499706164002419,0.04898765683174133,-0.30900452391432176,-1.6662490321323276,0.2432230495398483,0.11003698400837632,1,0.1494083543221024,0,0.3392971595164746,"{""type"":""MultiPoint"",""coordinates"":[]}"
0000000000000000001a,1051,PADEMANGAN,PADEMANGAN BARAT,3172051002,3.17205100202E12,Tidak Diketahui,Pademangan Barat 15,meningkatkan koordinasi dan kerjasama lintas wilayah,,,38,Tidak mencukupi pompa karena debit air dan drainase kurang baik,015,0,2020,1577865600000,,0,0,-3.3308065955168873,-11.484687213955642,-14.616830155063024,1.6600526572841015,1.198942516882192,-5.406087972952859,-8.78397422531933,2.071360465456954,JAKARTA UTARA,1,0.9856284153005465,0,0.1458305202717255,875.1549798115764,688.6169891745428,499.5615034733919,139.38477207513142,-44.147455678656435,-226.21272424760514,93.96094834083543,93.9206689047669,10,6.3318579234972665,2,6.121876118869243,2.335205155747175,-1.9064804869309775,1.648846118906934,1.6070790937631498,1.0,4.700000286102295,3.706639568870834,1.6000001430511475,2.8895922899246216,1.8777839748325236,-0.2702747583389282,1.2741711105634534,1.2641338189867104,63897.7889992,64141.68530058853,5.547544956207275,2.161155431690763,0.0,2.385673761367798,-1.0990892025128085,-3.2784645557403564,1.183422853579958,1.1676357909064925,15.955564065911915,12.722169662604005,11.37954940239335,2.685758714172792,-0.5762522450928574,-1.9533283995580817,0.9288272419905524,0.925083854118971,0.059499166905879974,0.012401471118559763,0.00849984958767891,-0.34293638728559017,-1.0673061635910115,-1.8481498565524817,0.49725444104092714,0.011451515549605858,1,0.014371584699453547,0,0.1458305202717254,"{""type"":""MultiPoint"",""coordinates"":[]}"
000000000000000000cd,,PADEMANGAN,ANCOL,3172051003,3.172051003E12,Tidak Diketahui,Ancol 01,,,,370,luapan kali rob pompa kurang maksimal,001,0,2020,1577865600000,,0,0,10.638451004148678,-12.820764146081446,-20.340366108967284,3.0023203853207674,9.350927891264483,-5.436173457498055,-17.18568504880222,3.3901352500466255,JAKARTA UTARA,1,0.8573402498858302,0,0.3634169941057774,1328.210458360942,825.7905384111687,92.76624232772798,404.0882034868206,-194.1828969365575,-774.046093408926,230.71995457430106,275.9798184344497,10,3.5771261958570952,-5,7.288865019692114,0.3449894588665772,-7.215037593984876,2.2208772230434635,2.1842158183416926,0.821432464850013,6.900000095367432,2.2261136820622807,0.0,5.12691593170166,0.4215596309037583,-1.9422553777694702,1.6510273148678014,1.6843834850237862,1191406.67241,1196202.2081263615,8.247800827026367,2.6019242796955533,0.0,6.997990846633911,0.4058110439111105,-2.738701581954956,1.523881555422399,1.4755569108739806,26.634991553494512,13.556541102411185,10.979183188055677,12.914364073401655,-0.1350697318252312,-2.7732710520560744,2.663515476570043,2.676603653124412,369.427978515625,16.924703183831095,0.00849994271993637,359.27023124694824,6.337444765814776,-11.495585598051548,80.07290729007212,80.11563036573108,1,0.08447405707326787,0,0.2801448604328719,"{""type"":""MultiPoint"",""coordinates"":[]}"
000000000000000000ce,172,PADEMANGAN,ANCOL,3172051003,3.172051003E12,Tidak Diketahui,Ancol 04,,,,371,"Luapan kali, rob, pompa air kurang maksimal",004,0,2020,1577865600000,,0,0,3.239988700802411,-12.002485443726988,-19.671214334938156,3.3625072631934896,9.49272190563847,-5.6081638321118294,-15.168399698747237,3.8260443825023094,JAKARTA UTARA,1,0.9522442100006246,0,0.20676133022318066,1369.6771539316378,1114.7776191685534,622.2948715860543,489.2506963358187,220.9496544043416,-307.3953841984205,201.65458944292962,187.63934578219926,12,4.083782452781769,-2,7.379090583602699,-0.6967444190209856,-6.985893304689368,2.5438778798179738,2.508192262476082,1.0,4.5,1.3873261334123461,0.0,2.852078080177307,-0.2979451593432363,-1.8334661722183228,1.3228039157289468,1.3180957711572994,502816.776764,504927.6116252803,9.24073600769043,2.943198330495594,0.0,6.51440691947937,0.11218120583272692,-2.951744794845581,1.5693021316264109,1.5553725765149455,23.84329623757718,14.312423245736774,10.863695254755388,10.189805185547742,0.6727036759650701,-2.8138970653309787,3.299628554109923,3.305687109492845,368.7139892578125,31.858304648676828,0.00849984958767891,357.23181533813477,20.688620090249497,-13.077348005026579,107.13030849212659,107.53682510676775,1,0.005063431619396412,0,0.06788369582692214,"{""type"":""MultiPoint"",""coordinates"":[]}"
000000000000000000cf,,PADEMANGAN,ANCOL,3172051003,3.172051003E12,Tidak Diketahui,Ancol 05,,,,372,"Luapan kali, rob, pompa air kurang maksimal",005,0,2020,1577865600000,,0,0,9.9467763408227,-11.0053288647698,-20.01799465127695,4.039850029263249,9.39359791079496,-5.305774499126056,-16.648960061780382,4.156559590652648,JAKARTA UTARA,1,0.9060878161298295,0,0.29072517389381836,1132.3562962360413,578.6490852107113,0.0,247.37065237770958,-303.22966116629306,-829.6398305419143,262.43149782020845,290.6028650785656,35,6.1987925576359535,-3,29.889437880416292,1.374070797806055,-7.957679914069964,5.137916173262626,5.234332684841997,1.0,14.40000057220459,3.0502182768461976,0.0,12.705005645751953,1.3384453666213951,-1.8264751434326172,2.3769554116811173,2.365304752224275,592661.541109,595171.1437825584,23.287277221679688,4.50890547459014,0.0,20.308696269989014,1.5542040224141829,-3.3332488536834717,4.038232763733274,4.029870792743547,19.481923133907184,13.249732735971985,9.890834998054626,5.9008913416183155,-0.25857399274293824,-3.6716856647274394,2.196300421683032,2.1736682769051647,3.110934257507324,0.23384522248209044,0.008499795570969582,-2.430851936340332,-7.519220524002447,-12.294500600546598,2.1798156786920844,0.5792739530407199,1,0.04822119967519094,0,0.20496478675874322,"{""type"":""MultiPoint"",""coordinates"":[]}"
000000000000000000d0,,PADEMANGAN,ANCOL,3172051003,3.17205100301E12,Tidak Diketahui,Ancol 08,,,,373,"Luapan kali, rob, pompa air kurang maksimal",008,0,2020,1577865600000,,0,0,0.806801370343351,-12.434544410814999,-21.15983087830114,3.108026283714582,8.613211544669586,-4.091171065700582,-15.91658017158327,4.1827104800712265,JAKARTA UTARA,1,0.8969682729452738,0,0.3641185526359595,675.3484381614854,312.9379394024444,0.0,-218.4752991739839,-591.2113361067882,-895.649157638137,127.98582628877432,155.52569226377884,9,2.60541246553285,-9,6.314572144647546,-0.37698673930355586,-11.289581095595999,2.2313486809065832,2.333938409500066,0.5493752874086191,5.300000190734863,1.1961945069351274,0.0,3.5731582641601562,-0.5249833795268888,-1.8391433954238892,1.2642040957050211,1.284477751158126,504807.612726,506849.0217294544,16.269058227539062,2.8916315767213634,0.0,14.283174633979797,0.7376975105910137,-2.405435085296631,1.9406569313486017,1.9129522701837196,26.639377494339765,13.78886331979119,10.763667209368585,12.82211926372752,-0.033951813462540996,-3.154249219425953,3.323807185971874,3.3191489253270103,370.9919738769531,37.73446410021267,0.0084999930113554,362.90090560913086,28.680141352898595,-10.629251681268215,114.85433188311504,114.9009747561237,1,0.016426749963718793,0,0.13350929786935073,"{""type"":""MultiPoint"",""coordinates"":[]}"
000000000000000000d1,,PADEMANGAN,ANCOL,3172051003,3.17205100301E12,Tidak Diketahui,Ancol 11,,,,374,"Luapan kali, rob, pompa air kurang maksimal",011,0,2020,1577865600000,,0,0,0.4855373965464169,-13.057523218381812,-21.705568744539125,2.9508480180643235,15.391184204837414,-5.491698254728838,-16.240058420734698,3.5694703387721627,JAKARTA UTARA,1,0.6660929639895886,0,0.4765703957445517,1967.8691704539299,1462.3594518472203,1024.6366367176336,568.4699382647143,254.7674081545384,-267.5512022802843,190.8675711139409,208.79113946843958,18,2.563228073989529,-3,14.708843537415433,-0.11377743751916038,-6.388829215896377,2.506101377191184,2.9551230793896526,0.5765894902538551,7.5,1.6442718846217805,0.0,5.65079665184021,-0.19956138764220638,-1.9860904216766357,1.7142205133025887,1.7262883094852923,1154729.14679,1159782.327128415,18.46068572998047,1.8861455355366905,0.0,16.198568105697632,-0.016296541496956893,-2.5440587997436523,2.1325567552598006,2.2992531214153074,20.114470596708845,14.65049669868523,10.144937697497127,6.3650048362115506,1.053998070217674,-3.3825809475919755,2.5530707661529943,2.584850251104968,3.9779322147369385,0.14606733867103514,0.008499967865645885,-0.5036542415618896,-9.297143720354791,-11.291578212752938,2.312241391495962,0.6996023861108572,1,0.17884426085958777,0,0.38400693343060904,"{""type"":""MultiPoint"",""coordinates"":[]}"
000000000000000000f5,118,PADEMANGAN,ANCOL,3172051003,3.172051003E12,Tidak Diketahui,Ancol 02,,,,461,"Luapan kali, rob, pompa air kurang maksimal",002,0,2020,1577865600000,,0,0,3.450888114183843,-11.639413382893107,-19.355843947286782,3.8043217343974054,8.249993077523513,-5.867249740121591,-15.464427503536553,3.839661567892773,JAKARTA UTARA,1,0.9381948140825793,0,0.27014103344396223,1403.8079779207503,1131.052933254882,706.486653451565,468.50490758825174,185.62231799385907,-238.4074799469622,188.02673933102253,177.78957344024613,12,4.7278838111170245,-1,7.889795918368071,0.6499027591145166,-5.359255281059003,2.3209938101157648,2.3474794519273297,1.0,4.199999809265137,2.15808984429997,0.0,2.4763855934143066,0.3993623297700919,-1.856573462486267,1.1240832159941339,1.1218604716270895,458845.428696,460651.0222263942,9.195145606994629,3.1379065857215673,0.0,6.448763608932495,0.5637855461528298,-2.770329236984253,1.7207386857025107,1.7325471063378954,22.014680980215083,13.126801179470231,10.868728798993272,8.47238510527994,-0.45451865304275546,-2.8138970653309787,1.8468885385108245,1.8394304488739541,3.6379311084747314,0.11773231052517717,0.008499931544065475,-1.8762238025665283,-9.482111291720212,-11.499705471098423,1.844151254059416,0.3766552416178367,1,0.046331077484601926,0,0.22924310917998555,"{""type"":""MultiPoint"",""coordinates"":[]}"
0000000000000000033c,Nihil,TAMAN SARI,TANGKI,3173031004,3.173031004E12,Tidak Diketahui,Tangki 01,Nihil,Nihil,Nihil,1650,Nihil,001,0,2020,1577865600000,Nihil,0,0,6.28812714230378,-8.383032491026412,-14.058314926226858,3.527186006028476,12.393323554570188,-2.892395640307214,-9.122435607789626,3.219471228044924,JAKARTA BARAT,1,0.9805112919867018,0,0.12498425196844122,540.9154964785438,300.6224013446596,131.191278030262,-315.1475594013857,-560.6169424551254,-737.9598022876916,93.0537279579555,89.38835319027088,13,5.934770147884903,0,6.659362692446526,-0.26787054653328757,-6.268671679196867,2.268621784189776,2.2668978584688513,1.0,1.0,0.2696358293592145,0.0,-0.6347869634628296,-1.3580605260706944,-1.640444040298462,0.2662374958542041,0.2635016113288829,91264.2539028,91643.82300611962,8.73572826385498,3.0629263259013517,0.0,5.517379999160767,-0.12552582727008274,-3.279064655303955,1.808201932736525,1.822864230075865,20.998947725398803,14.678772443623647,11.082663251712416,7.476864847465983,1.1704145789317977,-2.458126594655866,2.6273016207782676,2.6256767163143144,2.473374128341675,0.8539408146802293,0.008499663323163986,-7.839099168777466,-10.326728622965682,-12.17840856127441,1.3063951223566315,1.07310220824557,1,0.019488708013298182,0,0.12498425196844144,"{""type"":""MultiPoint"",""coordinates"":[]}"
00000000000000000341,Nihil,TAMAN SARI,TANGKI,3173031004,3.17303100401E12,Tidak Diketahui,Tangki 06,Nihil,Nihil,Nihil,1655,Nihil,006,0,2020,1577865600000,Nihil,0,0,-5.905150578204934,-11.193684232120532,-14.738287496689356,1.9827032282919361,5.03795267940245,-2.843559067239298,-6.107547000009208,2.1980024041504618,JAKARTA BARAT,1,1.0,1,0.0,675.3484381614854,472.90450578884753,293.3526157307405,-219.1922949395539,-419.31655323474456,-597.4242658607166,118.3199518246545,119.82123830776615,8,4.598628027439451,2,1.9825277479424015,-1.449532132163245,-4.062728249193294,1.4018552006868243,1.3962264150943395,1.0,2.799999952316284,2.0527930294083867,1.1000001430511475,1.215173602104187,0.4630240639034114,-0.4885498285293579,0.36006257276168196,0.3592147591722686,24816.9494541,24870.84891822061,4.644418716430664,2.136685950606206,0.0,1.6218242645263672,-0.8985315594505601,-3.0595920085906982,1.1278456573000937,1.1243065714596931,17.901454648927892,12.991209936127245,11.561851249854765,4.365608585362724,-0.5288375075245925,-1.979039451518327,1.308469734528292,1.3061671640817785,0.05949808284640312,0.014683834050227771,0.008499732241034508,-10.709816697984934,-11.650504375075457,-12.431208226829767,0.46679086722099195,0.013715328757336047,0,0.0,0,0.0,"{""type"":""MultiPoint"",""coordinates"":[]}"
0000000000000000034a,Nihil,TAMAN SARI,PINANGSIA,3173031008,3.173031008E12,Tidak Diketahui,Pinangsia 05,Nihil,Nihil,Nihil,1667,Nihil,005,0,2020,1577865600000,Nihil,0,0,8.678417214086076,-8.114712230230328,-16.906698047420743,3.4293310375782697,8.588077168139847,-2.9476700901356865,-11.452263668514242,3.3143566715943327,JAKARTA BARAT,1,0.999860110512695,0,0.09876816579193802,1498.6845104201757,1331.9217161671377,1057.6978978086688,613.2358092872806,444.5091662108199,166.77634846004491,108.76011051671584,107.6246241572467,12,6.903686087990489,1,6.4761904761915305,1.2933277848354994,-4.592767633368061,2.166740334273164,2.146867884660965,0.5219723402505843,3.9000000953674316,2.376790017247415,0.0,2.3166486024856567,0.76192497902753,-1.6580867767333984,1.1345523695078512,1.1387532637377404,149607.847301,150233.92883538082,7.467628479003906,2.8381729831404514,0.0,4.565026760101318,-0.08497452725617265,-2.950678825378418,1.5130080216236106,1.5096982822622156,26.631902913650556,13.39192783162781,11.084010605695749,13.027023076309888,-0.24138411919872874,-2.5419879316153544,3.274533086557588,3.266632942419224,368.2464904785156,25.15133340548361,0.008499760180711746,355.4380168914795,11.808758281168004,-13.803849916905165,112.04431210596425,111.90959832015349,1,1.3988948730502907E-4,0,0.09876816579193803,"{""type"":""MultiPoint"",""coordinates"":[]}"
0000000000000000014f,25 KK,PASAR MINGGU,PASAR MINGGU,3174041001,3.17404100101E12,Tidak Diketahui,Pasar Minggu 07,,,,693,masuk air meluapnya kali baru melalui saluran ke jalan badan kali tinggi daripada jalan lingkungan,007,0,2020,1577865600000,,0,0,-4.361356160303133,-13.034806391904375,-16.232426978387785,1.6512703621886442,8.994122390063263,-4.223122669003465,-9.173881166000669,2.7480193655185694,JAKARTA SELATAN,1,0.729534951362182,0,0.43794316956227064,3290.260514037345,2829.1379375364577,2375.975098656976,147.15482891628153,-32.71255330684322,-176.4946467134323,65.90403956672301,200.86921148285532,46,41.69936657725494,35,7.738274257072845,2.991166943496097,-3.7059076262067734,2.09563044470964,2.317918115136647,0.7061883481288055,6.299999237060547,3.4319555212137427,0.0,0.8058347702026367,-2.137513147244775,-5.8057146072387695,1.9007756579296464,1.8882906245575122,215831.368102,216743.33449283842,6.670449733734131,2.2625841763343324,0.0,3.3319127559661865,-1.0629610257283502,-3.3537230491638184,1.2663858584800605,1.2656207458216402,20.882499230045827,13.373572265276579,11.193511065054434,7.411607260828401,-0.060804596375221745,-2.2181416692379496,1.9208523820353731,1.9270666211280185,1.2405904531478882,0.12447322346182803,0.008497278206050396,-3.968246877193451,-7.478762293633238,-9.189467300660908,1.013963111202638,0.3652098645833984,1,0.27046504863781784,0,0.43794316956227064,"{""type"":""MultiPoint"",""coordinates"":[]}"
00000000000000000150,,PASAR MINGGU,PASAR MINGGU,3174041001,3.17404100101E12,Tidak Diketahui,Pasar Minggu 08,,,,694,,008,0,2020,1577865600000,NIHIL,0,0,-5.537348682717327,-13.290041438878607,-20.555542871661043,2.3046918723720897,2.0407896841204973,-5.371598755126193,-13.049420790765463,2.544002338237565,JAKARTA SELATAN,1,0.7693824286009355,0,0.4101210700675224,2821.3751145383426,2478.8136797639727,2230.251726514454,99.10971863422856,-25.32862077711615,-176.4946467134323,55.093270613499385,137.997159139213,47,41.7927971909796,37,6.35918367347201,1.2443146484904422,-3.3555316863562084,1.757804378014185,1.805351248215928,0.8839882914844127,6.299999237060547,2.618443849632613,0.0,0.8058347702026367,-3.2888367041798006,-5.966402053833008,1.723461692067057,1.7123240123989136,185607.335179,186428.30121175692,5.581035137176514,2.1652902251670376,0.0,2.2977662086486816,-1.1731060587787034,-3.448805093765259,1.1791809591979627,1.1636936955349326,20.580212937215673,14.064603101812551,11.373182037950777,7.227896531084108,0.6594405280799422,-2.0109534626682652,1.9799002716795782,1.9747380168222055,0.9176917672157288,0.15008903385828495,0.008497227914631367,-2.5429850220680237,-7.303805847203008,-11.422874460928142,2.067398331398051,0.2780191035151478,1,0.23061757139906494,0,0.4101210700675224,"{""type"":""MultiPoint"",""coordinates"":[]}"
00000000000000000209,224,SAWAH BESAR,GUNUNG SAHARI UTARA,3171021004,3.171021004E12,Tinggi,Gunung Sahari Utara 01,terulang kembali,12 Jam (setengah hari),6 M,1121,"1. Curah hujan tinggi;
2. Dataran rendah",001,4,2020,1577865600000,Relatif paling tinggi sepinggang dan dibawah dengkul kalo digang,100,15,-1.655940103474286,-10.504033297090302,-17.9134352381338,2.9440020302838015,4.257730509521115,-5.123943064870993,-13.2429341673336,2.7657860005909143,JAKARTA PUSAT,1,0.9492648805026014,0,0.21841572133518533,1081.8309929570876,822.5720340473104,473.0168798317619,397.3715300913333,123.15044486655168,-263.03630430770033,170.01850476286074,163.24549982034702,14,4.815410522679677,1,8.624776226281014,-0.3998365527636316,-4.454779806658461,1.841838032518228,1.8374669787907518,1.0,3.299999952316284,0.9649236520601546,0.0,1.6191120147705078,-0.7002157914741204,-1.6890296936035156,1.2092282249339497,1.2202654424850354,161618.242507,162250.64946637326,13.648222923278809,2.3494649406088763,0.0,10.000556707382202,-1.279767234553074,-3.784996271133423,1.7215580381794526,1.7288735469977505,20.519882235092037,13.77910700471972,10.463234282794165,7.242236508167435,0.531048073094233,-2.7490322747588056,2.0139344817310176,2.0339152766670763,0.8754634857177734,0.18641742771285627,0.00849967822432518,-0.19815857335925102,-1.8682004919620632,-4.508703030645847,1.2508682922097818,0.31905104158325065,1,0.008398281482760851,0,0.09512633176255551,"{""type"":""MultiPoint"",""coordinates"":[]}"
0000000000000000025a,262,SAWAH BESAR,MANGGA DUA SELATAN,3171021005,3.17102100501E12,Tinggi,Mangga Dua Selatan 06,,Sehari semalam,-,1255,saluran air yang tersumbat,006,4,2012,1325404800000,1 M,100,0,3.198399506633569,-11.537871229099432,-17.559203690139654,3.2390014041939903,15.880997082550028,-0.33417807434719077,-12.93637141104829,5.031902640775197,JAKARTA PUSAT,1,0.9798169811690475,0,0.16594252252566136,918.3389462118339,494.85662269317373,185.53248465545596,24.811494202320546,-407.6891980241405,-706.6283727838959,186.76976589390608,189.858224991847,23,6.156624145160978,-2,17.44804869316255,0.5011586971925188,-7.41389187253745,3.8151079526309437,3.7824600308096787,1.0,7.100000381469727,2.411727738731289,0.0,5.443065166473389,0.7819236143928558,-1.619291067123413,1.6032657365684857,1.617257890387548,176754.463185,177467.6552601006,19.591156005859375,4.476813329937968,0.0,16.568602323532104,1.4496096877958513,-3.054788589477539,3.4342821778462693,3.4209316685862112,21.91653654566655,12.988265643167345,10.080876683712916,8.452126231943868,-0.5114354294830138,-3.4268082674634925,2.282907621399023,2.2699831445534566,3.340348720550537,0.37328913551116083,0.008499760180711746,-6.431789875030518,-10.229734727410746,-11.460206620395184,1.2037580734779416,1.039732729914208,1,0.016989007113044508,0,0.1539526586383121,"{""type"":""MultiPoint"",""coordinates"":[]}"
0000000000000000013d,819,TEBET,TEBET BARAT,3174011002,3.174011002E12,Tinggi,Tebet Barat 01,,1-2 Jam,± 50.000- 60.000,656,Meluapnya PHB Kalibata dan Saluran Rawa Bilal,001,4,2020,1577865600000,,100,0,-5.573061067263897,-11.944094522971904,-16.103447481386297,1.9050408064007796,9.60960355811288,-2.773668167242263,-10.377283296141627,3.1970645735804846,JAKARTA SELATAN,1,0.9517312159023388,0,0.2065672991391307,3739.5267799363287,3303.132716823678,2886.2081166657636,-36.200073790560054,-131.42523707224967,-211.13150528052347,32.466168268142205,181.0480676601141,27,19.533473775185005,12,9.55030433226056,1.7677967039131675,-5.673397780163256,2.8077296999238612,2.67924585325985,1.0,4.80000114440918,2.579388497484013,0.0,1.6825215816497803,-0.4797653632863818,-3.4353814125061035,1.4239948342481157,1.4650151539888283,322773.974439,324056.424148618,7.605966567993164,2.53413055324995,0.0,4.001415252685547,-0.9156451592541708,-3.7300968170166016,1.5352700794499212,1.519584282730513,19.48953263916728,13.526043846473451,11.312039369658205,6.057645593256499,-0.01605600046906535,-2.335840426707069,2.2892513192343085,2.2862589291785094,4.852393627166748,0.5166030339909862,0.00849838275462389,-1.1872467994689941,-9.974571399459691,-12.033025500364602,2.1521733075654943,1.4380823624791272,1,0.0317398584778264,0,0.1699706579607316,"{""type"":""MultiPoint"",""coordinates"":[]}"
00000000000000000132,180,TEBET,KEBON BARU,3174011004,3.174011004E12,Tinggi,Kebon Baru 01,,2 hari,± 20.000,632,"Curah hujan yang ekstrim, banjir kiriman dari bogor (katulampa) dan Petugas pompa yang kurang sigap dan tanggap dalam memeriksa saluran",001,4,2020,1577865600000,,100,0,-3.7036086213561408,-11.840681628178388,-18.41057345155148,2.3708222291802694,6.808314396686955,-4.1973379112290194,-12.785991492531267,3.028407357843821,JAKARTA SELATAN,1,0.9517543859649121,0,0.2703077200940698,4605.729490425012,4456.95189633386,4200.170260476811,631.0212665158479,551.6324599888712,397.8325663398673,56.492766682277214,91.28521101574172,20,15.11082123411978,9,1.38532044396851,-3.540736894304102,-9.79018976011302,2.3855414611569508,2.403648440422367,1.0,3.6999998092651367,1.3519928528190885,0.0,1.1024057865142822,-1.2228825156860328,-2.5823631286621094,1.264837863387766,1.2760062746232643,92219.0397013,92642.35964908575,6.670166969299316,2.504788029172694,0.0,3.9829788208007812,-0.23241186906181896,-2.7885076999664307,1.360314001676985,1.3543058880356456,26.55225130612926,15.175067962030797,11.193690177850407,12.892160661929035,1.5102214632828097,-2.474892748338714,4.051809432261572,4.0523591174564855,340.2344970703125,62.73816564323423,0.008498415350914001,327.6936550140381,50.166374765191335,-12.727096009999514,135.6158766921627,135.59209292576747,0,0.0,0,0.0,"{""type"":""MultiPoint"",""coordinates"":[]}"
00000000000000000133,416,TEBET,KEBON BARU,3174011004,3.174011004E12,Tinggi,Kebon Baru 02,,1 hari,± 8.000,633,Curah hujan tinggi dan Mesin pompa sudah tua,002,4,2020,1577865600000,,80,60,-3.8221894221287274,-12.500957853251002,-17.218574956787876,2.5607977969601965,-0.3052053207489369,-5.045758347344328,-10.63471847091812,2.2902286083815464,JAKARTA SELATAN,1,0.9464971526950073,0,0.2874797872880346,4712.853798069809,4582.7162728933,4425.6401038404565,653.948381952945,553.439649837519,466.11419124171516,52.200242460271994,73.37025534795352,21,16.97152695007284,11,1.8147511636247629,-2.1561308060420257,-7.996849266020739,2.3539763876597104,2.3680563781904396,1.0,4.100000381469727,2.680174925266994,0.0,1.5040104389190674,0.07201450370886585,-2.6609954833984375,1.6462309154989831,1.6558580571799348,52622.5528291,52838.65336799956,6.204838275909424,2.795366487334443,0.0,3.4081146717071533,0.01492347735914074,-2.8064873218536377,1.4765816650912216,1.477897197217336,26.550925748594167,14.850379901775083,11.266608778714911,12.870794370936553,1.1657246927683538,-2.4148118389284914,4.199759677664612,4.20230957050454,339.9285583496094,66.75392281382693,0.00849838275462389,327.34429836273193,54.15957056710686,-12.663332715630531,137.81016144666114,137.81117137336258,1,0.03006224341146868,0,0.15905777550540118,"{""type"":""MultiPoint"",""coordinates"":[]}"
0000000000000000013b,125,TEBET,KEBON BARU,3174011004,3.17401100401E12,Tinggi,Kebon Baru 12,,3 jam,± 30.000,643,"Hujan lokal, saluran tidak lancar, dan curah hujan hujan yang tinggi dan durasi yang lama",012,4,2020,1577865600000,100-120 cm,120,100,-7.214280579347955,-11.900551492628603,-14.266036490249716,1.3089967090267252,1.234133282427941,-3.639946985791548,-7.706873134881556,1.9070008129823506,JAKARTA SELATAN,1,1.0,1,0.0,4920.110210960908,4828.738841762717,4657.752288287196,560.7659254436148,485.26250657364756,342.61095335991195,53.45196160543127,64.4721972100318,22,19.498104327363055,17,0.9873254564995761,-1.4810578731897295,-4.0564983888281,1.4045997964954704,1.4536758172373414,1.0,1.8999996185302734,1.0206041240056272,0.0,-0.9804012775421143,-1.8959390139607821,-3.012968063354492,0.5853250242397324,0.5738293501631333,26869.2803249,26996.68623162191,5.007545471191406,2.4546925257835412,0.0,2.0444223880767822,-0.4717813824295046,-2.912930488586426,1.006640922193858,1.005665549927691,16.648518058108827,13.28938668995864,11.722957432493722,3.119344049410717,-0.2434806669816973,-1.822500644239808,1.4180531662796452,1.419068349425727,0.552385151386261,0.06575166578112997,0.008498254232108593,-10.078613460063934,-10.810093671307483,-11.064519420266151,0.2502754055540421,0.1739262582034367,0,0.0,0,0.0,"{""type"":""MultiPoint"",""coordinates"":[]}"
00000000000000000181,307,TEBET,MANGGARAI,3174011007,3.174011007E12,Tinggi,Manggarai 01,,4 hari,± 20.000,783,Intensitas Curah Hujan yang tinggi dan meluapnya tanggul Kali Ciliwung,001,4,2020,1577865600000,,120,100,-2.918072200041302,-12.043760356216383,-16.01781156324396,1.9347252177283651,5.292076590923687,-3.8214506110449444,-11.059870026340725,2.428726683140822,JAKARTA SELATAN,1,0.8949691085613415,0,0.3137779989946096,3352.4441657665852,2855.058439117517,2456.1165641394814,215.71390437464925,-48.361496961336975,-209.8734372799936,92.45090789016847,219.45127099101077,19,12.853486319505736,8,4.5225921947744165,-1.783636408578143,-6.6220551378429775,1.9910490357654407,2.085310626300854,1.0,4.899999618530273,2.743455406917338,0.0,2.5910415649414062,0.4491740835756954,-2.2669458389282227,1.341826404687995,1.4003160129480285,213242.016974,214153.47123261075,8.719182014465332,2.3899672686603592,0.0,5.806838035583496,-0.38450341890685236,-3.037184476852417,1.2979275550447429,1.2984521893477203,26.560961406271982,14.499415078438116,10.922605476837132,12.784443947131718,0.7775726550916874,-2.7638701905882694,3.778740466051729,3.7916835732614866,343.6084289550781,44.130831223073734,0.008498637937009335,328.79951000213623,28.972419548430196,-15.414445430971682,123.704700094284,123.70372431244319,1,0.09674414043346084,0,0.3047037704970223,"{""type"":""MultiPoint"",""coordinates"":[]}"
00000000000000000144,674,SETIA BUDI,MENTENG ATAS,3174021005,3.17402100501E12,Tinggi,Menteng Atas 08,,3-5 jam,± 50.000,678,"Banyak saluran air yang sudah menjadi pondasi rumah sehingga menghambat saluran air, Durasi hujan yang panjang (± 10 jam) dengan curah hujan yang tinggi",008,4,2020,1577865600000,50-80 cm,80,50,4.892199925080652,-10.756350150662556,-14.498197754178355,2.3006707209183688,0.6400395539934977,-4.833610528467953,-8.94022086479178,1.845270568798657,JAKARTA SELATAN,1,0.9892631203777955,0,0.0936549136660031,2559.0707531400412,2298.508831336006,2034.5225285572158,-164.37002885460242,-235.09359913049744,-310.7872627899749,29.52320344757399,126.04724096212499,17,13.380067718078946,9,1.1025420694610002,-2.4158543116343965,-6.648191908340612,1.4534522196903066,1.4300183983521577,1.0,3.299999237060547,1.0327139522773765,0.0,0.09234428405761719,-2.3177134770288266,-3.588986873626709,0.7947850487363393,0.8238523031916175,78324.0856016,78663.63901351136,5.247517108917236,2.094480458214503,0.0,1.5576093196868896,-1.7425363405995922,-3.9724206924438477,1.2086148686712435,1.1970597512642376,22.464125667937815,14.230278675173036,11.536424113253547,9.002077910290264,0.78995489911688,-1.9353953817234935,2.698856080302097,2.7182300479387425,5.719241619110107,1.285219339722643,0.008498522453010082,-3.3078083992004395,-7.371598129805817,-9.413015963509679,2.0864098894619776,2.399254749386857,1,0.010736879622204402,0,0.0936549136660032,"{""type"":""MultiPoint"",""coordinates"":[]}"
00000000000000000156,118,PASAR MINGGU,PEJATEN TIMUR,3174041005,3.17404100501E12,Tinggi,Pejaten Timur 08,setiap tahun kena banjir,2 jam,1 hektar,710,kiriman air dan curah hujan,008,4,2020,1577865600000,1 m,100,0,-7.134585255298672,-12.804665291474576,-17.767192351548452,1.8628939915864484,6.022744843342974,-4.017169033473985,-10.964896023400014,2.670853268760386,JAKARTA SELATAN,1,0.8629057924888608,0,0.36357128044973475,4304.393629270136,3810.085538604562,3089.269083231159,688.4175744941222,364.19604514068163,32.87006134112926,165.7173699900146,341.681175109724,43,34.6744509866327,16,6.901897601147006,-1.2221003759347084,-17.979162191190802,5.109669100976031,5.5867316464466334,1.0,13.69999885559082,3.5895713317073015,0.0,8.188068866729736,-1.8365315455313385,-5.591851234436035,3.6942713483634573,3.7028647733443116,262807.883537,263824.08511810115,15.877336502075195,3.9538834964812652,0.0,12.793127536773682,0.751808576138029,-3.233638048171997,2.5160392773402602,2.4945492680753447,23.38735597474235,13.807831483914962,10.42299436521649,9.953574927277923,0.3459229584079106,-3.0144700140832583,3.11586480014545,3.114611297963165,329.6716003417969,14.092438765121575,0.00849734153598547,318.34132385253906,3.729613297915983,-11.603073780424893,79.1768224680954,79.42313063437177,1,0.1337126034373011,0,0.3610005574560303,"{""type"":""MultiPoint"",""coordinates"":[]}"
00000000000000000158,40,PASAR MINGGU,PEJATEN TIMUR,3174041005,3.17404100501E12,Tinggi,Pejaten Timur 10,setiap tahun kena banjir,1 hari,5000 m,712,"Jurah hujan tinggi,",010,4,2020,1577865600000,1 m,100,0,-8.437415190571489,-13.738852923821474,-17.767192351548452,1.533029917552058,7.771141772696183,-3.632819835349806,-9.787140714042184,2.928128436863861,JAKARTA SELATAN,1,0.9257551118338618,0,0.28316700498296987,4283.350023716669,3622.8851889471375,3083.6927807006746,702.8993497984807,352.50386535685334,62.57578921894992,157.6270798231594,336.55533465325226,47,38.16156594065739,17,8.444325098462194,1.1601285783013675,-18.060723236661893,5.177644986010755,5.928341637685801,1.0,15.999998092651367,5.081672564905658,0.0,10.685783863067627,-0.45346364851415605,-5.6100754737854,4.2690941814548315,4.283828686779047,261565.634558,262681.56972659624,17.230485916137695,3.727851916349755,0.0,14.124192953109741,0.539696192815123,-3.2443509101867676,2.679934668573098,2.664762016955916,23.72268946870575,13.736961765813092,10.487153681920521,10.278013204671266,0.28594746766821116,-2.9575988080418565,2.495866954457948,2.5001492545733965,329.4676513671875,8.974931184576672,0.008497313596308231,318.25800704956055,-1.3061703983037947,-11.278077222406864,55.88621398746891,56.04737103137839,1,0.0742448881661379,0,0.28316700498296976,"{""type"":""MultiPoint"",""coordinates"":[]}"
000000000000000001b7,200,PASAR MINGGU,PEJATEN TIMUR,3174041005,3.174041005E12,Tinggi,Pejaten Timur 05,setiap tahun kena banjir,1 hari,1 hektar,914,jurah hujantinggi dan kali meluap,005,4,2020,1577865600000,1m,100,0,-2.6835678964928382,-12.5398806785792,-18.367935482865434,1.9607108217317673,4.878411552663209,-4.361584063861615,-12.581660676192609,2.524700394444418,JAKARTA SELATAN,1,0.8901211412052172,0,0.33938801739328844,4636.456420326374,4071.4537253624508,3344.734433447411,182.4492485185292,-9.979892269528927,-179.05959368271078,80.08861512291584,315.77179251457454,39,31.40630484908971,19,7.906122448980501,0.7515405914586343,-11.956462585032984,4.352896811787083,4.310355171072879,0.9561259678291024,13.100000381469727,7.1004723063535,0.0,7.65891170501709,1.7561523491810236,-5.299262523651123,4.082954459615449,4.065476709113198,405475.414119,407087.3640253837,16.333057403564453,3.2529017399093556,0.0,13.306365013122559,0.24441001317056923,-3.0363664627075195,2.5257597074219134,2.526898892274895,23.735422291179322,13.382741470553203,10.922412924941721,10.27030669810441,-0.0728724642578192,-2.502808940367437,2.3988635333790835,2.395699684108405,331.5750732421875,15.488895276331375,0.008497674949467182,320.15814876556396,4.540315978901165,-11.982563089579344,68.88676259030163,69.04809216295375,1,0.10364111917954366,0,0.3266403763392791,"{""type"":""MultiPoint"",""coordinates"":[]}"
0000000000000000018f,± 168 KK,PANCORAN,KALIBATA,3174081002,3.17408100201E12,Tinggi,Kalibata 10,,± 1 x 12 Jam,"4 RT Terdampak (RT 001, 002, 008 dan 011)",825,Saluran air dangkal dan sempit,010,4,2020,1577865600000,± 1 meter,100,0,-5.0407082232979725,-11.90035663110833,-15.303087437192836,2.064440322876751,7.907483414534015,-4.362904166786747,-8.334405685543153,2.6468506882056464,JAKARTA SELATAN,1,1.0,1,0.0,4741.072006325661,4517.966421618649,4297.390543770962,111.4693161065452,7.864069204915531,-72.14557653048178,40.06280507921802,108.0011203275201,34,27.92833423896637,22,6.354529180094872,0.07314319989946363,-5.694522019332354,2.781491591534509,2.797924813940277,0.9992268828064589,7.299999237060547,4.574539617791682,1.8999996185302734,2.0658998489379883,-0.6516041295047486,-3.317272186279297,1.7418262489490086,1.752034907054364,57730.360466,58014.280118867006,5.624488353729248,2.669263135441862,0.0,2.638174533843994,-0.35829037077032644,-3.024157762527466,1.160286774003326,1.1653742351801268,16.42916205931299,13.240279450188316,11.541792549602313,2.9988191157213677,-0.19143213544765672,-1.8728936768931916,1.3802687530732018,1.3881001899211105,0.441887229681015,0.056557920829331185,0.008497864939272404,-9.24760690331459,-10.103199658528936,-10.561992641538382,0.29875798108438123,0.09416316837673776,0,0.0,0,0.0,"{""type"":""MultiPoint"",""coordinates"":[]}"
00000000000000000193,± 250 KK,PANCORAN,RAWA JATI,3174081003,3.17408100301E12,Tinggi,Rawa Jati 07,,± 1 x 24 Jam,"6 RT Terdampak 
  (RT 001, 002, 003, 004, 005 dan 006)",839,Meluapnya Kali Ciliwung,007,4,2020,1577865600000,,100,0,-2.309725445192342,-12.648383423707529,-18.534138641756407,2.522640065495342,9.11863644804567,-5.5782686971707545,-13.129865772430026,3.0406929227920725,JAKARTA SELATAN,1,0.6306615382976233,0,0.48999009478921507,5012.811695004283,4445.802485721567,3870.698557220822,364.0930221257886,96.35023533457519,-139.27012716594982,122.99982073626641,299.9077690082781,46,27.426180252938003,11,20.062656641606164,1.5113230535183853,-14.510490511992117,5.403474325730665,5.511141788298758,1.0,13.399999618530273,6.482836425663226,0.0,8.882212162017822,2.0157621742286826,-4.354020595550537,3.7686897856084807,3.8512737152681895,327372.665843,328635.69898500876,16.994848251342773,4.765053750341891,0.0,13.768482446670532,1.579845768690265,-3.272045612335205,2.774991104214762,2.7725143476135927,26.540282987451103,12.97012338606804,10.454119119159172,13.051227570920071,-0.4710860980842235,-2.968690603156844,2.738272717914027,2.7481721481664105,336.3678283691406,20.757236115698433,0.008497943170368671,325.47419452667236,10.113898924459367,-11.087117418646812,83.1493605407304,83.22133178597034,1,0.3443962623991822,0,0.484844321080019,"{""type"":""MultiPoint"",""coordinates"":[]}"
0000000000000000010f,33,JAGAKARSA,LENTENG AGUNG,3174091004,3.17409100401E12,Tinggi,Lenteng Agung 07,,3 jm,20 m,541,luapan kali dari kali ciliwung,007,4,2019,1546329600000,1 m,100,0,-5.384739165860989,-13.055775447827637,-20.395571137645227,1.9906144539353516,8.923547219128757,-5.240346695494182,-14.97358222472808,2.699712266404639,JAKARTA SELATAN,1,0.8050178924049998,0,0.4183991404730074,1049.530224242096,636.4024868775834,207.43162386201809,180.7411237699564,-313.2856997469046,-829.4397091264641,227.31737238831693,180.6612061862358,63,50.83765524292571,37,8.716362334412949,-2.7216907802191774,-15.681417830284616,5.8795026138360305,6.365287615448886,0.9934645777022886,22.299999237060547,10.424238152398477,0.0,14.602433681488037,2.503844595829652,-8.26953125,5.859539799955669,5.81798020828727,347888.014904,349286.71256637806,19.00626564025879,3.9217740530333844,0.0,15.364934206008911,0.3324777962184903,-3.6251425743103027,2.5594104653940155,2.560909978258305,26.374016360416668,13.372229756140628,10.466435115809245,12.865382634852704,-0.11192311033381093,-2.983420218481724,3.204700099388746,3.209715543001174,284.6663513183594,24.85805637302783,0.008496712893247604,273.3481378555298,13.73551952676702,-12.14990958943963,86.63285095902764,86.83342957371289,1,0.17818229203211608,0,0.3941134909984461,"{""type"":""MultiPoint"",""coordinates"":[]}"
00000000000000000552,588,MATRAMAN,KEBON MANGGIS,3175011005,3.175011005E12,Tinggi,Kebon Manggis 03,,24,16748,2490,Dampak Luapan Kali Ciliwung,003,4,2020,1577865600000,80,80,0,6.031589292396184,-10.457477750589922,-18.511505477796504,3.0210601445354213,18.382626859144196,-3.302789484815079,-13.40594939725629,3.8527632188245797,JAKARTA TIMUR,1,0.9431607888753768,0,0.2368226370187931,3452.3502670087446,2826.1090888602193,2226.3898158654715,367.2567978884431,7.104889326126687,-233.27612063468632,154.3443949640316,317.8824742734347,22,12.091462662366279,6,8.680988184748989,-1.532975162864195,-8.015037593983292,2.9046319347999616,2.9250755845748597,1.0,6.0,2.4909390840379304,0.0,3.857529401779175,0.3672555120049836,-2.319713592529297,1.5611120745718825,1.5402528817975658,395594.731973,397259.89554366184,13.120243072509766,2.4052154349127104,0.0,10.50688624382019,-0.28689790189872333,-2.915386915206909,1.6677285172323062,1.6389218162521269,26.59797872057141,14.404676205430434,10.504051638512342,12.940393756748637,0.6796197939531524,-3.2443544649233313,4.20115427286008,4.1790983442285246,355.9224548339844,53.52657370075922,0.008498708717525005,341.07281589508057,38.609412022748145,-15.19290869217366,133.3283906198304,133.3186967097777,1,0.037690124958141676,0,0.18070684780369523,"{""type"":""MultiPoint"",""coordinates"":[]}"
00000000000000000553,222,MATRAMAN,KEBON MANGGIS,3175011005,3.175011005E12,Tinggi,Kebon Manggis 04,,24,7684,2491,Dampak Luapan Kali Ciliwung,004,4,2020,1577865600000,100,100,0,-2.087920102879226,-11.565929290991525,-16.60806192103893,2.488918940790523,8.931574319237427,-4.281887601254063,-11.543834072651258,3.5105725903561242,JAKARTA TIMUR,1,0.9119628686929181,0,0.2803958023743075,3584.4280636387275,3199.833330079998,2729.913656091607,414.4826486163579,156.538779079218,-110.0319772540538,127.61202087990223,216.22217171781648,25,12.796143800635493,5,10.485141424992655,-1.6406756570622651,-9.100465449335912,3.776222102901864,3.8621697443514558,1.0,6.200000762939453,2.1917819987753635,0.0,4.036957502365112,0.020020415256163496,-2.2029359340667725,1.6351946566240396,1.634991484629642,209831.285177,210628.59492472932,9.643638610839844,3.1885850151794375,0.0,7.0486900806427,0.5762367199650443,-2.693665027618408,1.9039644631319494,1.8948292926027366,23.77650707839354,14.018862125774739,10.82008943477742,10.041161692710215,0.25005220469044553,-2.959791333084297,3.740694855581868,3.73406741891812,343.51495361328125,44.48187636805172,0.00849865097552538,328.3273458480835,29.471551869864538,-15.294829826802015,118.91628030589119,118.99118331775662,1,0.0583420671757249,0,0.23920535789911948,"{""type"":""MultiPoint"",""coordinates"":[]}"
0000000000000000054e,930,JATINEGARA,KAMPUNG MELAYU,3175031001,3.175031001E12,Tinggi,Kampung Melayu 02,,< 24 JAM,5000,2484,BANJIR KIRIMAN DAN CURAH HUJAN TINGGI,002,4,2020,1577865600000,30 s.d. 125 cm,125,30,6.826617917683587,-10.223487328823312,-18.282979651019875,3.9429951953523594,4.731147117729619,-4.892420672562205,-12.495368657448982,3.356025994534405,JAKARTA TIMUR,1,1.0,1,0.0,4117.400169979267,3990.0031599203494,3858.4512421436248,636.1543842683823,481.5265419441974,280.4706911906328,103.6110621693052,67.13556604495237,22,13.67332297906959,7,5.489795918368657,-3.1483896699590437,-9.887790905834873,3.6045030827630136,3.4243318695527263,1.0,5.09999942779541,2.519428768768773,0.0,2.7415030002593994,0.1265784932896807,-2.4260294437408447,1.670359106425585,1.655042264168647,47247.2771114,47431.714722525816,6.226642608642578,2.9058589084500537,0.9274099469184875,3.660526752471924,0.29329786996465496,-1.7362465262413025,1.366146101589136,1.3518478180960194,23.420832498312027,13.594842718280045,11.263094657030429,9.695035808434975,-0.13454355181558633,-2.488986187860201,3.1752088097221085,3.1724739833666304,340.8208923339844,22.733972427502103,0.008498547598719597,327.0904178619385,8.992413437599133,-14.243486030958593,105.32194695677622,105.38823388677172,0,0.0,0,0.0,"{""type"":""MultiPoint"",""coordinates"":[]}"
00000000000000000514,18,JATINEGARA,BIDARA CINA,3175031002,3.175031002E12,Tinggi,Bidara Cina 05,,48,400,2374,Luapan Kali Ciliwung,005,4,2020,1577865600000,100,100,0,-0.7511599394444821,-11.876760417765203,-19.097495229977028,2.9714546483045874,7.023425941884156,-5.516514150680644,-13.045161295433449,3.3187767377233466,JAKARTA TIMUR,1,0.8164334705075443,0,0.37757347416769327,5118.1415062800825,4867.631207358071,4661.445986162131,808.8486648208445,620.3349224730522,473.60819866255315,71.20240503980345,104.87543638979975,28,21.95423868312757,12,8.02033655567611,1.5678446242995852,-8.577873254563713,3.813533013027901,3.7527109542533177,1.0,7.100000381469727,4.286351702916443,0.0,4.35775899887085,1.4550203019078043,-2.879699230194092,2.164462311854835,2.1483587164966877,127179.293627,127702.77702574607,8.71943473815918,3.6658723264286697,0.0,5.925070762634277,0.8327778368771319,-2.8619608879089355,2.002695097532154,2.000478062003668,22.960207692416745,13.154000007842992,10.944137202624566,9.34585891194788,-0.4907370829285896,-2.676431787900624,2.756130215218182,2.755987662584089,339.4696350097656,20.03760631555039,0.008498246781527996,327.9280118942261,8.633286212262208,-12.380410042591393,90.78262870581165,90.89650836106259,1,0.14417009602194783,0,0.33384220416830257,"{""type"":""MultiPoint"",""coordinates"":[]}"
00000000000000000515,363,JATINEGARA,BIDARA CINA,3175031002,3.17503100201E12,Tinggi,Bidara Cina 06,,48,400,2375,Luapan Kali Ciliwung,006,4,2020,1577865600000,100,100,0,2.571658964095021,-9.98593140059104,-14.34613070120379,3.263390720312324,6.805036237398772,-3.703953226732498,-9.227677179540894,2.850396637355428,JAKARTA TIMUR,1,0.9269690519076468,0,0.3054766312211495,5249.290756032934,5092.293653862807,4930.593412216127,912.579841023251,787.5278238045776,660.0043958277802,65.08150225139683,89.93731215992864,26,21.130615141094903,13,4.96691729323441,-0.06654540160888314,-8.13333333333209,3.1836259063809176,3.137405930418034,1.0,5.5,3.1352601066686376,0.0,2.5624990463256836,0.1461058203931081,-2.9781882762908936,1.9943271300780565,1.987198486989668,63851.4506332,64132.470702609644,6.567720890045166,2.6181339417916636,0.0,3.7058773040771484,-0.2552063832356676,-2.8926684856414795,1.4400655834870009,1.4390562435205203,15.955370439189114,12.795402985348565,11.219265098311723,2.357718556124203,-0.8266381128208633,-2.4185063981828154,1.1411541564063017,1.1365409298854205,0.15296834707260132,0.019270738990605604,0.008498218841850758,-10.856198283843696,-11.229437179414177,-11.593162409961224,0.1760111201134939,0.03773618833578636,1,0.0504885104524862,0,0.2763853991962833,"{""type"":""MultiPoint"",""coordinates"":[]}"
0000000000000000051b,120,JATINEGARA,BIDARA CINA,3175031002,3.17503100201E12,Tinggi,Bidara Cina 12,,24,200,2381,Luapan Kali Ciliwung,012,4,2020,1577865600000,100,100,0,-2.8470895057898655,-12.768785408447902,-18.251439545529426,2.3931494715806236,10.320572900879766,-2.8245799415184067,-11.337179932687182,3.7105057239785832,JAKARTA TIMUR,1,0.9199774901519414,0,0.26553476535765014,4995.615034733919,4768.3758300980335,4531.324713308207,708.5135256547528,513.3045488486007,298.3072635595854,110.06106189977574,119.56567597403978,30,24.552016507221897,20,7.994343000359436,2.7823022276878677,-1.711707841029746,2.220233572010102,2.259696714322579,1.0,3.3999996185302734,1.0685946032871694,0.0,0.16423892974853516,-2.071810478288446,-3.2491872310638428,0.9116894044189278,0.9263142797321678,93060.9271444,93388.8059113644,7.0631890296936035,2.7203717954542053,0.0,4.172253847122192,-0.1632425563439623,-2.9069836139678955,1.4218573666186027,1.4233106768783585,19.389357512873325,13.154302548548454,11.135851809868353,5.740231463214968,-0.4690913419013827,-2.471380746464442,1.8078058920673685,1.8143339145800925,0.6033713221549988,0.07325432837366513,0.008498139679431915,-10.291601449251175,-11.022695943570525,-11.360795050859451,0.2729497861127151,0.1522567397962046,1,0.0800225098480585,0,0.26553476535765014,"{""type"":""MultiPoint"",""coordinates"":[]}"
00000000000000000457,60,KRAMAT JATI,BALE KAMBANG,3175041005,3.175041005E12,Tinggi,Bale Kambang 03,,7 - 12,190,2037,Luapan Sungai Ciliwung,003,4,2020,1577865600000,80-250,100,30,-5.420296756006198,-12.385712517431026,-16.099482949618608,1.492570780057299,6.523775751648125,-4.600379196736128,-9.11791900641838,2.1588349793390473,JAKARTA TIMUR,1,0.9518511886108252,0,0.22482594518270693,3858.4512421436248,3563.2300722506147,3267.9534058899885,515.2450282024092,255.35799985407203,35.242476901148166,101.41975375639133,156.1042367742638,42,36.783386309710366,27,7.729752953814341,2.235878023522062,-8.248979591835692,2.718465559997732,2.3918040274648353,1.0,17.600000381469727,10.13026232878887,0.0,12.429975032806396,4.978434538533849,-5.1761474609375,5.558648267487168,5.586503501185941,311594.038102,312844.9221000471,8.509882926940918,2.5454064426400724,0.0,5.450091600418091,-0.509161701261552,-3.0716683864593506,1.4631656095682477,1.4643857397061981,21.670307785880947,12.84618316406831,11.262838641172378,8.177346341725869,-0.6457627645196751,-2.271756215526004,1.3087855895039893,1.312356130160731,326.75701904296875,0.054589368439482054,0.008497360162436962,314.99910736083984,-12.011212079183242,-12.315389443188906,16.092484983903404,16.077225471235963,1,0.048148811389174935,0,0.22482594518270702,"{""type"":""MultiPoint"",""coordinates"":[]}"
000000000000000004b2,36,KRAMAT JATI,CILILITAN,3175041006,3.17504100602E12,Tinggi,Cililitan 15,,30 jam,600,2205,meluapnya Kali Item & Kali Baru,015,4,2020,1577865600000,100 cm,100,0,-4.437244036915491,-12.587352631751568,-18.575908172901475,2.0468625533943694,5.762189243690904,-5.0864623906753,-12.741165840307072,2.445973170917259,JAKARTA TIMUR,1,0.94979357121793,0,0.20322945168094292,3214.8555853169687,2873.6697753393705,2599.1107973211338,-117.36729584795057,-178.19559085107144,-237.13724381039947,26.784989962429506,137.9664762690652,31,26.724085815393693,19,3.0530612244914614,-0.9402057826014472,-8.464590046542902,2.424059874460249,2.4322292965436656,1.0,3.9000015258789062,0.6901136597009297,0.0,-0.2627410888671875,-3.4292316053230754,-4.235803604125977,0.8335246951406711,0.8515058303820782,94653.9401431,95005.94041909264,8.517396926879883,2.9916147019739374,0.0,5.653965950012207,0.12037860355838416,-2.882049083709717,1.8361400635224019,1.8365510630566964,21.36694608484049,14.744410489758245,10.946278005418602,7.780861840562071,1.1598061796229278,-2.6238479494559943,2.5396712384340425,2.543117832593412,2.4388365745544434,0.6663504862051459,0.008497760631144047,-7.961452960968018,-9.620747800116186,-10.428258053958416,0.9065637783965809,0.8813258079276854,1,0.05020642878207017,0,0.20322945168094292,"{""type"":""MultiPoint"",""coordinates"":[]}"
0000000000000000045d,90 KK,PASAR REBO,GEDONG,3175051001,3.17505100101E12,Tinggi,Gedong 10,,2 jam,700 m2,2059,"Penyempitan kali di hilir (kramat jati) dan wilayah cekungan di rt. 04, 05, 06, 09 rw. 010 Kel. Gedong",010,4,2020,1577865600000,50 - 100,100,50,-3.8091769681969083,-12.829487675663822,-17.040062015474373,1.7999257845305996,5.751738556834276,-5.131937414252602,-9.562541126881175,1.9579978930922108,JAKARTA TIMUR,1,0.9742137728789564,0,0.14608952310255038,3230.8765595471127,2844.294997174331,2577.499651299377,518.313547509912,198.21576410248588,-17.372887919694676,112.61239565284045,141.39651951280814,42,36.79077763171201,30,6.97264590046629,0.6171610183950095,-7.562477622626169,3.037110963885635,2.7714101193411866,1.0,10.399999618530273,3.292692130443024,0.0,5.807360649108887,-1.449846322340298,-5.214658260345459,3.3596946659380644,3.2055109342048085,207157.270623,207995.81551583155,8.340004920959473,2.918038401527313,0.0,5.3329973220825195,-0.11875660692323076,-3.083068370819092,1.4136574383082217,1.4090637214167412,17.323831787591125,13.019792980299064,11.05556422453028,3.7569541296114792,-0.5609165879859388,-2.5187589674486723,1.5793020105388977,1.5762843608230206,0.6118035316467285,0.08892180639945314,0.008497245609760284,-8.369723856449127,-9.459848144113645,-10.470854736864567,0.5196230035966523,0.18128381127186424,1,0.02578622712104359,0,0.1460895231025503,"{""type"":""MultiPoint"",""coordinates"":[]}"
0000000000000000045e,13 KK,PASAR REBO,GEDONG,3175051001,3.17505100101E12,Tinggi,Gedong 11,,2 jam,500 m2,2060,Luapan Sungai Ciliwung Rt. 004/011 Kel. Gedong,011,4,2020,1577865600000,100,100,0,8.72841505403676,-12.425447537109212,-20.82572265520224,4.194157222928402,15.740309127560213,-5.441325390847932,-14.429563416683111,4.350959647629488,JAKARTA TIMUR,1,0.6704646414265006,0,0.469416848372609,3477.1876395195422,3272.9043443019477,3038.713994907392,825.3907974144154,552.1430350072793,277.76883717406145,138.95450933040894,110.81985368843836,47,38.4407780912449,20,7.900895094882671,-0.6923995441006056,-19.604726100963966,5.293954121590947,5.147327295832849,1.0,15.299999237060547,7.815699746566108,0.0,9.815287113189697,2.3617844889897794,-5.642420768737793,4.989118626253259,4.974423213431654,223873.965387,224837.15086577967,16.340862274169922,3.5544026827013964,0.0,13.1080322265625,0.3414546837644232,-3.2674646377563477,2.93162125569816,2.947707772012237,26.49963209944448,13.578522058401704,10.27441081632896,12.958562633575077,-0.015323351810105934,-3.290905565943687,2.841315446457771,2.8345476417429887,322.60186767578125,18.93180757570382,0.0084971459582448,310.5691337585449,7.455094389498384,-12.982226403430104,79.87417596914563,80.16004996059824,1,0.3291145159530527,0,0.46818897065254667,"{""type"":""MultiPoint"",""coordinates"":[]}"
000000000000000005ab,49,PASAR REBO,BARU,3175051002,3.175051002E12,Tinggi,Baru 01,,1-2 Jam,50 m,2638,Volume /Intensitas Air yang besar dan penyempitan kali Cijantung,001,4,2020,1577865600000,60-100 cm,100,60,2.407119411840748,-12.690959865092593,-16.806725263950177,2.1973471517076053,11.035313418368393,-3.7228454031117155,-10.101286545656366,2.8499809619910312,JAKARTA TIMUR,1,0.7614383410544895,0,0.4378471148485637,1529.9400624354655,1207.5957987883128,855.2624952764933,-124.63433652579783,-386.6900136921605,-621.1128460586507,107.84924199159799,147.23495378018154,54,45.087359364659186,32,6.045470819910896,-2.285663969254043,-14.848191908338642,4.794835934789956,5.029907352418468,1.0,17.0,7.776905675933366,0.0,9.615560054779053,0.1262625114454381,-7.833527088165283,4.593943716216333,4.600157445036987,237095.647874,238038.43059296283,12.021406173706055,3.683795176962648,0.0,8.539917469024658,0.14666621453078837,-3.625213146209717,2.3432715390560652,2.325490529135479,23.7099986337852,13.773635274075527,10.594171451007718,10.109654803918351,0.187949415161661,-3.015797529128813,2.7752826168717863,2.776988877442549,20.313636779785156,2.887617323969838,0.008496837690472603,7.100264549255371,-10.273201374915182,-13.510034857317805,6.978384295494009,7.04762502071227,1,0.22573718655783523,0,0.43074098439171926,"{""type"":""MultiPoint"",""coordinates"":[]}"
000000000000000005ac,15,PASAR REBO,BARU,3175051002,3.175051002E12,Tinggi,Baru 02,,1-2 Jam,42 m,2639,Volume /Intensitas Air yang besar dan penyempitan kali Cijantung,002,4,2020,1577865600000,80-100 cm,100,80,-4.264753513041795,-12.565132277092705,-16.57754006837652,2.2434249858052646,4.319290710504411,-4.3200734136654715,-9.692581779927236,2.5067877836508603,JAKARTA TIMUR,1,0.8217799440382706,0,0.4026305545514098,1120.898770843552,891.2704463125511,675.3484381614854,-417.6393526281397,-555.782826081445,-695.7294092116721,70.80819030274505,113.10013134451366,56,46.14328910551494,35,7.8559255281100775,-1.9440960692149711,-13.058431793766111,6.0334883293581845,6.112834660926471,1.0,13.800003051757812,6.214018286216001,0.0,5.956322193145752,-1.631097794525976,-7.89594030380249,5.0909351353237895,5.084168956400402,77303.2803065,77629.4806792924,13.677239418029785,4.546375963624737,0.9274099469184875,10.107691526412964,0.9770616715253934,-2.681678593158722,2.5094015032834727,2.5078552037310087,20.90277539789819,13.419529761129613,10.97871076591535,7.292167181785757,-0.18787557591167758,-2.6227679559371584,3.1447360917414184,3.1467928997240238,19.744346618652344,3.445247435271183,0.008496851660311222,6.442904472351074,-9.883088025560719,-13.486851125024259,8.00269716649341,7.994169871499482,1,0.17822005596172938,0,0.4026305545514098,"{""type"":""MultiPoint"",""coordinates"":[]}"
000000000000000005ad,10,PASAR REBO,BARU,3175051002,3.175051002E12,Tinggi,Baru 03,,1-2 Jam,40 m,2640,Volume /Intensitas Air yang besar dan penyempitan kali Cijantung,003,4,2020,1577865600000,80-100 cm,100,80,-3.8398320004524438,-12.233884947692099,-19.856032885861225,2.3217761600388642,1.5188409405271321,-6.345073516126246,-15.145126891329216,2.330538814035212,JAKARTA TIMUR,1,0.546889715389404,0,0.49998827158321735,1037.1581193100906,788.0056105111555,463.8312116386399,-221.6385826145763,-477.94053215596,-754.9173234134764,128.73093545119931,147.04657550353244,55,42.38400881127587,31,7.33025420694954,-5.781975173764462,-18.41711421410237,6.295212946268731,6.106043376515938,1.0,20.60000228881836,6.410866242633945,0.0,12.723840236663818,-1.2229223235586981,-8.083516120910645,5.612346907215843,5.709120343589591,218456.521903,219325.6951534576,11.518553733825684,4.062035318403564,0.0,7.963836908340454,0.5472292046504159,-3.542104721069336,2.545673747590481,2.5496379117872077,23.62807850496594,14.6243336656308,10.649994155091159,10.13199949062916,1.1301526096655954,-2.805621982473486,4.285625048342811,4.277906344441354,295.6181945800781,64.63697049327736,0.00849690567702055,284.3497533798218,52.739995687526736,-12.870058370754123,129.75788220094046,129.58756531956783,1,0.41995626286973026,0,0.4976959486187657,"{""type"":""MultiPoint"",""coordinates"":[]}"
000000000000000005ae,10,PASAR REBO,BARU,3175051002,3.175051002E12,Tinggi,Baru 04,,1-2 Jam,48 m,2641,Volume /Intensitas Air yang besar dan penyempitan kali Cijantung,004,4,2020,1577865600000,80-100 cm,100,80,5.56541178189756,-12.895055464625537,-19.439701604400852,3.2828518804649254,14.262100997164577,-6.6315425691192695,-14.281998174371177,3.53928394173717,JAKARTA TIMUR,1,0.2612318332036082,0,0.4416429652453101,1622.7464894356312,1118.4263103975577,706.486653451565,-254.68448213847068,-442.0024268331212,-672.3317062433694,87.39775228049163,192.9303055076366,54,41.931964629773724,26,7.6300751879734605,-4.211180561604331,-18.595488721800983,7.876778219069728,8.418201810573791,1.0,20.60000228881836,8.150900560866674,0.0,12.718626976013184,0.7316425618662837,-7.545678615570068,7.170508734885344,7.340542806255825,273340.394655,274428.4467590905,17.702268600463867,4.480264217795042,0.0,14.127466917037964,0.9256242727111075,-3.575408697128296,3.6752935788832675,3.6746771482047094,26.412909212160113,14.047838248520224,10.18945050771232,12.898814060658799,0.47456895729113424,-3.3660469430123445,3.965163909122023,3.962665111588263,296.2044677734375,44.62774572002872,0.008496913127601147,283.41938400268555,31.203507587306195,-14.594038464128971,111.23028052133952,111.31989636715244,1,0.683135343430605,0,0.4723539142868354,"{""type"":""MultiPoint"",""coordinates"":[]}"
000000000000000005af,12,PASAR REBO,BARU,3175051002,3.175051002E12,Tinggi,Baru 05,,2-3 Jam,50 m,2642,Volume /Intensitas Air yang besar dan penyempitan kali Cijantung,005,4,2020,1577865600000,80-100 cm,100,80,-4.673810033448335,-12.014560671653264,-14.8836208803007,2.0542941585427648,5.442455960843787,-3.0913391320375414,-7.342660166690531,2.850499945673739,JAKARTA TIMUR,1,0.6436827027561002,0,0.4891125055402159,706.486653451565,560.1816743878277,414.86324772403617,-655.5202089485256,-762.5872535466269,-873.482165849648,57.24935323106625,80.51229913028035,57,49.91484737725972,43,8.323165055500247,1.2305490232447223,-5.35245255996719,3.7567131204135524,3.821302080522009,1.0,13.5,8.22630772359355,0.0,5.4828643798828125,0.25221666526172665,-7.89594030380249,3.750214505189771,3.797330883137161,35356.0276837,35446.18338128659,7.064108848571777,3.1255136048571237,0.9274099469184875,3.465094804763794,-0.492410942215841,-2.7058597207069397,1.4111288889656077,1.4072741724510434,20.90277539789819,13.353441879732427,11.482038408705867,7.292167181785757,-0.24579507786794394,-2.105104115048686,2.4908504189822684,2.49491656311721,19.48944091796875,1.7344620921581428,0.008496851660311222,6.342297554016113,-11.3431159690739,-13.410762598738074,6.107575135842243,6.169436333276175,1,0.35631729724390016,0,0.4891125055402159,"{""type"":""MultiPoint"",""coordinates"":[]}"
000000000000000005b2,64,PASAR REBO,CIJANTUNG,3175051003,3.175051003E12,Tinggi,Cijantung 05,,3 Jam,500 M2,2651,Kiriman Hujan Dari Bogor sehingga saluran Kali Cijantung tidak lancar dan tidak dapat nempung depot air yang tinggi,005,4,2020,1577865600000,50 cm s.d 100 cm,100,50,2.4363169559893425,-13.680814576897115,-20.535828049392002,2.248869884719575,2.1024683502066117,-7.169385431709763,-14.494795892595578,2.3949008792576176,JAKARTA TIMUR,1,0.3098002017555746,0,0.4533149242980913,2627.1032952506102,2031.0763018626005,1391.4936349159198,129.0399732367523,-174.63780775749817,-412.7847508436082,98.43479815250451,238.17409970550113,52,38.49850188957646,25,8.156963838170256,-5.241865767963592,-16.921876118865313,5.690083671541537,5.942399831744043,1.0,16.700000762939453,6.375808567076584,0.0,10.04582929611206,-0.3341852087677106,-7.268084526062012,5.0145210720196935,5.040487278918138,463130.930457,465034.993598083,14.63025951385498,4.666355418815131,0.0,11.317427635192871,1.3197207877599406,-3.375239610671997,2.6112854763452975,2.6142741658379274,26.416436376846693,14.15533366495371,10.39053849594072,12.876446714895415,0.5925192455601968,-3.0937234972284866,4.037245262301737,4.0308726305106655,297.02020263671875,33.651633539025724,0.00849695224314928,286.28617668151855,21.07435305136911,-14.043902788311243,93.3186289201809,93.58512737869928,1,0.6329855308128943,0,0.47499302169417235,"{""type"":""MultiPoint"",""coordinates"":[]}"
000000000000000005b4,50,PASAR REBO,CIJANTUNG,3175051003,3.17505100301E12,Tinggi,Cijantung 09,,3 Jam,100 M2,2655,Kiriman Hujan Dari Bogor sehingga saluran Kali Gongseng tidak lancar dan tidak dapat nempung depot air yang tinggi,009,4,2020,1577865600000,50 cm s.d 100 cm,100,50,-0.8831235864221048,-11.206572292753751,-16.878142720630912,2.697518488112201,10.19528831164581,-3.8397088153321453,-10.300173408449819,3.1435474051607053,JAKARTA TIMUR,1,0.949104447118113,0,0.225862863402123,2324.715369545493,2068.526292619125,1827.2830589855034,255.85648080073133,150.1961777141507,33.877647542379464,48.65763319997641,118.9011490608141,58,47.425756509500346,39,7.9682778374555525,-3.1899478571164797,-12.417973505186062,4.855481041457472,4.675851379238105,1.0,9.10000228881836,1.9559701555543954,0.0,2.7951974868774414,-4.422064728407916,-6.551564693450928,2.1891435258758616,2.1804128820267006,153614.769939,154265.1233620976,8.736031532287598,2.9105273192809613,0.0,5.619063377380371,-0.16764895264232255,-3.0554869174957275,1.6184847786621137,1.6291477726212664,21.005023305020117,13.613122503276426,10.920420341215278,7.553455497831537,0.14674235615823975,-2.560807664411117,2.427385483395385,2.4233092991355947,1.325457215309143,0.32037643498174123,0.008496726863086224,0.39403367042541504,-0.7376491457295733,-1.1545675797387958,0.5578944605807405,0.5318686043742915,1,0.047967129009557095,0,0.21590897593671804,"{""type"":""MultiPoint"",""coordinates"":[]}"
000000000000000005b5,42,PASAR REBO,CIJANTUNG,3175051003,3.17505100301E12,Tinggi,Cijantung 11,,3 Jam,100 M2,2657,Kiriman Hujan Dari Bogor sehingga saluran Kali Gongseng tidak lancar dan tidak dapat nempung depot air yang tinggi,011,4,2020,1577865600000,50 cm s.d 100 cm,100,50,-4.9709384445654825,-13.511796687209596,-16.920533910303142,1.6672666089906327,4.704315959050607,-2.852233223393096,-8.550183970985572,2.235576476888574,JAKARTA TIMUR,1,0.9841246959185511,0,0.1841746130332232,2141.6750118583345,1878.6354312109481,1487.155996831178,328.09338135746316,123.82338575126778,-106.752178771025,102.3996248441149,166.26736829557734,53,44.03068744931977,37,3.9455782312970555,-4.982436030349224,-12.521016827779235,3.4954995342327235,3.448081635891679,1.0,16.0,6.003629594433899,0.0,8.51172924041748,-1.143533847572374,-7.03067684173584,4.007666763992992,4.176373470571503,193541.541383,194322.48006579286,6.686110496520996,2.6098252493547456,0.0,3.3407294750213623,-0.8177271653160403,-3.51454496383667,1.342233044312125,1.332266088619503,21.760319017814922,13.822184674019347,11.403268834831175,8.26688270245079,0.3145701751757656,-2.177544200674525,2.0203266492788496,2.009808187913022,2.8463826179504395,0.20037699826645752,0.008496780879795551,-1.6955225467681885,-7.880411387744465,-12.075759334489703,2.572872706386589,0.6677089936694612,1,0.014145418506171728,0,0.16308301363396954,"{""type"":""MultiPoint"",""coordinates"":[]}"
000000000000000005a8,12 KK,PASAR REBO,PEKAYON,3175051005,3.175051005E12,Tinggi,Pekayon 02,,4 jam,1400 m,2629,Curah hujan yang tinggi dan saluran air yang tersumbat/mampet di Rt. 007/02 dan Rt. 001/09,002,4,2012,1325404800000,100 cm,100,0,7.731727746679706,-13.628161259359036,-23.05893414289806,2.525506505755354,10.455889450082587,-5.482896202734027,-16.87280487623007,2.734243220813632,JAKARTA TIMUR,1,0.804171381321264,0,0.3900750337162745,1495.8107119745314,1073.023792736749,586.705231461481,87.83026525766104,-120.7091388248551,-428.25127209391667,111.70324174754654,226.25695810113675,65,58.82585516581077,49,6.282205513790252,0.09022385381545107,-10.125026852841337,3.496289346417471,3.718443665953701,1.0,8.60000228881836,2.4710770076659077,0.0,2.684720993041992,-3.6053254906383505,-6.222155570983887,2.3844731062835325,2.358294125856305,320480.437082,321811.0436862475,10.260601997375488,3.077798919309156,0.0,7.258134603500366,0.09703618547633465,-2.9843344688415527,1.7726570398390338,1.778701302822719,20.4877550669703,13.529690228977477,10.756563779102883,7.051072273601793,0.09944076647821046,-2.678334905906766,2.185653879756908,2.1844666491710676,0.9176156520843506,0.19083024782477764,0.00849646981805563,0.13007116317749023,-0.6546198798429304,-0.8842557705938816,0.3194640290540041,0.3080308631766077,1,0.1703259639655323,0,0.3654593916202925,"{""type"":""MultiPoint"",""coordinates"":[]}"
